ISO-10303-21;
HEADER;
FILE_DESCRIPTION (( 'STEP AP214' ),
    '1' );
FILE_NAME ('CUI_DEVICES_PJ-035DH.step',
    '2024-05-13T16:26:59',
    ( '' ),
    ( '' ),
    'SwSTEP 2.0',
    'SolidWorks 2024',
    '' );
FILE_SCHEMA (( 'AUTOMOTIVE_DESIGN' ));
ENDSEC;

DATA;
#1 = CARTESIAN_POINT ( 'NONE',  ( -0.05905511811023622659, -0.2244094488188976555, -0.3425196850393701364 ) ) ;
#2 = VERTEX_POINT ( 'NONE', #1859 ) ;
#3 = CARTESIAN_POINT ( 'NONE',  ( -0.1673228346456692994, -0.003937007874015747977, 0.000000000000000000 ) ) ;
#4 = EDGE_CURVE ( 'NONE', #1829, #6077, #4315, .T. ) ;
#5 = ORIENTED_EDGE ( 'NONE', *, *, #1607, .T. ) ;
#6 = LINE ( 'NONE', #3887, #2695 ) ;
#7 = EDGE_LOOP ( 'NONE', ( #25, #4017, #2096, #628 ) ) ;
#8 = CARTESIAN_POINT ( 'NONE',  ( 0.07874015748031495954, -0.03543307086614173873, -0.3031496062992125595 ) ) ;
#9 = EDGE_LOOP ( 'NONE', ( #1246, #5510, #1708, #1748 ) ) ;
#10 = ORIENTED_EDGE ( 'NONE', *, *, #4270, .F. ) ;
#11 = DIRECTION ( 'NONE',  ( -0.000000000000000000, -6.672013369141565217E-16, -1.000000000000000000 ) ) ;
#12 = CARTESIAN_POINT ( 'NONE',  ( -0.02559055118110236879, 3.133938659235353569E-18, -0.4035433070868026384 ) ) ;
#13 = CARTESIAN_POINT ( 'NONE',  ( -0.1437007874015747977, -0.2066929133858267931, -0.3425196850393700809 ) ) ;
#14 = CARTESIAN_POINT ( 'NONE',  ( -0.05314960629921259422, -0.05539861133648622815, -0.4153543307086005054 ) ) ;
#15 = ADVANCED_FACE ( 'NONE', ( #6246 ), #2927, .T. ) ;
#16 = VERTEX_POINT ( 'NONE', #1390 ) ;
#17 = DIRECTION ( 'NONE',  ( 0.000000000000000000, 0.000000000000000000, -1.000000000000000000 ) ) ;
#18 = CARTESIAN_POINT ( 'NONE',  ( -0.06003937007874019655, -0.2559055118110236671, -0.1122047244094488277 ) ) ;
#19 = VERTEX_POINT ( 'NONE', #3842 ) ;
#20 = CARTESIAN_POINT ( 'NONE',  ( -0.1476377952755905387, -0.1259842519685008544, -0.4035433070865839245 ) ) ;
#21 = CARTESIAN_POINT ( 'NONE',  ( 0.000000000000000000, -0.2421259842519670191, -0.4035433070866141780 ) ) ;
#22 = ORIENTED_EDGE ( 'NONE', *, *, #4493, .T. ) ;
#23 = VECTOR ( 'NONE', #4460, 39.37007874015748143 ) ;
#24 = CARTESIAN_POINT ( 'NONE',  ( 0.000000000000000000, -0.3641732283464567121, -0.4035433070866759619 ) ) ;
#25 = ORIENTED_EDGE ( 'NONE', *, *, #3360, .F. ) ;
#26 = CARTESIAN_POINT ( 'NONE',  ( 4.821444091131311524E-18, 0.03937007874015747977, -0.2677165354330542368 ) ) ;
#27 = DIRECTION ( 'NONE',  ( -0.000000000000000000, -1.000000000000000000, -0.000000000000000000 ) ) ;
#28 = AXIS2_PLACEMENT_3D ( 'NONE', #1132, #3963, #2136 ) ;
#29 = EDGE_CURVE ( 'NONE', #2435, #4715, #5237, .T. ) ;
#30 = DIRECTION ( 'NONE',  ( 0.000000000000000000, 1.000000000000000000, 0.000000000000000000 ) ) ;
#31 =( BOUNDED_CURVE ( )  B_SPLINE_CURVE ( 3, ( #5900, #574, #1579, #3938 ),
 .UNSPECIFIED., .F., .T. ) 
 B_SPLINE_CURVE_WITH_KNOTS ( ( 4, 4 ),
 ( 4.732640463669209652, 5.308599116827163122 ),
 .UNSPECIFIED. ) 
 CURVE ( )  GEOMETRIC_REPRESENTATION_ITEM ( )  RATIONAL_B_SPLINE_CURVE ( ( 1.000000000000000000, 0.9725464899121452067, 0.9725464899121452067, 1.000000000000000000 ) ) 
 REPRESENTATION_ITEM ( '' )  );
#32 = ORIENTED_EDGE ( 'NONE', *, *, #2619, .T. ) ;
#33 = LINE ( 'NONE', #513, #3682 ) ;
#34 = CIRCLE ( 'NONE', #2350, 0.007874015748031584425 ) ;
#35 = ORIENTED_EDGE ( 'NONE', *, *, #3473, .F. ) ;
#36 = EDGE_CURVE ( 'NONE', #2769, #6169, #4343, .T. ) ;
#37 = CARTESIAN_POINT ( 'NONE',  ( 0.000000000000000000, -0.03543307086614171791, 0.1023622047244094613 ) ) ;
#38 = ORIENTED_EDGE ( 'NONE', *, *, #2916, .F. ) ;
#39 = APPLICATION_CONTEXT ( 'automotive_design' ) ;
#40 = CARTESIAN_POINT ( 'NONE',  ( -0.1771653543307086798, 0.1653543307086614567, 1.878145495644181037E-15 ) ) ;
#41 = ORIENTED_EDGE ( 'NONE', *, *, #2262, .T. ) ;
#42 = VECTOR ( 'NONE', #3369, 39.37007874015748143 ) ;
#43 = ORIENTED_EDGE ( 'NONE', *, *, #343, .F. ) ;
#44 = VECTOR ( 'NONE', #3193, 39.37007874015748143 ) ;
#45 = DIRECTION ( 'NONE',  ( 1.000000000000000000, 0.000000000000000000, 0.000000000000000000 ) ) ;
#46 = FACE_OUTER_BOUND ( 'NONE', #4356, .T. ) ;
#47 = CARTESIAN_POINT ( 'NONE',  ( 0.000000000000000000, 0.000000000000000000, -0.4114173228346462152 ) ) ;
#48 = ORIENTED_EDGE ( 'NONE', *, *, #3645, .T. ) ;
#49 = CARTESIAN_POINT ( 'NONE',  ( 0.04921259842519684624, -0.1749975547478936910, -0.4035433070866141780 ) ) ;
#50 = ORIENTED_EDGE ( 'NONE', *, *, #5512, .F. ) ;
#51 = CIRCLE ( 'NONE', #3577, 0.02559055118110236532 ) ;
#52 = VECTOR ( 'NONE', #632, 39.37007874015748143 ) ;
#53 = CARTESIAN_POINT ( 'NONE',  ( -0.1161417322834645688, -4.268512490100411279E-18, -0.3425196850393733561 ) ) ;
#54 = DIRECTION ( 'NONE',  ( 0.000000000000000000, 1.000000000000000000, 0.000000000000000000 ) ) ;
#55 = VECTOR ( 'NONE', #3165, 39.37007874015748143 ) ;
#56 = VECTOR ( 'NONE', #5480, 39.37007874015748143 ) ;
#57 = DIRECTION ( 'NONE',  ( -1.000000000000000000, 0.000000000000000000, 0.000000000000000000 ) ) ;
#58 = CARTESIAN_POINT ( 'NONE',  ( -0.001076518284154704156, -0.2086942384326230249, -0.4232283464566928277 ) ) ;
#59 = EDGE_LOOP ( 'NONE', ( #1213, #5729, #5726, #4118, #4176, #4298, #2360, #2455 ) ) ;
#60 = CARTESIAN_POINT ( 'NONE',  ( 0.000000000000000000, -0.03937007874015747977, -0.2677165354330542368 ) ) ;
#61 = LINE ( 'NONE', #2993, #5782 ) ;
#62 = VECTOR ( 'NONE', #2277, 39.37007874015748143 ) ;
#63 = EDGE_CURVE ( 'NONE', #4870, #5858, #3996, .T. ) ;
#64 = CARTESIAN_POINT ( 'NONE',  ( 0.1555118110236220208, -0.2550000000000000044, -0.4047637795275590977 ) ) ;
#65 = VERTEX_POINT ( 'NONE', #3083 ) ;
#66 = UNCERTAINTY_MEASURE_WITH_UNIT (LENGTH_MEASURE( 1.000000000000000082E-05 ), #2145, 'distance_accuracy_value', 'NONE');
#67 = CARTESIAN_POINT ( 'NONE',  ( -0.02755905511811023931, 0.000000000000000000, -0.4035433070866759619 ) ) ;
#68 = CIRCLE ( 'NONE', #979, 0.02165354330708660346 ) ;
#69 = CARTESIAN_POINT ( 'NONE',  ( 0.1377952755905511584, -0.2165354330708544328, -0.3425196850393700809 ) ) ;
#70 = EDGE_CURVE ( 'NONE', #3359, #4471, #631, .T. ) ;
#71 = ORIENTED_EDGE ( 'NONE', *, *, #151, .F. ) ;
#72 = CIRCLE ( 'NONE', #1380, 0.01968503937007872254 ) ;
#73 =( BOUNDED_CURVE ( )  B_SPLINE_CURVE ( 3, ( #1431, #2845, #4357, #2941 ),
 .UNSPECIFIED., .F., .T. ) 
 B_SPLINE_CURVE_WITH_KNOTS ( ( 4, 4 ),
 ( 0.9888330889595483564, 1.000000000000000000 ),
 .UNSPECIFIED. ) 
 CURVE ( )  GEOMETRIC_REPRESENTATION_ITEM ( )  RATIONAL_B_SPLINE_CURVE ( ( 1.000000000000000000, 0.9998974410710377292, 0.9998974410710377292, 1.000000000000000000 ) ) 
 REPRESENTATION_ITEM ( '' )  );
#74 = CARTESIAN_POINT ( 'NONE',  ( -0.09030240504966656478, -0.06047732277236764209, 0.007931432170315749763 ) ) ;
#75 = ORIENTED_EDGE ( 'NONE', *, *, #2379, .F. ) ;
#76 = EDGE_CURVE ( 'NONE', #2584, #1220, #4910, .T. ) ;
#77 = CARTESIAN_POINT ( 'NONE',  ( 0.1003937007874015491, -0.08267716535434417591, -0.2440944881889717255 ) ) ;
#78 = EDGE_CURVE ( 'NONE', #4913, #1173, #322, .T. ) ;
#79 = ORIENTED_EDGE ( 'NONE', *, *, #5387, .F. ) ;
#80 = VECTOR ( 'NONE', #119, 39.37007874015748143 ) ;
#81 = VECTOR ( 'NONE', #2044, 39.37007874015748143 ) ;
#82 = CARTESIAN_POINT ( 'NONE',  ( 0.000000000000000000, 0.000000000000000000, -0.4114173228346454936 ) ) ;
#83 = DIRECTION ( 'NONE',  ( 0.000000000000000000, 0.000000000000000000, 1.000000000000000000 ) ) ;
#84 = DIRECTION ( 'NONE',  ( -0.000000000000000000, 1.000000000000000000, 0.000000000000000000 ) ) ;
#85 = VERTEX_POINT ( 'NONE', #3462 ) ;
#86 = CARTESIAN_POINT ( 'NONE',  ( 0.000000000000000000, -0.2165354330708661457, -0.1525590551181102150 ) ) ;
#87 = EDGE_LOOP ( 'NONE', ( #5152, #5317, #3049, #2965, #5764, #5540, #5350, #1159, #3425, #2374, #4640, #3299, #5257, #2303, #1096, #2698, #2763, #4260, #5483, #2419, #4852, #1770 ) ) ;
#88 = VECTOR ( 'NONE', #1033, 39.37007874015748143 ) ;
#89 = FACE_OUTER_BOUND ( 'NONE', #3663, .T. ) ;
#90 = LINE ( 'NONE', #1514, #4980 ) ;
#91 = AXIS2_PLACEMENT_3D ( 'NONE', #935, #5351, #1471 ) ;
#92 = LINE ( 'NONE', #658, #5166 ) ;
#93 = DIRECTION ( 'NONE',  ( 1.000000000000000000, 0.000000000000000000, 0.000000000000000000 ) ) ;
#94 = ORIENTED_EDGE ( 'NONE', *, *, #3958, .T. ) ;
#95 = CARTESIAN_POINT ( 'NONE',  ( -0.07086614173228347746, -0.2165354330708582076, -0.1307086614173228467 ) ) ;
#96 = DIRECTION ( 'NONE',  ( 0.000000000000000000, 1.000000000000000000, 0.000000000000000000 ) ) ;
#97 = ORIENTED_EDGE ( 'NONE', *, *, #3330, .T. ) ;
#98 = CARTESIAN_POINT ( 'NONE',  ( -0.09842519685040058974, -0.2066929133858265988, 0.07283464566929181983 ) ) ;
#99 = LINE ( 'NONE', #2748, #4258 ) ;
#100 = ADVANCED_FACE ( 'NONE', ( #4028 ), #1633, .T. ) ;
#101 = EDGE_LOOP ( 'NONE', ( #3404, #5628, #1316, #2319 ) ) ;
#102 = EDGE_CURVE ( 'NONE', #1844, #112, #1575, .T. ) ;
#103 = PLANE ( 'NONE',  #2193 ) ;
#104 = VERTEX_POINT ( 'NONE', #2608 ) ;
#105 = DIRECTION ( 'NONE',  ( 0.000000000000000000, 0.000000000000000000, 1.000000000000000000 ) ) ;
#106 = ORIENTED_EDGE ( 'NONE', *, *, #1581, .T. ) ;
#107 = ADVANCED_FACE ( 'NONE', ( #4939 ), #5392, .T. ) ;
#108 = CARTESIAN_POINT ( 'NONE',  ( 0.02559055118110236532, 0.000000000000000000, -0.2677165354330753866 ) ) ;
#109 = DIRECTION ( 'NONE',  ( 0.000000000000000000, 0.000000000000000000, 1.000000000000000000 ) ) ;
#110 = EDGE_LOOP ( 'NONE', ( #1375, #1386, #739, #2626, #4681 ) ) ;
#111 = LINE ( 'NONE', #622, #4169 ) ;
#112 = VERTEX_POINT ( 'NONE', #603 ) ;
#113 = EDGE_CURVE ( 'NONE', #1833, #2348, #5958, .T. ) ;
#114 = DIRECTION ( 'NONE',  ( 0.000000000000000000, 0.000000000000000000, -1.000000000000000000 ) ) ;
#115 = LINE ( 'NONE', #947, #3184 ) ;
#116 = CARTESIAN_POINT ( 'NONE',  ( 0.08021438807030287221, -0.06654788789724409848, -0.1291338582677165614 ) ) ;
#117 = CARTESIAN_POINT ( 'NONE',  ( 0.000000000000000000, 0.000000000000000000, -0.3031496062992065643 ) ) ;
#118 = VERTEX_POINT ( 'NONE', #1666 ) ;
#119 = DIRECTION ( 'NONE',  ( 0.000000000000000000, 0.000000000000000000, 1.000000000000000000 ) ) ;
#120 = DIRECTION ( 'NONE',  ( 1.000000000000000000, 0.000000000000000000, 0.000000000000000000 ) ) ;
#121 = DIRECTION ( 'NONE',  ( 1.000000000000000000, 0.000000000000000000, 0.000000000000000000 ) ) ;
#122 = ORIENTED_EDGE ( 'NONE', *, *, #1683, .F. ) ;
#123 = CARTESIAN_POINT ( 'NONE',  ( 0.05314960629921260116, -0.1479182963758661484, -0.4153543307086012271 ) ) ;
#124 = CARTESIAN_POINT ( 'NONE',  ( -2.294325463428973489E-17, -0.1968503937007870241, -0.4035433070866141780 ) ) ;
#125 = ORIENTED_EDGE ( 'NONE', *, *, #4271, .F. ) ;
#126 = VECTOR ( 'NONE', #5098, 39.37007874015748143 ) ;
#127 = CARTESIAN_POINT ( 'NONE',  ( 0.001801929541013287629, 0.02947337211800735504, -0.4232283464566928832 ) ) ;
#128 = ORIENTED_EDGE ( 'NONE', *, *, #1236, .F. ) ;
#129 = EDGE_CURVE ( 'NONE', #818, #5065, #4404, .T. ) ;
#130 = CARTESIAN_POINT ( 'NONE',  ( 0.1653543307086614012, 0.1771653543307086798, 1.876011239399130626E-15 ) ) ;
#131 = DIRECTION ( 'NONE',  ( -1.000000000000000000, 0.000000000000000000, 0.000000000000000000 ) ) ;
#132 = ORIENTED_EDGE ( 'NONE', *, *, #2846, .F. ) ;
#133 = VECTOR ( 'NONE', #3966, 39.37007874015748143 ) ;
#134 = EDGE_CURVE ( 'NONE', #5867, #451, #1044, .T. ) ;
#135 = DIRECTION ( 'NONE',  ( 0.000000000000000000, 0.000000000000000000, 1.000000000000000000 ) ) ;
#136 = CARTESIAN_POINT ( 'NONE',  ( -0.04527559055118110520, -0.03543307086614173179, -0.1200787401574803376 ) ) ;
#137 = CARTESIAN_POINT ( 'NONE',  ( -0.1437007874015747977, -0.2165354330708593456, -0.1850393700787402174 ) ) ;
#138 = VERTEX_POINT ( 'NONE', #4431 ) ;
#139 = DIRECTION ( 'NONE',  ( 0.000000000000000000, 0.000000000000000000, 1.000000000000000000 ) ) ;
#140 = ADVANCED_FACE ( 'NONE', ( #693 ), #2078, .T. ) ;
#141 = VERTEX_POINT ( 'NONE', #3498 ) ;
#142 = CIRCLE ( 'NONE', #961, 0.02559055118110236532 ) ;
#143 = DIRECTION ( 'NONE',  ( 1.000000000000000000, 0.000000000000000000, 0.000000000000000000 ) ) ;
#144 = DIRECTION ( 'NONE',  ( -0.000000000000000000, -0.000000000000000000, -1.000000000000000000 ) ) ;
#145 = CARTESIAN_POINT ( 'NONE',  ( -0.1653543307086614567, 0.1653543307086610958, 0.1181102362204724532 ) ) ;
#146 = CARTESIAN_POINT ( 'NONE',  ( 0.000000000000000000, 0.1653543307086614567, 0.1299212598425196763 ) ) ;
#147 = ORIENTED_EDGE ( 'NONE', *, *, #2088, .F. ) ;
#148 = CARTESIAN_POINT ( 'NONE',  ( 0.1358267716535432879, -0.08267716535434417591, -0.2244094488189068981 ) ) ;
#149 = DIRECTION ( 'NONE',  ( -1.000000000000000000, 0.000000000000000000, 0.000000000000000000 ) ) ;
#150 = VECTOR ( 'NONE', #2085, 39.37007874015748143 ) ;
#151 = EDGE_CURVE ( 'NONE', #2398, #3638, #5423, .T. ) ;
#152 = EDGE_CURVE ( 'NONE', #2270, #5622, #92, .T. ) ;
#153 = VECTOR ( 'NONE', #545, 39.37007874015748143 ) ;
#154 = AXIS2_PLACEMENT_3D ( 'NONE', #2061, #936, #461 ) ;
#155 = CARTESIAN_POINT ( 'NONE',  ( 0.1181102362204724254, -0.2165354330708593456, -0.3425196850393700809 ) ) ;
#156 = ORIENTED_EDGE ( 'NONE', *, *, #3699, .T. ) ;
#157 = CARTESIAN_POINT ( 'NONE',  ( 0.09866830862243117228, -0.1673228346456692994, 0.04330708661417323468 ) ) ;
#158 = ORIENTED_EDGE ( 'NONE', *, *, #2114, .T. ) ;
#159 = CARTESIAN_POINT ( 'NONE',  ( 0.09842519685039369248, -0.2066929133858267931, -0.1811023622047244486 ) ) ;
#160 = VERTEX_POINT ( 'NONE', #2016 ) ;
#161 = FILL_AREA_STYLE_COLOUR ( '', #5802 ) ;
#162 = CARTESIAN_POINT ( 'NONE',  ( 0.000000000000000000, 0.000000000000000000, -0.4153543307087793068 ) ) ;
#163 = ORIENTED_EDGE ( 'NONE', *, *, #4929, .F. ) ;
#164 = AXIS2_PLACEMENT_3D ( 'NONE', #4041, #642, #3006 ) ;
#165 = LINE ( 'NONE', #3487, #3617 ) ;
#166 = AXIS2_PLACEMENT_3D ( 'NONE', #3064, #615, #2062 ) ;
#167 = CARTESIAN_POINT ( 'NONE',  ( 0.000000000000000000, 0.000000000000000000, -0.4035433070868026384 ) ) ;
#168 = CARTESIAN_POINT ( 'NONE',  ( -0.1420866141732283483, -0.08267716535433072833, -0.2220472440944881998 ) ) ;
#169 = VERTEX_POINT ( 'NONE', #1043 ) ;
#170 = FACE_OUTER_BOUND ( 'NONE', #6107, .T. ) ;
#171 = ORIENTED_EDGE ( 'NONE', *, *, #4411, .F. ) ;
#172 = EDGE_CURVE ( 'NONE', #4418, #405, #571, .T. ) ;
#173 = AXIS2_PLACEMENT_3D ( 'NONE', #487, #2408, #1969 ) ;
#174 = ADVANCED_FACE ( 'NONE', ( #3934 ), #3019, .F. ) ;
#175 = LINE ( 'NONE', #5544, #3512 ) ;
#176 = DIRECTION ( 'NONE',  ( -1.000000000000000000, -0.000000000000000000, -0.000000000000000000 ) ) ;
#177 = LINE ( 'NONE', #1321, #1645 ) ;
#178 = CARTESIAN_POINT ( 'NONE',  ( -0.09030240504966738357, -0.06047732277237009846, 0.007931432170324692263 ) ) ;
#179 = VECTOR ( 'NONE', #1041, 39.37007874015748143 ) ;
#180 = EDGE_LOOP ( 'NONE', ( #472, #1078, #4495, #1458 ) ) ;
#181 = CARTESIAN_POINT ( 'NONE',  ( -0.02952755905511076848, -0.05118110236219631376, -0.2559055118110236671 ) ) ;
#182 = CARTESIAN_POINT ( 'NONE',  ( 0.1358267716535433156, -0.09448818897636598879, -0.2244094488189006809 ) ) ;
#183 = EDGE_CURVE ( 'NONE', #825, #5384, #177, .T. ) ;
#184 = EDGE_CURVE ( 'NONE', #3955, #5892, #3145, .T. ) ;
#185 = LINE ( 'NONE', #4004, #4884 ) ;
#186 = ORIENTED_EDGE ( 'NONE', *, *, #1766, .F. ) ;
#187 = PLANE ( 'NONE',  #4192 ) ;
#188 = CARTESIAN_POINT ( 'NONE',  ( -0.05905511811023622659, -0.2106299212598425619, -0.1909448818897638012 ) ) ;
#189 = ORIENTED_EDGE ( 'NONE', *, *, #2506, .T. ) ;
#190 = FACE_OUTER_BOUND ( 'NONE', #1594, .T. ) ;
#191 = ORIENTED_EDGE ( 'NONE', *, *, #2613, .T. ) ;
#192 = EDGE_CURVE ( 'NONE', #859, #2435, #787, .T. ) ;
#193 = DIRECTION ( 'NONE',  ( 0.000000000000000000, 0.000000000000000000, -1.000000000000000000 ) ) ;
#194 = VERTEX_POINT ( 'NONE', #3212 ) ;
#195 = ORIENTED_EDGE ( 'NONE', *, *, #5664, .F. ) ;
#196 = CARTESIAN_POINT ( 'NONE',  ( 0.08728529651504383924, -0.04243668191537443984, -0.02348780716527792967 ) ) ;
#197 = LINE ( 'NONE', #5054, #4054 ) ;
#198 = FACE_OUTER_BOUND ( 'NONE', #6201, .T. ) ;
#199 = VERTEX_POINT ( 'NONE', #6027 ) ;
#200 = DIRECTION ( 'NONE',  ( 0.000000000000000000, 0.000000000000000000, -1.000000000000000000 ) ) ;
#201 = ORIENTED_EDGE ( 'NONE', *, *, #5043, .T. ) ;
#202 = CARTESIAN_POINT ( 'NONE',  ( 0.1653543307086608738, 0.1653543307086484393, 0.1181102362204724532 ) ) ;
#203 = ADVANCED_FACE ( 'NONE', ( #1256 ), #1699, .F. ) ;
#204 = CARTESIAN_POINT ( 'NONE',  ( -0.1161417322834645965, -0.2165354330708661734, 0.1023622047244094752 ) ) ;
#205 = DIRECTION ( 'NONE',  ( -1.000000000000000000, 0.000000000000000000, 0.000000000000000000 ) ) ;
#206 = DIRECTION ( 'NONE',  ( -1.000000000000000000, -0.000000000000000000, -0.000000000000000000 ) ) ;
#207 = ORIENTED_EDGE ( 'NONE', *, *, #726, .F. ) ;
#208 = DIRECTION ( 'NONE',  ( 0.000000000000000000, 0.000000000000000000, -1.000000000000000000 ) ) ;
#209 = EDGE_CURVE ( 'NONE', #2063, #5661, #637, .T. ) ;
#210 = EDGE_CURVE ( 'NONE', #6034, #85, #4981, .T. ) ;
#211 = CARTESIAN_POINT ( 'NONE',  ( -0.09842519685039370636, -0.08858267716535432601, -0.2244094488189161685 ) ) ;
#212 = VERTEX_POINT ( 'NONE', #2729 ) ;
#213 = DIRECTION ( 'NONE',  ( -1.000000000000000000, -0.000000000000000000, -0.000000000000000000 ) ) ;
#214 = DIRECTION ( 'NONE',  ( 0.000000000000000000, 1.000000000000000000, 0.000000000000000000 ) ) ;
#215 = VERTEX_POINT ( 'NONE', #2703 ) ;
#216 = EDGE_CURVE ( 'NONE', #2825, #5564, #2234, .T. ) ;
#217 = DIMENSIONAL_EXPONENTS ( 1.000000000000000000, 0.000000000000000000, 0.000000000000000000, 0.000000000000000000, 0.000000000000000000, 0.000000000000000000, 0.000000000000000000 ) ;
#218 = DIRECTION ( 'NONE',  ( 0.02468568516006063723, -0.9996952620414774060, 0.000000000000000000 ) ) ;
#219 = ORIENTED_EDGE ( 'NONE', *, *, #5501, .T. ) ;
#220 = CIRCLE ( 'NONE', #1948, 0.07677165354330625635 ) ;
#221 = CARTESIAN_POINT ( 'NONE',  ( 0.000000000000000000, 0.000000000000000000, -7.785766781943149877E-15 ) ) ;
#222 = ORIENTED_EDGE ( 'NONE', *, *, #1258, .F. ) ;
#223 = EDGE_CURVE ( 'NONE', #6077, #3525, #5546, .T. ) ;
#224 = AXIS2_PLACEMENT_3D ( 'NONE', #227, #2158, #4579 ) ;
#225 = ORIENTED_EDGE ( 'NONE', *, *, #5372, .T. ) ;
#226 = DIRECTION ( 'NONE',  ( 1.000000000000000000, 0.000000000000000000, 0.000000000000000000 ) ) ;
#227 = CARTESIAN_POINT ( 'NONE',  ( 0.05314960629921260116, -0.2441387688168110415, -0.4160100928338583137 ) ) ;
#228 = DIRECTION ( 'NONE',  ( -1.000000000000000000, 0.000000000000000000, 0.000000000000000000 ) ) ;
#229 = ORIENTED_EDGE ( 'NONE', *, *, #654, .F. ) ;
#230 = CYLINDRICAL_SURFACE ( 'NONE', #3066, 0.1555118110236220208 ) ;
#231 = VECTOR ( 'NONE', #1743, 39.37007874015748143 ) ;
#232 = ORIENTED_EDGE ( 'NONE', *, *, #5131, .T. ) ;
#233 = VECTOR ( 'NONE', #5707, 39.37007874015748143 ) ;
#234 = DIRECTION ( 'NONE',  ( 1.000000000000000000, 1.224646799147388706E-16, 3.016566500190902531E-16 ) ) ;
#235 = CARTESIAN_POINT ( 'NONE',  ( 0.1377952755905511861, -0.1940030986040551519, -0.02125984251968503908 ) ) ;
#236 = DIRECTION ( 'NONE',  ( 0.000000000000000000, 0.000000000000000000, 1.000000000000000000 ) ) ;
#237 = CARTESIAN_POINT ( 'NONE',  ( 0.09251968503937006705, -0.2058922922764961083, -0.1485590551181102392 ) ) ;
#238 = ORIENTED_EDGE ( 'NONE', *, *, #210, .T. ) ;
#239 = DIRECTION ( 'NONE',  ( -1.000000000000000000, 0.000000000000000000, 0.000000000000000000 ) ) ;
#240 = DIRECTION ( 'NONE',  ( 0.000000000000000000, -1.000000000000000000, 0.000000000000000000 ) ) ;
#241 = AXIS2_PLACEMENT_3D ( 'NONE', #1602, #3584, #2699 ) ;
#242 = EDGE_CURVE ( 'NONE', #405, #3825, #363, .T. ) ;
#243 = LINE ( 'NONE', #5936, #2867 ) ;
#244 = AXIS2_PLACEMENT_3D ( 'NONE', #4560, #3595, #1205 ) ;
#245 = ORIENTED_EDGE ( 'NONE', *, *, #1617, .T. ) ;
#246 = CYLINDRICAL_SURFACE ( 'NONE', #3082, 0.02559055118110236532 ) ;
#247 =( NAMED_UNIT ( * ) SI_UNIT ( $, .STERADIAN. ) SOLID_ANGLE_UNIT ( ) );
#248 = ADVANCED_FACE ( 'NONE', ( #6117 ), #5062, .T. ) ;
#249 = AXIS2_PLACEMENT_3D ( 'NONE', #4793, #3729, #483 ) ;
#250 = AXIS2_PLACEMENT_3D ( 'NONE', #5449, #3081, #1195 ) ;
#251 = LINE ( 'NONE', #4536, #3379 ) ;
#252 = ORIENTED_EDGE ( 'NONE', *, *, #2581, .F. ) ;
#253 = ADVANCED_FACE ( 'NONE', ( #3179 ), #303, .F. ) ;
#254 = FILL_AREA_STYLE ('',( #2218 ) ) ;
#255 = AXIS2_PLACEMENT_3D ( 'NONE', #1016, #1955, #4373 ) ;
#256 = DIRECTION ( 'NONE',  ( 0.000000000000000000, 0.000000000000000000, 1.000000000000000000 ) ) ;
#257 = ORIENTED_EDGE ( 'NONE', *, *, #1913, .F. ) ;
#258 = AXIS2_PLACEMENT_3D ( 'NONE', #4580, #5415, #4544 ) ;
#259 = VERTEX_POINT ( 'NONE', #5516 ) ;
#260 = EDGE_CURVE ( 'NONE', #1635, #2063, #220, .T. ) ;
#261 = CARTESIAN_POINT ( 'NONE',  ( 0.05905511811023622659, -0.2510236220472440993, -0.1879133858267716672 ) ) ;
#262 = ADVANCED_FACE ( 'NONE', ( #5033 ), #3714, .T. ) ;
#263 = LINE ( 'NONE', #4617, #2549 ) ;
#264 = LINE ( 'NONE', #2195, #4894 ) ;
#265 = ORIENTED_EDGE ( 'NONE', *, *, #1412, .T. ) ;
#266 = AXIS2_PLACEMENT_3D ( 'NONE', #4072, #131, #105 ) ;
#267 = CARTESIAN_POINT ( 'NONE',  ( 0.07086614173228347746, -0.2165354330708582076, -0.1307086614173228190 ) ) ;
#268 = VERTEX_POINT ( 'NONE', #3647 ) ;
#269 = VECTOR ( 'NONE', #17, 39.37007874015748143 ) ;
#270 = FACE_OUTER_BOUND ( 'NONE', #1911, .T. ) ;
#271 = CARTESIAN_POINT ( 'NONE',  ( 0.02066929133858270637, -0.08267716535433072833, -0.3425196850393700809 ) ) ;
#272 = CARTESIAN_POINT ( 'NONE',  ( 0.1771653543307086798, -0.2440944881889763884, -0.1122047244094487722 ) ) ;
#273 = FACE_OUTER_BOUND ( 'NONE', #6100, .T. ) ;
#274 = ORIENTED_EDGE ( 'NONE', *, *, #2866, .F. ) ;
#275 = DIRECTION ( 'NONE',  ( 0.000000000000000000, -1.000000000000000000, 0.000000000000000000 ) ) ;
#276 = AXIS2_PLACEMENT_3D ( 'NONE', #2910, #4831, #516 ) ;
#277 = LINE ( 'NONE', #1526, #3203 ) ;
#278 = PLANE ( 'NONE',  #3975 ) ;
#279 = AXIS2_PLACEMENT_3D ( 'NONE', #6081, #5636, #5731 ) ;
#280 = VERTEX_POINT ( 'NONE', #5573 ) ;
#281 = CARTESIAN_POINT ( 'NONE',  ( -0.09842519685039370636, -0.2165354330708593456, -0.02755905511811023931 ) ) ;
#282 = CARTESIAN_POINT ( 'NONE',  ( -0.04921259842519681155, -0.2165354330708627317, -0.1525590551181102150 ) ) ;
#283 = AXIS2_PLACEMENT_3D ( 'NONE', #4303, #3860, #3952 ) ;
#284 = FACE_BOUND ( 'NONE', #2568, .T. ) ;
#285 = ORIENTED_EDGE ( 'NONE', *, *, #2614, .T. ) ;
#286 = ORIENTED_EDGE ( 'NONE', *, *, #501, .T. ) ;
#287 = CARTESIAN_POINT ( 'NONE',  ( -0.1771653543307086798, 0.1653543307086612624, 0.1181102362204724116 ) ) ;
#288 = EDGE_CURVE ( 'NONE', #4345, #2797, #3298, .T. ) ;
#289 = CARTESIAN_POINT ( 'NONE',  ( 0.1493700787401574803, -0.2421259842519684902, -0.4028705313925196596 ) ) ;
#290 = ORIENTED_EDGE ( 'NONE', *, *, #5029, .T. ) ;
#291 = EDGE_CURVE ( 'NONE', #723, #4904, #3119, .T. ) ;
#292 = LINE ( 'NONE', #738, #5320 ) ;
#293 = EDGE_LOOP ( 'NONE', ( #3681, #5267, #4758, #1352 ) ) ;
#294 = CARTESIAN_POINT ( 'NONE',  ( 0.000000000000000000, 0.000000000000000000, 0.000000000000000000 ) ) ;
#295 = DIRECTION ( 'NONE',  ( -1.000000000000000000, 0.000000000000000000, 0.000000000000000000 ) ) ;
#296 = CARTESIAN_POINT ( 'NONE',  ( 0.1161417322834645688, -0.1082677165354330728, -0.2244094488188976555 ) ) ;
#297 = VERTEX_POINT ( 'NONE', #2169 ) ;
#298 = DIRECTION ( 'NONE',  ( -0.000000000000000000, -1.000000000000000000, -0.000000000000000000 ) ) ;
#299 = ORIENTED_EDGE ( 'NONE', *, *, #645, .F. ) ;
#300 = ADVANCED_FACE ( 'NONE', ( #4363 ), #525, .F. ) ;
#301 = CARTESIAN_POINT ( 'NONE',  ( 0.000000000000000000, 0.000000000000000000, -7.785766781943149877E-15 ) ) ;
#302 = DIRECTION ( 'NONE',  ( 1.000000000000000000, 0.000000000000000000, 0.000000000000000000 ) ) ;
#303 = PLANE ( 'NONE',  #2743 ) ;
#304 = DIRECTION ( 'NONE',  ( 1.000000000000000000, 0.000000000000000000, 0.000000000000000000 ) ) ;
#305 = ORIENTED_EDGE ( 'NONE', *, *, #5191, .T. ) ;
#306 = DIRECTION ( 'NONE',  ( 1.000000000000000000, 0.000000000000000000, 0.000000000000000000 ) ) ;
#307 = CARTESIAN_POINT ( 'NONE',  ( 0.06810568461419723441, -0.03543307086614172485, -0.2559055118110127314 ) ) ;
#308 = EDGE_CURVE ( 'NONE', #5466, #4354, #1340, .T. ) ;
#309 = DIRECTION ( 'NONE',  ( 0.000000000000000000, 0.000000000000000000, -1.000000000000000000 ) ) ;
#310 = LINE ( 'NONE', #3688, #3381 ) ;
#311 = VERTEX_POINT ( 'NONE', #4741 ) ;
#312 = CARTESIAN_POINT ( 'NONE',  ( 0.000000000000000000, -0.2559055118110236671, -0.1574803149606299191 ) ) ;
#313 = CYLINDRICAL_SURFACE ( 'NONE', #6089, 0.02362204724409451562 ) ;
#314 = DIRECTION ( 'NONE',  ( -1.000000000000000000, 0.000000000000000000, 0.000000000000000000 ) ) ;
#315 = VERTEX_POINT ( 'NONE', #1885 ) ;
#316 = LENGTH_MEASURE_WITH_UNIT ( LENGTH_MEASURE( 0.02539999999999999897 ), #2124 );
#317 = FACE_OUTER_BOUND ( 'NONE', #1875, .T. ) ;
#318 = VERTEX_POINT ( 'NONE', #3742 ) ;
#319 = ADVANCED_FACE ( 'NONE', ( #5226 ), #4712, .T. ) ;
#320 = LINE ( 'NONE', #4574, #591 ) ;
#321 = ORIENTED_EDGE ( 'NONE', *, *, #5112, .T. ) ;
#322 = CIRCLE ( 'NONE', #1136, 0.07677165354330708902 ) ;
#323 = CARTESIAN_POINT ( 'NONE',  ( 0.000000000000000000, 0.000000000000000000, -0.2559055118110176164 ) ) ;
#324 = ORIENTED_EDGE ( 'NONE', *, *, #4378, .F. ) ;
#325 = CARTESIAN_POINT ( 'NONE',  ( -0.002624266062273228339, -0.2040605377699212242, -0.4232283464566929387 ) ) ;
#326 = ORIENTED_EDGE ( 'NONE', *, *, #1391, .T. ) ;
#327 = AXIS2_PLACEMENT_3D ( 'NONE', #1349, #3364, #3272 ) ;
#328 = CARTESIAN_POINT ( 'NONE',  ( 0.000000000000000000, 0.000000000000000000, -0.2559055118110176164 ) ) ;
#329 = DIRECTION ( 'NONE',  ( -0.000000000000000000, -0.000000000000000000, -1.000000000000000000 ) ) ;
#330 = AXIS2_PLACEMENT_3D ( 'NONE', #323, #1719, #5505 ) ;
#331 = EDGE_CURVE ( 'NONE', #3384, #3230, #4809, .T. ) ;
#332 = CARTESIAN_POINT ( 'NONE',  ( -0.09748004506530746904, -0.1673228346456692994, 0.08267716535433072833 ) ) ;
#333 = ORIENTED_EDGE ( 'NONE', *, *, #2735, .T. ) ;
#334 = CARTESIAN_POINT ( 'NONE',  ( 0.000000000000000000, 0.000000000000000000, -39.72047244094488150 ) ) ;
#335 = LINE ( 'NONE', #820, #3868 ) ;
#336 = ORIENTED_EDGE ( 'NONE', *, *, #4638, .T. ) ;
#337 = VECTOR ( 'NONE', #4609, 39.37007874015748143 ) ;
#338 = CARTESIAN_POINT ( 'NONE',  ( -0.1161417322834645549, -0.09842519685037537380, -0.3425196850393700809 ) ) ;
#339 = DIRECTION ( 'NONE',  ( 0.000000000000000000, 0.000000000000000000, -1.000000000000000000 ) ) ;
#340 = VERTEX_POINT ( 'NONE', #973 ) ;
#341 = EDGE_CURVE ( 'NONE', #611, #4138, #5163, .T. ) ;
#342 = CARTESIAN_POINT ( 'NONE',  ( 0.000000000000000000, -0.1059098936342588032, -0.1283366102737155956 ) ) ;
#343 = EDGE_CURVE ( 'NONE', #859, #3112, #5255, .T. ) ;
#344 = CARTESIAN_POINT ( 'NONE',  ( 3.133938659235353184E-18, 0.02559055118110236532, -7.785766781943149877E-15 ) ) ;
#345 = CIRCLE ( 'NONE', #1756, 0.02755905511811023931 ) ;
#346 = AXIS2_PLACEMENT_3D ( 'NONE', #4143, #5126, #1752 ) ;
#347 = DIRECTION ( 'NONE',  ( -0.000000000000000000, -0.000000000000000000, -1.000000000000000000 ) ) ;
#348 = EDGE_LOOP ( 'NONE', ( #2499, #5072, #5160 ) ) ;
#349 = VERTEX_POINT ( 'NONE', #937 ) ;
#350 = VERTEX_POINT ( 'NONE', #5667 ) ;
#351 = VECTOR ( 'NONE', #5895, 39.37007874015748143 ) ;
#352 = DIRECTION ( 'NONE',  ( 0.000000000000000000, 0.000000000000000000, 1.000000000000000000 ) ) ;
#353 = VERTEX_POINT ( 'NONE', #2851 ) ;
#354 = VECTOR ( 'NONE', #2107, 39.37007874015748143 ) ;
#355 = CARTESIAN_POINT ( 'NONE',  ( -0.06102362204724407629, -0.04718005250885826118, -0.4035433070866141780 ) ) ;
#356 = CARTESIAN_POINT ( 'NONE',  ( 0.000000000000000000, -0.04521299052617292619, -0.04510775960619116398 ) ) ;
#357 = EDGE_LOOP ( 'NONE', ( #1995, #2314, #845, #3889 ) ) ;
#358 = ORIENTED_EDGE ( 'NONE', *, *, #4419, .F. ) ;
#359 = AXIS2_PLACEMENT_3D ( 'NONE', #729, #5966, #2179 ) ;
#360 = CYLINDRICAL_SURFACE ( 'NONE', #3416, 0.02755905511811023931 ) ;
#361 = CARTESIAN_POINT ( 'NONE',  ( -0.001967744390122534107, -0.2067275489539592004, -0.4232283464566929387 ) ) ;
#362 = VECTOR ( 'NONE', #2418, 39.37007874015748143 ) ;
#363 = LINE ( 'NONE', #4182, #840 ) ;
#364 = LINE ( 'NONE', #5703, #3396 ) ;
#365 = EDGE_CURVE ( 'NONE', #5795, #836, #2248, .T. ) ;
#366 = EDGE_LOOP ( 'NONE', ( #4568, #5326, #968, #2349 ) ) ;
#367 = PLANE ( 'NONE',  #6024 ) ;
#368 = LINE ( 'NONE', #4427, #3269 ) ;
#369 = VERTEX_POINT ( 'NONE', #13 ) ;
#370 = VECTOR ( 'NONE', #2749, 39.37007874015748143 ) ;
#371 = ADVANCED_FACE ( 'NONE', ( #6207 ), #5288, .F. ) ;
#372 = PLANE ( 'NONE',  #3607 ) ;
#373 = LINE ( 'NONE', #1768, #1265 ) ;
#374 = EDGE_LOOP ( 'NONE', ( #2256, #326, #897 ) ) ;
#375 = FACE_OUTER_BOUND ( 'NONE', #4627, .T. ) ;
#376 = AXIS2_PLACEMENT_3D ( 'NONE', #1824, #5066, #2761 ) ;
#377 = DIRECTION ( 'NONE',  ( 0.000000000000000000, -1.000000000000000000, 0.000000000000000000 ) ) ;
#378 = ADVANCED_FACE ( 'NONE', ( #2794 ), #4773, .T. ) ;
#379 = EDGE_CURVE ( 'NONE', #2270, #2378, #5059, .T. ) ;
#380 = VECTOR ( 'NONE', #470, 39.37007874015748143 ) ;
#381 = LINE ( 'NONE', #1832, #5997 ) ;
#382 = ORIENTED_EDGE ( 'NONE', *, *, #4674, .T. ) ;
#383 = FACE_OUTER_BOUND ( 'NONE', #2002, .T. ) ;
#384 = ORIENTED_EDGE ( 'NONE', *, *, #964, .F. ) ;
#385 = VECTOR ( 'NONE', #2574, 39.37007874015748143 ) ;
#386 = EDGE_CURVE ( 'NONE', #5908, #975, #6238, .T. ) ;
#387 = LINE ( 'NONE', #5597, #4704 ) ;
#388 = AXIS2_PLACEMENT_3D ( 'NONE', #1689, #2253, #4139 ) ;
#389 = ORIENTED_EDGE ( 'NONE', *, *, #3380, .F. ) ;
#390 = DIRECTION ( 'NONE',  ( 1.000000000000000000, 0.000000000000000000, 0.000000000000000000 ) ) ;
#391 = CARTESIAN_POINT ( 'NONE',  ( -0.04921259842519685318, -0.3641732283464374498, -0.4153543307086005054 ) ) ;
#392 = ORIENTED_EDGE ( 'NONE', *, *, #1687, .T. ) ;
#393 = ORIENTED_EDGE ( 'NONE', *, *, #831, .F. ) ;
#394 = CYLINDRICAL_SURFACE ( 'NONE', #279, 0.01771653543307086937 ) ;
#395 = DIRECTION ( 'NONE',  ( 1.000000000000000000, 0.000000000000000000, 0.000000000000000000 ) ) ;
#396 = CARTESIAN_POINT ( 'NONE',  ( 0.000000000000000000, -0.2066929133858267931, -0.4035433070866141780 ) ) ;
#397 = CARTESIAN_POINT ( 'NONE',  ( -0.001968100151340295735, -0.2067389514255128513, -0.4114173228346457156 ) ) ;
#398 = ORIENTED_EDGE ( 'NONE', *, *, #4957, .T. ) ;
#399 = SURFACE_SIDE_STYLE ('',( #2330 ) ) ;
#400 = PLANE ( 'NONE',  #1253 ) ;
#401 = ORIENTED_EDGE ( 'NONE', *, *, #5589, .F. ) ;
#402 = ADVANCED_FACE ( 'NONE', ( #1851 ), #2344, .T. ) ;
#403 = LINE ( 'NONE', #1857, #4211 ) ;
#404 = CARTESIAN_POINT ( 'NONE',  ( -0.09251968503937006705, -0.2066929133858267653, -0.1811023622047244486 ) ) ;
#405 = VERTEX_POINT ( 'NONE', #3303 ) ;
#406 = FACE_OUTER_BOUND ( 'NONE', #1063, .T. ) ;
#407 = CARTESIAN_POINT ( 'NONE',  ( 0.1830708661417495553, -0.3641732283464567121, -0.2933070866141732624 ) ) ;
#408 = CARTESIAN_POINT ( 'NONE',  ( 0.04921259842519684624, -0.3641732283464374498, -0.4035433070866448757 ) ) ;
#409 = EDGE_CURVE ( 'NONE', #3525, #2590, #5324, .T. ) ;
#410 = ADVANCED_FACE ( 'NONE', ( #1006 ), #2823, .F. ) ;
#411 = CARTESIAN_POINT ( 'NONE',  ( 0.07677165354330625635, 0.000000000000000000, -0.4153543307085997838 ) ) ;
#412 = EDGE_LOOP ( 'NONE', ( #1668, #4474 ) ) ;
#413 = EDGE_CURVE ( 'NONE', #2892, #2228, #5759, .T. ) ;
#414 = ORIENTED_EDGE ( 'NONE', *, *, #5766, .T. ) ;
#415 = FACE_OUTER_BOUND ( 'NONE', #3801, .T. ) ;
#416 = ORIENTED_EDGE ( 'NONE', *, *, #1931, .F. ) ;
#417 = DIRECTION ( 'NONE',  ( 0.000000000000000000, 0.000000000000000000, -1.000000000000000000 ) ) ;
#418 = DIRECTION ( 'NONE',  ( 0.000000000000000000, 0.000000000000000000, 1.000000000000000000 ) ) ;
#419 = EDGE_CURVE ( 'NONE', #3820, #2156, #5827, .T. ) ;
#420 = ORIENTED_EDGE ( 'NONE', *, *, #3320, .T. ) ;
#421 = EDGE_LOOP ( 'NONE', ( #3864, #5125, #6110, #5283 ) ) ;
#422 = DIRECTION ( 'NONE',  ( 0.000000000000000000, 0.000000000000000000, 1.000000000000000000 ) ) ;
#423 = CARTESIAN_POINT ( 'NONE',  ( -0.01771653543307086590, 0.000000000000000000, -0.3681102362204724532 ) ) ;
#424 = CARTESIAN_POINT ( 'NONE',  ( -0.1175590551181102394, -0.03543307086614173873, 0.1112598425196850288 ) ) ;
#425 = CARTESIAN_POINT ( 'NONE',  ( -0.001966810233577322240, -0.2067619356413928633, -0.4114173228346457156 ) ) ;
#426 = ORIENTED_EDGE ( 'NONE', *, *, #1745, .T. ) ;
#427 = CARTESIAN_POINT ( 'NONE',  ( 0.1003937007874015214, -0.08267716535433072833, -0.2834645669291338543 ) ) ;
#428 = DIRECTION ( 'NONE',  ( 0.09558771285861816791, 0.000000000000000000, 0.9954210110051215921 ) ) ;
#429 = AXIS2_PLACEMENT_3D ( 'NONE', #2354, #4243, #2444 ) ;
#430 = ORIENTED_EDGE ( 'NONE', *, *, #4854, .F. ) ;
#431 = VECTOR ( 'NONE', #4114, 39.37007874015748143 ) ;
#432 = CARTESIAN_POINT ( 'NONE',  ( -0.1437007874015747977, -0.2116141732283464416, -0.3425196850393700809 ) ) ;
#433 = CARTESIAN_POINT ( 'NONE',  ( 0.04921259842519682542, -0.2066929133858267931, -0.1811023622047244486 ) ) ;
#434 = ORIENTED_EDGE ( 'NONE', *, *, #805, .F. ) ;
#435 = CARTESIAN_POINT ( 'NONE',  ( 0.000000000000000000, -1.627370386850781819E-17, -0.4114173228346456601 ) ) ;
#436 = EDGE_LOOP ( 'NONE', ( #6022, #2411, #1274, #5211 ) ) ;
#437 = DIRECTION ( 'NONE',  ( 1.000000000000000000, 0.000000000000000000, 0.000000000000000000 ) ) ;
#438 = CARTESIAN_POINT ( 'NONE',  ( 0.1161417322834645688, -0.2165354330708661734, -0.02755905511811022543 ) ) ;
#439 = VECTOR ( 'NONE', #1019, 39.37007874015748854 ) ;
#440 = EDGE_CURVE ( 'NONE', #3827, #353, #2598, .T. ) ;
#441 = PLANE ( 'NONE',  #3970 ) ;
#442 = CIRCLE ( 'NONE', #4564, 0.02362204724409449133 ) ;
#443 = EDGE_LOOP ( 'NONE', ( #3215, #2725, #5233, #5650, #1783, #1294 ) ) ;
#444 = DIRECTION ( 'NONE',  ( -1.000000000000000000, 0.000000000000000000, 0.000000000000000000 ) ) ;
#445 = EDGE_CURVE ( 'NONE', #19, #4354, #4424, .T. ) ;
#446 = VERTEX_POINT ( 'NONE', #108 ) ;
#447 = AXIS2_PLACEMENT_3D ( 'NONE', #1333, #3254, #121 ) ;
#448 =( BOUNDED_CURVE ( )  B_SPLINE_CURVE ( 3, ( #646, #5023, #4991, #2067 ),
 .UNSPECIFIED., .F., .T. ) 
 B_SPLINE_CURVE_WITH_KNOTS ( ( 4, 4 ),
 ( 4.116178843942218890, 4.692137497100169696 ),
 .UNSPECIFIED. ) 
 CURVE ( )  GEOMETRIC_REPRESENTATION_ITEM ( )  RATIONAL_B_SPLINE_CURVE ( ( 1.000000000000000000, 0.9725464899121455398, 0.9725464899121455398, 1.000000000000000000 ) ) 
 REPRESENTATION_ITEM ( '' )  );
#449 = EDGE_CURVE ( 'NONE', #3881, #2215, #2944, .T. ) ;
#450 = LINE ( 'NONE', #2938, #2996 ) ;
#451 = VERTEX_POINT ( 'NONE', #4396 ) ;
#452 = VECTOR ( 'NONE', #3313, 39.37007874015748143 ) ;
#453 = CARTESIAN_POINT ( 'NONE',  ( 0.05314960629921260116, -0.05539861133649604669, -0.4094488188976377896 ) ) ;
#454 = ORIENTED_EDGE ( 'NONE', *, *, #2353, .T. ) ;
#455 = ORIENTED_EDGE ( 'NONE', *, *, #1081, .F. ) ;
#456 = AXIS2_PLACEMENT_3D ( 'NONE', #1084, #3914, #5938 ) ;
#457 = TOROIDAL_SURFACE ( 'NONE', #5197, 0.02952755905511804391, 0.01181102362204724393 ) ;
#458 = ADVANCED_FACE ( 'NONE', ( #1599 ), #594, .T. ) ;
#459 = EDGE_CURVE ( 'NONE', #268, #1878, #3152, .T. ) ;
#460 = DIRECTION ( 'NONE',  ( 0.000000000000000000, 0.000000000000000000, -1.000000000000000000 ) ) ;
#461 = DIRECTION ( 'NONE',  ( -1.000000000000000000, 0.000000000000000000, 0.000000000000000000 ) ) ;
#462 = CARTESIAN_POINT ( 'NONE',  ( 0.000000000000000000, 0.000000000000000000, -0.3425196850393765757 ) ) ;
#463 = CARTESIAN_POINT ( 'NONE',  ( 4.821444091131311524E-18, 0.03937007874015747977, -0.2677165354330542368 ) ) ;
#464 = ORIENTED_EDGE ( 'NONE', *, *, #4411, .T. ) ;
#465 = CIRCLE ( 'NONE', #2285, 0.01181102362204724740 ) ;
#466 =( NAMED_UNIT ( * ) PLANE_ANGLE_UNIT ( ) SI_UNIT ( $, .RADIAN. ) );
#467 = CARTESIAN_POINT ( 'NONE',  ( 0.000000000000000000, -0.2106299212598425619, -0.1909448818897638012 ) ) ;
#468 = ORIENTED_EDGE ( 'NONE', *, *, #2042, .T. ) ;
#469 = VECTOR ( 'NONE', #3743, 39.37007874015748143 ) ;
#470 = DIRECTION ( 'NONE',  ( 0.000000000000000000, 1.000000000000000000, 0.000000000000000000 ) ) ;
#471 = CARTESIAN_POINT ( 'NONE',  ( 0.1574803149606299191, -0.003937007874048318277, -0.1712598425196850405 ) ) ;
#472 = ORIENTED_EDGE ( 'NONE', *, *, #3260, .F. ) ;
#473 = DIRECTION ( 'NONE',  ( 0.07921010489577245961, -0.5597462186849477828, -0.8248696442167716691 ) ) ;
#474 = EDGE_LOOP ( 'NONE', ( #2332, #4069, #5749, #5 ) ) ;
#475 = LINE ( 'NONE', #60, #2296 ) ;
#476 = DIRECTION ( 'NONE',  ( 1.000000000000000000, 0.000000000000000000, 0.000000000000000000 ) ) ;
#477 = VECTOR ( 'NONE', #1557, 39.37007874015748143 ) ;
#478 = CARTESIAN_POINT ( 'NONE',  ( 0.000000000000000000, -0.02559055118110236532, -0.2440944881889760554 ) ) ;
#479 = AXIS2_PLACEMENT_3D ( 'NONE', #4093, #3623, #306 ) ;
#480 =( BOUNDED_CURVE ( )  B_SPLINE_CURVE ( 3, ( #817, #4680, #3774, #2795 ),
 .UNSPECIFIED., .F., .T. ) 
 B_SPLINE_CURVE_WITH_KNOTS ( ( 4, 4 ),
 ( 0.000000000000000000, 0.01943650599905999768 ),
 .UNSPECIFIED. ) 
 CURVE ( )  GEOMETRIC_REPRESENTATION_ITEM ( )  RATIONAL_B_SPLINE_CURVE ( ( 1.000000000000000000, 0.9996893143761047540, 0.9996893143761047540, 1.000000000000000000 ) ) 
 REPRESENTATION_ITEM ( '' )  );
#481 = EDGE_LOOP ( 'NONE', ( #3836, #3471, #3376, #3545 ) ) ;
#482 = EDGE_CURVE ( 'NONE', #65, #1833, #4959, .T. ) ;
#483 = DIRECTION ( 'NONE',  ( 0.000000000000000000, -1.000000000000000000, 0.000000000000000000 ) ) ;
#484 = ORIENTED_EDGE ( 'NONE', *, *, #2634, .F. ) ;
#485 = VECTOR ( 'NONE', #309, 39.37007874015748143 ) ;
#486 = EDGE_CURVE ( 'NONE', #6112, #4691, #5443, .T. ) ;
#487 = CARTESIAN_POINT ( 'NONE',  ( 0.07086614173228347746, -0.2165354330708582076, -0.1523622047244094502 ) ) ;
#488 = ORIENTED_EDGE ( 'NONE', *, *, #288, .T. ) ;
#489 = APPLICATION_CONTEXT ( 'automotive_design' ) ;
#490 = VECTOR ( 'NONE', #143, 39.37007874015748143 ) ;
#491 = CARTESIAN_POINT ( 'NONE',  ( 0.001968503937008256061, -0.2066929133858267931, -0.4035433070866135674 ) ) ;
#492 = EDGE_LOOP ( 'NONE', ( #1370, #4703, #3811, #4784, #3775, #5965, #1180, #2038, #4845, #6227 ) ) ;
#493 = VERTEX_POINT ( 'NONE', #4449 ) ;
#494 = CARTESIAN_POINT ( 'NONE',  ( 0.07874015748031494566, -0.03543307086611049983, -0.3425196850393721348 ) ) ;
#495 = FACE_OUTER_BOUND ( 'NONE', #1935, .T. ) ;
#496 = CARTESIAN_POINT ( 'NONE',  ( 0.000000000000000000, -0.003937007873911777325, -0.3425196850393700809 ) ) ;
#497 = LINE ( 'NONE', #1535, #362 ) ;
#498 = ORIENTED_EDGE ( 'NONE', *, *, #2980, .F. ) ;
#499 = CARTESIAN_POINT ( 'NONE',  ( 0.05884694833594770330, -0.09993998156845818048, -0.3196360091587863717 ) ) ;
#500 = LINE ( 'NONE', #18, #1554 ) ;
#501 = EDGE_CURVE ( 'NONE', #2600, #3036, #3953, .T. ) ;
#502 = VERTEX_POINT ( 'NONE', #5886 ) ;
#503 = CARTESIAN_POINT ( 'NONE',  ( -0.02952755905511715573, -1.265762080015945242E-17, -0.4114173228346456601 ) ) ;
#504 = LINE ( 'NONE', #471, #351 ) ;
#505 = VERTEX_POINT ( 'NONE', #4864 ) ;
#506 = DIRECTION ( 'NONE',  ( -1.000000000000000000, 8.881784197001252323E-16, 0.000000000000000000 ) ) ;
#507 = ORIENTED_EDGE ( 'NONE', *, *, #799, .T. ) ;
#508 = PLANE ( 'NONE',  #4401 ) ;
#509 = PLANE ( 'NONE',  #2852 ) ;
#510 = ADVANCED_FACE ( 'NONE', ( #46 ), #2566, .F. ) ;
#511 = LINE ( 'NONE', #3469, #2275 ) ;
#512 = ORIENTED_EDGE ( 'NONE', *, *, #3347, .T. ) ;
#513 = CARTESIAN_POINT ( 'NONE',  ( -0.07874015748031494566, 0.04035433070866142197, -0.3031496062992126150 ) ) ;
#514 = ORIENTED_EDGE ( 'NONE', *, *, #5122, .F. ) ;
#515 =( BOUNDED_CURVE ( )  B_SPLINE_CURVE ( 3, ( #5375, #1405, #1877, #2410 ),
 .UNSPECIFIED., .F., .F. ) 
 B_SPLINE_CURVE_WITH_KNOTS ( ( 4, 4 ),
 ( 4.712388980384689674, 6.283185307179586232 ),
 .UNSPECIFIED. ) 
 CURVE ( )  GEOMETRIC_REPRESENTATION_ITEM ( )  RATIONAL_B_SPLINE_CURVE ( ( 1.000000000000000000, 0.8047378541243649375, 0.8047378541243649375, 1.000000000000000000 ) ) 
 REPRESENTATION_ITEM ( '' )  );
#516 = DIRECTION ( 'NONE',  ( 1.000000000000000000, 0.000000000000000000, 0.000000000000000000 ) ) ;
#517 = VERTEX_POINT ( 'NONE', #2009 ) ;
#518 = CARTESIAN_POINT ( 'NONE',  ( 0.000000000000000000, -0.3641732283464567121, -0.1604330708661496352 ) ) ;
#519 = ORIENTED_EDGE ( 'NONE', *, *, #1463, .T. ) ;
#520 = ORIENTED_EDGE ( 'NONE', *, *, #5623, .F. ) ;
#521 = ADVANCED_FACE ( 'NONE', ( #647 ), #5920, .T. ) ;
#522 = ORIENTED_EDGE ( 'NONE', *, *, #3878, .T. ) ;
#523 = CARTESIAN_POINT ( 'NONE',  ( 0.1771653543307086798, -0.2440944881889762497, 0.1181102362204651257 ) ) ;
#524 = FACE_OUTER_BOUND ( 'NONE', #3126, .T. ) ;
#525 = CYLINDRICAL_SURFACE ( 'NONE', #1241, 0.02559055118110236879 ) ;
#526 = CARTESIAN_POINT ( 'NONE',  ( -0.1161417322834645688, -0.09842519685039369248, -0.2244094488188976555 ) ) ;
#527 = VERTEX_POINT ( 'NONE', #3488 ) ;
#528 = CARTESIAN_POINT ( 'NONE',  ( -0.1437007874015747977, -0.2066929133858267931, -0.1811023622047244486 ) ) ;
#529 = ORIENTED_EDGE ( 'NONE', *, *, #331, .T. ) ;
#530 = ADVANCED_FACE ( 'NONE', ( #5414 ), #559, .T. ) ;
#531 = EDGE_CURVE ( 'NONE', #1644, #353, #1534, .T. ) ;
#532 = DIRECTION ( 'NONE',  ( 1.224646799147353207E-16, 1.000000000000000000, -0.000000000000000000 ) ) ;
#533 = FACE_BOUND ( 'NONE', #668, .T. ) ;
#534 = ORIENTED_EDGE ( 'NONE', *, *, #3024, .T. ) ;
#535 = AXIS2_PLACEMENT_3D ( 'NONE', #424, #1916, #1410 ) ;
#536 = CARTESIAN_POINT ( 'NONE',  ( -6.002595689203703842E-19, 0.000000000000000000, -7.112283673605593217E-19 ) ) ;
#537 = ORIENTED_EDGE ( 'NONE', *, *, #6172, .T. ) ;
#538 = DIRECTION ( 'NONE',  ( 0.000000000000000000, 0.000000000000000000, 1.000000000000000000 ) ) ;
#539 = DIRECTION ( 'NONE',  ( -0.000000000000000000, -0.000000000000000000, -1.000000000000000000 ) ) ;
#540 = VECTOR ( 'NONE', #3581, 39.37007874015748143 ) ;
#541 = EDGE_CURVE ( 'NONE', #5884, #199, #2036, .T. ) ;
#542 = ADVANCED_FACE ( 'NONE', ( #619 ), #4482, .F. ) ;
#543 = CARTESIAN_POINT ( 'NONE',  ( 0.02890615986683464297, -0.05180250155047244620, -0.2541732283464567255 ) ) ;
#544 = ORIENTED_EDGE ( 'NONE', *, *, #6090, .F. ) ;
#545 = DIRECTION ( 'NONE',  ( 0.000000000000000000, 0.000000000000000000, 1.000000000000000000 ) ) ;
#546 = SURFACE_STYLE_USAGE ( .BOTH. , #4855 ) ;
#547 = MECHANICAL_DESIGN_GEOMETRIC_PRESENTATION_REPRESENTATION (  '', ( #1652 ), #4762 ) ;
#548 = EDGE_LOOP ( 'NONE', ( #6103, #4326, #4767, #2742 ) ) ;
#549 = AXIS2_PLACEMENT_3D ( 'NONE', #3191, #2808, #1332 ) ;
#550 = CARTESIAN_POINT ( 'NONE',  ( 0.1948818897637795144, -0.1023622047244094474, -0.2440944881889779150 ) ) ;
#551 = ORIENTED_EDGE ( 'NONE', *, *, #1835, .F. ) ;
#552 = DIRECTION ( 'NONE',  ( 0.000000000000000000, 0.000000000000000000, 1.000000000000000000 ) ) ;
#553 = ORIENTED_EDGE ( 'NONE', *, *, #2042, .F. ) ;
#554 = VECTOR ( 'NONE', #5327, 39.37007874015748143 ) ;
#555 = EDGE_CURVE ( 'NONE', #215, #2600, #5063, .T. ) ;
#556 = ORIENTED_EDGE ( 'NONE', *, *, #1745, .F. ) ;
#557 = VECTOR ( 'NONE', #894, 39.37007874015748143 ) ;
#558 = CARTESIAN_POINT ( 'NONE',  ( 0.08520918823212385307, -0.04521299052618360514, -0.04510775960620479891 ) ) ;
#559 = PLANE ( 'NONE',  #3859 ) ;
#560 = CARTESIAN_POINT ( 'NONE',  ( 0.000000000000000000, -0.08267716535425229107, -0.3425196850393700809 ) ) ;
#561 = ORIENTED_EDGE ( 'NONE', *, *, #590, .T. ) ;
#562 = CARTESIAN_POINT ( 'NONE',  ( 0.1358267716535433156, -0.09506547360177164396, -0.2238321641935038797 ) ) ;
#563 = ORIENTED_EDGE ( 'NONE', *, *, #449, .F. ) ;
#564 = STYLED_ITEM ( 'NONE', ( #1741 ), #3025 ) ;
#565 = VECTOR ( 'NONE', #2424, 39.37007874015748143 ) ;
#566 = CARTESIAN_POINT ( 'NONE',  ( 3.133938659235353184E-18, -0.02559055118110236532, -0.2677165354330708902 ) ) ;
#567 = EDGE_CURVE ( 'NONE', #4505, #1829, #1784, .T. ) ;
#568 = DIRECTION ( 'NONE',  ( -1.000000000000000000, 0.000000000000000000, 0.000000000000000000 ) ) ;
#569 = CIRCLE ( 'NONE', #4789, 0.02559055118110236532 ) ;
#570 = CIRCLE ( 'NONE', #250, 0.1555118110236220208 ) ;
#571 = LINE ( 'NONE', #2957, #4956 ) ;
#572 = CARTESIAN_POINT ( 'NONE',  ( 0.1358267716535433156, -0.08267716535433072833, -0.2440944881889764162 ) ) ;
#573 = ORIENTED_EDGE ( 'NONE', *, *, #5861, .T. ) ;
#574 = CARTESIAN_POINT ( 'NONE',  ( -0.07795282591383478898, -0.1057546786625981200, -0.1206732826120155283 ) ) ;
#575 = EDGE_CURVE ( 'NONE', #920, #5738, #3052, .T. ) ;
#576 = AXIS2_PLACEMENT_3D ( 'NONE', #47, #2888, #1473 ) ;
#577 = CARTESIAN_POINT ( 'NONE',  ( 0.1653543307086614012, 0.1771653543307086798, 0.05905511811023621271 ) ) ;
#578 = VERTEX_POINT ( 'NONE', #6047 ) ;
#579 = CARTESIAN_POINT ( 'NONE',  ( 0.04527559055118109133, -0.03543307086604803591, -0.3425196850393700809 ) ) ;
#580 = CARTESIAN_POINT ( 'NONE',  ( 0.04921259842519686706, -0.3189282575094488648, -0.1702755905511810774 ) ) ;
#581 = ORIENTED_EDGE ( 'NONE', *, *, #260, .T. ) ;
#582 = EDGE_CURVE ( 'NONE', #660, #5798, #3705, .T. ) ;
#583 = AXIS2_PLACEMENT_3D ( 'NONE', #3502, #3937, #4496 ) ;
#584 = LINE ( 'NONE', #3654, #792 ) ;
#585 = ORIENTED_EDGE ( 'NONE', *, *, #343, .T. ) ;
#586 = CARTESIAN_POINT ( 'NONE',  ( -0.001968503937542949878, -0.2057043179218982776, -0.4114173228346456601 ) ) ;
#587 = ORIENTED_EDGE ( 'NONE', *, *, #210, .F. ) ;
#588 = AXIS2_PLACEMENT_3D ( 'NONE', #930, #4732, #3292 ) ;
#589 = EDGE_CURVE ( 'NONE', #268, #3977, #5629, .T. ) ;
#590 = EDGE_CURVE ( 'NONE', #104, #859, #1314, .T. ) ;
#591 = VECTOR ( 'NONE', #2223, 39.37007874015748143 ) ;
#592 = ORIENTED_EDGE ( 'NONE', *, *, #4070, .T. ) ;
#593 = LINE ( 'NONE', #3398, #4714 ) ;
#594 = CYLINDRICAL_SURFACE ( 'NONE', #5875, 0.02559055118110236532 ) ;
#595 = CARTESIAN_POINT ( 'NONE',  ( 0.001968503937006580752, -0.2066929133858193823, -0.4114173228346457156 ) ) ;
#596 = ORIENTED_EDGE ( 'NONE', *, *, #4456, .F. ) ;
#597 = LINE ( 'NONE', #2538, #554 ) ;
#598 = VERTEX_POINT ( 'NONE', #2721 ) ;
#599 = VECTOR ( 'NONE', #747, 39.37007874015748143 ) ;
#600 = CARTESIAN_POINT ( 'NONE',  ( -0.05314960629921260116, -0.05169782393492124845, -0.4160100928338583137 ) ) ;
#601 = PLANE ( 'NONE',  #1462 ) ;
#602 = VECTOR ( 'NONE', #45, 39.37007874015748143 ) ;
#603 = CARTESIAN_POINT ( 'NONE',  ( 0.1161417322834645688, -0.03543307086614173873, -0.3031496062992125595 ) ) ;
#604 = FACE_OUTER_BOUND ( 'NONE', #4930, .T. ) ;
#605 = ORIENTED_EDGE ( 'NONE', *, *, #2581, .T. ) ;
#606 = DIRECTION ( 'NONE',  ( -0.000000000000000000, -0.000000000000000000, -1.000000000000000000 ) ) ;
#607 = LINE ( 'NONE', #2522, #4778 ) ;
#608 = ORIENTED_EDGE ( 'NONE', *, *, #36, .F. ) ;
#609 = PLANE ( 'NONE',  #2873 ) ;
#610 = CARTESIAN_POINT ( 'NONE',  ( -0.1653543307086614567, -0.2440944881889763329, 0.1181102362204723422 ) ) ;
#611 = VERTEX_POINT ( 'NONE', #3669 ) ;
#612 = LINE ( 'NONE', #1706, #485 ) ;
#613 = ORIENTED_EDGE ( 'NONE', *, *, #5589, .T. ) ;
#614 = ADVANCED_FACE ( 'NONE', ( #4514 ), #1690, .F. ) ;
#615 = DIRECTION ( 'NONE',  ( 1.000000000000000000, 0.000000000000000000, 0.000000000000000000 ) ) ;
#616 = ORIENTED_EDGE ( 'NONE', *, *, #3903, .T. ) ;
#617 = CARTESIAN_POINT ( 'NONE',  ( -6.002595689203703842E-19, 0.000000000000000000, -7.112283673605593217E-19 ) ) ;
#618 = EDGE_CURVE ( 'NONE', #3519, #1660, #197, .T. ) ;
#619 = FACE_OUTER_BOUND ( 'NONE', #1678, .T. ) ;
#620 = DIRECTION ( 'NONE',  ( -1.000000000000000000, -0.000000000000000000, -0.000000000000000000 ) ) ;
#621 = ORIENTED_EDGE ( 'NONE', *, *, #5547, .T. ) ;
#622 = CARTESIAN_POINT ( 'NONE',  ( 0.04527559055118110520, -0.03543307086614173179, -0.1200787401574803376 ) ) ;
#623 = ORIENTED_EDGE ( 'NONE', *, *, #5888, .T. ) ;
#624 = DIRECTION ( 'NONE',  ( 0.000000000000000000, 6.672013369141565217E-16, 1.000000000000000000 ) ) ;
#625 = CARTESIAN_POINT ( 'NONE',  ( 0.1830708661417495553, -0.3641732283464567121, -0.2696850393700787052 ) ) ;
#626 = CARTESIAN_POINT ( 'NONE',  ( 0.1476377952755905387, -0.1840551181102362266, -0.4212598425197252583 ) ) ;
#627 = CARTESIAN_POINT ( 'NONE',  ( -0.001966853840615610284, -0.2067619403709147763, -0.4232283464566929387 ) ) ;
#628 = ORIENTED_EDGE ( 'NONE', *, *, #152, .T. ) ;
#629 = CARTESIAN_POINT ( 'NONE',  ( 0.000000000000000000, -0.2066929133858267931, -0.02755905511811023931 ) ) ;
#630 = EDGE_CURVE ( 'NONE', #3825, #4421, #1749, .T. ) ;
#631 = CIRCLE ( 'NONE', #4953, 0.02362204724409448092 ) ;
#632 = DIRECTION ( 'NONE',  ( 1.000000000000000000, 0.000000000000000000, 0.000000000000000000 ) ) ;
#633 = VERTEX_POINT ( 'NONE', #1657 ) ;
#634 = FACE_BOUND ( 'NONE', #4257, .T. ) ;
#635 = EDGE_CURVE ( 'NONE', #3342, #1740, #5978, .T. ) ;
#636 = ORIENTED_EDGE ( 'NONE', *, *, #1202, .T. ) ;
#637 = CIRCLE ( 'NONE', #4549, 0.07677165354330625635 ) ;
#638 = CARTESIAN_POINT ( 'NONE',  ( 0.000000000000000000, -0.02559055118110236532, -0.2440944881889760554 ) ) ;
#639 = EDGE_LOOP ( 'NONE', ( #4454, #605, #4040, #3021 ) ) ;
#640 = DIRECTION ( 'NONE',  ( 0.000000000000000000, 0.000000000000000000, 1.000000000000000000 ) ) ;
#641 = EDGE_CURVE ( 'NONE', #2040, #4537, #5600, .T. ) ;
#642 = DIRECTION ( 'NONE',  ( -0.000000000000000000, -0.000000000000000000, -1.000000000000000000 ) ) ;
#643 = ORIENTED_EDGE ( 'NONE', *, *, #916, .T. ) ;
#644 = AXIS2_PLACEMENT_3D ( 'NONE', #289, #5772, #5240 ) ;
#645 = EDGE_CURVE ( 'NONE', #836, #3439, #34, .T. ) ;
#646 = CARTESIAN_POINT ( 'NONE',  ( 0.07926322931848009401, -0.09912543122607020418, -0.1070271450189209661 ) ) ;
#647 = FACE_OUTER_BOUND ( 'NONE', #2719, .T. ) ;
#648 = VECTOR ( 'NONE', #977, 39.37007874015748143 ) ;
#649 = DIRECTION ( 'NONE',  ( -1.000000000000000000, -0.000000000000000000, -0.000000000000000000 ) ) ;
#650 = EDGE_LOOP ( 'NONE', ( #4123, #4267, #2688, #2470, #22, #3358 ) ) ;
#651 = PLANE ( 'NONE',  #1968 ) ;
#652 = EDGE_LOOP ( 'NONE', ( #384, #5645, #5293, #1249 ) ) ;
#653 = ADVANCED_FACE ( 'NONE', ( #714 ), #4543, .T. ) ;
#654 = EDGE_CURVE ( 'NONE', #2584, #733, #4081, .T. ) ;
#655 = VECTOR ( 'NONE', #2103, 39.37007874015748143 ) ;
#656 = DIRECTION ( 'NONE',  ( -1.000000000000000000, 0.000000000000000000, 0.000000000000000000 ) ) ;
#657 = CARTESIAN_POINT ( 'NONE',  ( 0.000000000000000000, 0.000000000000000000, -0.3681102362204724532 ) ) ;
#658 = CARTESIAN_POINT ( 'NONE',  ( -0.07874015748031495954, 0.000000000000000000, -0.3228346456692913757 ) ) ;
#659 = DIRECTION ( 'NONE',  ( 0.000000000000000000, 0.000000000000000000, 1.000000000000000000 ) ) ;
#660 = VERTEX_POINT ( 'NONE', #777 ) ;
#661 = DIRECTION ( 'NONE',  ( 1.000000000000000000, 0.000000000000000000, 0.000000000000000000 ) ) ;
#662 = DIRECTION ( 'NONE',  ( 0.000000000000000000, 4.336808689942017736E-16, 1.000000000000000000 ) ) ;
#663 = VECTOR ( 'NONE', #2515, 39.37007874015748854 ) ;
#664 = EDGE_CURVE ( 'NONE', #517, #2429, #6017, .T. ) ;
#665 = AXIS2_PLACEMENT_3D ( 'NONE', #2054, #1996, #5403 ) ;
#666 = COLOUR_RGB ( '',0.7921568627450980005, 0.8196078431372548767, 0.9333333333333333481 ) ;
#667 = CARTESIAN_POINT ( 'NONE',  ( 0.1751968503937007815, -0.1023622047244094613, -0.3425196850393700809 ) ) ;
#668 = EDGE_LOOP ( 'NONE', ( #2364, #5328 ) ) ;
#669 = PLANE ( 'NONE',  #5502 ) ;
#670 = ORIENTED_EDGE ( 'NONE', *, *, #5372, .F. ) ;
#671 = AXIS2_PLACEMENT_3D ( 'NONE', #6035, #2144, #2585 ) ;
#672 = LINE ( 'NONE', #1145, #5790 ) ;
#673 = AXIS2_PLACEMENT_3D ( 'NONE', #1728, #3146, #2578 ) ;
#674 = ORIENTED_EDGE ( 'NONE', *, *, #3058, .F. ) ;
#675 = DIRECTION ( 'NONE',  ( 0.000000000000000000, 0.000000000000000000, 1.000000000000000000 ) ) ;
#676 = DIRECTION ( 'NONE',  ( 1.000000000000000000, 0.000000000000000000, 0.000000000000000000 ) ) ;
#677 = VERTEX_POINT ( 'NONE', #2226 ) ;
#678 = VECTOR ( 'NONE', #2032, 39.37007874015748143 ) ;
#679 = EDGE_CURVE ( 'NONE', #4904, #1091, #3612, .T. ) ;
#680 = ORIENTED_EDGE ( 'NONE', *, *, #2814, .F. ) ;
#681 = DIRECTION ( 'NONE',  ( 0.09556829122598997639, -0.02015741183008242648, -0.9952187601027508990 ) ) ;
#682 = AXIS2_PLACEMENT_3D ( 'NONE', #4593, #4556, #2173 ) ;
#683 = CARTESIAN_POINT ( 'NONE',  ( -0.09251968503937006705, -0.2058922922764961083, -0.3463228346456693196 ) ) ;
#684 = EDGE_CURVE ( 'NONE', #4895, #5386, #3171, .T. ) ;
#685 = CARTESIAN_POINT ( 'NONE',  ( -0.05884694833594867475, -0.09993998156847602732, -0.3196360091587864272 ) ) ;
#686 = VERTEX_POINT ( 'NONE', #2659 ) ;
#687 = DIRECTION ( 'NONE',  ( 1.000000000000000000, 0.000000000000000000, 0.000000000000000000 ) ) ;
#688 = EDGE_LOOP ( 'NONE', ( #1744, #3287, #4582, #1266 ) ) ;
#689 = EDGE_CURVE ( 'NONE', #1039, #4870, #263, .T. ) ;
#690 = VECTOR ( 'NONE', #3355, 39.37007874015748143 ) ;
#691 = CARTESIAN_POINT ( 'NONE',  ( 0.000000000000000000, -0.1948818897637798198, -0.02755905511811023931 ) ) ;
#692 = DIRECTION ( 'NONE',  ( -1.000000000000000000, -0.000000000000000000, -0.000000000000000000 ) ) ;
#693 = FACE_OUTER_BOUND ( 'NONE', #1418, .T. ) ;
#694 = EDGE_CURVE ( 'NONE', #118, #4083, #2026, .T. ) ;
#695 = DIRECTION ( 'NONE',  ( 1.000000000000000000, 0.000000000000000000, 0.000000000000000000 ) ) ;
#696 = AXIS2_PLACEMENT_3D ( 'NONE', #600, #2014, #3932 ) ;
#697 = ORIENTED_EDGE ( 'NONE', *, *, #4439, .F. ) ;
#698 = CARTESIAN_POINT ( 'NONE',  ( 0.001968503937006580752, -0.2066929133858193823, -0.4114173228346457156 ) ) ;
#699 = AXIS2_PLACEMENT_3D ( 'NONE', #2508, #11, #5791 ) ;
#700 = CARTESIAN_POINT ( 'NONE',  ( -0.1161417322834645549, -0.1082677165354330451, -0.2244094488188976555 ) ) ;
#701 = ORIENTED_EDGE ( 'NONE', *, *, #1568, .F. ) ;
#702 = CARTESIAN_POINT ( 'NONE',  ( 0.000000000000000000, -0.3405511811023622104, -0.1604330708661496074 ) ) ;
#703 = EDGE_CURVE ( 'NONE', #451, #5867, #4360, .T. ) ;
#704 = CARTESIAN_POINT ( 'NONE',  ( 0.000000000000000000, -0.003937007874015747977, -2.721176712439012152E-16 ) ) ;
#705 = ORIENTED_EDGE ( 'NONE', *, *, #459, .T. ) ;
#706 = CARTESIAN_POINT ( 'NONE',  ( -0.03685039370078740939, 0.03690880229219291320, -0.4153543307086614012 ) ) ;
#707 = VERTEX_POINT ( 'NONE', #1055 ) ;
#708 = PLANE ( 'NONE',  #3076 ) ;
#709 = CARTESIAN_POINT ( 'NONE',  ( -0.09748004506530746904, -0.1673228346456692994, 0.08267716535433072833 ) ) ;
#710 = ORIENTED_EDGE ( 'NONE', *, *, #5131, .F. ) ;
#711 = DIMENSIONAL_EXPONENTS ( 1.000000000000000000, 0.000000000000000000, 0.000000000000000000, 0.000000000000000000, 0.000000000000000000, 0.000000000000000000, 0.000000000000000000 ) ;
#712 = ORIENTED_EDGE ( 'NONE', *, *, #4126, .T. ) ;
#713 = CARTESIAN_POINT ( 'NONE',  ( -0.001968503937008479841, -0.2066929133538057961, -0.4232283464566929387 ) ) ;
#714 = FACE_OUTER_BOUND ( 'NONE', #5445, .T. ) ;
#715 = DIRECTION ( 'NONE',  ( -1.000000000000000000, 0.000000000000000000, 0.000000000000000000 ) ) ;
#716 = ORIENTED_EDGE ( 'NONE', *, *, #3870, .F. ) ;
#717 = CARTESIAN_POINT ( 'NONE',  ( 0.1830708661417495553, -0.3641732283464567121, -0.3169291338582677642 ) ) ;
#718 = ORIENTED_EDGE ( 'NONE', *, *, #4387, .T. ) ;
#719 = DIRECTION ( 'NONE',  ( 0.000000000000000000, 0.000000000000000000, 1.000000000000000000 ) ) ;
#720 = DIRECTION ( 'NONE',  ( -1.000000000000000000, 0.000000000000000000, 0.000000000000000000 ) ) ;
#721 = DIRECTION ( 'NONE',  ( 0.000000000000000000, 0.000000000000000000, -1.000000000000000000 ) ) ;
#722 = EDGE_CURVE ( 'NONE', #215, #1399, #3765, .T. ) ;
#723 = VERTEX_POINT ( 'NONE', #69 ) ;
#724 = FACE_OUTER_BOUND ( 'NONE', #1549, .T. ) ;
#725 = CARTESIAN_POINT ( 'NONE',  ( 0.000000000000000000, -0.03543307086614173179, -0.3031496062992125595 ) ) ;
#726 = EDGE_CURVE ( 'NONE', #4240, #2760, #1551, .T. ) ;
#727 = CARTESIAN_POINT ( 'NONE',  ( -0.09842519685039370636, -0.08267716535433072833, -0.2834645669291338543 ) ) ;
#728 = ORIENTED_EDGE ( 'NONE', *, *, #4570, .T. ) ;
#729 = CARTESIAN_POINT ( 'NONE',  ( 0.000000000000000000, 0.000000000000000000, -0.4035433070866754623 ) ) ;
#730 = EDGE_CURVE ( 'NONE', #2441, #1577, #2346, .T. ) ;
#731 = EDGE_CURVE ( 'NONE', #2133, #2372, #4414, .T. ) ;
#732 = CARTESIAN_POINT ( 'NONE',  ( 0.000000000000000000, 0.000000000000000000, -0.4035433070866754623 ) ) ;
#733 = VERTEX_POINT ( 'NONE', #2466 ) ;
#734 = AXIS2_PLACEMENT_3D ( 'NONE', #1292, #1196, #5637 ) ;
#735 = FACE_OUTER_BOUND ( 'NONE', #3908, .T. ) ;
#736 = VERTEX_POINT ( 'NONE', #3474 ) ;
#737 = AXIS2_PLACEMENT_3D ( 'NONE', #167, #2100, #5950 ) ;
#738 = CARTESIAN_POINT ( 'NONE',  ( 0.06003937007874015491, -0.2159140338825984162, -0.1332368685282677157 ) ) ;
#739 = ORIENTED_EDGE ( 'NONE', *, *, #2469, .T. ) ;
#740 = DIRECTION ( 'NONE',  ( -1.000000000000000000, 0.000000000000000000, 0.000000000000000000 ) ) ;
#741 = DIRECTION ( 'NONE',  ( 0.000000000000000000, 0.000000000000000000, 1.000000000000000000 ) ) ;
#742 = ORIENTED_EDGE ( 'NONE', *, *, #4493, .F. ) ;
#743 = DIRECTION ( 'NONE',  ( 1.000000000000000000, 0.000000000000000000, 0.000000000000000000 ) ) ;
#744 = VECTOR ( 'NONE', #539, 39.37007874015748143 ) ;
#745 = ORIENTED_EDGE ( 'NONE', *, *, #1463, .F. ) ;
#746 = VECTOR ( 'NONE', #5417, 39.37007874015748143 ) ;
#747 = DIRECTION ( 'NONE',  ( 1.000000000000000000, 0.000000000000000000, 0.000000000000000000 ) ) ;
#748 = DIRECTION ( 'NONE',  ( -0.000000000000000000, -0.000000000000000000, -1.000000000000000000 ) ) ;
#749 = CARTESIAN_POINT ( 'NONE',  ( -0.02952757182286347773, 0.000000000000000000, -0.4232283464566928277 ) ) ;
#750 = LINE ( 'NONE', #146, #2480 ) ;
#751 = VERTEX_POINT ( 'NONE', #2785 ) ;
#752 = PLANE ( 'NONE',  #2494 ) ;
#753 = DIRECTION ( 'NONE',  ( -0.000000000000000000, -0.000000000000000000, -1.000000000000000000 ) ) ;
#754 = VECTOR ( 'NONE', #1424, 39.37007874015748143 ) ;
#755 = EDGE_CURVE ( 'NONE', #2211, #5839, #99, .T. ) ;
#756 = CARTESIAN_POINT ( 'NONE',  ( -0.09653489328022740734, -0.2066929133858180778, 0.07283464566930292206 ) ) ;
#757 = LINE ( 'NONE', #700, #1865 ) ;
#758 = AXIS2_PLACEMENT_3D ( 'NONE', #667, #2115, #5964 ) ;
#759 = ORIENTED_EDGE ( 'NONE', *, *, #4695, .T. ) ;
#760 = CARTESIAN_POINT ( 'NONE',  ( 0.1161417322834645688, -0.09842519685039370636, -0.2244094488188976555 ) ) ;
#761 = CARTESIAN_POINT ( 'NONE',  ( 0.1003937007874015214, -0.09448818897637795144, -0.2834645669291338543 ) ) ;
#762 = EDGE_CURVE ( 'NONE', #1032, #5874, #3735, .T. ) ;
#763 = VECTOR ( 'NONE', #5019, 39.37007874015748143 ) ;
#764 = CIRCLE ( 'NONE', #1072, 0.02165354330708660346 ) ;
#765 = DIRECTION ( 'NONE',  ( 0.000000000000000000, -6.672013369141565217E-16, -1.000000000000000000 ) ) ;
#766 = ORIENTED_EDGE ( 'NONE', *, *, #689, .T. ) ;
#767 = ORIENTED_EDGE ( 'NONE', *, *, #4754, .T. ) ;
#768 = CARTESIAN_POINT ( 'NONE',  ( 0.07677165354330708902, 9.401815977706057626E-18, -0.2559055118110017957 ) ) ;
#769 =( BOUNDED_CURVE ( )  B_SPLINE_CURVE ( 3, ( #4237, #6167, #4266, #1843 ),
 .UNSPECIFIED., .F., .T. ) 
 B_SPLINE_CURVE_WITH_KNOTS ( ( 4, 4 ),
 ( 0.009107948249135649002, 1.000000000000000000 ),
 .UNSPECIFIED. ) 
 CURVE ( )  GEOMETRIC_REPRESENTATION_ITEM ( )  RATIONAL_B_SPLINE_CURVE ( ( 1.000000000000000000, 0.3428708289181165991, 0.3428708289181165991, 1.000000000000000000 ) ) 
 REPRESENTATION_ITEM ( '' )  );
#770 = VECTOR ( 'NONE', #2617, 39.37007874015748143 ) ;
#771 = ADVANCED_FACE ( 'NONE', ( #4265 ), #5369, .T. ) ;
#772 = DIRECTION ( 'NONE',  ( 0.7071053844514341158, 0.000000000000000000, 0.7071081779189019034 ) ) ;
#773 = ORIENTED_EDGE ( 'NONE', *, *, #6247, .F. ) ;
#774 = VECTOR ( 'NONE', #1886, 39.37007874015748143 ) ;
#775 = CARTESIAN_POINT ( 'NONE',  ( -0.06102362204724410405, -0.1259842519685039353, -0.4124015748031495399 ) ) ;
#776 = EDGE_LOOP ( 'NONE', ( #1025, #5492, #6129, #1937 ) ) ;
#777 = CARTESIAN_POINT ( 'NONE',  ( -0.09842519685039369248, -0.2066929133858267931, -0.02755905511811023931 ) ) ;
#778 = LINE ( 'NONE', #296, #987 ) ;
#779 = ADVANCED_FACE ( 'NONE', ( #5658 ), #5879, .F. ) ;
#780 = EDGE_LOOP ( 'NONE', ( #1751, #3990, #1383, #3719, #5753, #3065, #75, #4786 ) ) ;
#781 = VECTOR ( 'NONE', #2101, 39.37007874015748143 ) ;
#782 = FACE_OUTER_BOUND ( 'NONE', #5518, .T. ) ;
#783 = ORIENTED_EDGE ( 'NONE', *, *, #3769, .T. ) ;
#784 =( GEOMETRIC_REPRESENTATION_CONTEXT ( 3 ) GLOBAL_UNCERTAINTY_ASSIGNED_CONTEXT ( ( #4352 ) ) GLOBAL_UNIT_ASSIGNED_CONTEXT ( ( #940, #466, #3837 ) ) REPRESENTATION_CONTEXT ( 'NONE', 'WORKASPACE' ) );
#785 = FACE_OUTER_BOUND ( 'NONE', #1539, .T. ) ;
#786 = CARTESIAN_POINT ( 'NONE',  ( -0.08520918823212415838, -0.04521299052618359821, -0.04510775960620479891 ) ) ;
#787 = LINE ( 'NONE', #2265, #4755 ) ;
#788 = DIRECTION ( 'NONE',  ( 1.000000000000000000, 0.000000000000000000, 0.000000000000000000 ) ) ;
#789 = VERTEX_POINT ( 'NONE', #3915 ) ;
#790 = DIRECTION ( 'NONE',  ( 0.000000000000000000, -0.5615105165198469583, -0.8274696005519565079 ) ) ;
#791 = CARTESIAN_POINT ( 'NONE',  ( 0.1161417322834645688, -0.09842519685039369248, -0.3425196850393700809 ) ) ;
#792 = VECTOR ( 'NONE', #2707, 39.37007874015748854 ) ;
#793 = DIRECTION ( 'NONE',  ( 0.000000000000000000, 0.000000000000000000, 1.000000000000000000 ) ) ;
#794 = CARTESIAN_POINT ( 'NONE',  ( -0.02952352987030460590, -0.0005632475363098939656, -0.4153543307086612346 ) ) ;
#795 = VECTOR ( 'NONE', #2665, 39.37007874015748143 ) ;
#796 = EDGE_LOOP ( 'NONE', ( #1027, #3296, #804, #3322, #4412, #5849, #2862, #4398 ) ) ;
#797 = CARTESIAN_POINT ( 'NONE',  ( 0.000000000000000000, -0.1097804830027101636, -0.3194366971602820571 ) ) ;
#798 = CARTESIAN_POINT ( 'NONE',  ( 0.000000000000000000, -0.03543307086614173179, -0.3031496062992125595 ) ) ;
#799 = EDGE_CURVE ( 'NONE', #2600, #4919, #3263, .T. ) ;
#800 = CARTESIAN_POINT ( 'NONE',  ( 0.09251968503937006705, -0.2066929133858304568, -0.1523622047244094502 ) ) ;
#801 = ORIENTED_EDGE ( 'NONE', *, *, #4638, .F. ) ;
#802 = CARTESIAN_POINT ( 'NONE',  ( 0.000000000000000000, -0.2421259842519670191, -0.4035433070866141780 ) ) ;
#803 = EDGE_CURVE ( 'NONE', #1318, #3036, #5404, .T. ) ;
#804 = ORIENTED_EDGE ( 'NONE', *, *, #4877, .T. ) ;
#805 = EDGE_CURVE ( 'NONE', #5874, #1404, #2936, .T. ) ;
#806 = DIRECTION ( 'NONE',  ( 1.000000000000000000, 0.000000000000000000, 0.000000000000000000 ) ) ;
#807 = ORIENTED_EDGE ( 'NONE', *, *, #2961, .F. ) ;
#808 = CARTESIAN_POINT ( 'NONE',  ( -0.04921259842519676991, -0.2244094488188976555, -0.1525590551181102150 ) ) ;
#809 = LINE ( 'NONE', #3641, #884 ) ;
#810 = ORIENTED_EDGE ( 'NONE', *, *, #2161, .F. ) ;
#811 = DIRECTION ( 'NONE',  ( -1.000000000000000000, 0.000000000000000000, 0.000000000000000000 ) ) ;
#812 = VERTEX_POINT ( 'NONE', #4735 ) ;
#813 = EDGE_CURVE ( 'NONE', #3413, #660, #4236, .T. ) ;
#814 = EDGE_CURVE ( 'NONE', #3397, #5264, #901, .T. ) ;
#815 = FACE_OUTER_BOUND ( 'NONE', #4861, .T. ) ;
#816 = DIRECTION ( 'NONE',  ( 0.000000000000000000, 0.6265288906465776853, 0.7793981968064647159 ) ) ;
#817 = CARTESIAN_POINT ( 'NONE',  ( -8.486013481170644275E-12, -0.02952755905430074282, -0.4232283464566928832 ) ) ;
#818 = VERTEX_POINT ( 'NONE', #5816 ) ;
#819 = FACE_OUTER_BOUND ( 'NONE', #776, .T. ) ;
#820 = CARTESIAN_POINT ( 'NONE',  ( 0.000000000000000000, -0.03543307086604803591, -0.3425196850393700809 ) ) ;
#821 = ORIENTED_EDGE ( 'NONE', *, *, #872, .T. ) ;
#822 = CARTESIAN_POINT ( 'NONE',  ( -0.1617322834645669172, -0.2500000000000000000, -0.4077952755905511761 ) ) ;
#823 = CARTESIAN_POINT ( 'NONE',  ( 0.06003937007874015491, -0.2362204724409449064, -0.1574803149606299191 ) ) ;
#824 = MANIFOLD_SOLID_BREP ( 'solid-5', #1040 ) ;
#825 = VERTEX_POINT ( 'NONE', #188 ) ;
#826 = DIRECTION ( 'NONE',  ( 0.000000000000000000, 0.000000000000000000, 1.000000000000000000 ) ) ;
#827 = LINE ( 'NONE', #2243, #4966 ) ;
#828 = DIRECTION ( 'NONE',  ( 1.000000000000000000, 0.000000000000000000, -2.226070259445519978E-16 ) ) ;
#829 = ORIENTED_EDGE ( 'NONE', *, *, #1648, .F. ) ;
#830 = ORIENTED_EDGE ( 'NONE', *, *, #5330, .F. ) ;
#831 = EDGE_CURVE ( 'NONE', #160, #2011, #2497, .T. ) ;
#832 = CARTESIAN_POINT ( 'NONE',  ( 0.02951569213155959964, 0.0008447765090561838068, -0.4153543307086614012 ) ) ;
#833 = ORIENTED_EDGE ( 'NONE', *, *, #2943, .F. ) ;
#834 = DIRECTION ( 'NONE',  ( 0.000000000000000000, 0.000000000000000000, -1.000000000000000000 ) ) ;
#835 = CARTESIAN_POINT ( 'NONE',  ( -0.001145785521861921374, -0.2047588593642740984, -0.4232283464566929387 ) ) ;
#836 = VERTEX_POINT ( 'NONE', #124 ) ;
#837 = LINE ( 'NONE', #4672, #2369 ) ;
#838 = EDGE_CURVE ( 'NONE', #1644, #2562, #4563, .T. ) ;
#839 = EDGE_LOOP ( 'NONE', ( #3730, #4294, #1238, #1166 ) ) ;
#840 = VECTOR ( 'NONE', #4625, 39.37007874015748143 ) ;
#841 = CARTESIAN_POINT ( 'NONE',  ( 0.000000000000000000, 0.000000000000000000, 0.1180392947958194549 ) ) ;
#842 = PRESENTATION_STYLE_ASSIGNMENT (( #4678 ) ) ;
#843 = AXIS2_PLACEMENT_3D ( 'NONE', #3985, #4902, #4992 ) ;
#844 = DIRECTION ( 'NONE',  ( 1.000000000000000000, 0.000000000000000000, 0.000000000000000000 ) ) ;
#845 = ORIENTED_EDGE ( 'NONE', *, *, #2916, .T. ) ;
#846 = CARTESIAN_POINT ( 'NONE',  ( 0.07863800192755905638, -0.2066929133858101675, -0.1135380705653937228 ) ) ;
#847 = ADVANCED_FACE ( 'NONE', ( #1140 ), #4532, .T. ) ;
#848 = VERTEX_POINT ( 'NONE', #4921 ) ;
#849 = ADVANCED_FACE ( 'NONE', ( #3564 ), #2553, .T. ) ;
#850 = FACE_OUTER_BOUND ( 'NONE', #1789, .T. ) ;
#851 = DIRECTION ( 'NONE',  ( 0.000000000000000000, 0.000000000000000000, -1.000000000000000000 ) ) ;
#852 = ORIENTED_EDGE ( 'NONE', *, *, #5821, .T. ) ;
#853 = DIRECTION ( 'NONE',  ( 0.000000000000000000, 0.9997949457206440904, -0.02025009904801744476 ) ) ;
#854 = FILL_AREA_STYLE_COLOUR ( '', #3259 ) ;
#855 = AXIS2_PLACEMENT_3D ( 'NONE', #3087, #1764, #5006 ) ;
#856 = EDGE_CURVE ( 'NONE', #6243, #2, #3631, .T. ) ;
#857 = AXIS2_PLACEMENT_3D ( 'NONE', #4756, #5682, #2868 ) ;
#858 = LINE ( 'NONE', #478, #4377 ) ;
#859 = VERTEX_POINT ( 'NONE', #4470 ) ;
#860 =( LENGTH_UNIT ( ) NAMED_UNIT ( * ) SI_UNIT ( $, .METRE. ) );
#861 = ORIENTED_EDGE ( 'NONE', *, *, #992, .T. ) ;
#862 = AXIS2_PLACEMENT_3D ( 'NONE', #2315, #4231, #3323 ) ;
#863 = VECTOR ( 'NONE', #1674, 39.37007874015748143 ) ;
#864 = PLANE ( 'NONE',  #5419 ) ;
#865 = VECTOR ( 'NONE', #3907, 39.37007874015748143 ) ;
#866 = ORIENTED_EDGE ( 'NONE', *, *, #5872, .F. ) ;
#867 = VECTOR ( 'NONE', #2756, 39.37007874015748854 ) ;
#868 = CARTESIAN_POINT ( 'NONE',  ( -0.1555118110236219930, -0.1249999999999999861, -0.3425196850393700809 ) ) ;
#869 = DIRECTION ( 'NONE',  ( 0.000000000000000000, -1.000000000000000000, 0.000000000000000000 ) ) ;
#870 = VERTEX_POINT ( 'NONE', #3056 ) ;
#871 = ORIENTED_EDGE ( 'NONE', *, *, #2613, .F. ) ;
#872 = EDGE_CURVE ( 'NONE', #141, #677, #953, .T. ) ;
#873 = VECTOR ( 'NONE', #3657, 39.37007874015748143 ) ;
#874 = ADVANCED_FACE ( 'NONE', ( #1175 ), #4978, .T. ) ;
#875 = CARTESIAN_POINT ( 'NONE',  ( 0.1437007874015747977, -0.2165354330708593456, -0.02755905511811019420 ) ) ;
#876 = CARTESIAN_POINT ( 'NONE',  ( -0.09842519685038864097, -0.1673228346456692994, 0.09251968503937006705 ) ) ;
#877 = AXIS2_PLACEMENT_3D ( 'NONE', #5034, #4091, #2668 ) ;
#878 = DIRECTION ( 'NONE',  ( -1.000000000000000000, 0.000000000000000000, 0.000000000000000000 ) ) ;
#879 = CYLINDRICAL_SURFACE ( 'NONE', #5307, 0.02362204724409449133 ) ;
#880 = ORIENTED_EDGE ( 'NONE', *, *, #3537, .T. ) ;
#881 = CARTESIAN_POINT ( 'NONE',  ( -0.09842519685038864097, -0.1673228346456692994, 0.09251968503937006705 ) ) ;
#882 = CARTESIAN_POINT ( 'NONE',  ( -0.07873251665145346301, -0.09098104539386460410, -0.1125538233311038500 ) ) ;
#883 = VERTEX_POINT ( 'NONE', #1587 ) ;
#884 = VECTOR ( 'NONE', #5567, 39.37007874015748143 ) ;
#885 = EDGE_CURVE ( 'NONE', #5993, #3317, #4036, .T. ) ;
#886 = CARTESIAN_POINT ( 'NONE',  ( 0.1476377952755905387, -0.2421259842519684902, -0.4124015748031495399 ) ) ;
#887 = DIRECTION ( 'NONE',  ( 1.000000000000000000, 0.000000000000000000, 0.000000000000000000 ) ) ;
#888 = ORIENTED_EDGE ( 'NONE', *, *, #5708, .T. ) ;
#889 = CARTESIAN_POINT ( 'NONE',  ( -0.1476377952755905387, -0.1840551181102362266, -0.4212598425197252583 ) ) ;
#890 = CONICAL_SURFACE ( 'NONE', #1186, 39.37007874017445630, 0.7853981633976639953 ) ;
#891 = DIRECTION ( 'NONE',  ( 0.000000000000000000, 1.000000000000000000, 0.000000000000000000 ) ) ;
#892 = AXIS2_PLACEMENT_3D ( 'NONE', #5894, #5332, #2925 ) ;
#893 = EDGE_CURVE ( 'NONE', #6012, #311, #3097, .T. ) ;
#894 = DIRECTION ( 'NONE',  ( 0.000000000000000000, 1.000000000000000000, 0.000000000000000000 ) ) ;
#895 = VERTEX_POINT ( 'NONE', #4063 ) ;
#896 = CARTESIAN_POINT ( 'NONE',  ( 0.1834251968503937125, -0.09842519685039370636, -0.2220472440944881998 ) ) ;
#897 = ORIENTED_EDGE ( 'NONE', *, *, #5030, .F. ) ;
#898 = AXIS2_PLACEMENT_3D ( 'NONE', #82, #4807, #1435 ) ;
#899 = CARTESIAN_POINT ( 'NONE',  ( -0.08728529651504339515, -0.04243668191537435658, -0.02348780716527764517 ) ) ;
#900 = ORIENTED_EDGE ( 'NONE', *, *, #2866, .T. ) ;
#901 = LINE ( 'NONE', #3883, #4553 ) ;
#902 = DIRECTION ( 'NONE',  ( 0.06005536072421630706, -0.7779914203929195748, 0.6253980360085020784 ) ) ;
#903 = ORIENTED_EDGE ( 'NONE', *, *, #419, .T. ) ;
#904 = ORIENTED_EDGE ( 'NONE', *, *, #4674, .F. ) ;
#905 = ADVANCED_FACE ( 'NONE', ( #3129 ), #1677, .F. ) ;
#906 = FACE_OUTER_BOUND ( 'NONE', #4488, .T. ) ;
#907 = FACE_OUTER_BOUND ( 'NONE', #3823, .T. ) ;
#908 = CARTESIAN_POINT ( 'NONE',  ( 0.1161417322834645688, -0.1082677165354330728, 0.1023622047244094752 ) ) ;
#909 = DIRECTION ( 'NONE',  ( 0.000000000000000000, 7.228014483236698528E-16, -1.000000000000000000 ) ) ;
#910 = EDGE_CURVE ( 'NONE', #349, #2324, #5042, .T. ) ;
#911 = VERTEX_POINT ( 'NONE', #2711 ) ;
#912 = CARTESIAN_POINT ( 'NONE',  ( -0.07677165354330708902, 0.000000000000000000, -0.2559055118110017957 ) ) ;
#913 = FACE_OUTER_BOUND ( 'NONE', #3042, .T. ) ;
#914 = VERTEX_POINT ( 'NONE', #1737 ) ;
#915 = FACE_OUTER_BOUND ( 'NONE', #3940, .T. ) ;
#916 = EDGE_CURVE ( 'NONE', #1433, #5145, #4601, .T. ) ;
#917 = DIRECTION ( 'NONE',  ( 0.000000000000000000, 0.000000000000000000, 1.000000000000000000 ) ) ;
#918 = ORIENTED_EDGE ( 'NONE', *, *, #5696, .T. ) ;
#919 = LINE ( 'NONE', #3251, #4890 ) ;
#920 = VERTEX_POINT ( 'NONE', #282 ) ;
#921 = LINE ( 'NONE', #4724, #1489 ) ;
#922 = DIRECTION ( 'NONE',  ( -0.000000000000000000, -1.000000000000000000, -0.000000000000000000 ) ) ;
#923 = EDGE_CURVE ( 'NONE', #1972, #2747, #5586, .T. ) ;
#924 = CARTESIAN_POINT ( 'NONE',  ( 0.000000000000000000, -0.1948818897637795422, -0.3425196850393701364 ) ) ;
#925 = ORIENTED_EDGE ( 'NONE', *, *, #4238, .F. ) ;
#926 = DIRECTION ( 'NONE',  ( 0.000000000000000000, 0.000000000000000000, 1.000000000000000000 ) ) ;
#927 = VERTEX_POINT ( 'NONE', #4633 ) ;
#928 = EDGE_CURVE ( 'NONE', #723, #1008, #4228, .T. ) ;
#929 = EDGE_CURVE ( 'NONE', #5051, #812, #4862, .T. ) ;
#930 = CARTESIAN_POINT ( 'NONE',  ( 0.1446062992125984326, -0.2058922922764961083, -0.02755905511811023931 ) ) ;
#931 = ORIENTED_EDGE ( 'NONE', *, *, #5275, .F. ) ;
#932 = DIRECTION ( 'NONE',  ( 0.000000000000000000, 0.000000000000000000, -1.000000000000000000 ) ) ;
#933 = EDGE_LOOP ( 'NONE', ( #257, #5334, #4842, #4185 ) ) ;
#934 = ORIENTED_EDGE ( 'NONE', *, *, #5068, .F. ) ;
#935 = CARTESIAN_POINT ( 'NONE',  ( 0.07967730685127860646, -0.06654788789724409848, -0.1291338582677165336 ) ) ;
#936 = DIRECTION ( 'NONE',  ( 0.000000000000000000, 0.000000000000000000, 1.000000000000000000 ) ) ;
#937 = CARTESIAN_POINT ( 'NONE',  ( -0.1358267716535433156, -0.08267716535433072833, -0.3425196850393700809 ) ) ;
#938 = DIRECTION ( 'NONE',  ( 0.000000000000000000, 0.000000000000000000, -1.000000000000000000 ) ) ;
#939 = ORIENTED_EDGE ( 'NONE', *, *, #6140, .T. ) ;
#940 =( CONVERSION_BASED_UNIT ( 'INCH', #5258 ) LENGTH_UNIT ( ) NAMED_UNIT ( #711 ) );
#941 = CARTESIAN_POINT ( 'NONE',  ( -0.07719779690214984003, -0.09606939220001292634, -0.1285359222722118888 ) ) ;
#942 = VECTOR ( 'NONE', #4969, 39.37007874015748143 ) ;
#943 = ORIENTED_EDGE ( 'NONE', *, *, #288, .F. ) ;
#944 = EDGE_CURVE ( 'NONE', #707, #723, #1772, .T. ) ;
#945 = VECTOR ( 'NONE', #2696, 39.37007874015748143 ) ;
#946 = CARTESIAN_POINT ( 'NONE',  ( 0.1653543307086614567, -0.2559055118110236671, -0.1122047244094488139 ) ) ;
#947 = CARTESIAN_POINT ( 'NONE',  ( 0.1830708661417495553, -0.3641732283464567121, -0.2696850393700787052 ) ) ;
#948 = ORIENTED_EDGE ( 'NONE', *, *, #413, .F. ) ;
#949 = DIRECTION ( 'NONE',  ( -1.000000000000000000, 0.000000000000000000, 0.000000000000000000 ) ) ;
#950 = ORIENTED_EDGE ( 'NONE', *, *, #1152, .F. ) ;
#951 = DIRECTION ( 'NONE',  ( -0.000000000000000000, 1.000000000000000000, 0.000000000000000000 ) ) ;
#952 = CARTESIAN_POINT ( 'NONE',  ( 0.02952755905488453972, -5.076552629093618011E-12, -0.4153543307086612901 ) ) ;
#953 = CIRCLE ( 'NONE', #5988, 0.01181102362204724393 ) ;
#954 = EDGE_CURVE ( 'NONE', #3036, #1399, #2554, .T. ) ;
#955 = PLANE ( 'NONE',  #857 ) ;
#956 = AXIS2_PLACEMENT_3D ( 'NONE', #3746, #5641, #3275 ) ;
#957 = ORIENTED_EDGE ( 'NONE', *, *, #3360, .T. ) ;
#958 = PRODUCT_DEFINITION_CONTEXT ( 'detailed design', #489, 'design' ) ;
#959 = LINE ( 'NONE', #3, #6003 ) ;
#960 = ORIENTED_EDGE ( 'NONE', *, *, #910, .T. ) ;
#961 = AXIS2_PLACEMENT_3D ( 'NONE', #5904, #1932, #1520 ) ;
#962 = DIRECTION ( 'NONE',  ( 0.000000000000000000, 1.000000000000000000, 0.000000000000000000 ) ) ;
#963 = ORIENTED_EDGE ( 'NONE', *, *, #3542, .T. ) ;
#964 = EDGE_CURVE ( 'NONE', #1829, #2820, #2151, .T. ) ;
#965 = AXIS2_PLACEMENT_3D ( 'NONE', #1300, #5236, #5615 ) ;
#966 = CARTESIAN_POINT ( 'NONE',  ( -0.001968503937006580752, -0.2066929133862567269, -0.4114173228346457156 ) ) ;
#967 = ORIENTED_EDGE ( 'NONE', *, *, #2469, .F. ) ;
#968 = ORIENTED_EDGE ( 'NONE', *, *, #5511, .T. ) ;
#969 = VECTOR ( 'NONE', #4538, 39.37007874015748143 ) ;
#970 = CARTESIAN_POINT ( 'NONE',  ( -8.537024980200822558E-18, -0.2165354330708661457, -0.1338582677165354451 ) ) ;
#971 = DIRECTION ( 'NONE',  ( 1.000000000000000000, 0.000000000000000000, 0.000000000000000000 ) ) ;
#972 = EDGE_CURVE ( 'NONE', #2800, #4904, #5108, .T. ) ;
#973 = CARTESIAN_POINT ( 'NONE',  ( -0.001968503937006580752, -0.2066929133862567269, -0.4114173228346457156 ) ) ;
#974 = PLANE ( 'NONE',  #2383 ) ;
#975 = VERTEX_POINT ( 'NONE', #6156 ) ;
#976 = VECTOR ( 'NONE', #1987, 39.37007874015748143 ) ;
#977 = DIRECTION ( 'NONE',  ( -0.000000000000000000, -0.000000000000000000, -1.000000000000000000 ) ) ;
#978 = ORIENTED_EDGE ( 'NONE', *, *, #2883, .T. ) ;
#979 = AXIS2_PLACEMENT_3D ( 'NONE', #6085, #4713, #1411 ) ;
#980 = DIRECTION ( 'NONE',  ( -1.000000000000000000, -0.000000000000000000, -0.000000000000000000 ) ) ;
#981 = LINE ( 'NONE', #5296, #6004 ) ;
#982 = EDGE_LOOP ( 'NONE', ( #4324, #4278, #4056, #2123 ) ) ;
#983 = DIRECTION ( 'NONE',  ( 0.000000000000000000, -1.000000000000000000, 0.000000000000000000 ) ) ;
#984 = ORIENTED_EDGE ( 'NONE', *, *, #2980, .T. ) ;
#985 = DIRECTION ( 'NONE',  ( 0.000000000000000000, 0.000000000000000000, 1.000000000000000000 ) ) ;
#986 = LENGTH_MEASURE_WITH_UNIT ( LENGTH_MEASURE( 0.02539999999999999897 ), #5207 );
#987 = VECTOR ( 'NONE', #5151, 39.37007874015748143 ) ;
#988 = LINE ( 'NONE', #5811, #3879 ) ;
#989 = VECTOR ( 'NONE', #3169, 39.37007874015748143 ) ;
#990 = ORIENTED_EDGE ( 'NONE', *, *, #4731, .T. ) ;
#991 = CARTESIAN_POINT ( 'NONE',  ( -0.04921259842519685318, -0.2451195841659448427, -0.4160100928338583137 ) ) ;
#992 = EDGE_CURVE ( 'NONE', #112, #4576, #2213, .T. ) ;
#993 = ORIENTED_EDGE ( 'NONE', *, *, #5191, .F. ) ;
#994 = AXIS2_PLACEMENT_3D ( 'NONE', #1416, #2396, #2362 ) ;
#995 = DIRECTION ( 'NONE',  ( 0.000000000000000000, 0.000000000000000000, -1.000000000000000000 ) ) ;
#996 = VERTEX_POINT ( 'NONE', #344 ) ;
#997 = ADVANCED_FACE ( 'NONE', ( #5171 ), #313, .F. ) ;
#998 = AXIS2_PLACEMENT_3D ( 'NONE', #202, #1664, #2134 ) ;
#999 = PLANE ( 'NONE',  #5210 ) ;
#1000 = ORIENTED_EDGE ( 'NONE', *, *, #5469, .T. ) ;
#1001 = ORIENTED_EDGE ( 'NONE', *, *, #567, .T. ) ;
#1002 = EDGE_CURVE ( 'NONE', #1588, #3059, #827, .T. ) ;
#1003 = ORIENTED_EDGE ( 'NONE', *, *, #944, .F. ) ;
#1004 = CARTESIAN_POINT ( 'NONE',  ( -0.1555118110236220208, 0.005000000000000000104, -0.4047637795275590977 ) ) ;
#1005 = LINE ( 'NONE', #4952, #4783 ) ;
#1006 = FACE_OUTER_BOUND ( 'NONE', #2111, .T. ) ;
#1007 = CARTESIAN_POINT ( 'NONE',  ( 0.1161417322834645827, -0.03543307086614173179, -0.1200787401574803376 ) ) ;
#1008 = VERTEX_POINT ( 'NONE', #3691 ) ;
#1009 = DIRECTION ( 'NONE',  ( 0.000000000000000000, 0.000000000000000000, 1.000000000000000000 ) ) ;
#1010 = ORIENTED_EDGE ( 'NONE', *, *, #2393, .T. ) ;
#1011 = EDGE_CURVE ( 'NONE', #5313, #4729, #3157, .T. ) ;
#1012 = EDGE_CURVE ( 'NONE', #2437, #4729, #6095, .T. ) ;
#1013 = FACE_OUTER_BOUND ( 'NONE', #6119, .T. ) ;
#1014 = DIRECTION ( 'NONE',  ( 0.000000000000000000, 7.228014483236698528E-16, -1.000000000000000000 ) ) ;
#1015 = ORIENTED_EDGE ( 'NONE', *, *, #4653, .T. ) ;
#1016 = CARTESIAN_POINT ( 'NONE',  ( 0.000000000000000000, 0.000000000000000000, 0.1203553361036193980 ) ) ;
#1017 = ORIENTED_EDGE ( 'NONE', *, *, #5983, .T. ) ;
#1018 = CARTESIAN_POINT ( 'NONE',  ( 0.06810568461419685971, -0.03543307086614173179, -0.1200787401574803376 ) ) ;
#1019 = DIRECTION ( 'NONE',  ( 0.4893653484564642331, 0.8720788701316430913, 0.000000000000000000 ) ) ;
#1020 = LINE ( 'NONE', #577, #5901 ) ;
#1021 = ORIENTED_EDGE ( 'NONE', *, *, #1377, .T. ) ;
#1022 = UNCERTAINTY_MEASURE_WITH_UNIT (LENGTH_MEASURE( 1.000000000000000082E-05 ), #2686, 'distance_accuracy_value', 'NONE');
#1023 = LINE ( 'NONE', #123, #6106 ) ;
#1024 = SURFACE_STYLE_FILL_AREA ( #5342 ) ;
#1025 = ORIENTED_EDGE ( 'NONE', *, *, #3067, .T. ) ;
#1026 = DIRECTION ( 'NONE',  ( -0.000000000000000000, -1.000000000000000000, -0.000000000000000000 ) ) ;
#1027 = ORIENTED_EDGE ( 'NONE', *, *, #2528, .T. ) ;
#1028 = CARTESIAN_POINT ( 'NONE',  ( 0.05805530619228345401, -0.2100789149532283628, -0.3278799267025196973 ) ) ;
#1029 = VERTEX_POINT ( 'NONE', #4252 ) ;
#1030 = EDGE_CURVE ( 'NONE', #4830, #3437, #1235, .T. ) ;
#1031 = MANIFOLD_SOLID_BREP ( 'solid-2', #5265 ) ;
#1032 = VERTEX_POINT ( 'NONE', #1929 ) ;
#1033 = DIRECTION ( 'NONE',  ( 0.000000000000000000, 1.000000000000000000, 0.000000000000000000 ) ) ;
#1034 = DIRECTION ( 'NONE',  ( 0.000000000000000000, -1.000000000000000000, 1.334402673828313043E-15 ) ) ;
#1035 = ADVANCED_FACE ( 'NONE', ( #5746 ), #3378, .T. ) ;
#1036 = DIRECTION ( 'NONE',  ( 1.000000000000000000, 0.000000000000000000, 0.000000000000000000 ) ) ;
#1037 = EDGE_LOOP ( 'NONE', ( #2677, #5984, #759, #6200, #3600, #5584, #3448, #38 ) ) ;
#1038 = DIRECTION ( 'NONE',  ( 0.000000000000000000, 1.000000000000000000, 0.000000000000000000 ) ) ;
#1039 = VERTEX_POINT ( 'NONE', #3846 ) ;
#1040 = CLOSED_SHELL ( 'NONE', ( #4206, #4199, #3698, #3116, #4296, #4608, #5204, #3967, #5963, #1966, #1525, #3353, #2909, #5718, #4423, #6014, #653, #3993, #5206, #5773, #3916, #5780, #1890 ) ) ;
#1041 = DIRECTION ( 'NONE',  ( 0.000000000000000000, 0.000000000000000000, 1.000000000000000000 ) ) ;
#1042 = DIRECTION ( 'NONE',  ( -0.000000000000000000, -0.000000000000000000, -1.000000000000000000 ) ) ;
#1043 = CARTESIAN_POINT ( 'NONE',  ( 0.1555118110236219930, -0.2499999999999998890, -0.3425196850393700809 ) ) ;
#1044 = CIRCLE ( 'NONE', #3452, 0.02362204724409449133 ) ;
#1045 = EDGE_CURVE ( 'NONE', #349, #2825, #4135, .T. ) ;
#1046 = FACE_OUTER_BOUND ( 'NONE', #6136, .T. ) ;
#1047 = EDGE_LOOP ( 'NONE', ( #5507, #5127, #2513, #1183, #5870 ) ) ;
#1048 = DIRECTION ( 'NONE',  ( -0.000000000000000000, -0.000000000000000000, -1.000000000000000000 ) ) ;
#1049 = DIRECTION ( 'NONE',  ( 0.000000000000000000, 0.000000000000000000, -1.000000000000000000 ) ) ;
#1050 = VECTOR ( 'NONE', #390, 39.37007874015748143 ) ;
#1051 = DIRECTION ( 'NONE',  ( 0.000000000000000000, 0.000000000000000000, 1.000000000000000000 ) ) ;
#1052 = ORIENTED_EDGE ( 'NONE', *, *, #6174, .F. ) ;
#1053 = LINE ( 'NONE', #3941, #4985 ) ;
#1054 = EDGE_CURVE ( 'NONE', #3791, #4311, #1863, .T. ) ;
#1055 = CARTESIAN_POINT ( 'NONE',  ( 0.06003937007874016185, -0.2165354330708544883, -0.3425196850393700809 ) ) ;
#1056 = VECTOR ( 'NONE', #1643, 39.37007874015748143 ) ;
#1057 = ADVANCED_FACE ( 'NONE', ( #5561 ), #3664, .T. ) ;
#1058 = VERTEX_POINT ( 'NONE', #1277 ) ;
#1059 = VECTOR ( 'NONE', #1920, 39.37007874015748143 ) ;
#1060 = FACE_OUTER_BOUND ( 'NONE', #796, .T. ) ;
#1061 = VERTEX_POINT ( 'NONE', #1900 ) ;
#1062 = FACE_OUTER_BOUND ( 'NONE', #1127, .T. ) ;
#1063 = EDGE_LOOP ( 'NONE', ( #904, #3044, #1176, #2072, #3501, #5673, #3737, #2440 ) ) ;
#1064 = AXIS2_PLACEMENT_3D ( 'NONE', #4657, #339, #1800 ) ;
#1065 = CYLINDRICAL_SURFACE ( 'NONE', #699, 0.02559055118110236532 ) ;
#1066 = DIRECTION ( 'NONE',  ( 0.000000000000000000, 0.000000000000000000, -1.000000000000000000 ) ) ;
#1067 = DIRECTION ( 'NONE',  ( 1.000000000000000000, 0.000000000000000000, 0.000000000000000000 ) ) ;
#1068 = ORIENTED_EDGE ( 'NONE', *, *, #291, .T. ) ;
#1069 = DIRECTION ( 'NONE',  ( -0.7071067811865479058, 0.7071067811865472397, 0.000000000000000000 ) ) ;
#1070 = EDGE_LOOP ( 'NONE', ( #1692, #1214, #3959, #5954 ) ) ;
#1071 = VECTOR ( 'NONE', #1275, 39.37007874015748143 ) ;
#1072 = AXIS2_PLACEMENT_3D ( 'NONE', #5463, #4331, #640 ) ;
#1073 = CARTESIAN_POINT ( 'NONE',  ( 0.05314960629921259422, -0.05539861133649604669, -0.4153543307086005054 ) ) ;
#1074 = CARTESIAN_POINT ( 'NONE',  ( 0.02559055118110236532, -3.133938659235353184E-18, -7.785766781943149877E-15 ) ) ;
#1075 = AXIS2_PLACEMENT_3D ( 'NONE', #5679, #5743, #2399 ) ;
#1076 = DIRECTION ( 'NONE',  ( -0.000000000000000000, -1.000000000000000000, -0.000000000000000000 ) ) ;
#1077 = DIRECTION ( 'NONE',  ( 0.000000000000000000, 1.000000000000000000, 0.000000000000000000 ) ) ;
#1078 = ORIENTED_EDGE ( 'NONE', *, *, #152, .F. ) ;
#1079 = LINE ( 'NONE', #4850, #744 ) ;
#1080 = CIRCLE ( 'NONE', #1479, 0.02755905511811023931 ) ;
#1081 = EDGE_CURVE ( 'NONE', #3410, #5251, #4753, .T. ) ;
#1082 = CARTESIAN_POINT ( 'NONE',  ( -0.09103905464666911529, -0.05431069983293933950, 0.01560267426486234080 ) ) ;
#1083 = VERTEX_POINT ( 'NONE', #1242 ) ;
#1084 = CARTESIAN_POINT ( 'NONE',  ( 0.000000000000000000, 0.000000000000000000, -0.4153543307086001724 ) ) ;
#1085 = AXIS2_PLACEMENT_3D ( 'NONE', #4016, #5975, #1149 ) ;
#1086 = DIRECTION ( 'NONE',  ( -1.000000000000000000, -0.000000000000000000, -0.000000000000000000 ) ) ;
#1087 = ORIENTED_EDGE ( 'NONE', *, *, #3063, .F. ) ;
#1088 = EDGE_CURVE ( 'NONE', #4834, #4138, #3504, .T. ) ;
#1089 = AXIS2_PLACEMENT_3D ( 'NONE', #5363, #4287, #2337 ) ;
#1090 = FACE_OUTER_BOUND ( 'NONE', #5598, .T. ) ;
#1091 = VERTEX_POINT ( 'NONE', #438 ) ;
#1092 = CARTESIAN_POINT ( 'NONE',  ( -0.1377952755905511584, -0.1948818897637566439, -0.3425196850393700809 ) ) ;
#1093 = ORIENTED_EDGE ( 'NONE', *, *, #856, .F. ) ;
#1094 = VECTOR ( 'NONE', #2059, 39.37007874015748143 ) ;
#1095 = AXIS2_PLACEMENT_3D ( 'NONE', #301, #3676, #6170 ) ;
#1096 = ORIENTED_EDGE ( 'NONE', *, *, #6080, .T. ) ;
#1097 = DIRECTION ( 'NONE',  ( 0.000000000000000000, 0.000000000000000000, 1.000000000000000000 ) ) ;
#1098 = DIRECTION ( 'NONE',  ( 1.000000000000000000, 0.000000000000000000, 0.000000000000000000 ) ) ;
#1099 = LINE ( 'NONE', #685, #4395 ) ;
#1100 = ORIENTED_EDGE ( 'NONE', *, *, #582, .T. ) ;
#1101 = LINE ( 'NONE', #3838, #2361 ) ;
#1102 = ORIENTED_EDGE ( 'NONE', *, *, #893, .F. ) ;
#1103 =( BOUNDED_CURVE ( )  B_SPLINE_CURVE ( 3, ( #4542, #196, #1625, #5949 ),
 .UNSPECIFIED., .F., .F. ) 
 B_SPLINE_CURVE_WITH_KNOTS ( ( 4, 4 ),
 ( 0.9745861903521185754, 2.464501033898559346 ),
 .UNSPECIFIED. ) 
 CURVE ( )  GEOMETRIC_REPRESENTATION_ITEM ( )  RATIONAL_B_SPLINE_CURVE ( ( 1.000000000000000000, 0.8234111790350038262, 0.8234111790350038262, 1.000000000000000000 ) ) 
 REPRESENTATION_ITEM ( '' )  );
#1104 = DIRECTION ( 'NONE',  ( -1.000000000000000000, 0.000000000000000000, 0.000000000000000000 ) ) ;
#1105 = CARTESIAN_POINT ( 'NONE',  ( 0.09962461225858335045, -0.1673228346456692994, 0.04330708661417323468 ) ) ;
#1106 = DIRECTION ( 'NONE',  ( 0.000000000000000000, 1.000000000000000000, 0.000000000000000000 ) ) ;
#1107 = DIRECTION ( 'NONE',  ( -1.000000000000000000, 0.000000000000000000, 0.000000000000000000 ) ) ;
#1108 = ORIENTED_EDGE ( 'NONE', *, *, #242, .F. ) ;
#1109 = CYLINDRICAL_SURFACE ( 'NONE', #4973, 0.07677165354330708902 ) ;
#1110 = EDGE_CURVE ( 'NONE', #5884, #6112, #2716, .T. ) ;
#1111 = DIRECTION ( 'NONE',  ( -0.7071067811865472397, 0.7071067811865479058, 0.000000000000000000 ) ) ;
#1112 = ORIENTED_EDGE ( 'NONE', *, *, #3078, .T. ) ;
#1113 = DIRECTION ( 'NONE',  ( -1.000000000000000000, 0.000000000000000000, 0.000000000000000000 ) ) ;
#1114 = DIRECTION ( 'NONE',  ( 0.000000000000000000, 1.000000000000000000, 0.000000000000000000 ) ) ;
#1115 = EDGE_CURVE ( 'NONE', #5564, #2381, #4106, .T. ) ;
#1116 = ORIENTED_EDGE ( 'NONE', *, *, #5365, .T. ) ;
#1117 = CARTESIAN_POINT ( 'NONE',  ( 0.04921259842519685318, -0.2058922922764961083, -0.1525629921259842592 ) ) ;
#1118 = ORIENTED_EDGE ( 'NONE', *, *, #4, .T. ) ;
#1119 = LINE ( 'NONE', #4166, #4575 ) ;
#1120 = EDGE_CURVE ( 'NONE', #4913, #3672, #2864, .T. ) ;
#1121 = ADVANCED_FACE ( 'NONE', ( #2368 ), #5594, .F. ) ;
#1122 = ORIENTED_EDGE ( 'NONE', *, *, #341, .T. ) ;
#1123 = DIRECTION ( 'NONE',  ( -1.000000000000000000, 0.000000000000000000, 0.000000000000000000 ) ) ;
#1124 = CARTESIAN_POINT ( 'NONE',  ( 0.000000000000000000, -0.2244094488188976555, -0.1702755905511810774 ) ) ;
#1125 = DIRECTION ( 'NONE',  ( 2.687289365973184375E-14, -1.000000000000000000, 3.037006056311375647E-14 ) ) ;
#1126 = ADVANCED_FACE ( 'NONE', ( #317 ), #4319, .F. ) ;
#1127 = EDGE_LOOP ( 'NONE', ( #1490, #2974, #1001, #1118, #2127, #1450, #4048, #189, #5715, #1310 ) ) ;
#1128 = FACE_BOUND ( 'NONE', #2530, .T. ) ;
#1129 = VERTEX_POINT ( 'NONE', #2835 ) ;
#1130 = LINE ( 'NONE', #3080, #5016 ) ;
#1131 = DIRECTION ( 'NONE',  ( 1.000000000000000000, 0.000000000000000000, -0.000000000000000000 ) ) ;
#1132 = CARTESIAN_POINT ( 'NONE',  ( 0.000000000000000000, -0.3641732283464567121, -0.1604330708661496352 ) ) ;
#1133 = DIRECTION ( 'NONE',  ( -0.000000000000000000, -1.000000000000000000, -0.000000000000000000 ) ) ;
#1134 = ORIENTED_EDGE ( 'NONE', *, *, #885, .F. ) ;
#1135 = CARTESIAN_POINT ( 'NONE',  ( -0.09842519685039370636, -0.2165354330708593456, -0.02362204724409449133 ) ) ;
#1136 = AXIS2_PLACEMENT_3D ( 'NONE', #2544, #1542, #5896 ) ;
#1137 = DIRECTION ( 'NONE',  ( -0.000000000000000000, -1.000000000000000000, -0.000000000000000000 ) ) ;
#1138 = ORIENTED_EDGE ( 'NONE', *, *, #5521, .T. ) ;
#1139 = CARTESIAN_POINT ( 'NONE',  ( 0.1161417322834645549, -0.1948818897637795144, -0.02755905511811022890 ) ) ;
#1140 = FACE_OUTER_BOUND ( 'NONE', #4433, .T. ) ;
#1141 = EDGE_CURVE ( 'NONE', #446, #3665, #2258, .T. ) ;
#1142 = EDGE_LOOP ( 'NONE', ( #1000, #2816, #1965, #3142 ) ) ;
#1143 = AXIS2_PLACEMENT_3D ( 'NONE', #1943, #3861, #3833 ) ;
#1144 = EDGE_CURVE ( 'NONE', #5776, #5624, #5428, .T. ) ;
#1145 = CARTESIAN_POINT ( 'NONE',  ( 0.000000000000000000, -0.2401574803149551240, -0.1574803149606299191 ) ) ;
#1146 = ORIENTED_EDGE ( 'NONE', *, *, #5570, .T. ) ;
#1147 = VECTOR ( 'NONE', #4932, 39.37007874015748143 ) ;
#1148 = DIRECTION ( 'NONE',  ( 1.000000000000000000, 0.000000000000000000, 0.000000000000000000 ) ) ;
#1149 = DIRECTION ( 'NONE',  ( -6.406481833957925992E-31, 1.000000000000000000, -1.175402165395908673E-14 ) ) ;
#1150 = ORIENTED_EDGE ( 'NONE', *, *, #3569, .T. ) ;
#1151 = VECTOR ( 'NONE', #2278, 39.37007874015748143 ) ;
#1152 = EDGE_CURVE ( 'NONE', #2131, #4050, #1079, .T. ) ;
#1153 = ORIENTED_EDGE ( 'NONE', *, *, #5471, .T. ) ;
#1154 = DIRECTION ( 'NONE',  ( -0.000000000000000000, -1.000000000000000000, -0.000000000000000000 ) ) ;
#1155 = AXIS2_PLACEMENT_3D ( 'NONE', #4277, #6242, #5232 ) ;
#1156 = DIRECTION ( 'NONE',  ( 0.000000000000000000, -1.000000000000000000, 8.673617379884035472E-16 ) ) ;
#1157 = ORIENTED_EDGE ( 'NONE', *, *, #1144, .F. ) ;
#1158 = CARTESIAN_POINT ( 'NONE',  ( 0.000000000000000000, 0.000000000000000000, -0.4035433070866140670 ) ) ;
#1159 = ORIENTED_EDGE ( 'NONE', *, *, #5471, .F. ) ;
#1160 = EDGE_CURVE ( 'NONE', #6193, #911, #5338, .T. ) ;
#1161 =( BOUNDED_CURVE ( )  B_SPLINE_CURVE ( 3, ( #709, #1684, #3035, #4954 ),
 .UNSPECIFIED., .F., .T. ) 
 B_SPLINE_CURVE_WITH_KNOTS ( ( 4, 4 ),
 ( 0.000000000000000000, 0.6770916196914086305 ),
 .UNSPECIFIED. ) 
 CURVE ( )  GEOMETRIC_REPRESENTATION_ITEM ( )  RATIONAL_B_SPLINE_CURVE ( ( 1.000000000000000000, 0.9621590814643621314, 0.9621590814643621314, 1.000000000000000000 ) ) 
 REPRESENTATION_ITEM ( '' )  );
#1162 = CARTESIAN_POINT ( 'NONE',  ( 0.1653543307086611791, 0.1653543307086549619, 0.1299212598425196763 ) ) ;
#1163 = CARTESIAN_POINT ( 'NONE',  ( 0.1003937007874015630, -0.08858267716535432601, -0.2244094488188976555 ) ) ;
#1164 = DIRECTION ( 'NONE',  ( 0.000000000000000000, 1.000000000000000000, 0.000000000000000000 ) ) ;
#1165 = DIRECTION ( 'NONE',  ( 0.000000000000000000, 1.000000000000000000, 0.000000000000000000 ) ) ;
#1166 = ORIENTED_EDGE ( 'NONE', *, *, #1776, .T. ) ;
#1167 = CARTESIAN_POINT ( 'NONE',  ( 0.04921259842519685318, -0.3641732283464181874, -0.4094488188976377896 ) ) ;
#1168 = DIRECTION ( 'NONE',  ( -1.000000000000000000, 0.000000000000000000, 0.000000000000000000 ) ) ;
#1169 = CIRCLE ( 'NONE', #4675, 0.02362204724409448092 ) ;
#1170 = STYLED_ITEM ( 'NONE', ( #5560 ), #3091 ) ;
#1171 = VECTOR ( 'NONE', #1409, 39.37007874015748143 ) ;
#1172 = LINE ( 'NONE', #727, #5397 ) ;
#1173 = VERTEX_POINT ( 'NONE', #5453 ) ;
#1174 = CARTESIAN_POINT ( 'NONE',  ( 0.07774971409796657684, -0.09595298097125991299, -0.1227884265259376190 ) ) ;
#1175 = FACE_OUTER_BOUND ( 'NONE', #3567, .T. ) ;
#1176 = ORIENTED_EDGE ( 'NONE', *, *, #4038, .F. ) ;
#1177 = VECTOR ( 'NONE', #3517, 39.37007874015748143 ) ;
#1178 = LINE ( 'NONE', #2682, #3470 ) ;
#1179 = CIRCLE ( 'NONE', #5097, 0.08858232721500805540 ) ;
#1180 = ORIENTED_EDGE ( 'NONE', *, *, #4150, .T. ) ;
#1181 = LINE ( 'NONE', #3102, #763 ) ;
#1182 = CARTESIAN_POINT ( 'NONE',  ( 0.07719779690214428891, -0.09606939220000786095, -0.1285359222722697314 ) ) ;
#1183 = ORIENTED_EDGE ( 'NONE', *, *, #5888, .F. ) ;
#1184 = ADVANCED_FACE ( 'NONE', ( #2490 ), #5841, .F. ) ;
#1185 = ORIENTED_EDGE ( 'NONE', *, *, #2526, .T. ) ;
#1186 = AXIS2_PLACEMENT_3D ( 'NONE', #334, #2671, #4187 ) ;
#1187 = CARTESIAN_POINT ( 'NONE',  ( -2.294325463428971024E-17, -0.2047244094488186450, -0.4035433070866141780 ) ) ;
#1188 = CARTESIAN_POINT ( 'NONE',  ( 0.000000000000000000, 0.000000000000000000, -0.3503933938777271662 ) ) ;
#1189 = ORIENTED_EDGE ( 'NONE', *, *, #5850, .T. ) ;
#1190 = LINE ( 'NONE', #1250, #2166 ) ;
#1191 = EDGE_CURVE ( 'NONE', #2335, #527, #3910, .T. ) ;
#1192 = ORIENTED_EDGE ( 'NONE', *, *, #4731, .F. ) ;
#1193 = VECTOR ( 'NONE', #5942, 39.37007874015748143 ) ;
#1194 = SPHERICAL_SURFACE ( 'NONE', #5329, 0.01181102362204724913 ) ;
#1195 = DIRECTION ( 'NONE',  ( 1.000000000000000000, 0.000000000000000000, 0.000000000000000000 ) ) ;
#1196 = DIRECTION ( 'NONE',  ( 1.000000000000000000, 0.000000000000000000, 0.000000000000000000 ) ) ;
#1197 = FACE_OUTER_BOUND ( 'NONE', #4024, .T. ) ;
#1198 = CIRCLE ( 'NONE', #998, 0.01181102362204724046 ) ;
#1199 = ORIENTED_EDGE ( 'NONE', *, *, #1931, .T. ) ;
#1200 = CARTESIAN_POINT ( 'NONE',  ( -0.1447244094488188970, -0.2058922922764961083, -0.3425196850393700809 ) ) ;
#1201 = CYLINDRICAL_SURFACE ( 'NONE', #1658, 0.03937007874015747977 ) ;
#1202 = EDGE_CURVE ( 'NONE', #1432, #5028, #4408, .T. ) ;
#1203 = ADVANCED_FACE ( 'NONE', ( #2931 ), #509, .F. ) ;
#1204 = AXIS2_PLACEMENT_3D ( 'NONE', #1976, #3895, #4931 ) ;
#1205 = DIRECTION ( 'NONE',  ( 0.000000000000000000, 0.000000000000000000, -1.000000000000000000 ) ) ;
#1206 = EDGE_LOOP ( 'NONE', ( #2028, #3027, #5524, #1818 ) ) ;
#1207 = FACE_OUTER_BOUND ( 'NONE', #4009, .T. ) ;
#1208 = DIRECTION ( 'NONE',  ( 1.000000000000000000, 0.000000000000000000, 0.000000000000000000 ) ) ;
#1209 = FACE_OUTER_BOUND ( 'NONE', #293, .T. ) ;
#1210 = ORIENTED_EDGE ( 'NONE', *, *, #1202, .F. ) ;
#1211 = DIRECTION ( 'NONE',  ( -0.000000000000000000, -1.000000000000000000, -0.000000000000000000 ) ) ;
#1212 = LINE ( 'NONE', #3133, #477 ) ;
#1213 = ORIENTED_EDGE ( 'NONE', *, *, #3725, .T. ) ;
#1214 = ORIENTED_EDGE ( 'NONE', *, *, #2541, .T. ) ;
#1215 = LINE ( 'NONE', #3038, #5229 ) ;
#1216 = CARTESIAN_POINT ( 'NONE',  ( -8.537024980200822558E-18, -0.2165354330708661457, -0.02755905511811022543 ) ) ;
#1217 = DIRECTION ( 'NONE',  ( 1.000000000000000000, 0.000000000000000000, 0.000000000000000000 ) ) ;
#1218 = EDGE_LOOP ( 'NONE', ( #1508, #3596, #1853, #5736 ) ) ;
#1219 = DIRECTION ( 'NONE',  ( -1.000000000000000000, 0.000000000000000000, 0.000000000000000000 ) ) ;
#1220 = VERTEX_POINT ( 'NONE', #3876 ) ;
#1221 = EDGE_CURVE ( 'NONE', #5373, #3386, #5808, .T. ) ;
#1222 = EDGE_CURVE ( 'NONE', #4833, #1425, #2902, .T. ) ;
#1223 = FACE_BOUND ( 'NONE', #4802, .T. ) ;
#1224 = CARTESIAN_POINT ( 'NONE',  ( 0.000000000000000000, -0.1948818897637795422, -0.3425196850393701364 ) ) ;
#1225 = DIRECTION ( 'NONE',  ( 0.000000000000000000, -1.000000000000000000, 0.000000000000000000 ) ) ;
#1226 = CARTESIAN_POINT ( 'NONE',  ( -0.1161417322834645549, -0.03543307086614172485, 0.1023622047244094752 ) ) ;
#1227 = EDGE_LOOP ( 'NONE', ( #1413, #4204, #5026, #3174 ) ) ;
#1228 = CARTESIAN_POINT ( 'NONE',  ( -0.06141732283464567538, -0.1985826771653543266, -0.3455511811023622148 ) ) ;
#1229 = DIRECTION ( 'NONE',  ( 0.000000000000000000, -4.336808689942017736E-16, -1.000000000000000000 ) ) ;
#1230 = EDGE_CURVE ( 'NONE', #4471, #2224, #61, .T. ) ;
#1231 = DIRECTION ( 'NONE',  ( -1.000000000000000000, 0.000000000000000000, 0.000000000000000000 ) ) ;
#1232 = DIRECTION ( 'NONE',  ( 1.000000000000000000, 0.000000000000000000, 0.000000000000000000 ) ) ;
#1233 = ORIENTED_EDGE ( 'NONE', *, *, #5387, .T. ) ;
#1234 = LINE ( 'NONE', #4531, #1980 ) ;
#1235 = LINE ( 'NONE', #761, #5580 ) ;
#1236 = EDGE_CURVE ( 'NONE', #677, #5018, #3662, .T. ) ;
#1237 = CARTESIAN_POINT ( 'NONE',  ( 0.000000000000000000, 0.02559055118110236532, -0.2677165354330709457 ) ) ;
#1238 = ORIENTED_EDGE ( 'NONE', *, *, #6051, .T. ) ;
#1239 = ORIENTED_EDGE ( 'NONE', *, *, #3802, .T. ) ;
#1240 = SURFACE_STYLE_USAGE ( .BOTH. , #1620 ) ;
#1241 = AXIS2_PLACEMENT_3D ( 'NONE', #3402, #1821, #4332 ) ;
#1242 = CARTESIAN_POINT ( 'NONE',  ( -0.07719779690214984003, -0.09606939220001292634, -0.1285359222722118888 ) ) ;
#1243 = ORIENTED_EDGE ( 'NONE', *, *, #2653, .F. ) ;
#1244 = AXIS2_PLACEMENT_3D ( 'NONE', #2291, #4212, #1342 ) ;
#1245 = LINE ( 'NONE', #4702, #989 ) ;
#1246 = ORIENTED_EDGE ( 'NONE', *, *, #4795, .F. ) ;
#1247 = CARTESIAN_POINT ( 'NONE',  ( 0.08520918823211127979, -0.04521299052624228737, -0.04510775960629337389 ) ) ;
#1248 = CARTESIAN_POINT ( 'NONE',  ( -0.001968503937008479841, -0.2066929133538057961, -0.4232283464566929387 ) ) ;
#1249 = ORIENTED_EDGE ( 'NONE', *, *, #2238, .F. ) ;
#1250 = CARTESIAN_POINT ( 'NONE',  ( -0.1771653543307086798, -0.03937007874015747977, 0.1181102362204724116 ) ) ;
#1251 = VECTOR ( 'NONE', #1861, 39.37007874015748143 ) ;
#1252 = VERTEX_POINT ( 'NONE', #2520 ) ;
#1253 = AXIS2_PLACEMENT_3D ( 'NONE', #5196, #2762, #4684 ) ;
#1254 = CARTESIAN_POINT ( 'NONE',  ( -2.173789361150680609E-17, -0.2165354330708665342, -0.4035433070866141780 ) ) ;
#1255 = CARTESIAN_POINT ( 'NONE',  ( 0.000000000000000000, 1.024442997622615895E-17, -0.2440944881889939300 ) ) ;
#1256 = FACE_OUTER_BOUND ( 'NONE', #3181, .T. ) ;
#1257 = DIRECTION ( 'NONE',  ( 1.000000000000000000, 0.000000000000000000, 0.000000000000000000 ) ) ;
#1258 = EDGE_CURVE ( 'NONE', #4165, #5313, #2752, .T. ) ;
#1259 = VERTEX_POINT ( 'NONE', #95 ) ;
#1260 = PLANE ( 'NONE',  #5178 ) ;
#1261 = CIRCLE ( 'NONE', #4881, 0.01968503937007930540 ) ;
#1262 = CARTESIAN_POINT ( 'NONE',  ( -0.05905511811023622659, -0.2500000000000000000, -0.1909448818897638012 ) ) ;
#1263 = EDGE_CURVE ( 'NONE', #1029, #870, #31, .T. ) ;
#1264 = CARTESIAN_POINT ( 'NONE',  ( 0.1889763779527558474, -0.3641732283464567677, -0.3425196850393700809 ) ) ;
#1265 = VECTOR ( 'NONE', #2334, 39.37007874015748143 ) ;
#1266 = ORIENTED_EDGE ( 'NONE', *, *, #831, .T. ) ;
#1267 = LINE ( 'NONE', #5999, #4289 ) ;
#1268 = CARTESIAN_POINT ( 'NONE',  ( 0.07086614173228347746, -0.2066929133858341205, -0.1523622047244094502 ) ) ;
#1269 = ADVANCED_FACE ( 'NONE', ( #3503 ), #2548, .T. ) ;
#1270 = PRESENTATION_LAYER_ASSIGNMENT (  '', '', ( #564 ) ) ;
#1271 = AXIS2_PLACEMENT_3D ( 'NONE', #1915, #3541, #675 ) ;
#1272 = CARTESIAN_POINT ( 'NONE',  ( 0.1437007874015747977, -0.2066929133858267931, -0.1811023622047244486 ) ) ;
#1273 = ORIENTED_EDGE ( 'NONE', *, *, #6174, .T. ) ;
#1274 = ORIENTED_EDGE ( 'NONE', *, *, #5109, .T. ) ;
#1275 = DIRECTION ( 'NONE',  ( -1.000000000000000000, -0.000000000000000000, -0.000000000000000000 ) ) ;
#1276 = CIRCLE ( 'NONE', #2474, 0.02559055118110236532 ) ;
#1277 = CARTESIAN_POINT ( 'NONE',  ( 3.133938659235356265E-18, -0.02559055118110242083, -0.3425196850393675829 ) ) ;
#1278 = VERTEX_POINT ( 'NONE', #1546 ) ;
#1279 = ADVANCED_FACE ( 'NONE', ( #3467 ), #1109, .F. ) ;
#1280 = EDGE_CURVE ( 'NONE', #3665, #446, #1962, .T. ) ;
#1281 = CIRCLE ( 'NONE', #4588, 0.07677165354330708902 ) ;
#1282 = CARTESIAN_POINT ( 'NONE',  ( 0.02066929133858269943, -0.08267716535433072833, -0.2440944881889763884 ) ) ;
#1283 = EDGE_LOOP ( 'NONE', ( #416, #4654, #5456, #3709 ) ) ;
#1284 = DIRECTION ( 'NONE',  ( 0.000000000000000000, 1.000000000000000000, 0.000000000000000000 ) ) ;
#1285 = DIRECTION ( 'NONE',  ( 1.000000000000000000, 0.000000000000000000, 0.000000000000000000 ) ) ;
#1286 = ORIENTED_EDGE ( 'NONE', *, *, #1012, .F. ) ;
#1287 = CIRCLE ( 'NONE', #5612, 0.02559055118110236879 ) ;
#1288 = CARTESIAN_POINT ( 'NONE',  ( 0.09842519685038969568, -0.1673228346456692994, 0.09251968503937006705 ) ) ;
#1289 = ORIENTED_EDGE ( 'NONE', *, *, #1607, .F. ) ;
#1290 = LINE ( 'NONE', #4241, #1902 ) ;
#1291 = DIRECTION ( 'NONE',  ( 0.000000000000000000, 4.336808689942017736E-16, 1.000000000000000000 ) ) ;
#1292 = CARTESIAN_POINT ( 'NONE',  ( -0.1653543307086611514, -0.2440944881889764162, 0.1181102362204724532 ) ) ;
#1293 = CARTESIAN_POINT ( 'NONE',  ( 0.000000000000000000, -0.2559055118110012961, -0.3425196850393700809 ) ) ;
#1294 = ORIENTED_EDGE ( 'NONE', *, *, #1656, .F. ) ;
#1295 = CARTESIAN_POINT ( 'NONE',  ( -0.01771653543307082079, -1.707404996040165744E-17, -0.4114173228346462152 ) ) ;
#1296 = LINE ( 'NONE', #6212, #4666 ) ;
#1297 = ORIENTED_EDGE ( 'NONE', *, *, #4948, .F. ) ;
#1298 = VECTOR ( 'NONE', #4747, 39.37007874015748143 ) ;
#1299 = PLANE ( 'NONE',  #2097 ) ;
#1300 = CARTESIAN_POINT ( 'NONE',  ( 0.1830708661417495553, -0.3641732283464567121, -0.2933070866141732624 ) ) ;
#1301 = ORIENTED_EDGE ( 'NONE', *, *, #929, .T. ) ;
#1302 = CYLINDRICAL_SURFACE ( 'NONE', #2674, 0.04527559055118110520 ) ;
#1303 = DIRECTION ( 'NONE',  ( 1.000000000000000000, 0.000000000000000000, 0.000000000000000000 ) ) ;
#1304 = ADVANCED_FACE ( 'NONE', ( #4094 ), #2207, .F. ) ;
#1305 = AXIS2_PLACEMENT_3D ( 'NONE', #261, #3984, #4578 ) ;
#1306 = DIRECTION ( 'NONE',  ( -1.000000000000000000, 0.000000000000000000, 0.000000000000000000 ) ) ;
#1307 = EDGE_CURVE ( 'NONE', #318, #5704, #1361, .T. ) ;
#1308 = ORIENTED_EDGE ( 'NONE', *, *, #4150, .F. ) ;
#1309 = DIRECTION ( 'NONE',  ( 0.000000000000000000, 1.000000000000000000, 0.000000000000000000 ) ) ;
#1310 = ORIENTED_EDGE ( 'NONE', *, *, #2485, .T. ) ;
#1311 = VERTEX_POINT ( 'NONE', #182 ) ;
#1312 = EDGE_CURVE ( 'NONE', #4129, #4345, #4573, .T. ) ;
#1313 = ADVANCED_FACE ( 'NONE', ( #1704 ), #1201, .T. ) ;
#1314 = LINE ( 'NONE', #5150, #3957 ) ;
#1315 = LINE ( 'NONE', #3233, #3795 ) ;
#1316 = ORIENTED_EDGE ( 'NONE', *, *, #3919, .T. ) ;
#1317 = PLANE ( 'NONE',  #3278 ) ;
#1318 = VERTEX_POINT ( 'NONE', #2706 ) ;
#1319 = FACE_OUTER_BOUND ( 'NONE', #4226, .T. ) ;
#1320 = DIRECTION ( 'NONE',  ( 0.000000000000000000, 0.000000000000000000, 1.000000000000000000 ) ) ;
#1321 = CARTESIAN_POINT ( 'NONE',  ( -0.05905511811023622659, -0.2244094488188976555, -0.1909448818897638289 ) ) ;
#1322 = ADVANCED_FACE ( 'NONE', ( #2139 ), #5994, .T. ) ;
#1323 = DIRECTION ( 'NONE',  ( 1.000000000000000000, 0.000000000000000000, 0.000000000000000000 ) ) ;
#1324 = EDGE_LOOP ( 'NONE', ( #4018, #623, #3395, #1986 ) ) ;
#1325 = DIRECTION ( 'NONE',  ( 1.000000000000000000, 0.000000000000000000, 0.000000000000000000 ) ) ;
#1326 = FACE_OUTER_BOUND ( 'NONE', #2880, .T. ) ;
#1327 = EDGE_LOOP ( 'NONE', ( #2283, #48, #1087, #5916 ) ) ;
#1328 = CARTESIAN_POINT ( 'NONE',  ( 0.04330708661417322081, 0.06339071727598424855, -0.4094488188976377896 ) ) ;
#1329 = CARTESIAN_POINT ( 'NONE',  ( 0.1161417322834645688, -0.1082677165354330451, -0.02755905511811022543 ) ) ;
#1330 = ORIENTED_EDGE ( 'NONE', *, *, #4446, .T. ) ;
#1331 = CARTESIAN_POINT ( 'NONE',  ( 0.09213152330241322630, -0.08267716535433072833, -0.01968503937007873988 ) ) ;
#1332 = DIRECTION ( 'NONE',  ( -1.000000000000000000, 0.000000000000000000, 0.000000000000000000 ) ) ;
#1333 = CARTESIAN_POINT ( 'NONE',  ( -0.1617322834645669172, -0.2581127978996456407, -0.3425196850393700809 ) ) ;
#1334 = ORIENTED_EDGE ( 'NONE', *, *, #4622, .T. ) ;
#1335 = PLANE ( 'NONE',  #862 ) ;
#1336 = ADVANCED_FACE ( 'NONE', ( #2237 ), #1636, .T. ) ;
#1337 = ORIENTED_EDGE ( 'NONE', *, *, #1766, .T. ) ;
#1338 = LINE ( 'NONE', #6105, #3200 ) ;
#1339 = ORIENTED_EDGE ( 'NONE', *, *, #2772, .T. ) ;
#1340 = CIRCLE ( 'NONE', #429, 0.04921259842519685318 ) ;
#1341 = EDGE_CURVE ( 'NONE', #5145, #2216, #3150, .T. ) ;
#1342 = DIRECTION ( 'NONE',  ( 1.000000000000000000, 0.000000000000000000, 0.000000000000000000 ) ) ;
#1343 = DIRECTION ( 'NONE',  ( 1.000000000000000000, 0.000000000000000000, 0.000000000000000000 ) ) ;
#1344 = ORIENTED_EDGE ( 'NONE', *, *, #4719, .T. ) ;
#1345 = VERTEX_POINT ( 'NONE', #307 ) ;
#1346 = VECTOR ( 'NONE', #1814, 39.37007874015748143 ) ;
#1347 = EDGE_CURVE ( 'NONE', #3413, #505, #3594, .T. ) ;
#1348 = LINE ( 'NONE', #3427, #88 ) ;
#1349 = CARTESIAN_POINT ( 'NONE',  ( 0.000000000000000000, 0.000000000000000000, -0.2677165354330763303 ) ) ;
#1350 = AXIS2_PLACEMENT_3D ( 'NONE', #610, #4947, #4100 ) ;
#1351 = CARTESIAN_POINT ( 'NONE',  ( 0.000000000000000000, 0.000000000000000000, -0.2559055118110017957 ) ) ;
#1352 = ORIENTED_EDGE ( 'NONE', *, *, #1974, .F. ) ;
#1353 = DIRECTION ( 'NONE',  ( 0.000000000000000000, 4.336808689942017736E-16, 1.000000000000000000 ) ) ;
#1354 = ORIENTED_EDGE ( 'NONE', *, *, #2317, .F. ) ;
#1355 = EDGE_CURVE ( 'NONE', #2224, #1366, #6096, .T. ) ;
#1356 = VECTOR ( 'NONE', #1069, 39.37007874015748143 ) ;
#1357 = DIRECTION ( 'NONE',  ( 0.4893653484557277666, 0.8720788701320563163, 0.000000000000000000 ) ) ;
#1358 = CARTESIAN_POINT ( 'NONE',  ( -0.04921259842519685318, -0.2165354330708593456, -0.1524606299212598604 ) ) ;
#1359 = ORIENTED_EDGE ( 'NONE', *, *, #4119, .F. ) ;
#1360 = DIRECTION ( 'NONE',  ( 1.000000000000000000, 0.000000000000000000, 0.000000000000000000 ) ) ;
#1361 = CIRCLE ( 'NONE', #855, 0.04133858267716536417 ) ;
#1362 = VECTOR ( 'NONE', #6224, 39.37007874015748143 ) ;
#1363 = CARTESIAN_POINT ( 'NONE',  ( 0.1830708661417501659, -0.2332677165354330728, -0.3425196850393700809 ) ) ;
#1364 =( BOUNDED_CURVE ( )  B_SPLINE_CURVE ( 3, ( #425, #397, #3243, #5256 ),
 .UNSPECIFIED., .F., .T. ) 
 B_SPLINE_CURVE_WITH_KNOTS ( ( 4, 4 ),
 ( 0.9888330889576478766, 1.000000000000000000 ),
 .UNSPECIFIED. ) 
 CURVE ( )  GEOMETRIC_REPRESENTATION_ITEM ( )  RATIONAL_B_SPLINE_CURVE ( ( 1.000000000000000000, 0.9998974410710378402, 0.9998974410710378402, 1.000000000000000000 ) ) 
 REPRESENTATION_ITEM ( '' )  );
#1365 = ORIENTED_EDGE ( 'NONE', *, *, #6165, .T. ) ;
#1366 = VERTEX_POINT ( 'NONE', #5519 ) ;
#1367 = AXIS2_PLACEMENT_3D ( 'NONE', #543, #1111, #5869 ) ;
#1368 = CARTESIAN_POINT ( 'NONE',  ( 0.1358267716535433156, -0.09448818897636002134, -0.2440944881889702267 ) ) ;
#1369 = AXIS2_PLACEMENT_3D ( 'NONE', #117, #4822, #1107 ) ;
#1370 = ORIENTED_EDGE ( 'NONE', *, *, #5084, .T. ) ;
#1371 = AXIS2_PLACEMENT_3D ( 'NONE', #2728, #395, #5157 ) ;
#1372 = DIRECTION ( 'NONE',  ( 0.000000000000000000, 0.000000000000000000, 1.000000000000000000 ) ) ;
#1373 = PRODUCT_DEFINITION ( 'UNKNOWN', '', #1604, #958 ) ;
#1374 = CARTESIAN_POINT ( 'NONE',  ( 0.09748004506530846824, -0.1673228346456692994, 0.08267716535433072833 ) ) ;
#1375 = ORIENTED_EDGE ( 'NONE', *, *, #5664, .T. ) ;
#1376 = EDGE_LOOP ( 'NONE', ( #5937, #4512, #4533, #3068, #3998, #5213, #5779, #4886 ) ) ;
#1377 = EDGE_CURVE ( 'NONE', #5249, #598, #4067, .T. ) ;
#1378 = CARTESIAN_POINT ( 'NONE',  ( 0.000000000000000000, -0.3641732283464567121, -0.1604330708661496352 ) ) ;
#1379 = FACE_BOUND ( 'NONE', #2511, .T. ) ;
#1380 = AXIS2_PLACEMENT_3D ( 'NONE', #4860, #552, #3856 ) ;
#1381 = DIRECTION ( 'NONE',  ( 0.000000000000000000, 0.000000000000000000, 1.000000000000000000 ) ) ;
#1382 = EDGE_CURVE ( 'NONE', #975, #686, #4031, .T. ) ;
#1383 = ORIENTED_EDGE ( 'NONE', *, *, #2189, .T. ) ;
#1384 = CARTESIAN_POINT ( 'NONE',  ( 0.1830708661417322636, -0.09614050749488187164, -0.3444881889763780070 ) ) ;
#1385 = FACE_OUTER_BOUND ( 'NONE', #421, .T. ) ;
#1386 = ORIENTED_EDGE ( 'NONE', *, *, #5648, .T. ) ;
#1387 = VECTOR ( 'NONE', #3345, 39.37007874015748143 ) ;
#1388 = DIRECTION ( 'NONE',  ( 0.000000000000000000, 0.000000000000000000, 1.000000000000000000 ) ) ;
#1389 = LINE ( 'NONE', #1329, #3477 ) ;
#1390 = CARTESIAN_POINT ( 'NONE',  ( 0.001966810233577248948, -0.2066238911302607506, -0.4114173228346457156 ) ) ;
#1391 = EDGE_CURVE ( 'NONE', #3885, #1521, #5962, .T. ) ;
#1392 = DIRECTION ( 'NONE',  ( 0.000000000000000000, 0.000000000000000000, 1.000000000000000000 ) ) ;
#1393 = EDGE_CURVE ( 'NONE', #633, #5939, #345, .T. ) ;
#1394 = AXIS2_PLACEMENT_3D ( 'NONE', #5626, #1811, #5655 ) ;
#1395 = ORIENTED_EDGE ( 'NONE', *, *, #2498, .T. ) ;
#1396 = FACE_BOUND ( 'NONE', #2939, .T. ) ;
#1397 = DIRECTION ( 'NONE',  ( 0.000000000000000000, 0.000000000000000000, -1.000000000000000000 ) ) ;
#1398 = CARTESIAN_POINT ( 'NONE',  ( -0.09251968503937006705, -0.2165354330708593456, -0.3425196850393700809 ) ) ;
#1399 = VERTEX_POINT ( 'NONE', #5067 ) ;
#1400 = DIRECTION ( 'NONE',  ( 0.000000000000000000, 1.000000000000000000, -1.334402673828313043E-15 ) ) ;
#1401 = ORIENTED_EDGE ( 'NONE', *, *, #4223, .F. ) ;
#1402 = CARTESIAN_POINT ( 'NONE',  ( 0.07874015748031495954, -1.628528402442633591E-14, -0.3228346456692913757 ) ) ;
#1403 = AXIS2_PLACEMENT_3D ( 'NONE', #3453, #2917, #460 ) ;
#1404 = VERTEX_POINT ( 'NONE', #4557 ) ;
#1405 = CARTESIAN_POINT ( 'NONE',  ( -0.09591406631378045222, -0.2066929133858267653, 0.06636954478846082695 ) ) ;
#1406 = ORIENTED_EDGE ( 'NONE', *, *, #3400, .T. ) ;
#1407 = ORIENTED_EDGE ( 'NONE', *, *, #1571, .F. ) ;
#1408 = CYLINDRICAL_SURFACE ( 'NONE', #2098, 0.01181102362204724046 ) ;
#1409 = DIRECTION ( 'NONE',  ( -0.000000000000000000, -0.000000000000000000, -1.000000000000000000 ) ) ;
#1410 = DIRECTION ( 'NONE',  ( 1.000000000000000000, 0.000000000000000000, 0.000000000000000000 ) ) ;
#1411 = DIRECTION ( 'NONE',  ( 0.000000000000000000, 0.000000000000000000, 1.000000000000000000 ) ) ;
#1412 = EDGE_CURVE ( 'NONE', #4878, #4828, #3666, .T. ) ;
#1413 = ORIENTED_EDGE ( 'NONE', *, *, #2961, .T. ) ;
#1414 = FACE_BOUND ( 'NONE', #3108, .T. ) ;
#1415 = VERTEX_POINT ( 'NONE', #791 ) ;
#1416 = CARTESIAN_POINT ( 'NONE',  ( -0.1617322834645669172, -0.2581127978996456407, -0.4035433070866141780 ) ) ;
#1417 = LINE ( 'NONE', #5677, #2370 ) ;
#1418 = EDGE_LOOP ( 'NONE', ( #3061, #5243, #3486, #4814 ) ) ;
#1419 = CARTESIAN_POINT ( 'NONE',  ( 0.000000000000000000, 0.000000000000000000, -0.4114173228346454936 ) ) ;
#1420 = EDGE_LOOP ( 'NONE', ( #773, #1344, #2409, #3349 ) ) ;
#1421 = LINE ( 'NONE', #3440, #2091 ) ;
#1422 = DIRECTION ( 'NONE',  ( 1.000000000000000000, 0.000000000000000000, 0.000000000000000000 ) ) ;
#1423 = ADVANCED_FACE ( 'NONE', ( #6059 ), #1260, .T. ) ;
#1424 = DIRECTION ( 'NONE',  ( -1.000000000000000000, 0.000000000000000000, 0.000000000000000000 ) ) ;
#1425 = VERTEX_POINT ( 'NONE', #6178 ) ;
#1426 = FACE_OUTER_BOUND ( 'NONE', #5678, .T. ) ;
#1427 = ORIENTED_EDGE ( 'NONE', *, *, #5826, .F. ) ;
#1428 = EDGE_CURVE ( 'NONE', #2196, #2616, #4309, .T. ) ;
#1429 = CARTESIAN_POINT ( 'NONE',  ( 0.1751968503937008648, -0.09448818897636900027, -0.3425196850393700809 ) ) ;
#1430 = ORIENTED_EDGE ( 'NONE', *, *, #2065, .F. ) ;
#1431 = CARTESIAN_POINT ( 'NONE',  ( 0.001966810233577248948, -0.2066238911302607506, -0.4114173228346457156 ) ) ;
#1432 = VERTEX_POINT ( 'NONE', #6121 ) ;
#1433 = VERTEX_POINT ( 'NONE', #1889 ) ;
#1434 = VECTOR ( 'NONE', #1164, 39.37007874015748143 ) ;
#1435 = DIRECTION ( 'NONE',  ( -1.000000000000000000, 0.000000000000000000, 0.000000000000000000 ) ) ;
#1436 = CARTESIAN_POINT ( 'NONE',  ( 0.05886608775321072046, -0.1097804830027102052, -0.3194366971602851102 ) ) ;
#1437 = DIRECTION ( 'NONE',  ( 0.000000000000000000, 0.000000000000000000, -1.000000000000000000 ) ) ;
#1438 = CARTESIAN_POINT ( 'NONE',  ( 0.1476377952755905665, -0.04718005250885826118, -0.4035433070866141780 ) ) ;
#1439 = ORIENTED_EDGE ( 'NONE', *, *, #4080, .T. ) ;
#1440 = DIRECTION ( 'NONE',  ( 0.000000000000000000, 1.000000000000000000, 0.000000000000000000 ) ) ;
#1441 = CARTESIAN_POINT ( 'NONE',  ( 0.06003937007874015491, -0.2165354330708661457, -0.1338582677165354451 ) ) ;
#1442 = AXIS2_PLACEMENT_3D ( 'NONE', #1726, #816, #5130 ) ;
#1443 = ORIENTED_EDGE ( 'NONE', *, *, #4270, .T. ) ;
#1444 = VECTOR ( 'NONE', #1098, 39.37007874015748143 ) ;
#1445 = CARTESIAN_POINT ( 'NONE',  ( -0.09842519685039370636, -0.2058922922764961083, -0.01888441826074016214 ) ) ;
#1446 = ADVANCED_FACE ( 'NONE', ( #2855 ), #3776, .F. ) ;
#1447 = DIRECTION ( 'NONE',  ( 0.000000000000000000, 0.000000000000000000, 1.000000000000000000 ) ) ;
#1448 = CARTESIAN_POINT ( 'NONE',  ( 0.06102362204724410405, -0.1259842519685039353, -0.4124015748031495399 ) ) ;
#1449 = DIRECTION ( 'NONE',  ( -1.000000000000000000, 0.000000000000000000, 0.000000000000000000 ) ) ;
#1450 = ORIENTED_EDGE ( 'NONE', *, *, #409, .T. ) ;
#1451 = LINE ( 'NONE', #1018, #2791 ) ;
#1452 = CARTESIAN_POINT ( 'NONE',  ( 0.1161417322834645549, -0.1948818897637795144, -0.1200787401574803376 ) ) ;
#1453 = AXIS2_PLACEMENT_3D ( 'NONE', #3599, #5526, #1208 ) ;
#1454 = CARTESIAN_POINT ( 'NONE',  ( 0.09653489328022836491, -0.2066929133858180778, 0.07283464566930290818 ) ) ;
#1455 = AXIS2_PLACEMENT_3D ( 'NONE', #4487, #200, #1219 ) ;
#1456 = EDGE_LOOP ( 'NONE', ( #2143, #5040, #6150, #2286 ) ) ;
#1457 = EDGE_CURVE ( 'NONE', #4445, #825, #5162, .T. ) ;
#1458 = ORIENTED_EDGE ( 'NONE', *, *, #386, .T. ) ;
#1459 = CIRCLE ( 'NONE', #4467, 0.07677165354330625635 ) ;
#1460 = CARTESIAN_POINT ( 'NONE',  ( -0.08573990089915450863, -0.05335737635838635334, -0.03958108129400826625 ) ) ;
#1461 = EDGE_LOOP ( 'NONE', ( #596, #5221, #3928, #1601, #3874 ) ) ;
#1462 = AXIS2_PLACEMENT_3D ( 'NONE', #4403, #1447, #2988 ) ;
#1463 = EDGE_CURVE ( 'NONE', #353, #5908, #335, .T. ) ;
#1464 = DIRECTION ( 'NONE',  ( -0.000000000000000000, -1.000000000000000000, -0.000000000000000000 ) ) ;
#1465 = ADVANCED_FACE ( 'NONE', ( #5671 ), #1825, .T. ) ;
#1466 = ORIENTED_EDGE ( 'NONE', *, *, #2770, .F. ) ;
#1467 = ORIENTED_EDGE ( 'NONE', *, *, #4997, .F. ) ;
#1468 = CIRCLE ( 'NONE', #456, 0.02755905511811023931 ) ;
#1469 = VECTOR ( 'NONE', #5927, 39.37007874015748143 ) ;
#1470 = ORIENTED_EDGE ( 'NONE', *, *, #5469, .F. ) ;
#1471 = DIRECTION ( 'NONE',  ( 0.000000000000000000, 0.000000000000000000, 1.000000000000000000 ) ) ;
#1472 = DIRECTION ( 'NONE',  ( -0.000000000000000000, 1.000000000000000000, 0.000000000000000000 ) ) ;
#1473 = DIRECTION ( 'NONE',  ( -0.06102369082725696281, -0.9981363179234683525, 0.000000000000000000 ) ) ;
#1474 = EDGE_LOOP ( 'NONE', ( #1467, #2259 ) ) ;
#1475 = AXIS2_PLACEMENT_3D ( 'NONE', #2739, #3316, #5205 ) ;
#1476 = LINE ( 'NONE', #427, #2689 ) ;
#1477 = DIRECTION ( 'NONE',  ( -1.000000000000000000, 0.000000000000000000, 0.000000000000000000 ) ) ;
#1478 = VERTEX_POINT ( 'NONE', #4745 ) ;
#1479 = AXIS2_PLACEMENT_3D ( 'NONE', #3679, #5609, #4650 ) ;
#1480 = CYLINDRICAL_SURFACE ( 'NONE', #5223, 0.01181102362204724046 ) ;
#1481 = DIRECTION ( 'NONE',  ( 0.07921010489577846869, 0.5597462186849475607, 0.8248696442167711140 ) ) ;
#1482 = ORIENTED_EDGE ( 'NONE', *, *, #814, .T. ) ;
#1483 = DIRECTION ( 'NONE',  ( 0.000000000000000000, -3.469446951953612217E-16, 1.000000000000000000 ) ) ;
#1484 = ORIENTED_EDGE ( 'NONE', *, *, #2317, .T. ) ;
#1485 = CYLINDRICAL_SURFACE ( 'NONE', #2994, 0.02559055118110236532 ) ;
#1486 = DIRECTION ( 'NONE',  ( 0.000000000000000000, 7.228014483236698528E-16, -1.000000000000000000 ) ) ;
#1487 = CIRCLE ( 'NONE', #1686, 0.02165354330708663816 ) ;
#1488 = DIRECTION ( 'NONE',  ( 0.000000000000000000, 0.000000000000000000, -1.000000000000000000 ) ) ;
#1489 = VECTOR ( 'NONE', #437, 39.37007874015748143 ) ;
#1490 = ORIENTED_EDGE ( 'NONE', *, *, #654, .T. ) ;
#1491 = DIRECTION ( 'NONE',  ( -0.000000000000000000, -1.000000000000000000, -0.000000000000000000 ) ) ;
#1492 = DIRECTION ( 'NONE',  ( -1.000000000000000000, -2.891205793294679411E-15, 0.000000000000000000 ) ) ;
#1493 = EDGE_CURVE ( 'NONE', #1083, #4133, #3096, .T. ) ;
#1494 = VERTEX_POINT ( 'NONE', #4221 ) ;
#1495 = AXIS2_PLACEMENT_3D ( 'NONE', #2288, #3763, #352 ) ;
#1496 = EDGE_CURVE ( 'NONE', #5761, #825, #3718, .T. ) ;
#1497 = CARTESIAN_POINT ( 'NONE',  ( -0.05929133858267716245, -0.2421259842519684902, -0.4028705313925196596 ) ) ;
#1498 = EDGE_LOOP ( 'NONE', ( #718, #5015, #4971, #4761 ) ) ;
#1499 = VECTOR ( 'NONE', #5095, 39.37007874015748143 ) ;
#1500 = CARTESIAN_POINT ( 'NONE',  ( -0.001308455938397581246, -0.2047243285226636456, -0.4114173228346456046 ) ) ;
#1501 = EDGE_LOOP ( 'NONE', ( #5290, #186, #3432, #4651 ) ) ;
#1502 = AXIS2_PLACEMENT_3D ( 'NONE', #3109, #1097, #226 ) ;
#1503 = EDGE_CURVE ( 'NONE', #4275, #2187, #5134, .T. ) ;
#1504 = ADVANCED_FACE ( 'NONE', ( #1385 ), #2359, .F. ) ;
#1505 = DIRECTION ( 'NONE',  ( -1.000000000000000000, 0.000000000000000000, 0.000000000000000000 ) ) ;
#1506 = CARTESIAN_POINT ( 'NONE',  ( -0.04921259842519685318, -0.3058135988462007959, -0.4153543307086012271 ) ) ;
#1507 = CARTESIAN_POINT ( 'NONE',  ( 0.04299212598425197068, 0.04299212598425197068, -0.2677165354330708347 ) ) ;
#1508 = ORIENTED_EDGE ( 'NONE', *, *, #5907, .F. ) ;
#1509 = DIRECTION ( 'NONE',  ( -1.000000000000000000, 0.000000000000000000, 0.000000000000000000 ) ) ;
#1510 = ORIENTED_EDGE ( 'NONE', *, *, #4011, .F. ) ;
#1511 = EDGE_CURVE ( 'NONE', #3032, #4519, #1296, .T. ) ;
#1512 = ADVANCED_FACE ( 'NONE', ( #913 ), #4776, .T. ) ;
#1513 = LINE ( 'NONE', #2484, #6231 ) ;
#1514 = CARTESIAN_POINT ( 'NONE',  ( -0.1555118110236220208, -1.067128122525102820E-18, -0.3730314960629921850 ) ) ;
#1515 = ORIENTED_EDGE ( 'NONE', *, *, #29, .T. ) ;
#1516 = FACE_OUTER_BOUND ( 'NONE', #357, .T. ) ;
#1517 = ORIENTED_EDGE ( 'NONE', *, *, #2836, .T. ) ;
#1518 = PLANE ( 'NONE',  #1089 ) ;
#1519 = DIRECTION ( 'NONE',  ( 1.000000000000000000, 0.000000000000000000, 0.000000000000000000 ) ) ;
#1520 = DIRECTION ( 'NONE',  ( -1.000000000000000000, 0.000000000000000000, 0.000000000000000000 ) ) ;
#1521 = VERTEX_POINT ( 'NONE', #4652 ) ;
#1522 = FACE_OUTER_BOUND ( 'NONE', #366, .T. ) ;
#1523 = DIRECTION ( 'NONE',  ( -0.000000000000000000, -0.000000000000000000, -1.000000000000000000 ) ) ;
#1524 = ORIENTED_EDGE ( 'NONE', *, *, #5696, .F. ) ;
#1525 = ADVANCED_FACE ( 'NONE', ( #6151, #1414, #4188, #5259 ), #4246, .T. ) ;
#1526 = CARTESIAN_POINT ( 'NONE',  ( 0.1161417322834645688, -2.402079393602884310E-14, -0.3228346456692913757 ) ) ;
#1527 = ORIENTED_EDGE ( 'NONE', *, *, #1115, .F. ) ;
#1528 = LINE ( 'NONE', #4327, #1586 ) ;
#1529 = ORIENTED_EDGE ( 'NONE', *, *, #1382, .F. ) ;
#1530 = ADVANCED_FACE ( 'NONE', ( #1326 ), #400, .T. ) ;
#1531 = EDGE_CURVE ( 'NONE', #2006, #5738, #368, .T. ) ;
#1532 = ORIENTED_EDGE ( 'NONE', *, *, #531, .F. ) ;
#1533 = PLANE ( 'NONE',  #1403 ) ;
#1534 = LINE ( 'NONE', #136, #2647 ) ;
#1535 = CARTESIAN_POINT ( 'NONE',  ( -0.1210629921259842590, -0.2165354330708593456, -0.02755905511811023931 ) ) ;
#1536 = ORIENTED_EDGE ( 'NONE', *, *, #216, .T. ) ;
#1537 = FACE_OUTER_BOUND ( 'NONE', #2407, .T. ) ;
#1538 = EDGE_CURVE ( 'NONE', #2309, #4616, #442, .T. ) ;
#1539 = EDGE_LOOP ( 'NONE', ( #2479, #333, #5198, #4631 ) ) ;
#1540 = CYLINDRICAL_SURFACE ( 'NONE', #892, 0.04921259842519679073 ) ;
#1541 = LINE ( 'NONE', #5767, #4179 ) ;
#1542 = DIRECTION ( 'NONE',  ( -1.113035129722760235E-16, 0.000000000000000000, -1.000000000000000000 ) ) ;
#1543 = AXIS2_PLACEMENT_3D ( 'NONE', #396, #5793, #878 ) ;
#1544 = LINE ( 'NONE', #2518, #976 ) ;
#1545 = ORIENTED_EDGE ( 'NONE', *, *, #5186, .F. ) ;
#1546 = CARTESIAN_POINT ( 'NONE',  ( -0.1161417322834645549, -0.08267716535430456870, -0.3425196850393700809 ) ) ;
#1547 = EDGE_CURVE ( 'NONE', #920, #280, #3866, .T. ) ;
#1548 = DIRECTION ( 'NONE',  ( -1.000000000000000000, -0.000000000000000000, -0.000000000000000000 ) ) ;
#1549 = EDGE_LOOP ( 'NONE', ( #4540, #191, #3176, #4400 ) ) ;
#1550 = FACE_OUTER_BOUND ( 'NONE', #2171, .T. ) ;
#1551 = LINE ( 'NONE', #2321, #6181 ) ;
#1552 = VECTOR ( 'NONE', #3346, 39.37007874015748143 ) ;
#1553 = EDGE_LOOP ( 'NONE', ( #3809, #3098, #5924, #4247 ) ) ;
#1554 = VECTOR ( 'NONE', #1009, 39.37007874015748143 ) ;
#1555 = DIRECTION ( 'NONE',  ( 1.000000000000000000, 0.000000000000000000, -0.000000000000000000 ) ) ;
#1556 = VERTEX_POINT ( 'NONE', #2983 ) ;
#1557 = DIRECTION ( 'NONE',  ( 0.000000000000000000, 0.000000000000000000, 1.000000000000000000 ) ) ;
#1558 = ORIENTED_EDGE ( 'NONE', *, *, #5788, .F. ) ;
#1559 = AXIS2_PLACEMENT_3D ( 'NONE', #5970, #765, #4102 ) ;
#1560 = ORIENTED_EDGE ( 'NONE', *, *, #1656, .T. ) ;
#1561 = AXIS2_PLACEMENT_3D ( 'NONE', #5366, #2022, #1051 ) ;
#1562 = FACE_OUTER_BOUND ( 'NONE', #5952, .T. ) ;
#1563 = DIRECTION ( 'NONE',  ( -1.000000000000000000, 0.000000000000000000, 0.000000000000000000 ) ) ;
#1564 = DIRECTION ( 'NONE',  ( 1.000000000000000000, 0.000000000000000000, 0.000000000000000000 ) ) ;
#1565 = VERTEX_POINT ( 'NONE', #3457 ) ;
#1566 = DIRECTION ( 'NONE',  ( 0.000000000000000000, 1.000000000000000000, 0.000000000000000000 ) ) ;
#1567 = ORIENTED_EDGE ( 'NONE', *, *, #1974, .T. ) ;
#1568 = EDGE_CURVE ( 'NONE', #3230, #2717, #4905, .T. ) ;
#1569 = AXIS2_PLACEMENT_3D ( 'NONE', #4007, #1585, #5341 ) ;
#1570 = VECTOR ( 'NONE', #692, 39.37007874015748143 ) ;
#1571 = EDGE_CURVE ( 'NONE', #3230, #1091, #5797, .T. ) ;
#1572 = DIRECTION ( 'NONE',  ( 0.000000000000000000, 1.000000000000000000, -1.334402673828313043E-15 ) ) ;
#1573 = CARTESIAN_POINT ( 'NONE',  ( 0.05905511811023622659, -0.2303149606299212948, -0.1909448818897638012 ) ) ;
#1574 = AXIS2_PLACEMENT_3D ( 'NONE', #3127, #3563, #4977 ) ;
#1575 = LINE ( 'NONE', #5002, #23 ) ;
#1576 = LINE ( 'NONE', #3843, #5194 ) ;
#1577 = VERTEX_POINT ( 'NONE', #4452 ) ;
#1578 = CARTESIAN_POINT ( 'NONE',  ( 0.000000000000000000, -0.03937007874015747283, -0.2440944881889939022 ) ) ;
#1579 = CARTESIAN_POINT ( 'NONE',  ( -0.07865417816118878969, -0.1034293528371909437, -0.1133696162489082893 ) ) ;
#1580 = AXIS2_PLACEMENT_3D ( 'NONE', #2235, #4151, #5159 ) ;
#1581 = EDGE_CURVE ( 'NONE', #3977, #5301, #597, .T. ) ;
#1582 = EDGE_CURVE ( 'NONE', #5603, #2133, #1101, .T. ) ;
#1583 = CARTESIAN_POINT ( 'NONE',  ( -0.08520918823212415838, -0.04521299052618359821, -0.04510775960620479891 ) ) ;
#1584 = VERTEX_POINT ( 'NONE', #3929 ) ;
#1585 = DIRECTION ( 'NONE',  ( 0.000000000000000000, 0.8274696005518833442, -0.5615105165199549830 ) ) ;
#1586 = VECTOR ( 'NONE', #3449, 39.37007874015748143 ) ;
#1587 = CARTESIAN_POINT ( 'NONE',  ( 0.07926322931848009401, -0.09912543122607020418, -0.1070271450189209661 ) ) ;
#1588 = VERTEX_POINT ( 'NONE', #5859 ) ;
#1589 = VECTOR ( 'NONE', #4170, 39.37007874015748143 ) ;
#1590 = CARTESIAN_POINT ( 'NONE',  ( -0.02952771896251538131, -0.01860769487347334328, -0.4232283464566928277 ) ) ;
#1591 = ORIENTED_EDGE ( 'NONE', *, *, #5861, .F. ) ;
#1592 = CARTESIAN_POINT ( 'NONE',  ( 0.000000000000000000, 0.000000000000000000, -0.3503933938777271662 ) ) ;
#1593 = CARTESIAN_POINT ( 'NONE',  ( 0.000000000000000000, -0.03543307086614172485, -0.2559055118110236671 ) ) ;
#1594 = EDGE_LOOP ( 'NONE', ( #4799, #3255, #122, #4264, #5899 ) ) ;
#1595 = AXIS2_PLACEMENT_3D ( 'NONE', #4858, #2342, #3826 ) ;
#1596 = VECTOR ( 'NONE', #1849, 39.37007874015748143 ) ;
#1597 = ORIENTED_EDGE ( 'NONE', *, *, #5974, .T. ) ;
#1598 = CARTESIAN_POINT ( 'NONE',  ( 0.02952741694811120143, -0.01958546858803737745, -0.4232283464566929387 ) ) ;
#1599 = FACE_OUTER_BOUND ( 'NONE', #1047, .T. ) ;
#1600 = CARTESIAN_POINT ( 'NONE',  ( 0.000000000000000000, 0.000000000000000000, -0.4153543307085997838 ) ) ;
#1601 = ORIENTED_EDGE ( 'NONE', *, *, #2883, .F. ) ;
#1602 = CARTESIAN_POINT ( 'NONE',  ( -0.1653543307086614844, 0.1653543307086614567, 0.1181102362204724532 ) ) ;
#1603 = EDGE_LOOP ( 'NONE', ( #1108, #1921, #3258, #3367, #2057, #701, #5035, #5686, #4644, #1003, #4811, #3747 ) ) ;
#1604 = PRODUCT_DEFINITION_FORMATION_WITH_SPECIFIED_SOURCE ( 'ANY', '', #1716, .NOT_KNOWN. ) ;
#1605 =( BOUNDED_CURVE ( )  B_SPLINE_CURVE ( 3, ( #3673, #5633, #3235, #1288 ),
 .UNSPECIFIED., .F., .T. ) 
 B_SPLINE_CURVE_WITH_KNOTS ( ( 4, 4 ),
 ( 2.214297435588475249, 3.141592653589793116 ),
 .UNSPECIFIED. ) 
 CURVE ( )  GEOMETRIC_REPRESENTATION_ITEM ( )  RATIONAL_B_SPLINE_CURVE ( ( 1.000000000000000000, 0.9296181273333210537, 0.9296181273333210537, 1.000000000000000000 ) ) 
 REPRESENTATION_ITEM ( '' )  );
#1606 = CARTESIAN_POINT ( 'NONE',  ( 0.05905511811023622659, -0.2106299212598425064, -0.1909448818897638012 ) ) ;
#1607 = EDGE_CURVE ( 'NONE', #3317, #5012, #111, .T. ) ;
#1608 = CARTESIAN_POINT ( 'NONE',  ( 0.1751968503937007815, -0.08267716535433072833, -0.3425196850393700809 ) ) ;
#1609 = DIRECTION ( 'NONE',  ( 0.000000000000000000, 0.000000000000000000, -1.000000000000000000 ) ) ;
#1610 = CARTESIAN_POINT ( 'NONE',  ( 0.1771653543307086798, -0.09842519685039369248, -0.1122047244094488139 ) ) ;
#1611 = ORIENTED_EDGE ( 'NONE', *, *, #694, .F. ) ;
#1612 = DIRECTION ( 'NONE',  ( 1.000000000000000000, 0.000000000000000000, 0.000000000000000000 ) ) ;
#1613 = CARTESIAN_POINT ( 'NONE',  ( -0.06102362204724409711, -0.2421259842519681293, -0.4035433070865839245 ) ) ;
#1614 = ORIENTED_EDGE ( 'NONE', *, *, #4232, .T. ) ;
#1615 = FACE_OUTER_BOUND ( 'NONE', #5755, .T. ) ;
#1616 = ORIENTED_EDGE ( 'NONE', *, *, #1847, .T. ) ;
#1617 = EDGE_CURVE ( 'NONE', #4848, #1644, #1981, .T. ) ;
#1618 = LINE ( 'NONE', #1237, #1864 ) ;
#1619 = ORIENTED_EDGE ( 'NONE', *, *, #5330, .T. ) ;
#1620 = SURFACE_SIDE_STYLE ('',( #4014 ) ) ;
#1621 = CARTESIAN_POINT ( 'NONE',  ( 0.1564960629921260116, -0.09842519685039370636, -0.2440944881889764162 ) ) ;
#1622 = ORIENTED_EDGE ( 'NONE', *, *, #5983, .F. ) ;
#1623 = EDGE_CURVE ( 'NONE', #5839, #2435, #1856, .T. ) ;
#1624 = EDGE_LOOP ( 'NONE', ( #1591, #4157 ) ) ;
#1625 = CARTESIAN_POINT ( 'NONE',  ( 0.08913228955516730445, -0.04531897879420433012, -0.004253790320053301918 ) ) ;
#1626 = DIRECTION ( 'NONE',  ( -1.000000000000000000, 0.000000000000000000, 0.000000000000000000 ) ) ;
#1627 = LINE ( 'NONE', #4484, #5710 ) ;
#1628 = ORIENTED_EDGE ( 'NONE', *, *, #5648, .F. ) ;
#1629 = LINE ( 'NONE', #1693, #3670 ) ;
#1630 = ORIENTED_EDGE ( 'NONE', *, *, #5631, .F. ) ;
#1631 = CARTESIAN_POINT ( 'NONE',  ( 0.05905511811023622659, -0.2499999999999996114, -0.3425196850393700809 ) ) ;
#1632 = CYLINDRICAL_SURFACE ( 'NONE', #4086, 0.04921259842519683236 ) ;
#1633 = CYLINDRICAL_SURFACE ( 'NONE', #28, 0.04921259842519682542 ) ;
#1634 = CYLINDRICAL_SURFACE ( 'NONE', #2582, 0.02165354330708663816 ) ;
#1635 = VERTEX_POINT ( 'NONE', #3015 ) ;
#1636 = CYLINDRICAL_SURFACE ( 'NONE', #5683, 0.01181102362204724046 ) ;
#1637 = CLOSED_SHELL ( 'NONE', ( #4867, #2648, #4646, #4835, #1465, #458, #2875, #779, #1322, #3659, #3615, #402, #2239, #1313, #3532, #378, #5862, #4927, #4805, #3238, #1991, #2962 ) ) ;
#1638 = ADVANCED_FACE ( 'NONE', ( #1537 ), #5763, .F. ) ;
#1639 = AXIS2_PLACEMENT_3D ( 'NONE', #5190, #1437, #5733 ) ;
#1640 = DIRECTION ( 'NONE',  ( 0.000000000000000000, 0.000000000000000000, -1.000000000000000000 ) ) ;
#1641 = ORIENTED_EDGE ( 'NONE', *, *, #5275, .T. ) ;
#1642 = CARTESIAN_POINT ( 'NONE',  ( 0.07719779690214985390, -0.09606939220001292634, -0.1285359222722118888 ) ) ;
#1643 = DIRECTION ( 'NONE',  ( -1.000000000000000000, 0.000000000000000000, 0.000000000000000000 ) ) ;
#1644 = VERTEX_POINT ( 'NONE', #2891 ) ;
#1645 = VECTOR ( 'NONE', #3242, 39.37007874015748143 ) ;
#1646 = LINE ( 'NONE', #4132, #3575 ) ;
#1647 = ORIENTED_EDGE ( 'NONE', *, *, #5883, .F. ) ;
#1648 = EDGE_CURVE ( 'NONE', #1061, #4165, #3431, .T. ) ;
#1649 = DIRECTION ( 'NONE',  ( 0.000000000000000000, 0.000000000000000000, 1.000000000000000000 ) ) ;
#1650 = DIRECTION ( 'NONE',  ( -0.000000000000000000, -1.000000000000000000, -0.000000000000000000 ) ) ;
#1651 = ORIENTED_EDGE ( 'NONE', *, *, #1347, .F. ) ;
#1652 = STYLED_ITEM ( 'NONE', ( #6067 ), #1031 ) ;
#1653 = VERTEX_POINT ( 'NONE', #1441 ) ;
#1654 = EDGE_CURVE ( 'NONE', #1844, #1949, #5382, .T. ) ;
#1655 = CARTESIAN_POINT ( 'NONE',  ( -0.09922069768098425169, -0.2100789149532283628, 0.1008037857607480270 ) ) ;
#1656 = EDGE_CURVE ( 'NONE', #3386, #1415, #3492, .T. ) ;
#1657 = CARTESIAN_POINT ( 'NONE',  ( -0.02755905511811023931, 0.000000000000000000, -0.4035433070866759619 ) ) ;
#1658 = AXIS2_PLACEMENT_3D ( 'NONE', #4972, #662, #275 ) ;
#1659 = CARTESIAN_POINT ( 'NONE',  ( 0.1751968503937007260, -0.08267716535433072833, -0.2440944881889779150 ) ) ;
#1660 = VERTEX_POINT ( 'NONE', #4813 ) ;
#1661 = CARTESIAN_POINT ( 'NONE',  ( 0.1555118110236220208, 0.000000000000000000, -0.3730314960629921850 ) ) ;
#1662 = ORIENTED_EDGE ( 'NONE', *, *, #6139, .T. ) ;
#1663 = CIRCLE ( 'NONE', #346, 0.01181102362204724046 ) ;
#1664 = DIRECTION ( 'NONE',  ( -1.445602896647339706E-15, 1.000000000000000000, 0.000000000000000000 ) ) ;
#1665 = LINE ( 'NONE', #4120, #4577 ) ;
#1666 = CARTESIAN_POINT ( 'NONE',  ( -0.1338582677165354173, -0.09448818897636450387, -0.3425196850393700809 ) ) ;
#1667 = CARTESIAN_POINT ( 'NONE',  ( 0.000000000000000000, -0.2165354330708310904, -0.3425196850393700809 ) ) ;
#1668 = ORIENTED_EDGE ( 'NONE', *, *, #4455, .F. ) ;
#1669 = VECTOR ( 'NONE', #926, 39.37007874015748143 ) ;
#1670 = DIRECTION ( 'NONE',  ( -1.000000000000000000, 0.000000000000000000, 0.000000000000000000 ) ) ;
#1671 = AXIS2_PLACEMENT_3D ( 'NONE', #1828, #917, #4748 ) ;
#1672 = VECTOR ( 'NONE', #4285, 39.37007874015748143 ) ;
#1673 = AXIS2_PLACEMENT_3D ( 'NONE', #2326, #1320, #3178 ) ;
#1674 = DIRECTION ( 'NONE',  ( 0.000000000000000000, 0.000000000000000000, 1.000000000000000000 ) ) ;
#1675 = ORIENTED_EDGE ( 'NONE', *, *, #3206, .F. ) ;
#1676 = CARTESIAN_POINT ( 'NONE',  ( -0.1494488188976378085, -0.2066929133858267931, -0.01322834645669291459 ) ) ;
#1677 = CYLINDRICAL_SURFACE ( 'NONE', #1453, 0.04133858267716536417 ) ;
#1678 = EDGE_LOOP ( 'NONE', ( #97, #3199, #534, #3476 ) ) ;
#1679 = LINE ( 'NONE', #3660, #2764 ) ;
#1680 = VECTOR ( 'NONE', #1852, 39.37007874015748143 ) ;
#1681 = ORIENTED_EDGE ( 'NONE', *, *, #2146, .F. ) ;
#1682 = LINE ( 'NONE', #5081, #5398 ) ;
#1683 = EDGE_CURVE ( 'NONE', #4418, #3135, #500, .T. ) ;
#1684 = CARTESIAN_POINT ( 'NONE',  ( -0.09748004506530746904, -0.1582630542204667423, 0.08267716535433070058 ) ) ;
#1685 = ORIENTED_EDGE ( 'NONE', *, *, #4688, .F. ) ;
#1686 = AXIS2_PLACEMENT_3D ( 'NONE', #3205, #5124, #4175 ) ;
#1687 = EDGE_CURVE ( 'NONE', #5798, #369, #2421, .T. ) ;
#1688 = ORIENTED_EDGE ( 'NONE', *, *, #3434, .T. ) ;
#1689 = CARTESIAN_POINT ( 'NONE',  ( 0.000000000000000000, -0.2066929133858267931, -0.4035433070866141780 ) ) ;
#1690 = PLANE ( 'NONE',  #5476 ) ;
#1691 = FACE_OUTER_BOUND ( 'NONE', #9, .T. ) ;
#1692 = ORIENTED_EDGE ( 'NONE', *, *, #78, .T. ) ;
#1693 = CARTESIAN_POINT ( 'NONE',  ( 0.05905511811023622659, -0.1988188976377952277, -0.3425196850393700809 ) ) ;
#1694 = ORIENTED_EDGE ( 'NONE', *, *, #3807, .F. ) ;
#1695 = EDGE_CURVE ( 'NONE', #4796, #2093, #4367, .T. ) ;
#1696 = VECTOR ( 'NONE', #5248, 39.37007874015748143 ) ;
#1697 = CYLINDRICAL_SURFACE ( 'NONE', #3314, 0.04921259842519685318 ) ;
#1698 = PLANE ( 'NONE',  #3285 ) ;
#1699 = PLANE ( 'NONE',  #1442 ) ;
#1700 = DIRECTION ( 'NONE',  ( -0.06005536072416024079, -0.7779914203929269023, 0.6253980360084983037 ) ) ;
#1701 = CIRCLE ( 'NONE', #898, 0.02559055118110236185 ) ;
#1702 = ORIENTED_EDGE ( 'NONE', *, *, #4446, .F. ) ;
#1703 = CARTESIAN_POINT ( 'NONE',  ( 0.07677165354330625635, 0.000000000000000000, -0.4153543307085997838 ) ) ;
#1704 = FACE_OUTER_BOUND ( 'NONE', #3616, .T. ) ;
#1705 = ADVANCED_FACE ( 'NONE', ( #2950 ), #4869, .T. ) ;
#1706 = CARTESIAN_POINT ( 'NONE',  ( 0.02362204724409449133, -0.3641732283464567121, -0.4035433070866759619 ) ) ;
#1707 = CARTESIAN_POINT ( 'NONE',  ( 0.03543307086614173873, 4.339299682018181450E-18, -0.4153543307087793068 ) ) ;
#1708 = ORIENTED_EDGE ( 'NONE', *, *, #4011, .T. ) ;
#1709 = LINE ( 'NONE', #312, #5406 ) ;
#1710 = LENGTH_MEASURE_WITH_UNIT ( LENGTH_MEASURE( 0.02539999999999999897 ), #5432 );
#1711 = DIRECTION ( 'NONE',  ( 0.000000000000000000, 0.000000000000000000, -1.000000000000000000 ) ) ;
#1712 = ORIENTED_EDGE ( 'NONE', *, *, #3779, .T. ) ;
#1713 = ORIENTED_EDGE ( 'NONE', *, *, #2003, .F. ) ;
#1714 = SURFACE_STYLE_USAGE ( .BOTH. , #4104 ) ;
#1715 = EDGE_LOOP ( 'NONE', ( #2878, #5430 ) ) ;
#1716 = PRODUCT ( 'CUI_DEVICES_PJ-035DH', 'CUI_DEVICES_PJ-035DH', '', ( #1841 ) ) ;
#1717 = DIMENSIONAL_EXPONENTS ( 1.000000000000000000, 0.000000000000000000, 0.000000000000000000, 0.000000000000000000, 0.000000000000000000, 0.000000000000000000, 0.000000000000000000 ) ;
#1718 = ORIENTED_EDGE ( 'NONE', *, *, #1160, .T. ) ;
#1719 = DIRECTION ( 'NONE',  ( 0.000000000000000000, 0.000000000000000000, 1.000000000000000000 ) ) ;
#1720 = DIRECTION ( 'NONE',  ( 0.000000000000000000, 0.000000000000000000, 1.000000000000000000 ) ) ;
#1721 = ORIENTED_EDGE ( 'NONE', *, *, #618, .T. ) ;
#1722 = CARTESIAN_POINT ( 'NONE',  ( -0.1043307086614173318, -0.2421259842519684902, -0.4212598425197252583 ) ) ;
#1723 = ORIENTED_EDGE ( 'NONE', *, *, #703, .T. ) ;
#1724 = DIRECTION ( 'NONE',  ( 1.000000000000000000, 0.000000000000000000, 0.000000000000000000 ) ) ;
#1725 = FILL_AREA_STYLE_COLOUR ( '', #666 ) ;
#1726 = CARTESIAN_POINT ( 'NONE',  ( 0.1005118777655118201, -0.1442999232902362206, 0.07531326744881888802 ) ) ;
#1727 = EDGE_CURVE ( 'NONE', #502, #2215, #4517, .T. ) ;
#1728 = CARTESIAN_POINT ( 'NONE',  ( 0.000000000000000000, -0.2066929133858267931, -0.4153543307086614012 ) ) ;
#1729 = ORIENTED_EDGE ( 'NONE', *, *, #4534, .F. ) ;
#1730 = LINE ( 'NONE', #1703, #6031 ) ;
#1731 = CARTESIAN_POINT ( 'NONE',  ( -6.002595689203703842E-19, 0.000000000000000000, -7.112283673605593217E-19 ) ) ;
#1732 = LINE ( 'NONE', #4473, #1193 ) ;
#1733 = LINE ( 'NONE', #1264, #52 ) ;
#1734 = ORIENTED_EDGE ( 'NONE', *, *, #1901, .T. ) ;
#1735 = FACE_OUTER_BOUND ( 'NONE', #5787, .T. ) ;
#1736 = ADVANCED_FACE ( 'NONE', ( #6050 ), #5953, .T. ) ;
#1737 = CARTESIAN_POINT ( 'NONE',  ( 0.06003937007874015491, -0.2401574803149578996, -0.1574803149606299191 ) ) ;
#1738 = DIRECTION ( 'NONE',  ( 0.000000000000000000, 1.000000000000000000, 0.000000000000000000 ) ) ;
#1739 = ORIENTED_EDGE ( 'NONE', *, *, #2796, .F. ) ;
#1740 = VERTEX_POINT ( 'NONE', #5923 ) ;
#1741 = PRESENTATION_STYLE_ASSIGNMENT (( #1240 ) ) ;
#1742 = AXIS2_PLACEMENT_3D ( 'NONE', #2577, #4492, #2108 ) ;
#1743 = DIRECTION ( 'NONE',  ( -1.000000000000000000, -0.000000000000000000, -0.000000000000000000 ) ) ;
#1744 = ORIENTED_EDGE ( 'NONE', *, *, #2642, .T. ) ;
#1745 = EDGE_CURVE ( 'NONE', #4988, #6012, #3643, .T. ) ;
#1746 = AXIS2_PLACEMENT_3D ( 'NONE', #808, #295, #3137 ) ;
#1747 = CARTESIAN_POINT ( 'NONE',  ( 0.01597509161751442877, 0.02860664323777768747, -0.4232283464566929942 ) ) ;
#1748 = ORIENTED_EDGE ( 'NONE', *, *, #3276, .F. ) ;
#1749 = LINE ( 'NONE', #5981, #5986 ) ;
#1750 = CARTESIAN_POINT ( 'NONE',  ( -0.06003937007874018267, -0.2559055118110182825, -0.3425196850393700809 ) ) ;
#1751 = ORIENTED_EDGE ( 'NONE', *, *, #730, .F. ) ;
#1752 = DIRECTION ( 'NONE',  ( 0.000000000000000000, 0.000000000000000000, -1.000000000000000000 ) ) ;
#1753 = AXIS2_PLACEMENT_3D ( 'NONE', #704, #4008, #3029 ) ;
#1754 = ADVANCED_FACE ( 'NONE', ( #1128, #3140 ), #2071, .T. ) ;
#1755 = ORIENTED_EDGE ( 'NONE', *, *, #1054, .T. ) ;
#1756 = AXIS2_PLACEMENT_3D ( 'NONE', #5485, #753, #1168 ) ;
#1757 = DIRECTION ( 'NONE',  ( 1.000000000000000000, 0.000000000000000000, 0.000000000000000000 ) ) ;
#1758 = CARTESIAN_POINT ( 'NONE',  ( -0.1653543307086613456, 0.1771653543307086798, 0.05905511811023622659 ) ) ;
#1759 = DIRECTION ( 'NONE',  ( 1.000000000000000000, 0.000000000000000000, 0.000000000000000000 ) ) ;
#1760 = CARTESIAN_POINT ( 'NONE',  ( 0.1830708661417498606, -0.3641732283464567121, -0.2440944881889764162 ) ) ;
#1761 = EDGE_CURVE ( 'NONE', #5979, #3112, #4023, .T. ) ;
#1762 = ORIENTED_EDGE ( 'NONE', *, *, #2772, .F. ) ;
#1763 = CARTESIAN_POINT ( 'NONE',  ( 0.04527559055117324344, -0.03543307086614172485, -0.2559055118110236671 ) ) ;
#1764 = DIRECTION ( 'NONE',  ( 0.000000000000000000, 0.000000000000000000, -1.000000000000000000 ) ) ;
#1765 = VECTOR ( 'NONE', #2904, 39.37007874015748143 ) ;
#1766 = EDGE_CURVE ( 'NONE', #2205, #5761, #1629, .T. ) ;
#1767 = DIRECTION ( 'NONE',  ( -1.000000000000000000, 0.000000000000000000, 0.000000000000000000 ) ) ;
#1768 = CARTESIAN_POINT ( 'NONE',  ( 0.1771653543307086798, -0.03937007874015747977, -0.2440944881889764162 ) ) ;
#1769 = CIRCLE ( 'NONE', #965, 0.02362204724409451562 ) ;
#1770 = ORIENTED_EDGE ( 'NONE', *, *, #1994, .F. ) ;
#1771 = LINE ( 'NONE', #1860, #62 ) ;
#1772 = LINE ( 'NONE', #3223, #3862 ) ;
#1773 = CIRCLE ( 'NONE', #3782, 0.03543307086614173873 ) ;
#1774 = VECTOR ( 'NONE', #2918, 39.37007874015748143 ) ;
#1775 = ADVANCED_FACE ( 'NONE', ( #4620 ), #5092, .T. ) ;
#1776 = EDGE_CURVE ( 'NONE', #5653, #4329, #4547, .T. ) ;
#1777 = CARTESIAN_POINT ( 'NONE',  ( 0.07874015748031495954, -0.03631186202585827416, -0.3022708151394882803 ) ) ;
#1778 = ORIENTED_EDGE ( 'NONE', *, *, #3892, .T. ) ;
#1779 = VECTOR ( 'NONE', #5013, 39.37007874015748143 ) ;
#1780 = EDGE_LOOP ( 'NONE', ( #1734, #810, #3075, #6145 ) ) ;
#1781 = EDGE_CURVE ( 'NONE', #3458, #3032, #2964, .T. ) ;
#1782 = VECTOR ( 'NONE', #5003, 39.37007874015748143 ) ;
#1783 = ORIENTED_EDGE ( 'NONE', *, *, #3400, .F. ) ;
#1784 = LINE ( 'NONE', #2129, #540 ) ;
#1785 = CARTESIAN_POINT ( 'NONE',  ( -0.06003937007874016879, -0.2401574803149597592, -0.1574803149606299191 ) ) ;
#1786 = ORIENTED_EDGE ( 'NONE', *, *, #2161, .T. ) ;
#1787 = VECTOR ( 'NONE', #5601, 39.37007874015748143 ) ;
#1788 = CARTESIAN_POINT ( 'NONE',  ( 0.1535433070866141780, -0.2444488188976378373, -0.4212598425196851237 ) ) ;
#1789 = EDGE_LOOP ( 'NONE', ( #948, #830, #6069, #514 ) ) ;
#1790 = DIRECTION ( 'NONE',  ( 0.000000000000000000, 0.000000000000000000, -1.000000000000000000 ) ) ;
#1791 = LENGTH_MEASURE_WITH_UNIT ( LENGTH_MEASURE( 0.02539999999999999897 ), #4216 );
#1792 = DIRECTION ( 'NONE',  ( 1.000000000000000000, 0.000000000000000000, 0.000000000000000000 ) ) ;
#1793 = LINE ( 'NONE', #5192, #774 ) ;
#1794 = EDGE_LOOP ( 'NONE', ( #1233, #401, #5299, #4990 ) ) ;
#1795 = DIRECTION ( 'NONE',  ( -1.000000000000000000, 0.000000000000000000, 0.000000000000000000 ) ) ;
#1796 = ORIENTED_EDGE ( 'NONE', *, *, #1581, .F. ) ;
#1797 = VECTOR ( 'NONE', #4718, 39.37007874015748143 ) ;
#1798 = ADVANCED_FACE ( 'NONE', ( #782 ), #230, .T. ) ;
#1799 = FACE_BOUND ( 'NONE', #3768, .T. ) ;
#1800 = DIRECTION ( 'NONE',  ( -1.000000000000000000, 0.000000000000000000, 0.000000000000000000 ) ) ;
#1801 = AXIS2_PLACEMENT_3D ( 'NONE', #4843, #624, #1572 ) ;
#1802 = ORIENTED_EDGE ( 'NONE', *, *, #5462, .F. ) ;
#1803 = PLANE ( 'NONE',  #3888 ) ;
#1804 = CARTESIAN_POINT ( 'NONE',  ( 0.1377952755905511861, -0.2057086614173228578, -0.3425196850393701364 ) ) ;
#1805 = CIRCLE ( 'NONE', #3214, 0.02559055118110236532 ) ;
#1806 = ADVANCED_FACE ( 'NONE', ( #6021 ), #5475, .T. ) ;
#1807 = FACE_BOUND ( 'NONE', #1474, .T. ) ;
#1808 = ORIENTED_EDGE ( 'NONE', *, *, #3852, .T. ) ;
#1809 = EDGE_CURVE ( 'NONE', #4519, #4777, #2271, .T. ) ;
#1810 = ORIENTED_EDGE ( 'NONE', *, *, #5907, .T. ) ;
#1811 = DIRECTION ( 'NONE',  ( -6.528139279297708437E-15, -2.291316159375543256E-16, -1.000000000000000000 ) ) ;
#1812 = VERTEX_POINT ( 'NONE', #5057 ) ;
#1813 = APPLICATION_PROTOCOL_DEFINITION ( 'draft international standard', 'automotive_design', 1998, #39 ) ;
#1814 = DIRECTION ( 'NONE',  ( -0.000000000000000000, -1.000000000000000000, -0.000000000000000000 ) ) ;
#1815 = CARTESIAN_POINT ( 'NONE',  ( -0.1161417322834645549, -0.08267716535433068670, -0.2244094488188976555 ) ) ;
#1816 = EDGE_CURVE ( 'NONE', #4715, #3032, #1190, .T. ) ;
#1817 = VERTEX_POINT ( 'NONE', #267 ) ;
#1818 = ORIENTED_EDGE ( 'NONE', *, *, #4754, .F. ) ;
#1819 = CARTESIAN_POINT ( 'NONE',  ( -0.1377952755905512139, -0.2165354330708713915, -0.02755905511811023584 ) ) ;
#1820 = FACE_OUTER_BOUND ( 'NONE', #3227, .T. ) ;
#1821 = DIRECTION ( 'NONE',  ( 0.000000000000000000, 0.000000000000000000, 1.000000000000000000 ) ) ;
#1822 = CARTESIAN_POINT ( 'NONE',  ( -0.05314960629921260116, -0.1749975547478937188, -0.4035433070866141780 ) ) ;
#1823 = EDGE_LOOP ( 'NONE', ( #5394, #6057, #4136, #1945 ) ) ;
#1824 = CARTESIAN_POINT ( 'NONE',  ( -0.1358267716535433156, -0.09930398801011813825, -0.2220472440944881998 ) ) ;
#1825 = CYLINDRICAL_SURFACE ( 'NONE', #2857, 0.03937007874015747977 ) ;
#1826 = EDGE_LOOP ( 'NONE', ( #2618, #4738, #643, #6065 ) ) ;
#1827 = DIRECTION ( 'NONE',  ( 0.000000000000000000, -1.000000000000000000, 0.000000000000000000 ) ) ;
#1828 = CARTESIAN_POINT ( 'NONE',  ( 0.000000000000000000, 0.000000000000000000, 0.1023622047244134442 ) ) ;
#1829 = VERTEX_POINT ( 'NONE', #3113 ) ;
#1830 = CARTESIAN_POINT ( 'NONE',  ( -0.1161417322834645827, -0.2165354330708680608, -0.02755905511811022890 ) ) ;
#1831 = DIRECTION ( 'NONE',  ( -1.000000000000000000, 0.000000000000000000, 0.000000000000000000 ) ) ;
#1832 = CARTESIAN_POINT ( 'NONE',  ( -0.1476377952755905665, -0.04718005250885826118, -0.4035433070866141780 ) ) ;
#1833 = VERTEX_POINT ( 'NONE', #2197 ) ;
#1834 = DIRECTION ( 'NONE',  ( -0.000000000000000000, -0.000000000000000000, -1.000000000000000000 ) ) ;
#1835 = EDGE_CURVE ( 'NONE', #3820, #686, #5446, .T. ) ;
#1836 = VERTEX_POINT ( 'NONE', #4962 ) ;
#1837 = ADVANCED_FACE ( 'NONE', ( #170 ), #651, .T. ) ;
#1838 = DIRECTION ( 'NONE',  ( 0.000000000000000000, 0.000000000000000000, 1.000000000000000000 ) ) ;
#1839 = ORIENTED_EDGE ( 'NONE', *, *, #755, .F. ) ;
#1840 = VECTOR ( 'NONE', #2068, 39.37007874015748143 ) ;
#1841 = PRODUCT_CONTEXT ( 'NONE', #39, 'mechanical' ) ;
#1842 = DIRECTION ( 'NONE',  ( 0.000000000000000000, 1.000000000000000000, 0.000000000000000000 ) ) ;
#1843 = CARTESIAN_POINT ( 'NONE',  ( -0.02952755905488453972, -3.060421544658240861E-13, -0.4153543307086612901 ) ) ;
#1844 = VERTEX_POINT ( 'NONE', #3708 ) ;
#1845 = ORIENTED_EDGE ( 'NONE', *, *, #1547, .T. ) ;
#1846 = VECTOR ( 'NONE', #5089, 39.37007874015748143 ) ;
#1847 = EDGE_CURVE ( 'NONE', #6034, #5018, #1663, .T. ) ;
#1848 = ADVANCED_FACE ( 'NONE', ( #4177 ), #1317, .T. ) ;
#1849 = DIRECTION ( 'NONE',  ( -0.09556829122598972659, 0.02015741183008237444, 0.9952187601027508990 ) ) ;
#1850 = DIRECTION ( 'NONE',  ( -0.8720788701316432023, -0.4893653484564642886, 0.000000000000000000 ) ) ;
#1851 = FACE_OUTER_BOUND ( 'NONE', #6234, .T. ) ;
#1852 = DIRECTION ( 'NONE',  ( 0.000000000000000000, 0.000000000000000000, 1.000000000000000000 ) ) ;
#1853 = ORIENTED_EDGE ( 'NONE', *, *, #3451, .T. ) ;
#1854 = CARTESIAN_POINT ( 'NONE',  ( -0.07863800193645668901, -0.2066929133858101675, -0.1135380704727362300 ) ) ;
#1855 = ORIENTED_EDGE ( 'NONE', *, *, #1952, .F. ) ;
#1856 = CIRCLE ( 'NONE', #4865, 0.01181102362204724046 ) ;
#1857 = CARTESIAN_POINT ( 'NONE',  ( -0.04133858267716536417, 5.062516295687877716E-18, -0.2677165354330763303 ) ) ;
#1858 = CARTESIAN_POINT ( 'NONE',  ( 0.07873251665145071521, -0.09098104539386460410, -0.1125538233311038638 ) ) ;
#1859 = CARTESIAN_POINT ( 'NONE',  ( 0.05314960629921259422, -0.05539861133649604669, -0.4035433070866448757 ) ) ;
#1860 = CARTESIAN_POINT ( 'NONE',  ( 0.05905511811023624741, -0.2500000000000000000, -0.2972440944881889480 ) ) ;
#1861 = DIRECTION ( 'NONE',  ( -0.000000000000000000, -1.000000000000000000, -0.000000000000000000 ) ) ;
#1862 = PLANE ( 'NONE',  #5721 ) ;
#1863 = LINE ( 'NONE', #802, #231 ) ;
#1864 = VECTOR ( 'NONE', #3161, 39.37007874015748143 ) ;
#1865 = VECTOR ( 'NONE', #1137, 39.37007874015748143 ) ;
#1866 = CARTESIAN_POINT ( 'NONE',  ( 0.1350393700787401452, -0.09506547360177164396, -0.2440944881889764162 ) ) ;
#1867 = ORIENTED_EDGE ( 'NONE', *, *, #2923, .T. ) ;
#1868 = FACE_OUTER_BOUND ( 'NONE', #5193, .T. ) ;
#1869 = ORIENTED_EDGE ( 'NONE', *, *, #893, .T. ) ;
#1870 = VECTOR ( 'NONE', #2087, 39.37007874015748143 ) ;
#1871 = VECTOR ( 'NONE', #176, 39.37007874015748143 ) ;
#1872 = EDGE_CURVE ( 'NONE', #2187, #4743, #1605, .T. ) ;
#1873 = PLANE ( 'NONE',  #2304 ) ;
#1874 = AXIS2_PLACEMENT_3D ( 'NONE', #1419, #826, #2310 ) ;
#1875 = EDGE_LOOP ( 'NONE', ( #4749, #3007, #4359, #4142 ) ) ;
#1876 = CARTESIAN_POINT ( 'NONE',  ( -0.1338582677165354451, -0.09448818897636002134, -0.2834645669291339098 ) ) ;
#1877 = CARTESIAN_POINT ( 'NONE',  ( -0.09748004506530746904, -0.1903852928199569472, 0.08267716535433070058 ) ) ;
#1878 = VERTEX_POINT ( 'NONE', #2724 ) ;
#1879 = ORIENTED_EDGE ( 'NONE', *, *, #872, .F. ) ;
#1880 = VECTOR ( 'NONE', #1067, 39.37007874015748143 ) ;
#1881 = EDGE_CURVE ( 'NONE', #5660, #1278, #837, .T. ) ;
#1882 = CARTESIAN_POINT ( 'NONE',  ( -0.05884694833597784586, -0.09993998156845201875, -0.3196360091584816709 ) ) ;
#1883 = PLANE ( 'NONE',  #1271 ) ;
#1884 = CIRCLE ( 'NONE', #3291, 0.01181102362204722485 ) ;
#1885 = CARTESIAN_POINT ( 'NONE',  ( -0.02952755905488453972, -3.060421544658240861E-13, -0.4153543307086612901 ) ) ;
#1886 = DIRECTION ( 'NONE',  ( 0.000000000000000000, 1.000000000000000000, 0.000000000000000000 ) ) ;
#1887 = ORIENTED_EDGE ( 'NONE', *, *, #3267, .F. ) ;
#1888 = FACE_BOUND ( 'NONE', #2929, .T. ) ;
#1889 = CARTESIAN_POINT ( 'NONE',  ( -0.1653543307086561831, 0.1653543307086612624, 0.1299212598425196763 ) ) ;
#1890 = ADVANCED_FACE ( 'NONE', ( #2229 ), #4645, .T. ) ;
#1891 = ORIENTED_EDGE ( 'NONE', *, *, #3141, .F. ) ;
#1892 = VECTOR ( 'NONE', #1440, 39.37007874015748143 ) ;
#1893 = CARTESIAN_POINT ( 'NONE',  ( 0.03740157480314174054, -0.04330708661416535904, -0.3425196850393700809 ) ) ;
#1894 = DIRECTION ( 'NONE',  ( -0.000000000000000000, -1.000000000000000000, -0.000000000000000000 ) ) ;
#1895 = ORIENTED_EDGE ( 'NONE', *, *, #2217, .T. ) ;
#1896 = CARTESIAN_POINT ( 'NONE',  ( 0.1555118110236220763, -0.09448818897636002134, -0.2440944881889764162 ) ) ;
#1897 = AXIS2_PLACEMENT_3D ( 'NONE', #6091, #2829, #6126 ) ;
#1898 = VERTEX_POINT ( 'NONE', #2620 ) ;
#1899 = CARTESIAN_POINT ( 'NONE',  ( 0.01771653543307140713, -0.2066929133858267931, -0.4153543307086614012 ) ) ;
#1900 = CARTESIAN_POINT ( 'NONE',  ( -0.05314960629921259422, -0.05539861133648622815, -0.4035433070866448757 ) ) ;
#1901 = EDGE_CURVE ( 'NONE', #1311, #5154, #4634, .T. ) ;
#1902 = VECTOR ( 'NONE', #2351, 39.37007874015748143 ) ;
#1903 = FACE_OUTER_BOUND ( 'NONE', #1070, .T. ) ;
#1904 = VERTEX_POINT ( 'NONE', #3632 ) ;
#1905 = UNCERTAINTY_MEASURE_WITH_UNIT (LENGTH_MEASURE( 1.000000000000000082E-05 ), #3713, 'distance_accuracy_value', 'NONE');
#1906 = CARTESIAN_POINT ( 'NONE',  ( 0.000000000000000000, 0.000000000000000000, -0.2677165354330709457 ) ) ;
#1907 = ORIENTED_EDGE ( 'NONE', *, *, #3423, .T. ) ;
#1908 = PLANE ( 'NONE',  #6134 ) ;
#1909 = EDGE_LOOP ( 'NONE', ( #426, #2147, #2049, #147 ) ) ;
#1910 = DIRECTION ( 'NONE',  ( 0.000000000000000000, 1.000000000000000000, 0.000000000000000000 ) ) ;
#1911 = EDGE_LOOP ( 'NONE', ( #79, #1729, #4721, #3134, #581, #5905, #6230, #1210, #1470, #3703, #2551 ) ) ;
#1912 = ORIENTED_EDGE ( 'NONE', *, *, #5234, .T. ) ;
#1913 = EDGE_CURVE ( 'NONE', #914, #4421, #672, .T. ) ;
#1914 = DIRECTION ( 'NONE',  ( 0.000000000000000000, -1.000000000000000000, 0.000000000000000000 ) ) ;
#1915 = CARTESIAN_POINT ( 'NONE',  ( 0.1948818897637795422, -0.09614050749488187164, -0.3444881889763780070 ) ) ;
#1916 = DIRECTION ( 'NONE',  ( -0.000000000000000000, 1.000000000000000000, 0.000000000000000000 ) ) ;
#1917 = DIRECTION ( 'NONE',  ( 0.000000000000000000, 1.647987302177969567E-12, 1.000000000000000000 ) ) ;
#1918 = ORIENTED_EDGE ( 'NONE', *, *, #2603, .F. ) ;
#1919 = DIRECTION ( 'NONE',  ( 0.000000000000000000, 1.000000000000000000, 0.000000000000000000 ) ) ;
#1920 = DIRECTION ( 'NONE',  ( 0.09558771285861321354, 0.000000000000000000, -0.9954210110051221472 ) ) ;
#1921 = ORIENTED_EDGE ( 'NONE', *, *, #3802, .F. ) ;
#1922 = EDGE_CURVE ( 'NONE', #1565, #5452, #4566, .T. ) ;
#1923 = DIRECTION ( 'NONE',  ( -1.000000000000000000, 0.000000000000000000, 0.000000000000000000 ) ) ;
#1924 = CARTESIAN_POINT ( 'NONE',  ( 0.02755905511811023931, 3.375010863791918606E-18, -0.4153543307086001724 ) ) ;
#1925 = CARTESIAN_POINT ( 'NONE',  ( -0.1476377952755905387, -0.2444488188976378373, -0.4028705313925196596 ) ) ;
#1926 = DIRECTION ( 'NONE',  ( 0.000000000000000000, 6.672013369141565217E-16, 1.000000000000000000 ) ) ;
#1927 = ORIENTED_EDGE ( 'NONE', *, *, #664, .F. ) ;
#1928 = CARTESIAN_POINT ( 'NONE',  ( 0.1003937007874015214, -0.09448818897637795144, -0.2440944881889717255 ) ) ;
#1929 = CARTESIAN_POINT ( 'NONE',  ( 0.1161417322834645688, -0.08267716535427842295, -0.3425196850393700809 ) ) ;
#1930 = EDGE_CURVE ( 'NONE', #4598, #2324, #251, .T. ) ;
#1931 = EDGE_CURVE ( 'NONE', #4042, #4598, #2712, .T. ) ;
#1932 = DIRECTION ( 'NONE',  ( 0.000000000000000000, 0.000000000000000000, 1.000000000000000000 ) ) ;
#1933 = VERTEX_POINT ( 'NONE', #2245 ) ;
#1934 = CARTESIAN_POINT ( 'NONE',  ( 0.000000000000000000, 0.000000000000000000, -7.785766781943149877E-15 ) ) ;
#1935 = EDGE_LOOP ( 'NONE', ( #2116, #5742, #5405, #229 ) ) ;
#1936 = DIRECTION ( 'NONE',  ( 0.000000000000000000, 0.000000000000000000, 1.000000000000000000 ) ) ;
#1937 = ORIENTED_EDGE ( 'NONE', *, *, #5512, .T. ) ;
#1938 = CARTESIAN_POINT ( 'NONE',  ( 0.000000000000000000, -0.3641732283464567121, -0.1604330708661496352 ) ) ;
#1939 = ORIENTED_EDGE ( 'NONE', *, *, #1011, .T. ) ;
#1940 = ORIENTED_EDGE ( 'NONE', *, *, #4816, .F. ) ;
#1941 = FACE_OUTER_BOUND ( 'NONE', #639, .T. ) ;
#1942 = LINE ( 'NONE', #2386, #1171 ) ;
#1943 = CARTESIAN_POINT ( 'NONE',  ( 0.000000000000000000, 0.000000000000000000, -0.4153543307087793068 ) ) ;
#1944 = FACE_OUTER_BOUND ( 'NONE', #4792, .T. ) ;
#1945 = ORIENTED_EDGE ( 'NONE', *, *, #4997, .T. ) ;
#1946 = FILL_AREA_STYLE ('',( #6211 ) ) ;
#1947 = CARTESIAN_POINT ( 'NONE',  ( -0.05314960629921260116, -0.05539861133649606750, -0.4094488188976379006 ) ) ;
#1948 = AXIS2_PLACEMENT_3D ( 'NONE', #6083, #2667, #1759 ) ;
#1949 = VERTEX_POINT ( 'NONE', #3060 ) ;
#1950 = AXIS2_PLACEMENT_3D ( 'NONE', #6197, #5873, #1492 ) ;
#1951 = DIRECTION ( 'NONE',  ( 1.000000000000000000, 0.000000000000000000, 0.000000000000000000 ) ) ;
#1952 = EDGE_CURVE ( 'NONE', #6012, #2372, #4068, .T. ) ;
#1953 = LINE ( 'NONE', #4781, #565 ) ;
#1954 = ORIENTED_EDGE ( 'NONE', *, *, #1347, .T. ) ;
#1955 = DIRECTION ( 'NONE',  ( -0.000000000000000000, -0.000000000000000000, -1.000000000000000000 ) ) ;
#1956 = VERTEX_POINT ( 'NONE', #6039 ) ;
#1957 = CARTESIAN_POINT ( 'NONE',  ( 0.1437007874015747699, -0.2066929133858267931, -0.02755905511811021849 ) ) ;
#1958 = CARTESIAN_POINT ( 'NONE',  ( -0.1400393700787401496, -0.09448818897637795144, -0.2220472440944881998 ) ) ;
#1959 = VECTOR ( 'NONE', #3658, 39.37007874015748143 ) ;
#1960 = EDGE_CURVE ( 'NONE', #895, #4546, #1178, .T. ) ;
#1961 = CARTESIAN_POINT ( 'NONE',  ( 2.892866454678786221E-18, -0.3877952755905511584, -0.1702755905511737500 ) ) ;
#1962 = CIRCLE ( 'NONE', #5486, 0.02559055118110236532 ) ;
#1963 = ORIENTED_EDGE ( 'NONE', *, *, #4534, .T. ) ;
#1964 = DIRECTION ( 'NONE',  ( 0.000000000000000000, 0.000000000000000000, -1.000000000000000000 ) ) ;
#1965 = ORIENTED_EDGE ( 'NONE', *, *, #1695, .F. ) ;
#1966 = ADVANCED_FACE ( 'NONE', ( #1209 ), #6006, .T. ) ;
#1967 = EDGE_CURVE ( 'NONE', #5426, #505, #4982, .T. ) ;
#1968 = AXIS2_PLACEMENT_3D ( 'NONE', #1788, #3208, #5153 ) ;
#1969 = DIRECTION ( 'NONE',  ( 0.000000000000000000, 0.000000000000000000, 1.000000000000000000 ) ) ;
#1970 = ORIENTED_EDGE ( 'NONE', *, *, #2426, .T. ) ;
#1971 = DIRECTION ( 'NONE',  ( 0.09558771285861815403, 0.000000000000000000, 0.9954210110051215921 ) ) ;
#1972 = VERTEX_POINT ( 'NONE', #800 ) ;
#1973 = EDGE_CURVE ( 'NONE', #1635, #5313, #1679, .T. ) ;
#1974 = EDGE_CURVE ( 'NONE', #1904, #2437, #1459, .T. ) ;
#1975 = CIRCLE ( 'NONE', #4075, 0.01181102362204724046 ) ;
#1976 = CARTESIAN_POINT ( 'NONE',  ( -0.1653543307086508818, 0.1653543307086614567, 0.1181102362204724532 ) ) ;
#1977 = CARTESIAN_POINT ( 'NONE',  ( 0.1719685039370078550, 0.1771653543307086798, -0.002362204724409448786 ) ) ;
#1978 = LINE ( 'NONE', #3489, #3894 ) ;
#1979 = ORIENTED_EDGE ( 'NONE', *, *, #1280, .T. ) ;
#1980 = VECTOR ( 'NONE', #4632, 39.37007874015748143 ) ;
#1981 = LINE ( 'NONE', #2039, #1356 ) ;
#1982 = ORIENTED_EDGE ( 'NONE', *, *, #2492, .F. ) ;
#1983 = AXIS2_PLACEMENT_3D ( 'NONE', #2948, #938, #2037 ) ;
#1984 = DIRECTION ( 'NONE',  ( -0.000000000000000000, -6.672013369141565217E-16, -1.000000000000000000 ) ) ;
#1985 = CARTESIAN_POINT ( 'NONE',  ( -0.06810568461420510311, -0.03543307086614172485, -0.2559055118110127314 ) ) ;
#1986 = ORIENTED_EDGE ( 'NONE', *, *, #6157, .F. ) ;
#1987 = DIRECTION ( 'NONE',  ( -1.000000000000000000, 0.000000000000000000, 0.000000000000000000 ) ) ;
#1988 = ORIENTED_EDGE ( 'NONE', *, *, #1960, .F. ) ;
#1989 = DIRECTION ( 'NONE',  ( 0.000000000000000000, 4.336808689942017243E-16, 1.000000000000000000 ) ) ;
#1990 = CARTESIAN_POINT ( 'NONE',  ( 0.000000000000000000, 0.000000000000000000, -0.4114173228346462152 ) ) ;
#1991 = ADVANCED_FACE ( 'NONE', ( #284, #5017 ), #2182, .F. ) ;
#1992 = CARTESIAN_POINT ( 'NONE',  ( 1.118198970644071502E-17, 0.000000000000000000, 0.1299212598425196763 ) ) ;
#1993 = AXIS2_PLACEMENT_3D ( 'NONE', #6120, #5640, #1325 ) ;
#1994 = EDGE_CURVE ( 'NONE', #3195, #4833, #2214, .T. ) ;
#1995 = ORIENTED_EDGE ( 'NONE', *, *, #5846, .F. ) ;
#1996 = DIRECTION ( 'NONE',  ( -1.000000000000000000, -0.000000000000000000, -0.000000000000000000 ) ) ;
#1997 = CARTESIAN_POINT ( 'NONE',  ( 0.000000000000000000, -0.3641732283464567121, -0.4153543307086001724 ) ) ;
#1998 = ORIENTED_EDGE ( 'NONE', *, *, #2894, .T. ) ;
#1999 = EDGE_CURVE ( 'NONE', #5058, #1836, #1646, .T. ) ;
#2000 = VECTOR ( 'NONE', #2765, 39.37007874015748143 ) ;
#2001 = FACE_OUTER_BOUND ( 'NONE', #1909, .T. ) ;
#2002 = EDGE_LOOP ( 'NONE', ( #3649, #1112, #3562, #2464 ) ) ;
#2003 = EDGE_CURVE ( 'NONE', #4832, #5106, #1618, .T. ) ;
#2004 = CIRCLE ( 'NONE', #4917, 0.04133858267716536417 ) ;
#2005 = LINE ( 'NONE', #453, #2387 ) ;
#2006 = VERTEX_POINT ( 'NONE', #5078 ) ;
#2007 = FACE_OUTER_BOUND ( 'NONE', #3906, .T. ) ;
#2008 = ADVANCED_FACE ( 'NONE', ( #6068 ), #5591, .T. ) ;
#2009 = CARTESIAN_POINT ( 'NONE',  ( 0.08520918823212385307, -0.04521299052618360514, -0.04510775960620479891 ) ) ;
#2010 = CARTESIAN_POINT ( 'NONE',  ( -0.09251968503937006705, -0.2116141732283464416, -0.1523622047244094502 ) ) ;
#2011 = VERTEX_POINT ( 'NONE', #3100 ) ;
#2012 = DIRECTION ( 'NONE',  ( 0.000000000000000000, 0.000000000000000000, -1.000000000000000000 ) ) ;
#2013 = EDGE_LOOP ( 'NONE', ( #3634, #2819, #225, #1723 ) ) ;
#2014 = DIRECTION ( 'NONE',  ( -1.000000000000000000, 0.000000000000000000, 0.000000000000000000 ) ) ;
#2015 = DIRECTION ( 'NONE',  ( 0.000000000000000000, 1.000000000000000000, 0.000000000000000000 ) ) ;
#2016 = CARTESIAN_POINT ( 'NONE',  ( -0.09664603631298555875, -0.1426563428879298878, 0.07399205499238085959 ) ) ;
#2017 = CYLINDRICAL_SURFACE ( 'NONE', #255, 0.07677165354330708902 ) ;
#2018 = ORIENTED_EDGE ( 'NONE', *, *, #1531, .F. ) ;
#2019 = CARTESIAN_POINT ( 'NONE',  ( 0.04921259842519685318, -0.2942913385826771422, -0.1604330708661485250 ) ) ;
#2020 =( BOUNDED_CURVE ( )  B_SPLINE_CURVE ( 3, ( #558, #5322, #5885, #6236 ),
 .UNSPECIFIED., .F., .F. ) 
 B_SPLINE_CURVE_WITH_KNOTS ( ( 4, 4 ),
 ( 0.9745861903521845226, 2.464501033898566895 ),
 .UNSPECIFIED. ) 
 CURVE ( )  GEOMETRIC_REPRESENTATION_ITEM ( )  RATIONAL_B_SPLINE_CURVE ( ( 1.000000000000000000, 0.8234111790350171489, 0.8234111790350171489, 1.000000000000000000 ) ) 
 REPRESENTATION_ITEM ( '' )  );
#2021 = ADVANCED_FACE ( 'NONE', ( #190 ), #955, .T. ) ;
#2022 = DIRECTION ( 'NONE',  ( 0.000000000000000000, -1.000000000000000000, 0.000000000000000000 ) ) ;
#2023 = ORIENTED_EDGE ( 'NONE', *, *, #386, .F. ) ;
#2024 = UNCERTAINTY_MEASURE_WITH_UNIT (LENGTH_MEASURE( 1.000000000000000082E-05 ), #2225, 'distance_accuracy_value', 'NONE');
#2025 = CYLINDRICAL_SURFACE ( 'NONE', #4476, 0.03937007874015749365 ) ;
#2026 = LINE ( 'NONE', #1876, #4963 ) ;
#2027 = EDGE_CURVE ( 'NONE', #5452, #5461, #858, .T. ) ;
#2028 = ORIENTED_EDGE ( 'NONE', *, *, #1054, .F. ) ;
#2029 = DIRECTION ( 'NONE',  ( 0.000000000000000000, 0.000000000000000000, 1.000000000000000000 ) ) ;
#2030 = ORIENTED_EDGE ( 'NONE', *, *, #3260, .T. ) ;
#2031 = EDGE_CURVE ( 'NONE', #1129, #5603, #381, .T. ) ;
#2032 = DIRECTION ( 'NONE',  ( -1.000000000000000000, -0.000000000000000000, -0.000000000000000000 ) ) ;
#2033 = ORIENTED_EDGE ( 'NONE', *, *, #1511, .F. ) ;
#2034 = EDGE_CURVE ( 'NONE', #3059, #1972, #6135, .T. ) ;
#2035 = PLANE ( 'NONE',  #5836 ) ;
#2036 = LINE ( 'NONE', #3012, #1147 ) ;
#2037 = DIRECTION ( 'NONE',  ( -1.000000000000000000, 0.000000000000000000, 0.000000000000000000 ) ) ;
#2038 = ORIENTED_EDGE ( 'NONE', *, *, #4765, .T. ) ;
#2039 = CARTESIAN_POINT ( 'NONE',  ( -0.04589698973944883464, -0.03481167167785827188, -0.2559055118110236671 ) ) ;
#2040 = VERTEX_POINT ( 'NONE', #1398 ) ;
#2041 = ADVANCED_FACE ( 'NONE', ( #3694 ), #441, .T. ) ;
#2042 = EDGE_CURVE ( 'NONE', #5251, #1415, #4791, .T. ) ;
#2043 = EDGE_CURVE ( 'NONE', #598, #3722, #2810, .T. ) ;
#2044 = DIRECTION ( 'NONE',  ( -0.000000000000000000, -0.000000000000000000, -1.000000000000000000 ) ) ;
#2045 = LINE ( 'NONE', #5801, #4077 ) ;
#2046 = DIRECTION ( 'NONE',  ( 0.000000000000000000, -7.228014483236698528E-16, 1.000000000000000000 ) ) ;
#2047 = AXIS2_PLACEMENT_3D ( 'NONE', #4121, #3591, #4217 ) ;
#2048 = CARTESIAN_POINT ( 'NONE',  ( -0.1653543307086614567, -0.2440944881889764162, 0.1181102362204724532 ) ) ;
#2049 = ORIENTED_EDGE ( 'NONE', *, *, #2570, .T. ) ;
#2050 = DIRECTION ( 'NONE',  ( -0.000000000000000000, 1.000000000000000000, 0.000000000000000000 ) ) ;
#2051 = VECTOR ( 'NONE', #1086, 39.37007874015748143 ) ;
#2052 = CARTESIAN_POINT ( 'NONE',  ( -0.1653543307086608183, -0.2559055118110236671, 0.1181102362204651257 ) ) ;
#2053 = ORIENTED_EDGE ( 'NONE', *, *, #2146, .T. ) ;
#2054 = CARTESIAN_POINT ( 'NONE',  ( 0.1653543307086508818, -0.2440944881889764162, 0.1181102362204724532 ) ) ;
#2055 = DIRECTION ( 'NONE',  ( -1.000000000000000000, -1.224646799147353207E-16, 0.000000000000000000 ) ) ;
#2056 = VECTOR ( 'NONE', #1114, 39.37007874015748143 ) ;
#2057 = ORIENTED_EDGE ( 'NONE', *, *, #3761, .F. ) ;
#2058 = VECTOR ( 'NONE', #1038, 39.37007874015748143 ) ;
#2059 = DIRECTION ( 'NONE',  ( 0.000000000000000000, 1.000000000000000000, 0.000000000000000000 ) ) ;
#2060 = ORIENTED_EDGE ( 'NONE', *, *, #1648, .T. ) ;
#2061 = CARTESIAN_POINT ( 'NONE',  ( 0.03685039370078740939, 0.03690880229219291320, -0.4232283464566929387 ) ) ;
#2062 = DIRECTION ( 'NONE',  ( 0.000000000000000000, -1.000000000000000000, 0.000000000000000000 ) ) ;
#2063 = VERTEX_POINT ( 'NONE', #411 ) ;
#2064 = AXIS2_PLACEMENT_3D ( 'NONE', #1777, #6189, #6158 ) ;
#2065 = EDGE_CURVE ( 'NONE', #4050, #527, #2660, .T. ) ;
#2066 = VECTOR ( 'NONE', #3188, 39.37007874015748143 ) ;
#2067 = CARTESIAN_POINT ( 'NONE',  ( 0.07721693631941319025, -0.1059098936342680736, -0.1283366102737078795 ) ) ;
#2068 = DIRECTION ( 'NONE',  ( 1.000000000000000000, 0.000000000000000000, 0.000000000000000000 ) ) ;
#2069 = DIRECTION ( 'NONE',  ( -0.07921010489577248737, 0.5597462186850552524, 0.8248696442166987275 ) ) ;
#2070 = EDGE_LOOP ( 'NONE', ( #2558, #6176, #4171, #3417 ) ) ;
#2071 = PLANE ( 'NONE',  #4975 ) ;
#2072 = ORIENTED_EDGE ( 'NONE', *, *, #5652, .F. ) ;
#2073 = CIRCLE ( 'NONE', #3182, 0.02559055118110236879 ) ;
#2074 = AXIS2_PLACEMENT_3D ( 'NONE', #3871, #3933, #5864 ) ;
#2075 = LINE ( 'NONE', #691, #599 ) ;
#2076 = LINE ( 'NONE', #1573, #2376 ) ;
#2077 = CIRCLE ( 'NONE', #5604, 0.1161417322834645688 ) ;
#2078 = CYLINDRICAL_SURFACE ( 'NONE', #4447, 0.03937007874015750059 ) ;
#2079 = EDGE_CURVE ( 'NONE', #1556, #6180, #1261, .T. ) ;
#2080 = CARTESIAN_POINT ( 'NONE',  ( 0.1948818897637795144, -0.1023622047244094613, -0.3425196850393700809 ) ) ;
#2081 = ORIENTED_EDGE ( 'NONE', *, *, #6090, .T. ) ;
#2082 = CARTESIAN_POINT ( 'NONE',  ( 0.1377952755905511584, -0.2165354330708660902, -0.02755905511811022890 ) ) ;
#2083 = CARTESIAN_POINT ( 'NONE',  ( 0.000000000000000000, 0.000000000000000000, -0.2677165354330753866 ) ) ;
#2084 = VECTOR ( 'NONE', #2920, 39.37007874015748143 ) ;
#2085 = DIRECTION ( 'NONE',  ( -1.000000000000000000, -0.000000000000000000, -0.000000000000000000 ) ) ;
#2086 = EDGE_LOOP ( 'NONE', ( #2236, #4541, #1954, #6086 ) ) ;
#2087 = DIRECTION ( 'NONE',  ( 0.000000000000000000, 0.000000000000000000, -1.000000000000000000 ) ) ;
#2088 = EDGE_CURVE ( 'NONE', #4988, #1129, #5621, .T. ) ;
#2089 = TOROIDAL_SURFACE ( 'NONE', #5103, 0.001968503937008147207, 0.007874015748031570547 ) ;
#2090 = ORIENTED_EDGE ( 'NONE', *, *, #856, .T. ) ;
#2091 = VECTOR ( 'NONE', #5840, 39.37007874015748143 ) ;
#2092 = CARTESIAN_POINT ( 'NONE',  ( 0.1412598425196850416, -0.09930398801011813825, -0.2244094488188976555 ) ) ;
#2093 = VERTEX_POINT ( 'NONE', #5748 ) ;
#2094 = FILL_AREA_STYLE ('',( #161 ) ) ;
#2095 = CARTESIAN_POINT ( 'NONE',  ( -0.1771653543307086798, -0.2440944881889699491, 0.1181102362204651257 ) ) ;
#2096 = ORIENTED_EDGE ( 'NONE', *, *, #379, .F. ) ;
#2097 = AXIS2_PLACEMENT_3D ( 'NONE', #6154, #6216, #4224 ) ;
#2098 = AXIS2_PLACEMENT_3D ( 'NONE', #6114, #2702, #2325 ) ;
#2099 = CARTESIAN_POINT ( 'NONE',  ( 0.000000000000000000, -0.09098104539387437406, -0.1125538233311040442 ) ) ;
#2100 = DIRECTION ( 'NONE',  ( 0.000000000000000000, 0.000000000000000000, 1.000000000000000000 ) ) ;
#2101 = DIRECTION ( 'NONE',  ( 0.000000000000000000, 0.000000000000000000, 1.000000000000000000 ) ) ;
#2102 = ORIENTED_EDGE ( 'NONE', *, *, #2446, .T. ) ;
#2103 = DIRECTION ( 'NONE',  ( 0.000000000000000000, 0.000000000000000000, -1.000000000000000000 ) ) ;
#2104 = ADVANCED_FACE ( 'NONE', ( #6099 ), #5173, .F. ) ;
#2105 = ORIENTED_EDGE ( 'NONE', *, *, #5120, .T. ) ;
#2106 = FACE_OUTER_BOUND ( 'NONE', #4926, .T. ) ;
#2107 = DIRECTION ( 'NONE',  ( 1.000000000000000000, 0.000000000000000000, 0.000000000000000000 ) ) ;
#2108 = DIRECTION ( 'NONE',  ( 0.000000000000000000, 0.000000000000000000, 1.000000000000000000 ) ) ;
#2109 = CARTESIAN_POINT ( 'NONE',  ( 0.1476377952755905387, -0.2421259842519681293, -0.4035433070865839245 ) ) ;
#2110 = ADVANCED_FACE ( 'NONE', ( #5242 ), #3790, .T. ) ;
#2111 = EDGE_LOOP ( 'NONE', ( #745, #1532, #4606, #4571, #6040, #4951, #1529, #2023 ) ) ;
#2112 = LINE ( 'NONE', #1167, #4301 ) ;
#2113 = DIRECTION ( 'NONE',  ( 1.000000000000000000, 6.505213034913038437E-15, 0.000000000000000000 ) ) ;
#2114 = EDGE_CURVE ( 'NONE', #2381, #4691, #5720, .T. ) ;
#2115 = DIRECTION ( 'NONE',  ( 0.000000000000000000, 0.000000000000000000, -1.000000000000000000 ) ) ;
#2116 = ORIENTED_EDGE ( 'NONE', *, *, #76, .T. ) ;
#2117 = CARTESIAN_POINT ( 'NONE',  ( -0.1437007874015747977, -0.2058922922764961083, -0.02125984251968503908 ) ) ;
#2118 = DIRECTION ( 'NONE',  ( 1.000000000000000000, 0.000000000000000000, 0.000000000000000000 ) ) ;
#2119 = ORIENTED_EDGE ( 'NONE', *, *, #4126, .F. ) ;
#2120 = EDGE_CURVE ( 'NONE', #3585, #3943, #2371, .T. ) ;
#2121 = ADVANCED_FACE ( 'NONE', ( #1903 ), #5590, .F. ) ;
#2122 = DIRECTION ( 'NONE',  ( -1.000000000000000000, -0.000000000000000000, -0.000000000000000000 ) ) ;
#2123 = ORIENTED_EDGE ( 'NONE', *, *, #3493, .T. ) ;
#2124 =( LENGTH_UNIT ( ) NAMED_UNIT ( * ) SI_UNIT ( $, .METRE. ) );
#2125 = LINE ( 'NONE', #3518, #3598 ) ;
#2126 = EDGE_LOOP ( 'NONE', ( #3936, #2790, #710, #2811, #587, #2250 ) ) ;
#2127 = ORIENTED_EDGE ( 'NONE', *, *, #223, .T. ) ;
#2128 = FACE_OUTER_BOUND ( 'NONE', #2777, .T. ) ;
#2129 = CARTESIAN_POINT ( 'NONE',  ( 0.1771653543307086798, 0.1653543307086615122, -0.1122047244094488139 ) ) ;
#2130 = DIRECTION ( 'NONE',  ( -0.000000000000000000, 1.000000000000000000, 0.000000000000000000 ) ) ;
#2131 = VERTEX_POINT ( 'NONE', #2741 ) ;
#2132 = DIRECTION ( 'NONE',  ( 0.000000000000000000, -0.07768658419976380569, 0.9969778305636354254 ) ) ;
#2133 = VERTEX_POINT ( 'NONE', #4662 ) ;
#2134 = DIRECTION ( 'NONE',  ( -1.000000000000000000, -2.891205793294679411E-15, 0.000000000000000000 ) ) ;
#2135 = LINE ( 'NONE', #3555, #4385 ) ;
#2136 = DIRECTION ( 'NONE',  ( 0.000000000000000000, 1.000000000000000000, 0.000000000000000000 ) ) ;
#2137 = DIRECTION ( 'NONE',  ( 0.000000000000000000, 0.000000000000000000, -1.000000000000000000 ) ) ;
#2138 = VERTEX_POINT ( 'NONE', #2282 ) ;
#2139 = FACE_OUTER_BOUND ( 'NONE', #1324, .T. ) ;
#2140 = ADVANCED_FACE ( 'NONE', ( #1807, #3726 ), #5649, .T. ) ;
#2141 = VECTOR ( 'NONE', #5352, 39.37007874015748143 ) ;
#2142 = DIRECTION ( 'NONE',  ( -1.000000000000000000, 0.000000000000000000, 0.000000000000000000 ) ) ;
#2143 = ORIENTED_EDGE ( 'NONE', *, *, #722, .T. ) ;
#2144 = DIRECTION ( 'NONE',  ( 0.000000000000000000, 0.000000000000000000, -1.000000000000000000 ) ) ;
#2145 =( CONVERSION_BASED_UNIT ( 'INCH', #1710 ) LENGTH_UNIT ( ) NAMED_UNIT ( #4565 ) );
#2146 = EDGE_CURVE ( 'NONE', #3000, #2838, #4779, .T. ) ;
#2147 = ORIENTED_EDGE ( 'NONE', *, *, #1952, .T. ) ;
#2148 = VECTOR ( 'NONE', #2967, 39.37007874015748143 ) ;
#2149 = CARTESIAN_POINT ( 'NONE',  ( 0.02066929133858263698, -0.09842519685039370636, -0.2244094488188976277 ) ) ;
#2150 = ORIENTED_EDGE ( 'NONE', *, *, #2802, .T. ) ;
#2151 = CIRCLE ( 'NONE', #549, 0.01181102362204722485 ) ;
#2152 = EDGE_CURVE ( 'NONE', #996, #848, #142, .T. ) ;
#2153 = DIRECTION ( 'NONE',  ( -1.000000000000000000, 0.000000000000000000, 0.000000000000000000 ) ) ;
#2154 = ORIENTED_EDGE ( 'NONE', *, *, #1152, .T. ) ;
#2155 = VECTOR ( 'NONE', #3651, 39.37007874015748143 ) ;
#2156 = VERTEX_POINT ( 'NONE', #3382 ) ;
#2157 = CARTESIAN_POINT ( 'NONE',  ( 0.000000000000000000, 0.000000000000000000, -0.4153543307087793068 ) ) ;
#2158 = DIRECTION ( 'NONE',  ( 1.000000000000000000, 0.000000000000000000, 0.000000000000000000 ) ) ;
#2159 = VECTOR ( 'NONE', #2837, 39.37007874015748143 ) ;
#2160 = CARTESIAN_POINT ( 'NONE',  ( 0.000000000000000000, 1.024442997622615895E-17, -0.2440944881889939300 ) ) ;
#2161 = EDGE_CURVE ( 'NONE', #5386, #5154, #4827, .T. ) ;
#2162 = ORIENTED_EDGE ( 'NONE', *, *, #2272, .F. ) ;
#2163 = DIRECTION ( 'NONE',  ( 0.000000000000000000, 0.000000000000000000, 1.000000000000000000 ) ) ;
#2164 = EDGE_CURVE ( 'NONE', #4519, #104, #3026, .T. ) ;
#2165 = ORIENTED_EDGE ( 'NONE', *, *, #4003, .F. ) ;
#2166 = VECTOR ( 'NONE', #2662, 39.37007874015748143 ) ;
#2167 = CARTESIAN_POINT ( 'NONE',  ( 0.1476377952755905387, -0.1259842519685039353, -0.4212598425197051633 ) ) ;
#2168 = CARTESIAN_POINT ( 'NONE',  ( -2.167228898538046976E-18, 0.000000000000000000, 0.02559055118110236532 ) ) ;
#2169 = CARTESIAN_POINT ( 'NONE',  ( -0.08573990089915450863, -0.05335737635838635334, -0.03958108129400826625 ) ) ;
#2170 = PLANE ( 'NONE',  #877 ) ;
#2171 = EDGE_LOOP ( 'NONE', ( #5433, #1778, #2482, #613 ) ) ;
#2172 = CIRCLE ( 'NONE', #5698, 0.02559055118110236532 ) ;
#2173 = DIRECTION ( 'NONE',  ( 1.000000000000000000, 0.000000000000000000, 0.000000000000000000 ) ) ;
#2174 = DIRECTION ( 'NONE',  ( 0.000000000000000000, 0.000000000000000000, 1.000000000000000000 ) ) ;
#2175 = CIRCLE ( 'NONE', #758, 0.01968503937007872254 ) ;
#2176 = CIRCLE ( 'NONE', #3980, 0.03937007874015747977 ) ;
#2177 = LINE ( 'NONE', #1358, #2664 ) ;
#2178 = EDGE_LOOP ( 'NONE', ( #5690, #2872, #3656, #3511, #5340, #1597, #3642, #3010 ) ) ;
#2179 = DIRECTION ( 'NONE',  ( 1.000000000000000000, 0.000000000000000000, 0.000000000000000000 ) ) ;
#2180 = DIRECTION ( 'NONE',  ( 1.000000000000000000, 0.000000000000000000, 0.000000000000000000 ) ) ;
#2181 = AXIS2_PLACEMENT_3D ( 'NONE', #1600, #1720, #3522 ) ;
#2182 = PLANE ( 'NONE',  #2468 ) ;
#2183 = VECTOR ( 'NONE', #3357, 39.37007874015748143 ) ;
#2184 = ORIENTED_EDGE ( 'NONE', *, *, #3514, .F. ) ;
#2185 = SURFACE_STYLE_FILL_AREA ( #254 ) ;
#2186 = ADVANCED_FACE ( 'NONE', ( #3506 ), #5429, .F. ) ;
#2187 = VERTEX_POINT ( 'NONE', #1454 ) ;
#2188 = VECTOR ( 'NONE', #2834, 39.37007874015748143 ) ;
#2189 = EDGE_CURVE ( 'NONE', #4700, #4445, #3969, .T. ) ;
#2190 = DIRECTION ( 'NONE',  ( -0.000000000000000000, -0.000000000000000000, -1.000000000000000000 ) ) ;
#2191 = ORIENTED_EDGE ( 'NONE', *, *, #365, .F. ) ;
#2192 = PLANE ( 'NONE',  #1502 ) ;
#2193 = AXIS2_PLACEMENT_3D ( 'NONE', #5877, #2029, #3944 ) ;
#2194 = DIRECTION ( 'NONE',  ( 0.000000000000000000, -0.7071067811865477948, 0.7071067811865473507 ) ) ;
#2195 = CARTESIAN_POINT ( 'NONE',  ( 0.000000000000000000, -0.2500000000000000000, -0.3425196850393700809 ) ) ;
#2196 = VERTEX_POINT ( 'NONE', #4944 ) ;
#2197 = CARTESIAN_POINT ( 'NONE',  ( -0.04921259842519684624, -0.2474539693460359457, -0.4035433070866141780 ) ) ;
#2198 = ORIENTED_EDGE ( 'NONE', *, *, #102, .T. ) ;
#2199 = AXIS2_PLACEMENT_3D ( 'NONE', #3554, #234, #2201 ) ;
#2200 = EDGE_CURVE ( 'NONE', #2952, #4777, #511, .T. ) ;
#2201 = DIRECTION ( 'NONE',  ( 3.016566500190898094E-16, 0.000000000000000000, -1.000000000000000000 ) ) ;
#2202 = CARTESIAN_POINT ( 'NONE',  ( 0.09842519685039370636, -0.2058922922764961083, -0.02835967622744882399 ) ) ;
#2203 = DIRECTION ( 'NONE',  ( 1.000000000000000000, 0.000000000000000000, 0.000000000000000000 ) ) ;
#2204 = LINE ( 'NONE', #178, #4393 ) ;
#2205 = VERTEX_POINT ( 'NONE', #4321 ) ;
#2206 = CARTESIAN_POINT ( 'NONE',  ( 0.08916949693511813657, -0.05244201526102362787, -0.03823216001950786869 ) ) ;
#2207 = PLANE ( 'NONE',  #4768 ) ;
#2208 = CIRCLE ( 'NONE', #1204, 0.01181102362204724046 ) ;
#2209 = DIRECTION ( 'NONE',  ( 0.000000000000000000, 0.000000000000000000, 1.000000000000000000 ) ) ;
#2210 = FACE_OUTER_BOUND ( 'NONE', #2959, .T. ) ;
#2211 = VERTEX_POINT ( 'NONE', #2052 ) ;
#2212 = CARTESIAN_POINT ( 'NONE',  ( 0.000000000000000000, 0.000000000000000000, -0.2677165354330709457 ) ) ;
#2213 = LINE ( 'NONE', #798, #4558 ) ;
#2214 = LINE ( 'NONE', #1272, #44 ) ;
#2215 = VERTEX_POINT ( 'NONE', #3848 ) ;
#2216 = VERTEX_POINT ( 'NONE', #3912 ) ;
#2217 = EDGE_CURVE ( 'NONE', #3672, #350, #5693, .T. ) ;
#2218 = FILL_AREA_STYLE_COLOUR ( '', #2767 ) ;
#2219 = CARTESIAN_POINT ( 'NONE',  ( -0.1358267716535433156, -0.09055118110236221041, -0.3425196850393700809 ) ) ;
#2220 = ORIENTED_EDGE ( 'NONE', *, *, #1263, .T. ) ;
#2221 =( BOUNDED_CURVE ( )  B_SPLINE_CURVE ( 3, ( #3611, #5536, #5657, #5691 ),
 .UNSPECIFIED., .F., .T. ) 
 B_SPLINE_CURVE_WITH_KNOTS ( ( 4, 4 ),
 ( 3.141592653589793116, 3.818684273281379493 ),
 .UNSPECIFIED. ) 
 CURVE ( )  GEOMETRIC_REPRESENTATION_ITEM ( )  RATIONAL_B_SPLINE_CURVE ( ( 1.000000000000000000, 0.9621590814643423695, 0.9621590814643423695, 1.000000000000000000 ) ) 
 REPRESENTATION_ITEM ( '' )  );
#2222 = EDGE_CURVE ( 'NONE', #1259, #4673, #988, .T. ) ;
#2223 = DIRECTION ( 'NONE',  ( 0.000000000000000000, 0.000000000000000000, -1.000000000000000000 ) ) ;
#2224 = VERTEX_POINT ( 'NONE', #1961 ) ;
#2225 =( CONVERSION_BASED_UNIT ( 'INCH', #2784 ) LENGTH_UNIT ( ) NAMED_UNIT ( #3485 ) );
#2226 = CARTESIAN_POINT ( 'NONE',  ( 0.01771653543307082079, -1.417431543452440109E-17, -0.4114173228346462152 ) ) ;
#2227 = FACE_OUTER_BOUND ( 'NONE', #3538, .T. ) ;
#2228 = VERTEX_POINT ( 'NONE', #5401 ) ;
#2229 = FACE_OUTER_BOUND ( 'NONE', #5806, .T. ) ;
#2230 = EDGE_CURVE ( 'NONE', #5939, #2663, #2995, .T. ) ;
#2231 = ORIENTED_EDGE ( 'NONE', *, *, #1913, .T. ) ;
#2232 = FACE_OUTER_BOUND ( 'NONE', #6220, .T. ) ;
#2233 = LINE ( 'NONE', #6054, #3587 ) ;
#2234 = LINE ( 'NONE', #4649, #126 ) ;
#2235 = CARTESIAN_POINT ( 'NONE',  ( 0.000000000000000000, -0.003937007874015747977, -0.3425196850393592007 ) ) ;
#2236 = ORIENTED_EDGE ( 'NONE', *, *, #5144, .T. ) ;
#2237 = FACE_OUTER_BOUND ( 'NONE', #4979, .T. ) ;
#2238 = EDGE_CURVE ( 'NONE', #2820, #2952, #1020, .T. ) ;
#2239 = ADVANCED_FACE ( 'NONE', ( #4851 ), #2493, .T. ) ;
#2240 = DIRECTION ( 'NONE',  ( 0.000000000000000000, 1.000000000000000000, 0.000000000000000000 ) ) ;
#2241 = ORIENTED_EDGE ( 'NONE', *, *, #5389, .T. ) ;
#2242 = CARTESIAN_POINT ( 'NONE',  ( 0.1161417322834645688, -0.03543307086614172485, 0.1023622047244094752 ) ) ;
#2243 = CARTESIAN_POINT ( 'NONE',  ( 0.09251968503937006705, -0.2165354330708593456, -0.2474409448818897517 ) ) ;
#2244 = ADVANCED_FACE ( 'NONE', ( #4410 ), #5842, .T. ) ;
#2245 = CARTESIAN_POINT ( 'NONE',  ( 0.1574803149606299191, -0.003937007874032033561, -2.721176712439012152E-16 ) ) ;
#2246 = ORIENTED_EDGE ( 'NONE', *, *, #2345, .F. ) ;
#2247 = CARTESIAN_POINT ( 'NONE',  ( 0.04921259842519529887, -0.2244094488188976555, -0.1702755905511810774 ) ) ;
#2248 = CIRCLE ( 'NONE', #1543, 0.009842519685039748112 ) ;
#2249 =( CONVERSION_BASED_UNIT ( 'INCH', #986 ) LENGTH_UNIT ( ) NAMED_UNIT ( #2517 ) );
#2250 = ORIENTED_EDGE ( 'NONE', *, *, #5399, .F. ) ;
#2251 = CARTESIAN_POINT ( 'NONE',  ( 0.1653543307086614567, -0.03937007874015747977, 0.1299212598425196763 ) ) ;
#2252 = ORIENTED_EDGE ( 'NONE', *, *, #6249, .T. ) ;
#2253 = DIRECTION ( 'NONE',  ( 0.000000000000000000, 0.000000000000000000, -1.000000000000000000 ) ) ;
#2254 = CARTESIAN_POINT ( 'NONE',  ( 0.000000000000000000, -0.2066929133858267931, -0.02755905511811023931 ) ) ;
#2255 = CARTESIAN_POINT ( 'NONE',  ( 0.09748004506530846824, -0.1903852928199569472, 0.08267716535433070058 ) ) ;
#2256 = ORIENTED_EDGE ( 'NONE', *, *, #6165, .F. ) ;
#2257 = DIRECTION ( 'NONE',  ( 0.000000000000000000, 0.000000000000000000, -1.000000000000000000 ) ) ;
#2258 = CIRCLE ( 'NONE', #3459, 0.02559055118110236532 ) ;
#2259 = ORIENTED_EDGE ( 'NONE', *, *, #3769, .F. ) ;
#2260 = EDGE_CURVE ( 'NONE', #1817, #2138, #2768, .T. ) ;
#2261 = AXIS2_PLACEMENT_3D ( 'NONE', #2269, #2733, #2827 ) ;
#2262 = EDGE_CURVE ( 'NONE', #1812, #5798, #607, .T. ) ;
#2263 = FACE_OUTER_BOUND ( 'NONE', #3290, .T. ) ;
#2264 = SURFACE_SIDE_STYLE ('',( #4740 ) ) ;
#2265 = CARTESIAN_POINT ( 'NONE',  ( -0.1771653543307086798, -0.03937007874015747977, -0.3425196850393699699 ) ) ;
#2266 = LINE ( 'NONE', #2328, #3192 ) ;
#2267 = ORIENTED_EDGE ( 'NONE', *, *, #1230, .T. ) ;
#2268 = DIRECTION ( 'NONE',  ( 0.000000000000000000, 0.9969778305636355364, 0.07768658419976375018 ) ) ;
#2269 = CARTESIAN_POINT ( 'NONE',  ( 0.1834251968503937125, -0.09842519685039370636, -0.2220472440944881998 ) ) ;
#2270 = VERTEX_POINT ( 'NONE', #3939 ) ;
#2271 = CIRCLE ( 'NONE', #5077, 0.01181102362204724046 ) ;
#2272 = EDGE_CURVE ( 'NONE', #194, #3397, #5583, .T. ) ;
#2273 = FACE_OUTER_BOUND ( 'NONE', #2178, .T. ) ;
#2274 = CARTESIAN_POINT ( 'NONE',  ( -0.04921259842519676991, -0.2244094488188976555, -0.1525590551181102150 ) ) ;
#2275 = VECTOR ( 'NONE', #1548, 39.37007874015748143 ) ;
#2276 = ORIENTED_EDGE ( 'NONE', *, *, #2345, .T. ) ;
#2277 = DIRECTION ( 'NONE',  ( 0.000000000000000000, 0.000000000000000000, 1.000000000000000000 ) ) ;
#2278 = DIRECTION ( 'NONE',  ( -1.000000000000000000, -0.000000000000000000, -0.000000000000000000 ) ) ;
#2279 = VECTOR ( 'NONE', #3351, 39.37007874015748143 ) ;
#2280 = CIRCLE ( 'NONE', #5910, 0.02362204724409451562 ) ;
#2281 = ADVANCED_FACE ( 'NONE', ( #5039 ), #5294, .F. ) ;
#2282 = CARTESIAN_POINT ( 'NONE',  ( 0.04921259842519685318, -0.2165354330708587627, -0.1523622047244094502 ) ) ;
#2283 = ORIENTED_EDGE ( 'NONE', *, *, #1341, .F. ) ;
#2284 = CARTESIAN_POINT ( 'NONE',  ( 0.02952755905488453972, -5.076552629093618011E-12, -0.4153543307086612901 ) ) ;
#2285 = AXIS2_PLACEMENT_3D ( 'NONE', #2048, #3873, #2545 ) ;
#2286 = ORIENTED_EDGE ( 'NONE', *, *, #555, .F. ) ;
#2287 = CIRCLE ( 'NONE', #673, 0.01771653543307130652 ) ;
#2288 = CARTESIAN_POINT ( 'NONE',  ( 0.09866830862243117228, -0.1673228346456692994, 0.04330708661417323468 ) ) ;
#2289 = ORIENTED_EDGE ( 'NONE', *, *, #1809, .F. ) ;
#2290 =( LENGTH_UNIT ( ) NAMED_UNIT ( * ) SI_UNIT ( $, .METRE. ) );
#2291 = CARTESIAN_POINT ( 'NONE',  ( 0.000000000000000000, -1.627370386850781819E-17, -0.4114173228346456601 ) ) ;
#2292 = DIRECTION ( 'NONE',  ( 0.000000000000000000, -1.000000000000000000, 0.000000000000000000 ) ) ;
#2293 = ORIENTED_EDGE ( 'NONE', *, *, #1382, .T. ) ;
#2294 = AXIS2_PLACEMENT_3D ( 'NONE', #168, #2130, #1217 ) ;
#2295 = ORIENTED_EDGE ( 'NONE', *, *, #2506, .F. ) ;
#2296 = VECTOR ( 'NONE', #1989, 39.37007874015748143 ) ;
#2297 = CARTESIAN_POINT ( 'NONE',  ( 0.000000000000000000, 0.000000000000000000, -0.4035433070866759619 ) ) ;
#2298 = CARTESIAN_POINT ( 'NONE',  ( 0.1210629921259842590, -0.2165354330708593456, -0.02755905511811023931 ) ) ;
#2299 = FACE_OUTER_BOUND ( 'NONE', #4717, .T. ) ;
#2300 = ORIENTED_EDGE ( 'NONE', *, *, #635, .T. ) ;
#2301 = DIRECTION ( 'NONE',  ( 1.000000000000000000, 0.000000000000000000, 0.000000000000000000 ) ) ;
#2302 = DIRECTION ( 'NONE',  ( 1.000000000000000000, 0.000000000000000000, 0.000000000000000000 ) ) ;
#2303 = ORIENTED_EDGE ( 'NONE', *, *, #5144, .F. ) ;
#2304 = AXIS2_PLACEMENT_3D ( 'NONE', #2842, #4763, #1936 ) ;
#2305 = CARTESIAN_POINT ( 'NONE',  ( 0.04921259842519685318, -0.3058135988462007959, -0.4153543307086012271 ) ) ;
#2306 = EDGE_CURVE ( 'NONE', #3722, #1878, #1733, .T. ) ;
#2307 = LINE ( 'NONE', #4225, #663 ) ;
#2308 = AXIS2_PLACEMENT_3D ( 'NONE', #503, #532, #4313 ) ;
#2309 = VERTEX_POINT ( 'NONE', #5522 ) ;
#2310 = DIRECTION ( 'NONE',  ( 1.000000000000000000, 0.000000000000000000, 0.000000000000000000 ) ) ;
#2311 = CARTESIAN_POINT ( 'NONE',  ( 0.09251968503937006705, -0.2066929133858267931, -0.1811023622047244486 ) ) ;
#2312 = ADVANCED_FACE ( 'NONE', ( #3092 ), #278, .T. ) ;
#2313 = CARTESIAN_POINT ( 'NONE',  ( 0.1161417322834645827, -0.05111624972490156488, -0.3425196850393700809 ) ) ;
#2314 = ORIENTED_EDGE ( 'NONE', *, *, #6139, .F. ) ;
#2315 = CARTESIAN_POINT ( 'NONE',  ( 0.09968503937007872073, -0.09506547360177164396, -0.2244094488188976555 ) ) ;
#2316 = VERTEX_POINT ( 'NONE', #2550 ) ;
#2317 = EDGE_CURVE ( 'NONE', #5704, #1740, #3561, .T. ) ;
#2318 = EDGE_CURVE ( 'NONE', #1083, #3917, #243, .T. ) ;
#2319 = ORIENTED_EDGE ( 'NONE', *, *, #2605, .T. ) ;
#2320 = DIRECTION ( 'NONE',  ( 0.000000000000000000, -3.469446951953612217E-16, 1.000000000000000000 ) ) ;
#2321 = CARTESIAN_POINT ( 'NONE',  ( 0.1751968503937007260, -0.08267716535433072833, -0.2834645669291338543 ) ) ;
#2322 = CARTESIAN_POINT ( 'NONE',  ( -0.1494488188976378085, -0.2165354330708661457, -0.01322834645669291459 ) ) ;
#2323 = ORIENTED_EDGE ( 'NONE', *, *, #2457, .T. ) ;
#2324 = VERTEX_POINT ( 'NONE', #5552 ) ;
#2325 = DIRECTION ( 'NONE',  ( 1.000000000000000000, 0.000000000000000000, 0.000000000000000000 ) ) ;
#2326 = CARTESIAN_POINT ( 'NONE',  ( -0.1653543307086614567, -0.2440944881889764162, -0.3425196850393696368 ) ) ;
#2327 = DIRECTION ( 'NONE',  ( -1.000000000000000000, 0.000000000000000000, 0.000000000000000000 ) ) ;
#2328 = CARTESIAN_POINT ( 'NONE',  ( 0.000000000000000000, -0.2066929133858267931, -0.3425196850393701364 ) ) ;
#2329 = ORIENTED_EDGE ( 'NONE', *, *, #3185, .T. ) ;
#2330 = SURFACE_STYLE_FILL_AREA ( #1946 ) ;
#2331 = CARTESIAN_POINT ( 'NONE',  ( 0.000000000000000000, 0.000000000000000000, -0.2677165354330542368 ) ) ;
#2332 = ORIENTED_EDGE ( 'NONE', *, *, #2932, .T. ) ;
#2333 = DIRECTION ( 'NONE',  ( 0.000000000000000000, 0.000000000000000000, 1.000000000000000000 ) ) ;
#2334 = DIRECTION ( 'NONE',  ( 0.000000000000000000, 1.000000000000000000, 0.000000000000000000 ) ) ;
#2335 = VERTEX_POINT ( 'NONE', #1707 ) ;
#2336 = PLANE ( 'NONE',  #3390 ) ;
#2337 = DIRECTION ( 'NONE',  ( 1.000000000000000000, 0.000000000000000000, 0.000000000000000000 ) ) ;
#2338 = EDGE_CURVE ( 'NONE', #194, #2652, #1172, .T. ) ;
#2339 = DIRECTION ( 'NONE',  ( 0.000000000000000000, 0.000000000000000000, 1.000000000000000000 ) ) ;
#2340 = EDGE_LOOP ( 'NONE', ( #6002, #3553, #3004, #5086, #1611, #3443, #3610, #2889, #5203, #5495 ) ) ;
#2341 = EDGE_LOOP ( 'NONE', ( #4245, #305, #1940, #4044 ) ) ;
#2342 = DIRECTION ( 'NONE',  ( 0.000000000000000000, 0.000000000000000000, 1.000000000000000000 ) ) ;
#2343 = ORIENTED_EDGE ( 'NONE', *, *, #4610, .F. ) ;
#2344 = TOROIDAL_SURFACE ( 'NONE', #3253, 0.02952755905511804391, 0.01181102362204724393 ) ;
#2345 = EDGE_CURVE ( 'NONE', #259, #1588, #6032, .T. ) ;
#2346 = LINE ( 'NONE', #868, #6084 ) ;
#2347 = FACE_OUTER_BOUND ( 'NONE', #5744, .T. ) ;
#2348 = VERTEX_POINT ( 'NONE', #2583 ) ;
#2349 = ORIENTED_EDGE ( 'NONE', *, *, #4528, .T. ) ;
#2350 = AXIS2_PLACEMENT_3D ( 'NONE', #1187, #5024, #3640 ) ;
#2351 = DIRECTION ( 'NONE',  ( -1.000000000000000000, 0.000000000000000000, 0.000000000000000000 ) ) ;
#2352 = CYLINDRICAL_SURFACE ( 'NONE', #1673, 0.01181102362204724046 ) ;
#2353 = EDGE_CURVE ( 'NONE', #4828, #4878, #4572, .T. ) ;
#2354 = CARTESIAN_POINT ( 'NONE',  ( 0.000000000000000000, -0.3641732283464567121, -0.4153543307085997838 ) ) ;
#2355 = VECTOR ( 'NONE', #3252, 39.37007874015748143 ) ;
#2356 = DIRECTION ( 'NONE',  ( 0.4893653484564642331, 0.8720788701316430913, 0.000000000000000000 ) ) ;
#2357 = ORIENTED_EDGE ( 'NONE', *, *, #2260, .T. ) ;
#2358 = DIRECTION ( 'NONE',  ( 0.000000000000000000, 0.000000000000000000, 1.000000000000000000 ) ) ;
#2359 = PLANE ( 'NONE',  #1155 ) ;
#2360 = ORIENTED_EDGE ( 'NONE', *, *, #2043, .F. ) ;
#2361 = VECTOR ( 'NONE', #2512, 39.37007874015748143 ) ;
#2362 = DIRECTION ( 'NONE',  ( 1.000000000000000000, 0.000000000000000000, 0.000000000000000000 ) ) ;
#2363 = CARTESIAN_POINT ( 'NONE',  ( -0.1719685039370078550, -0.2559055118110236671, -0.3517322834645669194 ) ) ;
#2364 = ORIENTED_EDGE ( 'NONE', *, *, #2605, .F. ) ;
#2365 = DIRECTION ( 'NONE',  ( 1.000000000000000000, 0.000000000000000000, 0.000000000000000000 ) ) ;
#2366 = VERTEX_POINT ( 'NONE', #3628 ) ;
#2367 = DIRECTION ( 'NONE',  ( 1.335737076502143684E-12, 0.000000000000000000, 1.000000000000000000 ) ) ;
#2368 = FACE_OUTER_BOUND ( 'NONE', #1376, .T. ) ;
#2369 = VECTOR ( 'NONE', #298, 39.37007874015748143 ) ;
#2370 = VECTOR ( 'NONE', #1894, 39.37007874015748143 ) ;
#2371 = LINE ( 'NONE', #4290, #754 ) ;
#2372 = VERTEX_POINT ( 'NONE', #1613 ) ;
#2373 =( NAMED_UNIT ( * ) SI_UNIT ( $, .STERADIAN. ) SOLID_ANGLE_UNIT ( ) );
#2374 = ORIENTED_EDGE ( 'NONE', *, *, #2446, .F. ) ;
#2375 = CIRCLE ( 'NONE', #5902, 0.1574803149606299191 ) ;
#2376 = VECTOR ( 'NONE', #3497, 39.37007874015748143 ) ;
#2377 = CARTESIAN_POINT ( 'NONE',  ( 0.1830708661417412286, -0.1023622047244094613, -0.2440944881889779428 ) ) ;
#2378 = VERTEX_POINT ( 'NONE', #4033 ) ;
#2379 = EDGE_CURVE ( 'NONE', #4329, #169, #185, .T. ) ;
#2380 = DIRECTION ( 'NONE',  ( 0.000000000000000000, 0.000000000000000000, 1.000000000000000000 ) ) ;
#2381 = VERTEX_POINT ( 'NONE', #4060 ) ;
#2382 = ORIENTED_EDGE ( 'NONE', *, *, #5146, .T. ) ;
#2383 = AXIS2_PLACEMENT_3D ( 'NONE', #4903, #84, #4810 ) ;
#2384 = ADVANCED_FACE ( 'NONE', ( #2210 ), #4128, .T. ) ;
#2385 = FACE_OUTER_BOUND ( 'NONE', #4022, .T. ) ;
#2386 = CARTESIAN_POINT ( 'NONE',  ( -0.07677165354330708902, 0.000000000000000000, 0.1203553361036193980 ) ) ;
#2387 = VECTOR ( 'NONE', #2380, 39.37007874015748143 ) ;
#2388 = CARTESIAN_POINT ( 'NONE',  ( 0.1771653543307086798, -0.03937007874015747977, -0.3425196850393699699 ) ) ;
#2389 = CARTESIAN_POINT ( 'NONE',  ( -0.07873251665145346301, -0.09098104539386460410, -0.1125538233311038500 ) ) ;
#2390 = ORIENTED_EDGE ( 'NONE', *, *, #2306, .T. ) ;
#2391 = CARTESIAN_POINT ( 'NONE',  ( -0.1493700787401574803, -0.1259842519685039353, -0.4028705313925196596 ) ) ;
#2392 = ORIENTED_EDGE ( 'NONE', *, *, #4437, .F. ) ;
#2393 = EDGE_CURVE ( 'NONE', #4451, #4042, #757, .T. ) ;
#2394 = EDGE_CURVE ( 'NONE', #3722, #3977, #2471, .T. ) ;
#2395 = VECTOR ( 'NONE', #2690, 39.37007874015748143 ) ;
#2396 = DIRECTION ( 'NONE',  ( 0.000000000000000000, 0.000000000000000000, 1.000000000000000000 ) ) ;
#2397 = CARTESIAN_POINT ( 'NONE',  ( -0.09842519685039370636, -0.08267716535434417591, -0.2440944881889671181 ) ) ;
#2398 = VERTEX_POINT ( 'NONE', #4499 ) ;
#2399 = DIRECTION ( 'NONE',  ( 0.000000000000000000, 0.000000000000000000, -1.000000000000000000 ) ) ;
#2400 = CIRCLE ( 'NONE', #5925, 0.01181102362204724046 ) ;
#2401 = ORIENTED_EDGE ( 'NONE', *, *, #4392, .F. ) ;
#2402 = FACE_OUTER_BOUND ( 'NONE', #5418, .T. ) ;
#2403 = DIRECTION ( 'NONE',  ( 0.000000000000000000, 1.000000000000000000, 0.000000000000000000 ) ) ;
#2404 = AXIS2_PLACEMENT_3D ( 'NONE', #6205, #5128, #3240 ) ;
#2405 = CARTESIAN_POINT ( 'NONE',  ( 0.1358267716535433156, -0.08858267716535431213, -0.2440944881889763884 ) ) ;
#2406 = ORIENTED_EDGE ( 'NONE', *, *, #641, .T. ) ;
#2407 = EDGE_LOOP ( 'NONE', ( #4664, #2343, #4964, #1527, #5367, #5804, #4092, #4994, #6015, #3622, #551, #5535 ) ) ;
#2408 = DIRECTION ( 'NONE',  ( 0.000000000000000000, 1.000000000000000000, 0.000000000000000000 ) ) ;
#2409 = ORIENTED_EDGE ( 'NONE', *, *, #2152, .T. ) ;
#2410 = CARTESIAN_POINT ( 'NONE',  ( -0.09748004506530746904, -0.1673228346456692994, 0.08267716535433072833 ) ) ;
#2411 = ORIENTED_EDGE ( 'NONE', *, *, #575, .T. ) ;
#2412 = VERTEX_POINT ( 'NONE', #2676 ) ;
#2413 = EDGE_CURVE ( 'NONE', #2760, #3777, #2175, .T. ) ;
#2414 = DIRECTION ( 'NONE',  ( -1.000000000000000000, 0.000000000000000000, 0.000000000000000000 ) ) ;
#2415 = CARTESIAN_POINT ( 'NONE',  ( -0.09103905464666911529, -0.05431069983293933950, 0.01560267426486234080 ) ) ;
#2416 = CARTESIAN_POINT ( 'NONE',  ( 0.02952755905511715573, -1.627370386850781819E-17, -0.4114173228346456601 ) ) ;
#2417 = ADVANCED_FACE ( 'NONE', ( #2643 ), #4529, .F. ) ;
#2418 = DIRECTION ( 'NONE',  ( 1.000000000000000000, 0.000000000000000000, 0.000000000000000000 ) ) ;
#2419 = ORIENTED_EDGE ( 'NONE', *, *, #5365, .F. ) ;
#2420 = LINE ( 'NONE', #3368, #4901 ) ;
#2421 = LINE ( 'NONE', #528, #3968 ) ;
#2422 = ORIENTED_EDGE ( 'NONE', *, *, #4610, .T. ) ;
#2423 = DIRECTION ( 'NONE',  ( -1.000000000000000000, 0.000000000000000000, 0.000000000000000000 ) ) ;
#2424 = DIRECTION ( 'NONE',  ( 0.000000000000000000, 0.000000000000000000, 1.000000000000000000 ) ) ;
#2425 = ORIENTED_EDGE ( 'NONE', *, *, #799, .F. ) ;
#2426 = EDGE_CURVE ( 'NONE', #920, #5890, #2177, .T. ) ;
#2427 = CARTESIAN_POINT ( 'NONE',  ( -0.001917959729247786620, -0.2078648424607695555, -0.4232283464566929387 ) ) ;
#2428 = ADVANCED_FACE ( 'NONE', ( #3721 ), #4249, .T. ) ;
#2429 = VERTEX_POINT ( 'NONE', #1858 ) ;
#2430 = FACE_OUTER_BOUND ( 'NONE', #5878, .T. ) ;
#2431 = DIRECTION ( 'NONE',  ( -1.000000000000000000, 0.000000000000000000, 0.000000000000000000 ) ) ;
#2432 = DIRECTION ( 'NONE',  ( 1.000000000000000000, 0.000000000000000000, 0.000000000000000000 ) ) ;
#2433 = EDGE_LOOP ( 'NONE', ( #4269, #6233, #2300, #1354 ) ) ;
#2434 = PLANE ( 'NONE',  #1569 ) ;
#2435 = VERTEX_POINT ( 'NONE', #4156 ) ;
#2436 = PLANE ( 'NONE',  #3507 ) ;
#2437 = VERTEX_POINT ( 'NONE', #5644 ) ;
#2438 = DIRECTION ( 'NONE',  ( -1.000000000000000000, 0.000000000000000000, 0.000000000000000000 ) ) ;
#2439 = EDGE_LOOP ( 'NONE', ( #2519, #5246, #219, #4511, #3764, #1297, #5852, #1688 ) ) ;
#2440 = ORIENTED_EDGE ( 'NONE', *, *, #2932, .F. ) ;
#2441 = VERTEX_POINT ( 'NONE', #3749 ) ;
#2442 = LINE ( 'NONE', #4362, #602 ) ;
#2443 = LINE ( 'NONE', #2560, #4283 ) ;
#2444 = DIRECTION ( 'NONE',  ( 1.000000000000000000, 0.000000000000000000, 0.000000000000000000 ) ) ;
#2445 = DIRECTION ( 'NONE',  ( 0.000000000000000000, 1.000000000000000000, 0.000000000000000000 ) ) ;
#2446 = EDGE_CURVE ( 'NONE', #4537, #927, #6217, .T. ) ;
#2447 = ORIENTED_EDGE ( 'NONE', *, *, #3919, .F. ) ;
#2448 = CARTESIAN_POINT ( 'NONE',  ( 0.000000000000000000, -0.3641732283464567121, -0.4035433070866759619 ) ) ;
#2449 = VECTOR ( 'NONE', #2628, 39.37007874015748143 ) ;
#2450 = ORIENTED_EDGE ( 'NONE', *, *, #2238, .T. ) ;
#2451 = ADVANCED_FACE ( 'NONE', ( #6092 ), #4630, .F. ) ;
#2452 = AXIS2_PLACEMENT_3D ( 'NONE', #1977, #2509, #1563 ) ;
#2453 = CARTESIAN_POINT ( 'NONE',  ( 0.1948818897637795422, -0.2579046354622047121, -0.2440944881889763884 ) ) ;
#2454 = CARTESIAN_POINT ( 'NONE',  ( 0.1771653543307086798, -0.003937007874015720221, -0.3425196850393699699 ) ) ;
#2455 = ORIENTED_EDGE ( 'NONE', *, *, #1377, .F. ) ;
#2456 = FACE_OUTER_BOUND ( 'NONE', #1826, .T. ) ;
#2457 = EDGE_CURVE ( 'NONE', #4691, #199, #1417, .T. ) ;
#2458 = ORIENTED_EDGE ( 'NONE', *, *, #4877, .F. ) ;
#2459 = CARTESIAN_POINT ( 'NONE',  ( -0.04921259842519685318, -0.3641732283464567121, -0.1653543307086614012 ) ) ;
#2460 = DIRECTION ( 'NONE',  ( 1.000000000000000000, 0.000000000000000000, 0.000000000000000000 ) ) ;
#2461 = ADVANCED_FACE ( 'NONE', ( #5741 ), #5712, .T. ) ;
#2462 = CARTESIAN_POINT ( 'NONE',  ( 0.000000000000000000, 0.000000000000000000, -0.2440944881889761109 ) ) ;
#2463 = VECTOR ( 'NONE', #3337, 39.37007874015748854 ) ;
#2464 = ORIENTED_EDGE ( 'NONE', *, *, #2809, .T. ) ;
#2465 = CARTESIAN_POINT ( 'NONE',  ( 0.04094488188976378590, 0.04100978032464567408, -0.2677165354330708347 ) ) ;
#2466 = CARTESIAN_POINT ( 'NONE',  ( 0.1771653543307111223, -0.003937007874015727160, 0.000000000000000000 ) ) ;
#2467 = ORIENTED_EDGE ( 'NONE', *, *, #3734, .F. ) ;
#2468 = AXIS2_PLACEMENT_3D ( 'NONE', #706, #1711, #5111 ) ;
#2469 = EDGE_CURVE ( 'NONE', #315, #4834, #3536, .T. ) ;
#2470 = ORIENTED_EDGE ( 'NONE', *, *, #3807, .T. ) ;
#2471 = CIRCLE ( 'NONE', #2973, 0.04921259842519679073 ) ;
#2472 = CARTESIAN_POINT ( 'NONE',  ( 2.892866454678786221E-18, -0.3877952755905511584, -0.1604330708661496907 ) ) ;
#2473 = ORIENTED_EDGE ( 'NONE', *, *, #4259, .T. ) ;
#2474 = AXIS2_PLACEMENT_3D ( 'NONE', #5361, #2958, #3464 ) ;
#2475 = PRESENTATION_LAYER_ASSIGNMENT (  '', '', ( #3388 ) ) ;
#2476 = CARTESIAN_POINT ( 'NONE',  ( -0.02952757182286347773, 0.000000000000000000, -0.4232283464566928277 ) ) ;
#2477 = DIRECTION ( 'NONE',  ( 1.000000000000000000, 0.000000000000000000, -0.000000000000000000 ) ) ;
#2478 = LINE ( 'NONE', #4397, #3988 ) ;
#2479 = ORIENTED_EDGE ( 'NONE', *, *, #5747, .F. ) ;
#2480 = VECTOR ( 'NONE', #3997, 39.37007874015748143 ) ;
#2481 = DIRECTION ( 'NONE',  ( -1.000000000000000000, 8.881784197001252323E-16, 0.000000000000000000 ) ) ;
#2482 = ORIENTED_EDGE ( 'NONE', *, *, #113, .F. ) ;
#2483 = AXIS2_PLACEMENT_3D ( 'NONE', #3736, #418, #5090 ) ;
#2484 = CARTESIAN_POINT ( 'NONE',  ( 0.1358267716535433156, -0.09842519685039372024, -0.2834645669291338543 ) ) ;
#2485 = EDGE_CURVE ( 'NONE', #3085, #2584, #2766, .T. ) ;
#2486 = DIRECTION ( 'NONE',  ( -0.001944561117581028280, 0.9997930554475448206, -0.02025006076342213829 ) ) ;
#2487 = SPHERICAL_SURFACE ( 'NONE', #5810, 0.02559055118110236532 ) ;
#2488 = ORIENTED_EDGE ( 'NONE', *, *, #3505, .F. ) ;
#2489 = DIRECTION ( 'NONE',  ( 1.000000000000000000, 0.000000000000000000, 0.000000000000000000 ) ) ;
#2490 = FACE_OUTER_BOUND ( 'NONE', #1218, .T. ) ;
#2491 = VECTOR ( 'NONE', #5250, 39.37007874015748143 ) ;
#2492 = EDGE_CURVE ( 'NONE', #914, #5058, #3280, .T. ) ;
#2493 = CYLINDRICAL_SURFACE ( 'NONE', #5493, 0.02559055118110236532 ) ;
#2494 = AXIS2_PLACEMENT_3D ( 'NONE', #1200, #5101, #2301 ) ;
#2495 = ORIENTED_EDGE ( 'NONE', *, *, #3569, .F. ) ;
#2496 = CARTESIAN_POINT ( 'NONE',  ( 0.000000000000000000, -0.003937007874015747977, -2.721176712439012152E-16 ) ) ;
#2497 = LINE ( 'NONE', #6036, #5374 ) ;
#2498 = EDGE_CURVE ( 'NONE', #1091, #3410, #1389, .T. ) ;
#2499 = ORIENTED_EDGE ( 'NONE', *, *, #3206, .T. ) ;
#2500 = VECTOR ( 'NONE', #5643, 39.37007874015748143 ) ;
#2501 = CARTESIAN_POINT ( 'NONE',  ( 0.1437007874015747977, -0.2165354330708593456, -0.1850393700787402174 ) ) ;
#2502 = ORIENTED_EDGE ( 'NONE', *, *, #803, .F. ) ;
#2503 = CIRCLE ( 'NONE', #3107, 0.02559055118110236185 ) ;
#2504 = ADVANCED_FACE ( 'NONE', ( #4194, #3249 ), #5202, .T. ) ;
#2505 = DIRECTION ( 'NONE',  ( -0.9954210110051215921, 0.000000000000000000, 0.09558771285861815403 ) ) ;
#2506 = EDGE_CURVE ( 'NONE', #5786, #3689, #373, .T. ) ;
#2507 = ORIENTED_EDGE ( 'NONE', *, *, #2570, .F. ) ;
#2508 = CARTESIAN_POINT ( 'NONE',  ( 0.000000000000000000, 0.000000000000000000, -0.2677165354330709457 ) ) ;
#2509 = DIRECTION ( 'NONE',  ( 0.000000000000000000, 1.000000000000000000, 0.000000000000000000 ) ) ;
#2510 = LINE ( 'NONE', #463, #6013 ) ;
#2511 = EDGE_LOOP ( 'NONE', ( #3101, #5592 ) ) ;
#2512 = DIRECTION ( 'NONE',  ( 1.000000000000000000, 0.000000000000000000, 0.000000000000000000 ) ) ;
#2513 = ORIENTED_EDGE ( 'NONE', *, *, #4719, .F. ) ;
#2514 = PLANE ( 'NONE',  #4312 ) ;
#2515 = DIRECTION ( 'NONE',  ( -0.7071053844514338937, 8.659543457283072336E-17, 0.7071081779189021255 ) ) ;
#2516 = CARTESIAN_POINT ( 'NONE',  ( 0.05886608775321240661, -0.1097804830027444140, -0.3194366971602675687 ) ) ;
#2517 = DIMENSIONAL_EXPONENTS ( 1.000000000000000000, 0.000000000000000000, 0.000000000000000000, 0.000000000000000000, 0.000000000000000000, 0.000000000000000000, 0.000000000000000000 ) ;
#2518 = CARTESIAN_POINT ( 'NONE',  ( 0.000000000000000000, -0.09448818897636002134, -0.3425196850393700809 ) ) ;
#2519 = ORIENTED_EDGE ( 'NONE', *, *, #1999, .T. ) ;
#2520 = CARTESIAN_POINT ( 'NONE',  ( -8.486013481170644275E-12, -0.02952755905430074282, -0.4232283464566928832 ) ) ;
#2521 = EDGE_CURVE ( 'NONE', #502, #2685, #1769, .T. ) ;
#2522 = CARTESIAN_POINT ( 'NONE',  ( -0.1437007874015747977, -0.2116141732283464416, -0.02755905511811021155 ) ) ;
#2523 = ORIENTED_EDGE ( 'NONE', *, *, #3758, .T. ) ;
#2524 = LINE ( 'NONE', #3630, #770 ) ;
#2525 =( NAMED_UNIT ( * ) PLANE_ANGLE_UNIT ( ) SI_UNIT ( $, .RADIAN. ) );
#2526 = EDGE_CURVE ( 'NONE', #2156, #2316, #2564, .T. ) ;
#2527 = ORIENTED_EDGE ( 'NONE', *, *, #482, .T. ) ;
#2528 = EDGE_CURVE ( 'NONE', #1399, #5051, #5168, .T. ) ;
#2529 = CARTESIAN_POINT ( 'NONE',  ( 0.001201906332498676143, 0.02950921005241111464, -0.4232283464566928832 ) ) ;
#2530 = EDGE_LOOP ( 'NONE', ( #3352, #4619 ) ) ;
#2531 = CARTESIAN_POINT ( 'NONE',  ( -0.05905511811023621271, -0.2499999999999999722, -0.3425196850393700809 ) ) ;
#2532 = ORIENTED_EDGE ( 'NONE', *, *, #1457, .F. ) ;
#2533 = EDGE_CURVE ( 'NONE', #1949, #5660, #310, .T. ) ;
#2534 = DIRECTION ( 'NONE',  ( -0.000000000000000000, 1.000000000000000000, -0.000000000000000000 ) ) ;
#2535 = CARTESIAN_POINT ( 'NONE',  ( 0.1948818897637620562, -0.3641732283464567121, -0.2933070866141732624 ) ) ;
#2536 = CARTESIAN_POINT ( 'NONE',  ( 0.000000000000000000, -0.05118110236211605851, -0.3425196850393700809 ) ) ;
#2537 = ORIENTED_EDGE ( 'NONE', *, *, #1115, .T. ) ;
#2538 = CARTESIAN_POINT ( 'NONE',  ( 0.1830708661417501659, -0.2332677165354330728, -0.2440944881889764162 ) ) ;
#2539 = ORIENTED_EDGE ( 'NONE', *, *, #1994, .T. ) ;
#2540 = VECTOR ( 'NONE', #4372, 39.37007874015748143 ) ;
#2541 = EDGE_CURVE ( 'NONE', #1173, #350, #2307, .T. ) ;
#2542 = CARTESIAN_POINT ( 'NONE',  ( 0.01771653543307086937, 2.169649841009090725E-18, -0.3681102362204724532 ) ) ;
#2543 = FACE_OUTER_BOUND ( 'NONE', #2900, .T. ) ;
#2544 = CARTESIAN_POINT ( 'NONE',  ( 7.929787186770230617E-21, 0.000000000000000000, 0.1181105395119565332 ) ) ;
#2545 = DIRECTION ( 'NONE',  ( 0.000000000000000000, 0.07433568677334942421, 0.9972332754536095134 ) ) ;
#2546 = VERTEX_POINT ( 'NONE', #1074 ) ;
#2547 = LINE ( 'NONE', #4526, #3300 ) ;
#2548 = CYLINDRICAL_SURFACE ( 'NONE', #5887, 0.01968503937007872254 ) ;
#2549 = VECTOR ( 'NONE', #4705, 39.37007874015748143 ) ;
#2550 = CARTESIAN_POINT ( 'NONE',  ( 0.06810568461419723441, -0.03543307086614172485, 0.1023622047244114458 ) ) ;
#2551 = ORIENTED_EDGE ( 'NONE', *, *, #445, .F. ) ;
#2552 = DIRECTION ( 'NONE',  ( 0.000000000000000000, 0.000000000000000000, -1.000000000000000000 ) ) ;
#2553 = SPHERICAL_SURFACE ( 'NONE', #1350, 0.01181102362204733587 ) ;
#2554 = CIRCLE ( 'NONE', #4663, 0.01771653543307086243 ) ;
#2555 = EDGE_LOOP ( 'NONE', ( #5474, #5948, #3014, #4727 ) ) ;
#2556 = VECTOR ( 'NONE', #687, 39.37007874015748143 ) ;
#2557 = FACE_BOUND ( 'NONE', #1206, .T. ) ;
#2558 = ORIENTED_EDGE ( 'NONE', *, *, #5104, .F. ) ;
#2559 = EDGE_CURVE ( 'NONE', #4848, #2412, #1541, .T. ) ;
#2560 = CARTESIAN_POINT ( 'NONE',  ( 0.02890615986683464297, -0.05180250155047244620, -0.2559055118110236671 ) ) ;
#2561 = LINE ( 'NONE', #2459, #2188 ) ;
#2562 = VERTEX_POINT ( 'NONE', #1985 ) ;
#2563 = VECTOR ( 'NONE', #4350, 39.37007874015748143 ) ;
#2564 = CIRCLE ( 'NONE', #1671, 0.07677165354330708902 ) ;
#2565 = CARTESIAN_POINT ( 'NONE',  ( 0.09030240504966266513, -0.06047732277236768372, 0.007931432170315368124 ) ) ;
#2566 = PLANE ( 'NONE',  #843 ) ;
#2567 = DIRECTION ( 'NONE',  ( 3.016566500190916829E-16, -1.175402165395908673E-14, -1.000000000000000000 ) ) ;
#2568 = EDGE_LOOP ( 'NONE', ( #1891, #3732, #967, #324 ) ) ;
#2569 = DIRECTION ( 'NONE',  ( 0.000000000000000000, 0.000000000000000000, -1.000000000000000000 ) ) ;
#2570 = EDGE_CURVE ( 'NONE', #2372, #1129, #4342, .T. ) ;
#2571 = VERTEX_POINT ( 'NONE', #4844 ) ;
#2572 = AXIS2_PLACEMENT_3D ( 'NONE', #896, #4292, #444 ) ;
#2573 = CIRCLE ( 'NONE', #1371, 0.04921259842519683236 ) ;
#2574 = DIRECTION ( 'NONE',  ( 0.000000000000000000, 0.000000000000000000, -1.000000000000000000 ) ) ;
#2575 = DIRECTION ( 'NONE',  ( 0.000000000000000000, 1.000000000000000000, 0.000000000000000000 ) ) ;
#2576 = CIRCLE ( 'NONE', #1574, 0.07874015748031495954 ) ;
#2577 = CARTESIAN_POINT ( 'NONE',  ( -0.07086614173228347746, -0.2165354330708582076, -0.1523622047244094502 ) ) ;
#2578 = DIRECTION ( 'NONE',  ( -1.000000000000000000, 0.000000000000000000, 0.000000000000000000 ) ) ;
#2579 = ORIENTED_EDGE ( 'NONE', *, *, #1002, .T. ) ;
#2580 = ADVANCED_FACE ( 'NONE', ( #533, #2896 ), #601, .F. ) ;
#2581 = EDGE_CURVE ( 'NONE', #1577, #2892, #90, .T. ) ;
#2582 = AXIS2_PLACEMENT_3D ( 'NONE', #3558, #1165, #659 ) ;
#2583 = CARTESIAN_POINT ( 'NONE',  ( -0.04921259842519684624, -0.3641732283464374498, -0.4035433070866448757 ) ) ;
#2584 = VERTEX_POINT ( 'NONE', #2454 ) ;
#2585 = DIRECTION ( 'NONE',  ( -1.000000000000000000, 0.000000000000000000, 0.000000000000000000 ) ) ;
#2586 = CIRCLE ( 'NONE', #3194, 0.01968503937007930540 ) ;
#2587 = ORIENTED_EDGE ( 'NONE', *, *, #3033, .F. ) ;
#2588 = VECTOR ( 'NONE', #5268, 39.37007874015748143 ) ;
#2589 = DIRECTION ( 'NONE',  ( -1.000000000000000000, 0.000000000000000000, 0.000000000000000000 ) ) ;
#2590 = VERTEX_POINT ( 'NONE', #2956 ) ;
#2591 = DIRECTION ( 'NONE',  ( 0.000000000000000000, 0.000000000000000000, -1.000000000000000000 ) ) ;
#2592 = DIRECTION ( 'NONE',  ( -1.000000000000000000, 0.000000000000000000, 0.000000000000000000 ) ) ;
#2593 = ORIENTED_EDGE ( 'NONE', *, *, #4535, .T. ) ;
#2594 = CIRCLE ( 'NONE', #5620, 0.02165354330708660346 ) ;
#2595 = AXIS2_PLACEMENT_3D ( 'NONE', #4586, #5031, #1724 ) ;
#2596 = EDGE_LOOP ( 'NONE', ( #1630, #5697, #5079, #106 ) ) ;
#2597 = DIRECTION ( 'NONE',  ( 0.000000000000000000, -1.000000000000000000, 0.000000000000000000 ) ) ;
#2598 = LINE ( 'NONE', #3454, #2141 ) ;
#2599 = DIRECTION ( 'NONE',  ( -1.000000000000000000, 0.000000000000000000, 0.000000000000000000 ) ) ;
#2600 = VERTEX_POINT ( 'NONE', #5359 ) ;
#2601 = CARTESIAN_POINT ( 'NONE',  ( 0.1842519685039370192, -0.2640970822944488372, -0.3425196850393700809 ) ) ;
#2602 = VERTEX_POINT ( 'NONE', #2859 ) ;
#2603 = EDGE_CURVE ( 'NONE', #1220, #1933, #504, .T. ) ;
#2604 = AXIS2_PLACEMENT_3D ( 'NONE', #4734, #2320, #3231 ) ;
#2605 = EDGE_CURVE ( 'NONE', #1366, #2224, #1169, .T. ) ;
#2606 = DIRECTION ( 'NONE',  ( 0.000000000000000000, 0.000000000000000000, 1.000000000000000000 ) ) ;
#2607 = CARTESIAN_POINT ( 'NONE',  ( 0.1003937007874015630, -0.09506547360177164396, -0.2446717728143700810 ) ) ;
#2608 = CARTESIAN_POINT ( 'NONE',  ( -0.1771653543307105949, -0.003937007874015747109, 0.000000000000000000 ) ) ;
#2609 = CARTESIAN_POINT ( 'NONE',  ( -0.06810568461421261099, -0.03543307086614173873, -0.1200787401574803376 ) ) ;
#2610 = ORIENTED_EDGE ( 'NONE', *, *, #589, .T. ) ;
#2611 = LINE ( 'NONE', #5395, #80 ) ;
#2612 = CARTESIAN_POINT ( 'NONE',  ( 0.001968503937012381234, -0.2076815088500084117, -0.4114173228346456601 ) ) ;
#2613 = EDGE_CURVE ( 'NONE', #883, #3571, #981, .T. ) ;
#2614 = EDGE_CURVE ( 'NONE', #2381, #2602, #1953, .T. ) ;
#2615 = DIRECTION ( 'NONE',  ( 1.000000000000000000, 0.000000000000000000, 0.000000000000000000 ) ) ;
#2616 = VERTEX_POINT ( 'NONE', #4819 ) ;
#2617 = DIRECTION ( 'NONE',  ( 0.000000000000000000, 0.000000000000000000, -1.000000000000000000 ) ) ;
#2618 = ORIENTED_EDGE ( 'NONE', *, *, #5104, .T. ) ;
#2619 = EDGE_CURVE ( 'NONE', #1588, #2747, #2045, .T. ) ;
#2620 = CARTESIAN_POINT ( 'NONE',  ( -0.1476377952755905665, -0.1259842519685039353, -0.4212598425197051633 ) ) ;
#2621 = ORIENTED_EDGE ( 'NONE', *, *, #923, .T. ) ;
#2622 = ADVANCED_FACE ( 'NONE', ( #3341 ), #4314, .T. ) ;
#2623 = CARTESIAN_POINT ( 'NONE',  ( 0.09962461225858335045, -0.1673228346456692994, 0.09251968503937006705 ) ) ;
#2624 = DIRECTION ( 'NONE',  ( -0.000000000000000000, -0.000000000000000000, -1.000000000000000000 ) ) ;
#2625 = ORIENTED_EDGE ( 'NONE', *, *, #910, .F. ) ;
#2626 = ORIENTED_EDGE ( 'NONE', *, *, #1088, .T. ) ;
#2627 = FACE_OUTER_BOUND ( 'NONE', #3114, .T. ) ;
#2628 = DIRECTION ( 'NONE',  ( -1.000000000000000000, -0.000000000000000000, -0.000000000000000000 ) ) ;
#2629 = LINE ( 'NONE', #6199, #370 ) ;
#2630 = ORIENTED_EDGE ( 'NONE', *, *, #4892, .F. ) ;
#2631 = CARTESIAN_POINT ( 'NONE',  ( -0.1574803149606299191, -0.003937007874015747977, -0.1712598425196850405 ) ) ;
#2632 = ORIENTED_EDGE ( 'NONE', *, *, #3311, .T. ) ;
#2633 = CARTESIAN_POINT ( 'NONE',  ( 0.1653543307086615122, 0.1653543307086614567, 0.1181102362204724532 ) ) ;
#2634 = EDGE_CURVE ( 'NONE', #4848, #3827, #3409, .T. ) ;
#2635 = DIRECTION ( 'NONE',  ( 0.000000000000000000, 0.000000000000000000, 1.000000000000000000 ) ) ;
#2636 = CARTESIAN_POINT ( 'NONE',  ( -0.001966810233577322240, -0.2067619356413928633, -0.4114173228346457156 ) ) ;
#2637 = LINE ( 'NONE', #1610, #1782 ) ;
#2638 = ORIENTED_EDGE ( 'NONE', *, *, #1872, .T. ) ;
#2639 = CARTESIAN_POINT ( 'NONE',  ( -0.1476377952755905665, -0.2421259842519685457, -0.4212598425197051633 ) ) ;
#2640 = CARTESIAN_POINT ( 'NONE',  ( 39.37007874017445630, 4.821444091133390937E-15, -39.72047244094488150 ) ) ;
#2641 = AXIS2_PLACEMENT_3D ( 'NONE', #2535, #2947, #2978 ) ;
#2642 = EDGE_CURVE ( 'NONE', #2011, #3585, #5635, .T. ) ;
#2643 = FACE_OUTER_BOUND ( 'NONE', #2555, .T. ) ;
#2644 = ORIENTED_EDGE ( 'NONE', *, *, #3566, .T. ) ;
#2645 = LINE ( 'NONE', #797, #873 ) ;
#2646 = CARTESIAN_POINT ( 'NONE',  ( -0.1358267716535433156, -0.08267716535433072833, -0.2834645669291338543 ) ) ;
#2647 = VECTOR ( 'NONE', #5381, 39.37007874015748143 ) ;
#2648 = ADVANCED_FACE ( 'NONE', ( #2926 ), #3436, .F. ) ;
#2649 = DIRECTION ( 'NONE',  ( 0.000000000000000000, 0.000000000000000000, 1.000000000000000000 ) ) ;
#2650 = VERTEX_POINT ( 'NONE', #5391 ) ;
#2651 = CYLINDRICAL_SURFACE ( 'NONE', #4797, 0.03543307086614173873 ) ;
#2652 = VERTEX_POINT ( 'NONE', #2397 ) ;
#2653 = EDGE_CURVE ( 'NONE', #2685, #3881, #115, .T. ) ;
#2654 = AXIS2_PLACEMENT_3D ( 'NONE', #5292, #5891, #2481 ) ;
#2655 =( BOUNDED_CURVE ( )  B_SPLINE_CURVE ( 3, ( #4113, #1598, #3070, #5918 ),
 .UNSPECIFIED., .F., .T. ) 
 B_SPLINE_CURVE_WITH_KNOTS ( ( 4, 4 ),
 ( 0.5020030792113479023, 1.000000000000000000 ),
 .UNSPECIFIED. ) 
 CURVE ( )  GEOMETRIC_REPRESENTATION_ITEM ( )  RATIONAL_B_SPLINE_CURVE ( ( 0.5153830588852725825, 0.5102177557900491323, 0.6717567361616250121, 1.000000000000000000 ) ) 
 REPRESENTATION_ITEM ( '' )  );
#2656 = CARTESIAN_POINT ( 'NONE',  ( -0.1653543307086614567, -0.2440944881889764162, 0.1181102362204577982 ) ) ;
#2657 = ORIENTED_EDGE ( 'NONE', *, *, #5120, .F. ) ;
#2658 = CARTESIAN_POINT ( 'NONE',  ( 7.929787186770230617E-21, 0.000000000000000000, 0.1181105395119565332 ) ) ;
#2659 = CARTESIAN_POINT ( 'NONE',  ( -0.1161417322834645549, -0.03543307086614173873, -0.3031496062992125595 ) ) ;
#2660 = CIRCLE ( 'NONE', #3770, 0.03543307086614173873 ) ;
#2661 = ORIENTED_EDGE ( 'NONE', *, *, #3758, .F. ) ;
#2662 = DIRECTION ( 'NONE',  ( 0.000000000000000000, 1.000000000000000000, 0.000000000000000000 ) ) ;
#2663 = VERTEX_POINT ( 'NONE', #1924 ) ;
#2664 = VECTOR ( 'NONE', #6128, 39.37007874015748143 ) ;
#2665 = DIRECTION ( 'NONE',  ( -0.000000000000000000, -0.000000000000000000, -1.000000000000000000 ) ) ;
#2666 = DIRECTION ( 'NONE',  ( -1.000000000000000000, 0.000000000000000000, 0.000000000000000000 ) ) ;
#2667 = DIRECTION ( 'NONE',  ( 0.000000000000000000, 0.000000000000000000, -1.000000000000000000 ) ) ;
#2668 = DIRECTION ( 'NONE',  ( -1.000000000000000000, 0.000000000000000000, 0.000000000000000000 ) ) ;
#2669 = EDGE_LOOP ( 'NONE', ( #984, #2523, #5459, #5004, #4415, #1536, #2537, #158, #2323, #1239, #6070, #4605, #3450, #4525, #585, #4134, #6029, #5402, #5533 ) ) ;
#2670 = CIRCLE ( 'NONE', #3480, 0.02165354330708660346 ) ;
#2671 = DIRECTION ( 'NONE',  ( 0.000000000000000000, 0.000000000000000000, -1.000000000000000000 ) ) ;
#2672 = DIRECTION ( 'NONE',  ( -1.000000000000000000, 0.000000000000000000, 0.000000000000000000 ) ) ;
#2673 = EDGE_CURVE ( 'NONE', #4700, #2441, #3841, .T. ) ;
#2674 = AXIS2_PLACEMENT_3D ( 'NONE', #1331, #949, #3222 ) ;
#2675 = CARTESIAN_POINT ( 'NONE',  ( -0.09774739037101060068, -0.1972229848469832791, 0.08546121705440823391 ) ) ;
#2676 = CARTESIAN_POINT ( 'NONE',  ( 0.02952755905510993234, -0.05118110236219716030, -0.2559055118110236671 ) ) ;
#2677 = ORIENTED_EDGE ( 'NONE', *, *, #78, .F. ) ;
#2678 = LINE ( 'NONE', #6094, #1779 ) ;
#2679 = DIRECTION ( 'NONE',  ( 0.000000000000000000, 0.000000000000000000, 1.000000000000000000 ) ) ;
#2680 = VECTOR ( 'NONE', #721, 39.37007874015748143 ) ;
#2681 = EDGE_CURVE ( 'NONE', #883, #870, #2135, .T. ) ;
#2682 = CARTESIAN_POINT ( 'NONE',  ( 0.001967744390128449514, -0.2066582778136911991, -0.4232283464566929387 ) ) ;
#2683 = ORIENTED_EDGE ( 'NONE', *, *, #3931, .F. ) ;
#2684 = ADVANCED_FACE ( 'NONE', ( #4551 ), #5545, .T. ) ;
#2685 = VERTEX_POINT ( 'NONE', #625 ) ;
#2686 =( CONVERSION_BASED_UNIT ( 'INCH', #316 ) LENGTH_UNIT ( ) NAMED_UNIT ( #217 ) );
#2687 =( NAMED_UNIT ( * ) PLANE_ANGLE_UNIT ( ) SI_UNIT ( $, .RADIAN. ) );
#2688 = ORIENTED_EDGE ( 'NONE', *, *, #645, .T. ) ;
#2689 = VECTOR ( 'NONE', #4716, 39.37007874015748143 ) ;
#2690 = DIRECTION ( 'NONE',  ( 1.000000000000000000, 0.000000000000000000, 0.000000000000000000 ) ) ;
#2691 = ORIENTED_EDGE ( 'NONE', *, *, #1538, .F. ) ;
#2692 = ADVANCED_FACE ( 'NONE', ( #4938 ), #4521, .F. ) ;
#2693 = DIRECTION ( 'NONE',  ( 1.000000000000000000, 0.000000000000000000, 0.000000000000000000 ) ) ;
#2694 = EDGE_CURVE ( 'NONE', #1008, #5251, #3144, .T. ) ;
#2695 = VECTOR ( 'NONE', #5819, 39.37007874015748143 ) ;
#2696 = DIRECTION ( 'NONE',  ( 0.000000000000000000, 0.000000000000000000, -1.000000000000000000 ) ) ;
#2697 = CARTESIAN_POINT ( 'NONE',  ( 0.09369943792498360013, -0.2066929133858226575, 0.04330708661417322081 ) ) ;
#2698 = ORIENTED_EDGE ( 'NONE', *, *, #1428, .T. ) ;
#2699 = DIRECTION ( 'NONE',  ( -0.7071067811865460184, 0.7071067811865489050, -7.228014483236701486E-15 ) ) ;
#2700 = ORIENTED_EDGE ( 'NONE', *, *, #2338, .F. ) ;
#2701 = AXIS2_PLACEMENT_3D ( 'NONE', #1378, #3301, #2755 ) ;
#2702 = DIRECTION ( 'NONE',  ( 0.000000000000000000, 0.000000000000000000, 1.000000000000000000 ) ) ;
#2703 = CARTESIAN_POINT ( 'NONE',  ( -0.04921259842519681155, -0.2066929133858268208, -0.1525590551181102428 ) ) ;
#2704 = DIRECTION ( 'NONE',  ( 0.000000000000000000, 0.000000000000000000, -1.000000000000000000 ) ) ;
#2705 = ORIENTED_EDGE ( 'NONE', *, *, #3330, .F. ) ;
#2706 = CARTESIAN_POINT ( 'NONE',  ( 0.04921259842519686012, -0.3641732283464567121, -0.1702755905511774137 ) ) ;
#2707 = DIRECTION ( 'NONE',  ( 0.4893653484564642331, -0.8720788701316430913, 0.000000000000000000 ) ) ;
#2708 = CARTESIAN_POINT ( 'NONE',  ( -0.02951569213155937066, -0.0008447765090561670017, -0.4153543307086614012 ) ) ;
#2709 = ORIENTED_EDGE ( 'NONE', *, *, #2426, .F. ) ;
#2710 = FACE_OUTER_BOUND ( 'NONE', #87, .T. ) ;
#2711 = CARTESIAN_POINT ( 'NONE',  ( -0.09030240504966656478, -0.06047732277236764209, 0.007931432170315749763 ) ) ;
#2712 = LINE ( 'NONE', #2149, #4669 ) ;
#2713 = EDGE_LOOP ( 'NONE', ( #414, #2723, #1718, #1912 ) ) ;
#2714 = CARTESIAN_POINT ( 'NONE',  ( -0.1653543307086614567, 0.1653543307086610958, 0.1181102362204724532 ) ) ;
#2715 = EDGE_CURVE ( 'NONE', #2131, #2335, #5803, .T. ) ;
#2716 = LINE ( 'NONE', #4636, #4261 ) ;
#2717 = VERTEX_POINT ( 'NONE', #204 ) ;
#2718 = CARTESIAN_POINT ( 'NONE',  ( 0.02952757182121125770, -1.035276678314965602E-17, -0.4232283464566929387 ) ) ;
#2719 = EDGE_LOOP ( 'NONE', ( #2856, #5977, #3930, #2450 ) ) ;
#2720 = CARTESIAN_POINT ( 'NONE',  ( -6.002595689203703842E-19, 0.000000000000000000, -7.112283673605593217E-19 ) ) ;
#2721 = CARTESIAN_POINT ( 'NONE',  ( 0.1830708661417412286, -0.1023622047244094752, -0.3425196850393700809 ) ) ;
#2722 = CARTESIAN_POINT ( 'NONE',  ( 0.02559055118110236532, 0.000000000000000000, -0.4114173228346454936 ) ) ;
#2723 = ORIENTED_EDGE ( 'NONE', *, *, #6202, .T. ) ;
#2724 = CARTESIAN_POINT ( 'NONE',  ( 0.1948818897637707992, -0.3641732283464567677, -0.3425196850393700809 ) ) ;
#2725 = ORIENTED_EDGE ( 'NONE', *, *, #5708, .F. ) ;
#2726 = ADVANCED_FACE ( 'NONE', ( #2543 ), #1632, .T. ) ;
#2727 = DIRECTION ( 'NONE',  ( 1.113035129722760235E-16, 0.000000000000000000, 1.000000000000000000 ) ) ;
#2728 = CARTESIAN_POINT ( 'NONE',  ( 0.09842519685041152544, -0.1673228346456692994, 0.04330708661417323468 ) ) ;
#2729 = CARTESIAN_POINT ( 'NONE',  ( 0.09842519685040260202, -0.2066929133858265988, 0.07283464566929183370 ) ) ;
#2730 = PLANE ( 'NONE',  #4197 ) ;
#2731 = EDGE_LOOP ( 'NONE', ( #2231, #4923, #3225, #2806 ) ) ;
#2732 = FACE_OUTER_BOUND ( 'NONE', #3394, .T. ) ;
#2733 = DIRECTION ( 'NONE',  ( -0.000000000000000000, -1.000000000000000000, -0.000000000000000000 ) ) ;
#2734 = ORIENTED_EDGE ( 'NONE', *, *, #3991, .F. ) ;
#2735 = EDGE_CURVE ( 'NONE', #1521, #2854, #4986, .T. ) ;
#2736 = CARTESIAN_POINT ( 'NONE',  ( 0.04921259842519684624, -0.2474539693460884038, -0.4035433070866141780 ) ) ;
#2737 = CARTESIAN_POINT ( 'NONE',  ( 0.05118110236220473064, -0.2206286964712598497, -0.1604330708661417526 ) ) ;
#2738 = EDGE_LOOP ( 'NONE', ( #4178, #4116, #4366, #5410, #1982 ) ) ;
#2739 = CARTESIAN_POINT ( 'NONE',  ( 0.1751968503937007815, -0.1023622047244094613, -0.2440944881889794971 ) ) ;
#2740 = CARTESIAN_POINT ( 'NONE',  ( 0.1377952755905511584, -0.2057086614173228578, -0.02755905511811023931 ) ) ;
#2741 = CARTESIAN_POINT ( 'NONE',  ( -0.03543307086614173873, 0.000000000000000000, -0.4153543307087793068 ) ) ;
#2742 = ORIENTED_EDGE ( 'NONE', *, *, #4443, .F. ) ;
#2743 = AXIS2_PLACEMENT_3D ( 'NONE', #6055, #1792, #4149 ) ;
#2744 = ORIENTED_EDGE ( 'NONE', *, *, #1872, .F. ) ;
#2745 = MECHANICAL_DESIGN_GEOMETRIC_PRESENTATION_REPRESENTATION (  '', ( #5574 ), #2951 ) ;
#2746 = DIRECTION ( 'NONE',  ( 0.000000000000000000, 0.000000000000000000, 1.000000000000000000 ) ) ;
#2747 = VERTEX_POINT ( 'NONE', #4491 ) ;
#2748 = CARTESIAN_POINT ( 'NONE',  ( -0.1653543307086602632, -0.2559055118110236671, -0.1122047244094488139 ) ) ;
#2749 = DIRECTION ( 'NONE',  ( -1.000000000000000000, 0.000000000000000000, 0.000000000000000000 ) ) ;
#2750 = VERTEX_POINT ( 'NONE', #2168 ) ;
#2751 = DIRECTION ( 'NONE',  ( 0.000000000000000000, -1.000000000000000000, 0.000000000000000000 ) ) ;
#2752 = CIRCLE ( 'NONE', #3565, 0.07677165354329207325 ) ;
#2753 = ORIENTED_EDGE ( 'NONE', *, *, #1960, .T. ) ;
#2754 = VECTOR ( 'NONE', #2174, 39.37007874015748143 ) ;
#2755 = DIRECTION ( 'NONE',  ( 0.000000000000000000, 1.000000000000000000, 1.445602896647339706E-15 ) ) ;
#2756 = DIRECTION ( 'NONE',  ( -0.02468568502218292451, 0.9996952620448821270, 0.000000000000000000 ) ) ;
#2757 = CARTESIAN_POINT ( 'NONE',  ( -0.02952741695150247134, 0.01958546858803737398, -0.4232283464566928832 ) ) ;
#2758 = ADVANCED_FACE ( 'NONE', ( #6026 ), #1698, .T. ) ;
#2759 = CARTESIAN_POINT ( 'NONE',  ( -0.002624266062273228339, -0.2040605377699212242, -0.4114173228346456601 ) ) ;
#2760 = VERTEX_POINT ( 'NONE', #1608 ) ;
#2761 = DIRECTION ( 'NONE',  ( 0.000000000000000000, 1.000000000000000000, 0.000000000000000000 ) ) ;
#2762 = DIRECTION ( 'NONE',  ( -1.000000000000000000, 0.000000000000000000, 0.000000000000000000 ) ) ;
#2763 = ORIENTED_EDGE ( 'NONE', *, *, #5511, .F. ) ;
#2764 = VECTOR ( 'NONE', #2589, 39.37007874015748143 ) ;
#2765 = DIRECTION ( 'NONE',  ( 0.000000000000000000, 1.000000000000000000, 0.000000000000000000 ) ) ;
#2766 = LINE ( 'NONE', #5137, #3069 ) ;
#2767 = COLOUR_RGB ( '',0.7921568627450980005, 0.8196078431372548767, 0.9333333333333333481 ) ;
#2768 = CIRCLE ( 'NONE', #1561, 0.02165354330708663816 ) ;
#2769 = VERTEX_POINT ( 'NONE', #4027 ) ;
#2770 = EDGE_CURVE ( 'NONE', #1278, #349, #3619, .T. ) ;
#2771 = FACE_OUTER_BOUND ( 'NONE', #3738, .T. ) ;
#2772 = EDGE_CURVE ( 'NONE', #3716, #3689, #3527, .T. ) ;
#2773 = SURFACE_STYLE_FILL_AREA ( #4131 ) ;
#2774 =( GEOMETRIC_REPRESENTATION_CONTEXT ( 3 ) GLOBAL_UNCERTAINTY_ASSIGNED_CONTEXT ( ( #3350 ) ) GLOBAL_UNIT_ASSIGNED_CONTEXT ( ( #4728, #5176, #2373 ) ) REPRESENTATION_CONTEXT ( 'NONE', 'WORKASPACE' ) );
#2775 = AXIS2_PLACEMENT_3D ( 'NONE', #3962, #4874, #568 ) ;
#2776 = CARTESIAN_POINT ( 'NONE',  ( -0.1476377952755905387, -0.2421259842519685457, -0.4124015748031495399 ) ) ;
#2777 = EDGE_LOOP ( 'NONE', ( #274, #35, #2053, #125, #4584, #5376, #5133, #3530, #2220, #2488, #2843, #1712, #1685, #4671, #4746, #5602 ) ) ;
#2778 = CARTESIAN_POINT ( 'NONE',  ( 0.02952755905477463458, 0.0002816381707998430895, -0.4153543307086612346 ) ) ;
#2779 = VECTOR ( 'NONE', #3785, 39.37007874015748143 ) ;
#2780 = ORIENTED_EDGE ( 'NONE', *, *, #4002, .F. ) ;
#2781 = VECTOR ( 'NONE', #788, 39.37007874015748143 ) ;
#2782 = CARTESIAN_POINT ( 'NONE',  ( 0.000000000000000000, 0.02559055118110231328, -0.3425196850393675829 ) ) ;
#2783 = ORIENTED_EDGE ( 'NONE', *, *, #4730, .F. ) ;
#2784 = LENGTH_MEASURE_WITH_UNIT ( LENGTH_MEASURE( 0.02539999999999999897 ), #2290 );
#2785 = CARTESIAN_POINT ( 'NONE',  ( 0.1751968503937007537, -0.09448818897636898639, -0.2440944881889779428 ) ) ;
#2786 = CARTESIAN_POINT ( 'NONE',  ( -2.018655210737000781E-17, -0.2086614116643304151, -0.4114173228346457711 ) ) ;
#2787 = EDGE_LOOP ( 'NONE', ( #4949, #963, #5960, #1068 ) ) ;
#2788 = CIRCLE ( 'NONE', #6020, 0.01771653543307130652 ) ;
#2789 = EDGE_CURVE ( 'NONE', #5452, #1565, #3481, .T. ) ;
#2790 = ORIENTED_EDGE ( 'NONE', *, *, #6127, .F. ) ;
#2791 = VECTOR ( 'NONE', #985, 39.37007874015748143 ) ;
#2792 = DIRECTION ( 'NONE',  ( 1.000000000000000000, 0.000000000000000000, 0.000000000000000000 ) ) ;
#2793 = DIRECTION ( 'NONE',  ( -1.000000000000000000, 0.000000000000000000, 0.000000000000000000 ) ) ;
#2794 = FACE_OUTER_BOUND ( 'NONE', #4112, .T. ) ;
#2795 = CARTESIAN_POINT ( 'NONE',  ( -0.001801929541013307361, -0.02947337211800737586, -0.4232283464566928832 ) ) ;
#2796 = EDGE_CURVE ( 'NONE', #6243, #5028, #1665, .T. ) ;
#2797 = VERTEX_POINT ( 'NONE', #4968 ) ;
#2798 = CARTESIAN_POINT ( 'NONE',  ( 0.1207874015748031521, -0.2201574803149606296, 0.1023622047244094613 ) ) ;
#2799 = DIRECTION ( 'NONE',  ( 1.000000000000000000, 0.000000000000000000, 0.000000000000000000 ) ) ;
#2800 = VERTEX_POINT ( 'NONE', #3995 ) ;
#2801 = VECTOR ( 'NONE', #1951, 39.37007874015748143 ) ;
#2802 = EDGE_CURVE ( 'NONE', #493, #5761, #2076, .T. ) ;
#2803 = LINE ( 'NONE', #1893, #1797 ) ;
#2804 = DIRECTION ( 'NONE',  ( 0.000000000000000000, 0.000000000000000000, 1.000000000000000000 ) ) ;
#2805 = AXIS2_PLACEMENT_3D ( 'NONE', #5224, #1790, #4677 ) ;
#2806 = ORIENTED_EDGE ( 'NONE', *, *, #5165, .T. ) ;
#2807 = CARTESIAN_POINT ( 'NONE',  ( 0.08573990089915219104, -0.05335737635838634640, -0.03958108129400825931 ) ) ;
#2808 = DIRECTION ( 'NONE',  ( 0.000000000000000000, 0.000000000000000000, 1.000000000000000000 ) ) ;
#2809 = EDGE_CURVE ( 'NONE', #4195, #3437, #5515, .T. ) ;
#2810 = LINE ( 'NONE', #1363, #1362 ) ;
#2811 = ORIENTED_EDGE ( 'NONE', *, *, #5331, .F. ) ;
#2812 = CARTESIAN_POINT ( 'NONE',  ( -0.02559055118110236532, 3.133938659235353184E-18, -0.4114173228346454936 ) ) ;
#2813 = ORIENTED_EDGE ( 'NONE', *, *, #1654, .F. ) ;
#2814 = EDGE_CURVE ( 'NONE', #4329, #1577, #570, .T. ) ;
#2815 = DIRECTION ( 'NONE',  ( 1.000000000000000000, 0.000000000000000000, 0.000000000000000000 ) ) ;
#2816 = ORIENTED_EDGE ( 'NONE', *, *, #5812, .F. ) ;
#2817 = DIRECTION ( 'NONE',  ( -1.000000000000000000, 0.000000000000000000, 0.000000000000000000 ) ) ;
#2818 = CYLINDRICAL_SURFACE ( 'NONE', #3095, 0.07677165354329207325 ) ;
#2819 = ORIENTED_EDGE ( 'NONE', *, *, #4232, .F. ) ;
#2820 = VERTEX_POINT ( 'NONE', #3118 ) ;
#2821 = PLANE ( 'NONE',  #2805 ) ;
#2822 = CARTESIAN_POINT ( 'NONE',  ( -0.1358267716535433156, -0.09842519685037606769, -0.3425196850393700809 ) ) ;
#2823 = PLANE ( 'NONE',  #535 ) ;
#2824 = CARTESIAN_POINT ( 'NONE',  ( 0.09842519685039372024, -0.2165354330708593456, -0.02755905511811023931 ) ) ;
#2825 = VERTEX_POINT ( 'NONE', #2822 ) ;
#2826 = CARTESIAN_POINT ( 'NONE',  ( -0.1161417322834645549, -0.09842519685039369248, -0.1200787401574803376 ) ) ;
#2827 = DIRECTION ( 'NONE',  ( -1.000000000000000000, 0.000000000000000000, 0.000000000000000000 ) ) ;
#2828 = ORIENTED_EDGE ( 'NONE', *, *, #1781, .T. ) ;
#2829 = DIRECTION ( 'NONE',  ( 0.000000000000000000, 0.000000000000000000, 1.000000000000000000 ) ) ;
#2830 = DIRECTION ( 'NONE',  ( 0.000000000000000000, 0.000000000000000000, -1.000000000000000000 ) ) ;
#2831 = EDGE_LOOP ( 'NONE', ( #1802, #3328, #3760, #5285, #5639 ) ) ;
#2832 = LINE ( 'NONE', #1896, #5094 ) ;
#2833 = ORIENTED_EDGE ( 'NONE', *, *, #1045, .F. ) ;
#2834 = DIRECTION ( 'NONE',  ( 0.000000000000000000, 0.000000000000000000, 1.000000000000000000 ) ) ;
#2835 = CARTESIAN_POINT ( 'NONE',  ( -0.1476377952755905387, -0.2421259842519681293, -0.4035433070865839245 ) ) ;
#2836 = EDGE_CURVE ( 'NONE', #212, #5426, #2573, .T. ) ;
#2837 = DIRECTION ( 'NONE',  ( -1.000000000000000000, -0.000000000000000000, -0.000000000000000000 ) ) ;
#2838 = VERTEX_POINT ( 'NONE', #786 ) ;
#2839 = CARTESIAN_POINT ( 'NONE',  ( 0.1437007874015747977, -0.2066929133858318723, -0.3425196850393700809 ) ) ;
#2840 = EDGE_CURVE ( 'NONE', #5264, #4830, #2233, .T. ) ;
#2841 = ORIENTED_EDGE ( 'NONE', *, *, #5576, .F. ) ;
#2842 = CARTESIAN_POINT ( 'NONE',  ( 0.1437007874015747977, -0.2058922922764961083, -0.3488188976377953332 ) ) ;
#2843 = ORIENTED_EDGE ( 'NONE', *, *, #5234, .F. ) ;
#2844 = VECTOR ( 'NONE', #5702, 39.37007874015748143 ) ;
#2845 = CARTESIAN_POINT ( 'NONE',  ( 0.001968100151340296602, -0.2066468753461406516, -0.4114173228346456046 ) ) ;
#2846 = EDGE_CURVE ( 'NONE', #4777, #3458, #5225, .T. ) ;
#2847 = ORIENTED_EDGE ( 'NONE', *, *, #3819, .F. ) ;
#2848 = EDGE_LOOP ( 'NONE', ( #5272, #5843, #5642, #4030, #1146, #2473, #5230, #519 ) ) ;
#2849 = FACE_OUTER_BOUND ( 'NONE', #5169, .T. ) ;
#2850 = CARTESIAN_POINT ( 'NONE',  ( -0.1161417322834645549, -0.08267716535433068670, -0.1200787401574803376 ) ) ;
#2851 = CARTESIAN_POINT ( 'NONE',  ( -0.04527559055117730269, -0.03543307086604803591, -0.3425196850393700809 ) ) ;
#2852 = AXIS2_PLACEMENT_3D ( 'NONE', #1958, #2050, #2460 ) ;
#2853 = DIRECTION ( 'NONE',  ( -1.000000000000000000, 0.000000000000000000, 0.000000000000000000 ) ) ;
#2854 = VERTEX_POINT ( 'NONE', #423 ) ;
#2855 = FACE_OUTER_BOUND ( 'NONE', #1283, .T. ) ;
#2856 = ORIENTED_EDGE ( 'NONE', *, *, #2200, .T. ) ;
#2857 = AXIS2_PLACEMENT_3D ( 'NONE', #2331, #1353, #3217 ) ;
#2858 = LINE ( 'NONE', #2305, #380 ) ;
#2859 = CARTESIAN_POINT ( 'NONE',  ( -0.1161417322834645827, -0.1948818897637795700, -0.02755905511811023584 ) ) ;
#2860 = ORIENTED_EDGE ( 'NONE', *, *, #5400, .F. ) ;
#2861 = LINE ( 'NONE', #4227, #1672 ) ;
#2862 = ORIENTED_EDGE ( 'NONE', *, *, #803, .T. ) ;
#2863 = CARTESIAN_POINT ( 'NONE',  ( -0.02951569213155937066, -0.0008447765090561670017, -0.4153543307086614012 ) ) ;
#2864 = LINE ( 'NONE', #5082, #6188 ) ;
#2865 = AXIS2_PLACEMENT_3D ( 'NONE', #3348, #3822, #828 ) ;
#2866 = EDGE_CURVE ( 'NONE', #4764, #5083, #5435, .T. ) ;
#2867 = VECTOR ( 'NONE', #5455, 39.37007874015748143 ) ;
#2868 = DIRECTION ( 'NONE',  ( 0.000000000000000000, 0.000000000000000000, -1.000000000000000000 ) ) ;
#2869 = ORIENTED_EDGE ( 'NONE', *, *, #183, .F. ) ;
#2870 = DIRECTION ( 'NONE',  ( 1.000000000000000000, 0.000000000000000000, 0.000000000000000000 ) ) ;
#2871 = ADVANCED_FACE ( 'NONE', ( #907 ), #2352, .T. ) ;
#2872 = ORIENTED_EDGE ( 'NONE', *, *, #5318, .T. ) ;
#2873 = AXIS2_PLACEMENT_3D ( 'NONE', #991, #1113, #5814 ) ;
#2874 = AXIS2_PLACEMENT_3D ( 'NONE', #4442, #5254, #971 ) ;
#2875 = ADVANCED_FACE ( 'NONE', ( #1820 ), #457, .T. ) ;
#2876 = CARTESIAN_POINT ( 'NONE',  ( 0.04921259842519685318, -0.3665076135264567214, -0.4160100928338583137 ) ) ;
#2877 = VECTOR ( 'NONE', #5575, 39.37007874015748143 ) ;
#2878 = ORIENTED_EDGE ( 'NONE', *, *, #70, .F. ) ;
#2879 = DIRECTION ( 'NONE',  ( 0.000000000000000000, 0.000000000000000000, 1.000000000000000000 ) ) ;
#2880 = EDGE_LOOP ( 'NONE', ( #3844, #5577, #767, #4733 ) ) ;
#2881 = ORIENTED_EDGE ( 'NONE', *, *, #4387, .F. ) ;
#2882 = VECTOR ( 'NONE', #715, 39.37007874015748143 ) ;
#2883 = EDGE_CURVE ( 'NONE', #736, #6180, #5606, .T. ) ;
#2884 = CARTESIAN_POINT ( 'NONE',  ( 0.1555118110236220208, -0.2500000000000000000, -0.2972440944881889480 ) ) ;
#2885 = CARTESIAN_POINT ( 'NONE',  ( 0.1161417322834645827, -0.05111624972490156488, -0.3425196850393700809 ) ) ;
#2886 = VECTOR ( 'NONE', #2069, 39.37007874015748143 ) ;
#2887 = DIRECTION ( 'NONE',  ( 0.000000000000000000, 0.000000000000000000, -1.000000000000000000 ) ) ;
#2888 = DIRECTION ( 'NONE',  ( 0.000000000000000000, 0.000000000000000000, -1.000000000000000000 ) ) ;
#2889 = ORIENTED_EDGE ( 'NONE', *, *, #3625, .F. ) ;
#2890 =( LENGTH_UNIT ( ) NAMED_UNIT ( * ) SI_UNIT ( $, .METRE. ) );
#2891 = CARTESIAN_POINT ( 'NONE',  ( -0.04527559055117325038, -0.03543307086614172485, -0.2559055118110236671 ) ) ;
#2892 = VERTEX_POINT ( 'NONE', #3271 ) ;
#2893 = PRESENTATION_LAYER_ASSIGNMENT (  '', '', ( #5919 ) ) ;
#2894 = EDGE_CURVE ( 'NONE', #4856, #3816, #2176, .T. ) ;
#2895 = DIRECTION ( 'NONE',  ( 0.000000000000000000, 0.000000000000000000, -1.000000000000000000 ) ) ;
#2896 = FACE_OUTER_BOUND ( 'NONE', #3867, .T. ) ;
#2897 = ORIENTED_EDGE ( 'NONE', *, *, #2164, .T. ) ;
#2898 = CARTESIAN_POINT ( 'NONE',  ( 0.001145785577233385298, -0.2086269673834014737, -0.4232283464566929387 ) ) ;
#2899 = VECTOR ( 'NONE', #5563, 39.37007874015748143 ) ;
#2900 = EDGE_LOOP ( 'NONE', ( #2638, #4013, #4635, #3374, #2184, #5832, #3073, #3606 ) ) ;
#2901 = FACE_OUTER_BOUND ( 'NONE', #4076, .T. ) ;
#2902 = LINE ( 'NONE', #629, #3057 ) ;
#2903 = MANIFOLD_SOLID_BREP ( 'solid-6', #1637 ) ;
#2904 = DIRECTION ( 'NONE',  ( -0.000000000000000000, -1.000000000000000000, -0.000000000000000000 ) ) ;
#2905 = VERTEX_POINT ( 'NONE', #5189 ) ;
#2906 = DIRECTION ( 'NONE',  ( -0.000000000000000000, -1.000000000000000000, -0.000000000000000000 ) ) ;
#2907 = ORIENTED_EDGE ( 'NONE', *, *, #5747, .T. ) ;
#2908 =( GEOMETRIC_REPRESENTATION_CONTEXT ( 3 ) GLOBAL_UNCERTAINTY_ASSIGNED_CONTEXT ( ( #2024 ) ) GLOBAL_UNIT_ASSIGNED_CONTEXT ( ( #2225, #4235, #5121 ) ) REPRESENTATION_CONTEXT ( 'NONE', 'WORKASPACE' ) );
#2909 = ADVANCED_FACE ( 'NONE', ( #3302 ), #4242, .T. ) ;
#2910 = CARTESIAN_POINT ( 'NONE',  ( 0.000000000000000000, 0.000000000000000000, -0.4035433070866140670 ) ) ;
#2911 = EDGE_LOOP ( 'NONE', ( #1116, #1517, #2105, #3674 ) ) ;
#2912 = CYLINDRICAL_SURFACE ( 'NONE', #5719, 0.02362204724409448092 ) ;
#2913 = VERTEX_POINT ( 'NONE', #5701 ) ;
#2914 = ADVANCED_FACE ( 'NONE', ( #1379, #524 ), #1883, .T. ) ;
#2915 = VERTEX_POINT ( 'NONE', #5945 ) ;
#2916 = EDGE_CURVE ( 'NONE', #1173, #5080, #1942, .T. ) ;
#2917 = DIRECTION ( 'NONE',  ( 1.000000000000000000, 0.000000000000000000, 0.000000000000000000 ) ) ;
#2918 = DIRECTION ( 'NONE',  ( 0.000000000000000000, 1.000000000000000000, 0.000000000000000000 ) ) ;
#2919 = DIRECTION ( 'NONE',  ( 0.000000000000000000, 0.000000000000000000, -1.000000000000000000 ) ) ;
#2920 = DIRECTION ( 'NONE',  ( 0.000000000000000000, 0.000000000000000000, 1.000000000000000000 ) ) ;
#2921 = ORIENTED_EDGE ( 'NONE', *, *, #3513, .F. ) ;
#2922 = DIRECTION ( 'NONE',  ( 0.000000000000000000, 0.000000000000000000, -1.000000000000000000 ) ) ;
#2923 = EDGE_CURVE ( 'NONE', #5890, #1259, #764, .T. ) ;
#2924 = ORIENTED_EDGE ( 'NONE', *, *, #1002, .F. ) ;
#2925 = DIRECTION ( 'NONE',  ( 0.000000000000000000, 0.000000000000000000, -1.000000000000000000 ) ) ;
#2926 = FACE_OUTER_BOUND ( 'NONE', #6168, .T. ) ;
#2927 = PLANE ( 'NONE',  #5464 ) ;
#2928 = LINE ( 'NONE', #3935, #865 ) ;
#2929 = EDGE_LOOP ( 'NONE', ( #3559, #3305 ) ) ;
#2930 = PLANE ( 'NONE',  #4001 ) ;
#2931 = FACE_OUTER_BOUND ( 'NONE', #2340, .T. ) ;
#2932 = EDGE_CURVE ( 'NONE', #5012, #2412, #2443, .T. ) ;
#2933 = DIRECTION ( 'NONE',  ( -0.000000000000000000, -0.000000000000000000, -1.000000000000000000 ) ) ;
#2934 = ORIENTED_EDGE ( 'NONE', *, *, #1973, .T. ) ;
#2935 = DIRECTION ( 'NONE',  ( 0.000000000000000000, 1.000000000000000000, 0.000000000000000000 ) ) ;
#2936 = LINE ( 'NONE', #5219, #1050 ) ;
#2937 = ORIENTED_EDGE ( 'NONE', *, *, #3948, .T. ) ;
#2938 = CARTESIAN_POINT ( 'NONE',  ( 0.1437007874015747977, -0.2116141732283464416, -0.3425196850393701364 ) ) ;
#2939 = EDGE_LOOP ( 'NONE', ( #6218, #3921 ) ) ;
#2940 = VECTOR ( 'NONE', #5768, 39.37007874015748143 ) ;
#2941 = CARTESIAN_POINT ( 'NONE',  ( 0.001968503937006580752, -0.2066929133858193823, -0.4114173228346457156 ) ) ;
#2942 = ORIENTED_EDGE ( 'NONE', *, *, #2642, .F. ) ;
#2943 = EDGE_CURVE ( 'NONE', #5704, #318, #4477, .T. ) ;
#2944 = CIRCLE ( 'NONE', #3753, 0.02362204724409451562 ) ;
#2945 = ORIENTED_EDGE ( 'NONE', *, *, #459, .F. ) ;
#2946 = DIRECTION ( 'NONE',  ( 0.000000000000000000, 1.000000000000000000, 0.000000000000000000 ) ) ;
#2947 = DIRECTION ( 'NONE',  ( 1.000000000000000000, 0.000000000000000000, 0.000000000000000000 ) ) ;
#2948 = CARTESIAN_POINT ( 'NONE',  ( 0.1412598425196850416, -0.09930398801011813825, -0.2244094488188976555 ) ) ;
#2949 = ORIENTED_EDGE ( 'NONE', *, *, #1761, .F. ) ;
#2950 = FACE_OUTER_BOUND ( 'NONE', #1780, .T. ) ;
#2951 =( GEOMETRIC_REPRESENTATION_CONTEXT ( 3 ) GLOBAL_UNCERTAINTY_ASSIGNED_CONTEXT ( ( #66 ) ) GLOBAL_UNIT_ASSIGNED_CONTEXT ( ( #2145, #2525, #247 ) ) REPRESENTATION_CONTEXT ( 'NONE', 'WORKASPACE' ) );
#2952 = VERTEX_POINT ( 'NONE', #130 ) ;
#2953 = ADVANCED_FACE ( 'NONE', ( #495 ), #5792, .T. ) ;
#2954 = EDGE_CURVE ( 'NONE', #1278, #4451, #4808, .T. ) ;
#2955 = LINE ( 'NONE', #5834, #179 ) ;
#2956 = CARTESIAN_POINT ( 'NONE',  ( 0.1771653543307086798, -0.09842519685039369248, -0.3425196850393700809 ) ) ;
#2957 = CARTESIAN_POINT ( 'NONE',  ( -0.06003937007874015491, -0.2362204724409449341, -0.3425196850393701364 ) ) ;
#2958 = DIRECTION ( 'NONE',  ( 0.000000000000000000, 6.672013369141565217E-16, 1.000000000000000000 ) ) ;
#2959 = EDGE_LOOP ( 'NONE', ( #3308, #608, #1808, #2630 ) ) ;
#2960 = DIRECTION ( 'NONE',  ( -0.06102369082725696281, -0.9981363179234683525, 0.000000000000000000 ) ) ;
#2961 = EDGE_CURVE ( 'NONE', #3638, #3000, #1005, .T. ) ;
#2962 = ADVANCED_FACE ( 'NONE', ( #6206, #4475 ), #5323, .F. ) ;
#2963 = DIRECTION ( 'NONE',  ( 0.000000000000000000, 1.000000000000000000, 0.000000000000000000 ) ) ;
#2964 = CIRCLE ( 'NONE', #5687, 0.01181102362204724046 ) ;
#2965 = ORIENTED_EDGE ( 'NONE', *, *, #929, .F. ) ;
#2966 = DIRECTION ( 'NONE',  ( -1.000000000000000000, 0.000000000000000000, 0.000000000000000000 ) ) ;
#2967 = DIRECTION ( 'NONE',  ( 0.000000000000000000, -1.000000000000000000, 0.000000000000000000 ) ) ;
#2968 = ORIENTED_EDGE ( 'NONE', *, *, #5828, .F. ) ;
#2969 = AXIS2_PLACEMENT_3D ( 'NONE', #3154, #5071, #2615 ) ;
#2970 = DIRECTION ( 'NONE',  ( 0.000000000000000000, 0.000000000000000000, 1.000000000000000000 ) ) ;
#2971 = ORIENTED_EDGE ( 'NONE', *, *, #6153, .T. ) ;
#2972 = TOROIDAL_SURFACE ( 'NONE', #5085, 0.001968503937008208356, 0.01968503937007927765 ) ;
#2973 = AXIS2_PLACEMENT_3D ( 'NONE', #3053, #2142, #4974 ) ;
#2974 = ORIENTED_EDGE ( 'NONE', *, *, #5968, .T. ) ;
#2975 = CIRCLE ( 'NONE', #359, 0.07677165354330625635 ) ;
#2976 = ORIENTED_EDGE ( 'NONE', *, *, #6001, .F. ) ;
#2977 = DIRECTION ( 'NONE',  ( 0.000000000000000000, 0.000000000000000000, 1.000000000000000000 ) ) ;
#2978 = DIRECTION ( 'NONE',  ( 0.000000000000000000, 0.000000000000000000, -1.000000000000000000 ) ) ;
#2979 = LINE ( 'NONE', #1438, #4794 ) ;
#2980 = EDGE_CURVE ( 'NONE', #1032, #4233, #3399, .T. ) ;
#2981 = ORIENTED_EDGE ( 'NONE', *, *, #4872, .F. ) ;
#2982 = AXIS2_PLACEMENT_3D ( 'NONE', #3863, #1036, #1917 ) ;
#2983 = CARTESIAN_POINT ( 'NONE',  ( -0.01771653543307136203, -0.2066929133858267931, -0.4153543307086614012 ) ) ;
#2984 = ORIENTED_EDGE ( 'NONE', *, *, #29, .F. ) ;
#2985 = TOROIDAL_SURFACE ( 'NONE', #1085, 0.001968503937008147207, 0.007874015748031570547 ) ;
#2986 = PLANE ( 'NONE',  #696 ) ;
#2987 = EDGE_CURVE ( 'NONE', #3391, #3519, #4304, .T. ) ;
#2988 = DIRECTION ( 'NONE',  ( -1.000000000000000000, 0.000000000000000000, 0.000000000000000000 ) ) ;
#2989 = DIRECTION ( 'NONE',  ( -1.000000000000000000, -0.000000000000000000, -0.000000000000000000 ) ) ;
#2990 = CYLINDRICAL_SURFACE ( 'NONE', #4687, 0.02362204724409449133 ) ;
#2991 = ORIENTED_EDGE ( 'NONE', *, *, #4160, .T. ) ;
#2992 = LINE ( 'NONE', #4914, #3407 ) ;
#2993 = CARTESIAN_POINT ( 'NONE',  ( 2.892866454678786221E-18, -0.3877952755905511584, -0.1604330708661496907 ) ) ;
#2994 = AXIS2_PLACEMENT_3D ( 'NONE', #6251, #5337, #3845 ) ;
#2995 = LINE ( 'NONE', #3880, #5799 ) ;
#2996 = VECTOR ( 'NONE', #962, 39.37007874015748143 ) ;
#2997 = EDGE_LOOP ( 'NONE', ( #5489, #3800, #2991, #4516 ) ) ;
#2998 = DIRECTION ( 'NONE',  ( 0.000000000000000000, 0.000000000000000000, 1.000000000000000000 ) ) ;
#2999 = CARTESIAN_POINT ( 'NONE',  ( 0.05314960629921260116, -0.1749975547478937188, -0.4035433070866141780 ) ) ;
#3000 = VERTEX_POINT ( 'NONE', #2415 ) ;
#3001 = EDGE_CURVE ( 'NONE', #2215, #3881, #2280, .T. ) ;
#3002 = DIMENSIONAL_EXPONENTS ( 1.000000000000000000, 0.000000000000000000, 0.000000000000000000, 0.000000000000000000, 0.000000000000000000, 0.000000000000000000, 0.000000000000000000 ) ;
#3003 = LINE ( 'NONE', #4925, #1094 ) ;
#3004 = ORIENTED_EDGE ( 'NONE', *, *, #814, .F. ) ;
#3005 = AXIS2_PLACEMENT_3D ( 'NONE', #2157, #6016, #1123 ) ;
#3006 = DIRECTION ( 'NONE',  ( -1.000000000000000000, 0.000000000000000000, 0.000000000000000000 ) ) ;
#3007 = ORIENTED_EDGE ( 'NONE', *, *, #3009, .T. ) ;
#3008 = EDGE_CURVE ( 'NONE', #751, #5249, #5914, .T. ) ;
#3009 = EDGE_CURVE ( 'NONE', #818, #138, #5758, .T. ) ;
#3010 = ORIENTED_EDGE ( 'NONE', *, *, #3513, .T. ) ;
#3011 = DIRECTION ( 'NONE',  ( -1.113035129722760235E-16, 0.000000000000000000, -1.000000000000000000 ) ) ;
#3012 = CARTESIAN_POINT ( 'NONE',  ( -0.1377952755905512139, -0.2165354330708661457, -0.1200787401574803376 ) ) ;
#3013 = LINE ( 'NONE', #2536, #3695 ) ;
#3014 = ORIENTED_EDGE ( 'NONE', *, *, #3001, .F. ) ;
#3015 = CARTESIAN_POINT ( 'NONE',  ( 0.04330708661418580796, 0.06339071727598424855, -0.4153543307086005054 ) ) ;
#3016 = ORIENTED_EDGE ( 'NONE', *, *, #1582, .T. ) ;
#3017 = CARTESIAN_POINT ( 'NONE',  ( 0.1043307086614173318, -0.1259842519685039353, -0.4212598425197252583 ) ) ;
#3018 = DIRECTION ( 'NONE',  ( -1.000000000000000000, 0.000000000000000000, 0.000000000000000000 ) ) ;
#3019 = CYLINDRICAL_SURFACE ( 'NONE', #1742, 0.02165354330708660346 ) ;
#3020 = CARTESIAN_POINT ( 'NONE',  ( 0.08858232721500806928, 0.000000000000000000, 0.1299212598425196763 ) ) ;
#3021 = ORIENTED_EDGE ( 'NONE', *, *, #3653, .F. ) ;
#3022 = FACE_OUTER_BOUND ( 'NONE', #6209, .T. ) ;
#3023 = CARTESIAN_POINT ( 'NONE',  ( 0.000000000000000000, 0.000000000000000000, 0.1203553361036193980 ) ) ;
#3024 = EDGE_CURVE ( 'NONE', #3519, #5411, #4790, .T. ) ;
#3025 = MANIFOLD_SOLID_BREP ( 'solid-4', #5662 ) ;
#3026 = LINE ( 'NONE', #5339, #2563 ) ;
#3027 = ORIENTED_EDGE ( 'NONE', *, *, #4160, .F. ) ;
#3028 = DIRECTION ( 'NONE',  ( 0.000000000000000000, 0.000000000000000000, -1.000000000000000000 ) ) ;
#3029 = DIRECTION ( 'NONE',  ( -1.000000000000000000, 0.000000000000000000, 0.000000000000000000 ) ) ;
#3030 = ORIENTED_EDGE ( 'NONE', *, *, #703, .F. ) ;
#3031 = CARTESIAN_POINT ( 'NONE',  ( 0.1358267716535432879, -0.08267716535433744518, -0.2440944881889763884 ) ) ;
#3032 = VERTEX_POINT ( 'NONE', #287 ) ;
#3033 = EDGE_CURVE ( 'NONE', #1404, #5373, #1119, .T. ) ;
#3034 = CARTESIAN_POINT ( 'NONE',  ( 0.1566015238009055011, -0.003937007874015747977, 0.006850393700787403561 ) ) ;
#3035 = CARTESIAN_POINT ( 'NONE',  ( -0.09719110852373520626, -0.1497175194147954691, 0.07966826917168429167 ) ) ;
#3036 = VERTEX_POINT ( 'NONE', #2247 ) ;
#3037 = EDGE_CURVE ( 'NONE', #927, #4673, #2670, .T. ) ;
#3038 = CARTESIAN_POINT ( 'NONE',  ( 0.000000000000000000, -0.08267716535433070058, -0.2244094488188976555 ) ) ;
#3039 = EDGE_CURVE ( 'NONE', #1404, #3716, #4569, .T. ) ;
#3040 = DIRECTION ( 'NONE',  ( 0.000000000000000000, -1.000000000000000000, 0.000000000000000000 ) ) ;
#3041 = CARTESIAN_POINT ( 'NONE',  ( 0.1555118110236219930, 0.000000000000000000, -0.3425196850393710801 ) ) ;
#3042 = EDGE_LOOP ( 'NONE', ( #1439, #5354, #3016, #2382 ) ) ;
#3043 = CARTESIAN_POINT ( 'NONE',  ( -0.1161417322834645549, -0.03543307086614173179, -0.1200787401574803376 ) ) ;
#3044 = ORIENTED_EDGE ( 'NONE', *, *, #4695, .F. ) ;
#3045 = VECTOR ( 'NONE', #2989, 39.37007874015748143 ) ;
#3046 = CARTESIAN_POINT ( 'NONE',  ( 0.000000000000000000, 0.000000000000000000, -0.4153543307087793068 ) ) ;
#3047 = DIRECTION ( 'NONE',  ( 0.000000000000000000, 0.000000000000000000, 1.000000000000000000 ) ) ;
#3048 = CARTESIAN_POINT ( 'NONE',  ( 0.1948818897637620562, -0.3641732283464567121, -0.2696850393700787052 ) ) ;
#3049 = ORIENTED_EDGE ( 'NONE', *, *, #5149, .F. ) ;
#3050 = CARTESIAN_POINT ( 'NONE',  ( 0.02066929133858268902, -0.08267716535433072833, -0.2244094488188976277 ) ) ;
#3051 = CARTESIAN_POINT ( 'NONE',  ( 0.1751968503937007815, -0.1023622047244094613, -0.3425196850393700809 ) ) ;
#3052 = CIRCLE ( 'NONE', #1746, 0.007874015748031551465 ) ;
#3053 = CARTESIAN_POINT ( 'NONE',  ( 0.1830708661417495553, -0.3641732283464567121, -0.2933070866141732624 ) ) ;
#3054 = ORIENTED_EDGE ( 'NONE', *, *, #4238, .T. ) ;
#3055 = PLANE ( 'NONE',  #671 ) ;
#3056 = CARTESIAN_POINT ( 'NONE',  ( -0.07926322931848138464, -0.09912543122607020418, -0.1070271450189209661 ) ) ;
#3057 = VECTOR ( 'NONE', #4825, 39.37007874015748143 ) ;
#3058 = EDGE_CURVE ( 'NONE', #789, #3716, #1682, .T. ) ;
#3059 = VERTEX_POINT ( 'NONE', #3572 ) ;
#3060 = CARTESIAN_POINT ( 'NONE',  ( -0.1161417322834645549, 0.000000000000000000, -0.3031496062992095619 ) ) ;
#3061 = ORIENTED_EDGE ( 'NONE', *, *, #3588, .T. ) ;
#3062 = CARTESIAN_POINT ( 'NONE',  ( 0.1751968503937007260, -0.09448818897637795144, -0.2834645669291338543 ) ) ;
#3063 = EDGE_CURVE ( 'NONE', #4961, #2211, #4607, .T. ) ;
#3064 = CARTESIAN_POINT ( 'NONE',  ( 0.1161417322834645688, 0.004330708661417323642, 0.1112598425196850288 ) ) ;
#3065 = ORIENTED_EDGE ( 'NONE', *, *, #4207, .F. ) ;
#3066 = AXIS2_PLACEMENT_3D ( 'NONE', #1158, #2163, #3074 ) ;
#3067 = EDGE_CURVE ( 'NONE', #369, #4537, #6041, .T. ) ;
#3068 = ORIENTED_EDGE ( 'NONE', *, *, #2164, .F. ) ;
#3069 = VECTOR ( 'NONE', #2240, 39.37007874015748143 ) ;
#3070 = CARTESIAN_POINT ( 'NONE',  ( 0.01487554045278395402, -0.02952755906727884058, -0.4232283464566928832 ) ) ;
#3071 = DIRECTION ( 'NONE',  ( 0.4893653484557277666, -0.8720788701320563163, 0.000000000000000000 ) ) ;
#3072 = CYLINDRICAL_SURFACE ( 'NONE', #5607, 0.02755905511811023931 ) ;
#3073 = ORIENTED_EDGE ( 'NONE', *, *, #2836, .F. ) ;
#3074 = DIRECTION ( 'NONE',  ( 1.000000000000000000, 0.000000000000000000, 0.000000000000000000 ) ) ;
#3075 = ORIENTED_EDGE ( 'NONE', *, *, #684, .F. ) ;
#3076 = AXIS2_PLACEMENT_3D ( 'NONE', #3604, #1211, #5531 ) ;
#3077 = AXIS2_PLACEMENT_3D ( 'NONE', #6171, #1850, #3241 ) ;
#3078 = EDGE_CURVE ( 'NONE', #1311, #4895, #1181, .T. ) ;
#3079 = ADVANCED_FACE ( 'NONE', ( #3196 ), #708, .F. ) ;
#3080 = CARTESIAN_POINT ( 'NONE',  ( 0.07677165354330708902, 9.401815977706057626E-18, 0.1203553361036193980 ) ) ;
#3081 = DIRECTION ( 'NONE',  ( 0.000000000000000000, 0.000000000000000000, 1.000000000000000000 ) ) ;
#3082 = AXIS2_PLACEMENT_3D ( 'NONE', #2212, #6066, #5554 ) ;
#3083 = CARTESIAN_POINT ( 'NONE',  ( -0.05314960629921514079, -0.2404379814153118633, -0.4035433070866141780 ) ) ;
#3084 = CARTESIAN_POINT ( 'NONE',  ( 0.001933169182313886634, -0.2056618698622484365, -0.4114173228346457711 ) ) ;
#3085 = VERTEX_POINT ( 'NONE', #5114 ) ;
#3086 = DIRECTION ( 'NONE',  ( -0.000000000000000000, -0.000000000000000000, -1.000000000000000000 ) ) ;
#3087 = CARTESIAN_POINT ( 'NONE',  ( 0.000000000000000000, 0.000000000000000000, -0.2677165354330763303 ) ) ;
#3088 = EDGE_CURVE ( 'NONE', #4743, #5083, #3635, .T. ) ;
#3089 = CIRCLE ( 'NONE', #2982, 0.01181102362204722485 ) ;
#3090 = EDGE_CURVE ( 'NONE', #3032, #1433, #1975, .T. ) ;
#3091 = MANIFOLD_SOLID_BREP ( 'solid-3', #5565 ) ;
#3092 = FACE_OUTER_BOUND ( 'NONE', #3139, .T. ) ;
#3093 = ORIENTED_EDGE ( 'NONE', *, *, #2954, .T. ) ;
#3094 = LINE ( 'NONE', #4599, #5705 ) ;
#3095 = AXIS2_PLACEMENT_3D ( 'NONE', #5694, #4643, #3295 ) ;
#3096 =( BOUNDED_CURVE ( )  B_SPLINE_CURVE ( 3, ( #941, #5611, #3810, #882 ),
 .UNSPECIFIED., .F., .T. ) 
 B_SPLINE_CURVE_WITH_KNOTS ( ( 4, 4 ),
 ( 4.732640463669145703, 5.308599116827594777 ),
 .UNSPECIFIED. ) 
 CURVE ( )  GEOMETRIC_REPRESENTATION_ITEM ( )  RATIONAL_B_SPLINE_CURVE ( ( 1.000000000000000000, 0.9725464899120983553, 0.9725464899120983553, 1.000000000000000000 ) ) 
 REPRESENTATION_ITEM ( '' )  );
#3097 = LINE ( 'NONE', #5014, #3960 ) ;
#3098 = ORIENTED_EDGE ( 'NONE', *, *, #1493, .T. ) ;
#3099 = AXIS2_PLACEMENT_3D ( 'NONE', #4253, #5807, #2367 ) ;
#3100 = CARTESIAN_POINT ( 'NONE',  ( 0.09664603631298480935, -0.1426563428879298323, 0.07399205499238062367 ) ) ;
#3101 = ORIENTED_EDGE ( 'NONE', *, *, #3001, .T. ) ;
#3102 = CARTESIAN_POINT ( 'NONE',  ( 0.1358267716535433156, -0.08858267716535432601, -0.2244094488188976555 ) ) ;
#3103 = FACE_OUTER_BOUND ( 'NONE', #650, .T. ) ;
#3104 = VERTEX_POINT ( 'NONE', #768 ) ;
#3105 = VECTOR ( 'NONE', #5050, 39.37007874015748143 ) ;
#3106 = EDGE_CURVE ( 'NONE', #1584, #4832, #2172, .T. ) ;
#3107 = AXIS2_PLACEMENT_3D ( 'NONE', #3840, #3435, #1923 ) ;
#3108 = EDGE_LOOP ( 'NONE', ( #1614, #4152 ) ) ;
#3109 = CARTESIAN_POINT ( 'NONE',  ( -0.1024015748031496115, -0.09506547360177164396, -0.2440944881889764162 ) ) ;
#3110 = DIRECTION ( 'NONE',  ( 0.000000000000000000, -0.7071067811865472397, -0.7071067811865476838 ) ) ;
#3111 = CARTESIAN_POINT ( 'NONE',  ( -0.07873251665146023537, -0.09098104539383149170, -0.1125538233310408170 ) ) ;
#3112 = VERTEX_POINT ( 'NONE', #4759 ) ;
#3113 = CARTESIAN_POINT ( 'NONE',  ( 0.1771653543307085410, 0.1653543307086549896, 0.1181102362204723560 ) ) ;
#3114 = EDGE_LOOP ( 'NONE', ( #3446, #4144, #5571, #5180 ) ) ;
#3115 = AXIS2_PLACEMENT_3D ( 'NONE', #2658, #3011, #3520 ) ;
#3116 = ADVANCED_FACE ( 'NONE', ( #1868 ), #2972, .T. ) ;
#3117 = DIRECTION ( 'NONE',  ( 0.000000000000000000, 1.000000000000000000, 0.000000000000000000 ) ) ;
#3118 = CARTESIAN_POINT ( 'NONE',  ( 0.1653543307086613179, 0.1771653543307086798, 0.1181102362204724116 ) ) ;
#3119 = LINE ( 'NONE', #4552, #4255 ) ;
#3120 = ADVANCED_FACE ( 'NONE', ( #1426 ), #5651, .T. ) ;
#3121 = LINE ( 'NONE', #3592, #4995 ) ;
#3122 = ORIENTED_EDGE ( 'NONE', *, *, #5788, .T. ) ;
#3123 = DIRECTION ( 'NONE',  ( 0.000000000000000000, 0.000000000000000000, 1.000000000000000000 ) ) ;
#3124 = CARTESIAN_POINT ( 'NONE',  ( 0.000000000000000000, -0.2440944881889763884, 0.1299212598425196763 ) ) ;
#3125 = CARTESIAN_POINT ( 'NONE',  ( 0.1433070866141732402, -0.2174142242305905637, -0.02755905511811023931 ) ) ;
#3126 = EDGE_LOOP ( 'NONE', ( #3122, #5177, #705, #3221 ) ) ;
#3127 = CARTESIAN_POINT ( 'NONE',  ( 0.000000000000000000, 0.000000000000000000, -0.3031496062992065643 ) ) ;
#3128 = EDGE_CURVE ( 'NONE', #4764, #2398, #3757, .T. ) ;
#3129 = FACE_OUTER_BOUND ( 'NONE', #4190, .T. ) ;
#3130 = CARTESIAN_POINT ( 'NONE',  ( 0.000000000000000000, 0.000000000000000000, -0.4153543307085997838 ) ) ;
#3131 = ORIENTED_EDGE ( 'NONE', *, *, #4757, .T. ) ;
#3132 =( NAMED_UNIT ( * ) PLANE_ANGLE_UNIT ( ) SI_UNIT ( $, .RADIAN. ) );
#3133 = CARTESIAN_POINT ( 'NONE',  ( 0.02559055118110236879, 0.000000000000000000, -0.4035433070868026384 ) ) ;
#3134 = ORIENTED_EDGE ( 'NONE', *, *, #1973, .F. ) ;
#3135 = VERTEX_POINT ( 'NONE', #6161 ) ;
#3136 = LINE ( 'NONE', #5504, #4615 ) ;
#3137 = DIRECTION ( 'NONE',  ( 0.000000000000000000, 0.000000000000000000, -1.000000000000000000 ) ) ;
#3138 = CARTESIAN_POINT ( 'NONE',  ( 0.000000000000000000, 0.000000000000000000, -0.4035433070866759619 ) ) ;
#3139 = EDGE_LOOP ( 'NONE', ( #4804, #4389, #1395, #5500 ) ) ;
#3140 = FACE_OUTER_BOUND ( 'NONE', #2848, .T. ) ;
#3141 = EDGE_CURVE ( 'NONE', #4138, #5142, #5674, .T. ) ;
#3142 = ORIENTED_EDGE ( 'NONE', *, *, #4872, .T. ) ;
#3143 = PLANE ( 'NONE',  #2595 ) ;
#3144 = LINE ( 'NONE', #1224, #1871 ) ;
#3145 = LINE ( 'NONE', #2298, #3557 ) ;
#3146 = DIRECTION ( 'NONE',  ( 0.000000000000000000, 0.000000000000000000, -1.000000000000000000 ) ) ;
#3147 = EDGE_CURVE ( 'NONE', #848, #5461, #51, .T. ) ;
#3148 = EDGE_LOOP ( 'NONE', ( #5362, #195, #5437, #5695 ) ) ;
#3149 = PLANE ( 'NONE',  #376 ) ;
#3150 = LINE ( 'NONE', #3124, #3371 ) ;
#3151 = ADVANCED_FACE ( 'NONE', ( #3792 ), #4699, .F. ) ;
#3152 = CIRCLE ( 'NONE', #2641, 0.04921259842519679073 ) ;
#3153 = CARTESIAN_POINT ( 'NONE',  ( -0.01597509161751443224, -0.02860664323777768400, -0.4232283464566928277 ) ) ;
#3154 = CARTESIAN_POINT ( 'NONE',  ( 0.05929133858267716245, -0.1259842519685039353, -0.4028705313925196596 ) ) ;
#3155 = ORIENTED_EDGE ( 'NONE', *, *, #555, .T. ) ;
#3156 = CARTESIAN_POINT ( 'NONE',  ( 0.001801929541013287629, 0.02947337211800735504, -0.4232283464566928832 ) ) ;
#3157 = LINE ( 'NONE', #4161, #5681 ) ;
#3158 = AXIS2_PLACEMENT_3D ( 'NONE', #1997, #4383, #2817 ) ;
#3159 = EDGE_CURVE ( 'NONE', #527, #4050, #1773, .T. ) ;
#3160 = ADVANCED_FACE ( 'NONE', ( #383 ), #1335, .T. ) ;
#3161 = DIRECTION ( 'NONE',  ( -0.000000000000000000, -6.672013369141565217E-16, -1.000000000000000000 ) ) ;
#3162 = VERTEX_POINT ( 'NONE', #6226 ) ;
#3163 = AXIS2_PLACEMENT_3D ( 'NONE', #3415, #4000, #3441 ) ;
#3164 = VERTEX_POINT ( 'NONE', #3288 ) ;
#3165 = DIRECTION ( 'NONE',  ( 1.000000000000000000, 0.000000000000000000, 0.000000000000000000 ) ) ;
#3166 = CARTESIAN_POINT ( 'NONE',  ( -0.02787309681940832937, -0.05822780263483649105, -0.4153543307086613456 ) ) ;
#3167 = ORIENTED_EDGE ( 'NONE', *, *, #1847, .F. ) ;
#3168 = AXIS2_PLACEMENT_3D ( 'NONE', #3051, #5037, #2113 ) ;
#3169 = DIRECTION ( 'NONE',  ( 1.000000000000000000, 0.000000000000000000, 0.000000000000000000 ) ) ;
#3170 = ORIENTED_EDGE ( 'NONE', *, *, #575, .F. ) ;
#3171 = LINE ( 'NONE', #5123, #945 ) ;
#3172 = VECTOR ( 'NONE', #2339, 39.37007874015748143 ) ;
#3173 = CARTESIAN_POINT ( 'NONE',  ( 0.001966853840621269819, -0.2066238864007385045, -0.4232283464566929387 ) ) ;
#3174 = ORIENTED_EDGE ( 'NONE', *, *, #151, .T. ) ;
#3175 = DIRECTION ( 'NONE',  ( -1.000000000000000000, 0.000000000000000000, 0.000000000000000000 ) ) ;
#3176 = ORIENTED_EDGE ( 'NONE', *, *, #5766, .F. ) ;
#3177 = DIRECTION ( 'NONE',  ( 1.000000000000000000, 0.000000000000000000, 0.000000000000000000 ) ) ;
#3178 = DIRECTION ( 'NONE',  ( 1.000000000000000000, 0.000000000000000000, 0.000000000000000000 ) ) ;
#3179 = FACE_OUTER_BOUND ( 'NONE', #180, .T. ) ;
#3180 = CARTESIAN_POINT ( 'NONE',  ( -0.1161417322834646243, -0.2165354330708661457, -0.1200787401574803376 ) ) ;
#3181 = EDGE_LOOP ( 'NONE', ( #3420, #3766, #393, #4209 ) ) ;
#3182 = AXIS2_PLACEMENT_3D ( 'NONE', #3509, #5431, #4469 ) ;
#3183 = CARTESIAN_POINT ( 'NONE',  ( -0.1400393700787401496, -0.08267716535433072833, -0.2220472440944881998 ) ) ;
#3184 = VECTOR ( 'NONE', #6245, 39.37007874015748143 ) ;
#3185 = EDGE_CURVE ( 'NONE', #3162, #3665, #5273, .T. ) ;
#3186 = CIRCLE ( 'NONE', #3983, 0.04921259842519682542 ) ;
#3187 = CARTESIAN_POINT ( 'NONE',  ( 0.0006010932246808548939, 0.02952755905395270525, -0.4232283464566928832 ) ) ;
#3188 = DIRECTION ( 'NONE',  ( -0.000000000000000000, -1.000000000000000000, -0.000000000000000000 ) ) ;
#3189 = EDGE_LOOP ( 'NONE', ( #1895, #5847 ) ) ;
#3190 = CARTESIAN_POINT ( 'NONE',  ( 0.1003937007874015352, -0.09448818897637792369, -0.2244094488188976555 ) ) ;
#3191 = CARTESIAN_POINT ( 'NONE',  ( 0.1653543307086614567, 0.1653543307086614567, 0.1181102362204723560 ) ) ;
#3192 = VECTOR ( 'NONE', #1323, 39.37007874015748143 ) ;
#3193 = DIRECTION ( 'NONE',  ( 0.000000000000000000, 0.000000000000000000, 1.000000000000000000 ) ) ;
#3194 = AXIS2_PLACEMENT_3D ( 'NONE', #491, #4896, #2879 ) ;
#3195 = VERTEX_POINT ( 'NONE', #2839 ) ;
#3196 = FACE_OUTER_BOUND ( 'NONE', #1603, .T. ) ;
#3197 = EDGE_CURVE ( 'NONE', #104, #5979, #959, .T. ) ;
#3198 = CARTESIAN_POINT ( 'NONE',  ( -0.1842519685039370192, -0.007559055118110236289, 0.000000000000000000 ) ) ;
#3199 = ORIENTED_EDGE ( 'NONE', *, *, #2987, .T. ) ;
#3200 = VECTOR ( 'NONE', #2190, 39.37007874015748143 ) ;
#3201 = LINE ( 'NONE', #3229, #4498 ) ;
#3202 = ORIENTED_EDGE ( 'NONE', *, *, #3008, .T. ) ;
#3203 = VECTOR ( 'NONE', #4629, 39.37007874015748143 ) ;
#3204 = DIRECTION ( 'NONE',  ( -0.07921010489577831604, -0.5597462186850549193, -0.8248696442166981724 ) ) ;
#3205 = CARTESIAN_POINT ( 'NONE',  ( 0.07086614173228347746, -0.2165354330708582076, -0.1523622047244094502 ) ) ;
#3206 = EDGE_CURVE ( 'NONE', #5145, #4715, #4782, .T. ) ;
#3207 = ORIENTED_EDGE ( 'NONE', *, *, #3727, .F. ) ;
#3208 = DIRECTION ( 'NONE',  ( 0.000000000000000000, 0.000000000000000000, -1.000000000000000000 ) ) ;
#3209 = EDGE_LOOP ( 'NONE', ( #2527, #5343, #5969, #3830, #621, #2090, #1907, #1567, #5998, #1641, #4707 ) ) ;
#3210 = VECTOR ( 'NONE', #3994, 39.37007874015748143 ) ;
#3211 = PLANE ( 'NONE',  #2404 ) ;
#3212 = CARTESIAN_POINT ( 'NONE',  ( -0.09842519685039369248, -0.08267716535434417591, -0.2244094488189022629 ) ) ;
#3213 = DIRECTION ( 'NONE',  ( -1.000000000000000000, 0.000000000000000000, 0.000000000000000000 ) ) ;
#3214 = AXIS2_PLACEMENT_3D ( 'NONE', #617, #2534, #135 ) ;
#3215 = ORIENTED_EDGE ( 'NONE', *, *, #1221, .F. ) ;
#3216 = CARTESIAN_POINT ( 'NONE',  ( 0.05314960629921596652, -0.2404379814152389772, -0.4153543307086012271 ) ) ;
#3217 = DIRECTION ( 'NONE',  ( 0.000000000000000000, -1.000000000000000000, 0.000000000000000000 ) ) ;
#3218 = ORIENTED_EDGE ( 'NONE', *, *, #1236, .T. ) ;
#3219 = FACE_BOUND ( 'NONE', #3667, .T. ) ;
#3220 = DIRECTION ( 'NONE',  ( 1.000000000000000000, 0.000000000000000000, 0.000000000000000000 ) ) ;
#3221 = ORIENTED_EDGE ( 'NONE', *, *, #4078, .T. ) ;
#3222 = DIRECTION ( 'NONE',  ( 0.000000000000000000, 0.000000000000000000, 1.000000000000000000 ) ) ;
#3223 = CARTESIAN_POINT ( 'NONE',  ( 0.000000000000000000, -0.2165354330708310904, -0.3425196850393700809 ) ) ;
#3224 = DIRECTION ( 'NONE',  ( 1.495803102130905229E-30, -1.000000000000000000, 2.291316159375543256E-16 ) ) ;
#3225 = ORIENTED_EDGE ( 'NONE', *, *, #5976, .T. ) ;
#3226 = CARTESIAN_POINT ( 'NONE',  ( 0.1358267716535432879, -0.08267716535433072833, -0.2834645669291338543 ) ) ;
#3227 = EDGE_LOOP ( 'NONE', ( #232, #821, #4859, #3167, #238, #4328 ) ) ;
#3228 = EDGE_CURVE ( 'NONE', #5028, #5661, #1023, .T. ) ;
#3229 = CARTESIAN_POINT ( 'NONE',  ( -0.1161417322834645549, -0.1082677165354330451, -0.3031496062992125595 ) ) ;
#3230 = VERTEX_POINT ( 'NONE', #4853 ) ;
#3231 = DIRECTION ( 'NONE',  ( 0.000000000000000000, 1.000000000000000000, 0.000000000000000000 ) ) ;
#3232 = CARTESIAN_POINT ( 'NONE',  ( -0.04921259842519676991, -0.2244094488188976555, -0.1525590551181102150 ) ) ;
#3233 = CARTESIAN_POINT ( 'NONE',  ( 0.1437007874015747977, -0.2116141732283464416, -0.02755905511811017686 ) ) ;
#3234 = ORIENTED_EDGE ( 'NONE', *, *, #3566, .F. ) ;
#3235 = CARTESIAN_POINT ( 'NONE',  ( 0.09842519685038968180, -0.1831060488770544781, 0.09251968503937008093 ) ) ;
#3236 = ORIENTED_EDGE ( 'NONE', *, *, #134, .F. ) ;
#3237 = ADVANCED_BREP_SHAPE_REPRESENTATION ( 'CUI_DEVICES_PJ-035DH', ( #3091, #2903, #3025, #5087, #824, #1031, #5627 ), #2908 ) ;
#3238 = ADVANCED_FACE ( 'NONE', ( #634, #4413 ), #3444, .F. ) ;
#3239 = EDGE_CURVE ( 'NONE', #1653, #707, #4436, .T. ) ;
#3240 = DIRECTION ( 'NONE',  ( 1.000000000000000000, 0.000000000000000000, 0.000000000000000000 ) ) ;
#3241 = DIRECTION ( 'NONE',  ( 0.4893653484564642331, -0.8720788701316430913, 0.000000000000000000 ) ) ;
#3242 = DIRECTION ( 'NONE',  ( -0.000000000000000000, -1.000000000000000000, -0.000000000000000000 ) ) ;
#3243 = CARTESIAN_POINT ( 'NONE',  ( -0.001968503937005065905, -0.2067159341764166769, -0.4114173228346457156 ) ) ;
#3244 = ORIENTED_EDGE ( 'NONE', *, *, #1393, .T. ) ;
#3245 = CARTESIAN_POINT ( 'NONE',  ( 0.000000000000000000, 0.000000000000000000, -0.3681102362204724532 ) ) ;
#3246 = CARTESIAN_POINT ( 'NONE',  ( -0.05905511811023622659, -0.1985826771653543266, -0.3455511811023622148 ) ) ;
#3247 = ORIENTED_EDGE ( 'NONE', *, *, #1393, .F. ) ;
#3248 = FACE_OUTER_BOUND ( 'NONE', #5468, .T. ) ;
#3249 = FACE_OUTER_BOUND ( 'NONE', #3550, .T. ) ;
#3250 = ORIENTED_EDGE ( 'NONE', *, *, #1623, .F. ) ;
#3251 = CARTESIAN_POINT ( 'NONE',  ( 0.09842519685039370636, -0.2116141732283464416, -0.02755905511811023931 ) ) ;
#3252 = DIRECTION ( 'NONE',  ( 0.000000000000000000, 1.000000000000000000, 0.000000000000000000 ) ) ;
#3253 = AXIS2_PLACEMENT_3D ( 'NONE', #3773, #2919, #4273 ) ;
#3254 = DIRECTION ( 'NONE',  ( 0.000000000000000000, 0.000000000000000000, 1.000000000000000000 ) ) ;
#3255 = ORIENTED_EDGE ( 'NONE', *, *, #6098, .T. ) ;
#3256 = CARTESIAN_POINT ( 'NONE',  ( 0.02951569213155959964, 0.0008447765090561838068, -0.4153543307086614012 ) ) ;
#3257 = VECTOR ( 'NONE', #1372, 39.37007874015748143 ) ;
#3258 = ORIENTED_EDGE ( 'NONE', *, *, #541, .F. ) ;
#3259 = COLOUR_RGB ( '',0.7921568627450980005, 0.8196078431372548767, 0.9333333333333333481 ) ;
#3260 = EDGE_CURVE ( 'NONE', #5622, #975, #33, .T. ) ;
#3261 = FACE_OUTER_BOUND ( 'NONE', #688, .T. ) ;
#3262 = ORIENTED_EDGE ( 'NONE', *, *, #331, .F. ) ;
#3263 = LINE ( 'NONE', #3294, #2148 ) ;
#3264 = LINE ( 'NONE', #2722, #1787 ) ;
#3265 = ORIENTED_EDGE ( 'NONE', *, *, #4119, .T. ) ;
#3266 = AXIS2_PLACEMENT_3D ( 'NONE', #1268, #891, #3724 ) ;
#3267 = EDGE_CURVE ( 'NONE', #4961, #2216, #6203, .T. ) ;
#3268 = EDGE_LOOP ( 'NONE', ( #6213, #2968, #3456, #2783 ) ) ;
#3269 = VECTOR ( 'NONE', #3405, 39.37007874015748143 ) ;
#3270 = CARTESIAN_POINT ( 'NONE',  ( -0.1161417322834645549, -0.09448818897636002134, -0.2244094488188976555 ) ) ;
#3271 = CARTESIAN_POINT ( 'NONE',  ( -0.1555118110236220208, -8.003460918938271148E-19, -0.4035433070866141225 ) ) ;
#3272 = DIRECTION ( 'NONE',  ( 1.000000000000000000, 0.000000000000000000, 0.000000000000000000 ) ) ;
#3273 = ORIENTED_EDGE ( 'NONE', *, *, #3090, .T. ) ;
#3274 = LINE ( 'NONE', #5195, #1892 ) ;
#3275 = DIRECTION ( 'NONE',  ( 1.000000000000000000, 0.000000000000000000, 0.000000000000000000 ) ) ;
#3276 = EDGE_CURVE ( 'NONE', #633, #4836, #4946, .T. ) ;
#3277 = ORIENTED_EDGE ( 'NONE', *, *, #3537, .F. ) ;
#3278 = AXIS2_PLACEMENT_3D ( 'NONE', #6111, #811, #2751 ) ;
#3279 = FACE_OUTER_BOUND ( 'NONE', #2997, .T. ) ;
#3280 = LINE ( 'NONE', #823, #452 ) ;
#3281 = AXIS2_PLACEMENT_3D ( 'NONE', #2465, #4920, #2966 ) ;
#3282 = ORIENTED_EDGE ( 'NONE', *, *, #689, .F. ) ;
#3283 = DIRECTION ( 'NONE',  ( 0.000000000000000000, 0.000000000000000000, -1.000000000000000000 ) ) ;
#3284 = ADVANCED_FACE ( 'NONE', ( #4887 ), #3972, .T. ) ;
#3285 = AXIS2_PLACEMENT_3D ( 'NONE', #2607, #4587, #4052 ) ;
#3286 = DIRECTION ( 'NONE',  ( 0.000000000000000000, 6.672013369141565217E-16, 1.000000000000000000 ) ) ;
#3287 = ORIENTED_EDGE ( 'NONE', *, *, #2120, .T. ) ;
#3288 = CARTESIAN_POINT ( 'NONE',  ( 0.1476377952755905387, -0.1259842519685008544, -0.4035433070865839245 ) ) ;
#3289 = VECTOR ( 'NONE', #4365, 39.37007874015748143 ) ;
#3290 = EDGE_LOOP ( 'NONE', ( #4317, #1339, #2295, #3644 ) ) ;
#3291 = AXIS2_PLACEMENT_3D ( 'NONE', #4450, #5982, #228 ) ;
#3292 = DIRECTION ( 'NONE',  ( -1.000000000000000000, 0.000000000000000000, 0.000000000000000000 ) ) ;
#3293 = ORIENTED_EDGE ( 'NONE', *, *, #4439, .T. ) ;
#3294 = CARTESIAN_POINT ( 'NONE',  ( -0.04921259842519686706, -0.3189282575094488648, -0.1702755905511810774 ) ) ;
#3295 = DIRECTION ( 'NONE',  ( 1.000000000000000000, 0.000000000000000000, 0.000000000000000000 ) ) ;
#3296 = ORIENTED_EDGE ( 'NONE', *, *, #5043, .F. ) ;
#3297 = CIRCLE ( 'NONE', #479, 0.04921259842519685318 ) ;
#3298 =( BOUNDED_CURVE ( )  B_SPLINE_CURVE ( 3, ( #4090, #3678, #5608, #2636 ),
 .UNSPECIFIED., .F., .T. ) 
 B_SPLINE_CURVE_WITH_KNOTS ( ( 4, 4 ),
 ( 0.4988452214688924857, 0.9888330889576478766 ),
 .UNSPECIFIED. ) 
 CURVE ( )  GEOMETRIC_REPRESENTATION_ITEM ( )  RATIONAL_B_SPLINE_CURVE ( ( 0.5088094353445423712, 0.5117165820342817195, 0.6754467702527676698, 1.000000000000000000 ) ) 
 REPRESENTATION_ITEM ( '' )  );
#3299 = ORIENTED_EDGE ( 'NONE', *, *, #1687, .F. ) ;
#3300 = VECTOR ( 'NONE', #3086, 39.37007874015748143 ) ;
#3301 = DIRECTION ( 'NONE',  ( 0.000000000000000000, -7.228014483236698528E-16, 1.000000000000000000 ) ) ;
#3302 = FACE_OUTER_BOUND ( 'NONE', #1794, .T. ) ;
#3303 = CARTESIAN_POINT ( 'NONE',  ( -0.06003937007874018267, -0.2165354330708662289, -0.3425196850393700809 ) ) ;
#3304 = DIRECTION ( 'NONE',  ( 0.8720788701316432023, -0.4893653484564642886, 0.000000000000000000 ) ) ;
#3305 = ORIENTED_EDGE ( 'NONE', *, *, #3500, .F. ) ;
#3306 = DIRECTION ( 'NONE',  ( 1.000000000000000000, 0.000000000000000000, -0.000000000000000000 ) ) ;
#3307 = DIRECTION ( 'NONE',  ( -0.000000000000000000, -0.000000000000000000, -1.000000000000000000 ) ) ;
#3308 = ORIENTED_EDGE ( 'NONE', *, *, #5613, .T. ) ;
#3309 = ADVANCED_FACE ( 'NONE', ( #1615 ), #2434, .T. ) ;
#3310 = AXIS2_PLACEMENT_3D ( 'NONE', #3389, #5312, #995 ) ;
#3311 = EDGE_CURVE ( 'NONE', #4945, #2412, #3472, .T. ) ;
#3312 = LINE ( 'NONE', #4873, #2801 ) ;
#3313 = DIRECTION ( 'NONE',  ( -0.000000000000000000, -1.000000000000000000, -0.000000000000000000 ) ) ;
#3314 = AXIS2_PLACEMENT_3D ( 'NONE', #4087, #2606, #3177 ) ;
#3315 = ORIENTED_EDGE ( 'NONE', *, *, #3024, .F. ) ;
#3316 = DIRECTION ( 'NONE',  ( 0.000000000000000000, 0.000000000000000000, -1.000000000000000000 ) ) ;
#3317 = VERTEX_POINT ( 'NONE', #579 ) ;
#3318 = CARTESIAN_POINT ( 'NONE',  ( 0.04385826771653544148, -0.03543307086614173873, 0.1112598425196850288 ) ) ;
#3319 = AXIS2_PLACEMENT_3D ( 'NONE', #5253, #2414, #5825 ) ;
#3320 = EDGE_CURVE ( 'NONE', #5979, #1933, #2375, .T. ) ;
#3321 = DIRECTION ( 'NONE',  ( 1.000000000000000000, 0.000000000000000000, 0.000000000000000000 ) ) ;
#3322 = ORIENTED_EDGE ( 'NONE', *, *, #4613, .T. ) ;
#3323 = DIRECTION ( 'NONE',  ( 1.000000000000000000, 0.000000000000000000, 0.000000000000000000 ) ) ;
#3324 = ORIENTED_EDGE ( 'NONE', *, *, #4070, .F. ) ;
#3325 = DIRECTION ( 'NONE',  ( -1.000000000000000000, 0.000000000000000000, 0.000000000000000000 ) ) ;
#3326 = VERTEX_POINT ( 'NONE', #98 ) ;
#3327 = CARTESIAN_POINT ( 'NONE',  ( 0.001968503937008481142, -0.2066929133858194101, -0.4232283464566929387 ) ) ;
#3328 = ORIENTED_EDGE ( 'NONE', *, *, #2789, .F. ) ;
#3329 = ORIENTED_EDGE ( 'NONE', *, *, #5030, .T. ) ;
#3330 = EDGE_CURVE ( 'NONE', #5100, #3391, #2073, .T. ) ;
#3331 = DIRECTION ( 'NONE',  ( 1.000000000000000000, 2.687289365973140514E-14, 3.037006056311451377E-14 ) ) ;
#3332 = DIRECTION ( 'NONE',  ( -0.7071067811865479058, -0.7071067811865472397, -0.000000000000000000 ) ) ;
#3333 = DIRECTION ( 'NONE',  ( 0.000000000000000000, -1.000000000000000000, 0.000000000000000000 ) ) ;
#3334 = CARTESIAN_POINT ( 'NONE',  ( 0.02554303790188743387, 0.000000000000000000, -0.3504409077267730543 ) ) ;
#3335 = EDGE_CURVE ( 'NONE', #4836, #2663, #1468, .T. ) ;
#3336 = ORIENTED_EDGE ( 'NONE', *, *, #1307, .T. ) ;
#3337 = DIRECTION ( 'NONE',  ( 0.000000000000000000, -0.07768658419976372242, 0.9969778305636354254 ) ) ;
#3338 = ORIENTED_EDGE ( 'NONE', *, *, #2230, .F. ) ;
#3339 = CARTESIAN_POINT ( 'NONE',  ( 0.000000000000000000, -0.2066929133858267931, 0.04330708661417323468 ) ) ;
#3340 = ADVANCED_FACE ( 'NONE', ( #1522 ), #2025, .F. ) ;
#3341 = FACE_OUTER_BOUND ( 'NONE', #5922, .T. ) ;
#3342 = VERTEX_POINT ( 'NONE', #5844 ) ;
#3343 = LINE ( 'NONE', #5714, #6009 ) ;
#3344 = EDGE_LOOP ( 'NONE', ( #2539, #4899, #4286, #4647 ) ) ;
#3345 = DIRECTION ( 'NONE',  ( 0.000000000000000000, 1.000000000000000000, 0.000000000000000000 ) ) ;
#3346 = DIRECTION ( 'NONE',  ( 0.000000000000000000, 0.000000000000000000, -1.000000000000000000 ) ) ;
#3347 = EDGE_CURVE ( 'NONE', #5817, #2205, #1053, .T. ) ;
#3348 = CARTESIAN_POINT ( 'NONE',  ( 0.000000000000000000, 0.000000000000000000, 0.1180392947958194549 ) ) ;
#3349 = ORIENTED_EDGE ( 'NONE', *, *, #6157, .T. ) ;
#3350 = UNCERTAINTY_MEASURE_WITH_UNIT (LENGTH_MEASURE( 1.000000000000000082E-05 ), #4728, 'distance_accuracy_value', 'NONE');
#3351 = DIRECTION ( 'NONE',  ( 1.000000000000000000, 0.000000000000000000, 0.000000000000000000 ) ) ;
#3352 = ORIENTED_EDGE ( 'NONE', *, *, #3733, .T. ) ;
#3353 = ADVANCED_FACE ( 'NONE', ( #1550 ), #609, .T. ) ;
#3354 = EDGE_CURVE ( 'NONE', #4230, #215, #2524, .T. ) ;
#3355 = DIRECTION ( 'NONE',  ( 1.000000000000000000, 0.000000000000000000, 0.000000000000000000 ) ) ;
#3356 = ORIENTED_EDGE ( 'NONE', *, *, #1011, .F. ) ;
#3357 = DIRECTION ( 'NONE',  ( 0.000000000000000000, 1.000000000000000000, 0.000000000000000000 ) ) ;
#3358 = ORIENTED_EDGE ( 'NONE', *, *, #1312, .T. ) ;
#3359 = VERTEX_POINT ( 'NONE', #702 ) ;
#3360 = EDGE_CURVE ( 'NONE', #5548, #5622, #2576, .T. ) ;
#3361 = VECTOR ( 'NONE', #3204, 39.37007874015748854 ) ;
#3362 = DIRECTION ( 'NONE',  ( 1.000000000000000000, 0.000000000000000000, 0.000000000000000000 ) ) ;
#3363 = DIRECTION ( 'NONE',  ( 1.000000000000000000, 0.000000000000000000, 0.000000000000000000 ) ) ;
#3364 = DIRECTION ( 'NONE',  ( 0.000000000000000000, 0.000000000000000000, 1.000000000000000000 ) ) ;
#3365 = AXIS2_PLACEMENT_3D ( 'NONE', #4288, #256, #1422 ) ;
#3366 = FACE_OUTER_BOUND ( 'NONE', #5820, .T. ) ;
#3367 = ORIENTED_EDGE ( 'NONE', *, *, #4340, .F. ) ;
#3368 = CARTESIAN_POINT ( 'NONE',  ( -0.01771653543307086937, 0.000000000000000000, -0.3681102362204724532 ) ) ;
#3369 = DIRECTION ( 'NONE',  ( 1.000000000000000000, 0.000000000000000000, 0.000000000000000000 ) ) ;
#3370 = ORIENTED_EDGE ( 'NONE', *, *, #2114, .F. ) ;
#3371 = VECTOR ( 'NONE', #3684, 39.37007874015748143 ) ;
#3372 = DIRECTION ( 'NONE',  ( -1.000000000000000000, -0.000000000000000000, -0.000000000000000000 ) ) ;
#3373 = DIRECTION ( 'NONE',  ( 1.000000000000000000, 0.000000000000000000, 0.000000000000000000 ) ) ;
#3374 = ORIENTED_EDGE ( 'NONE', *, *, #6080, .F. ) ;
#3375 = DIRECTION ( 'NONE',  ( 0.000000000000000000, 0.000000000000000000, 1.000000000000000000 ) ) ;
#3376 = ORIENTED_EDGE ( 'NONE', *, *, #2694, .F. ) ;
#3377 = CARTESIAN_POINT ( 'NONE',  ( 0.000000000000000000, 0.02559055118110236532, -0.2677165354330709457 ) ) ;
#3378 = PLANE ( 'NONE',  #3365 ) ;
#3379 = VECTOR ( 'NONE', #1738, 39.37007874015748143 ) ;
#3380 = EDGE_CURVE ( 'NONE', #493, #5384, #3094, .T. ) ;
#3381 = VECTOR ( 'NONE', #851, 39.37007874015748143 ) ;
#3382 = CARTESIAN_POINT ( 'NONE',  ( -0.06810568461420510311, -0.03543307086614172485, 0.1023622047244114458 ) ) ;
#3383 = ADVANCED_FACE ( 'NONE', ( #3597 ), #246, .F. ) ;
#3384 = VERTEX_POINT ( 'NONE', #2242 ) ;
#3385 = LENGTH_MEASURE_WITH_UNIT ( LENGTH_MEASURE( 0.02539999999999999897 ), #860 );
#3386 = VERTEX_POINT ( 'NONE', #760 ) ;
#3387 = AXIS2_PLACEMENT_3D ( 'NONE', #5368, #2906, #4829 ) ;
#3388 = STYLED_ITEM ( 'NONE', ( #842 ), #2903 ) ;
#3389 = CARTESIAN_POINT ( 'NONE',  ( 0.06003937007874015491, -0.2567843029707480573, -0.1296850393700787474 ) ) ;
#3390 = AXIS2_PLACEMENT_3D ( 'NONE', #4196, #3283, #1360 ) ;
#3391 = VERTEX_POINT ( 'NONE', #4159 ) ;
#3392 = EDGE_CURVE ( 'NONE', #5908, #2270, #2678, .T. ) ;
#3393 = LINE ( 'NONE', #3828, #2183 ) ;
#3394 = EDGE_LOOP ( 'NONE', ( #4374, #1365, #4368 ) ) ;
#3395 = ORIENTED_EDGE ( 'NONE', *, *, #6247, .T. ) ;
#3396 = VECTOR ( 'NONE', #6175, 39.37007874015748143 ) ;
#3397 = VERTEX_POINT ( 'NONE', #5041 ) ;
#3398 = CARTESIAN_POINT ( 'NONE',  ( 0.1555118110236220208, -0.04718005250885826118, -0.4035433070866141780 ) ) ;
#3399 = LINE ( 'NONE', #2885, #1774 ) ;
#3400 = EDGE_CURVE ( 'NONE', #1415, #2590, #1234, .T. ) ;
#3401 = VECTOR ( 'NONE', #3573, 39.37007874015748143 ) ;
#3402 = CARTESIAN_POINT ( 'NONE',  ( 0.000000000000000000, 0.000000000000000000, -0.4035433070868026384 ) ) ;
#3403 = DIRECTION ( 'NONE',  ( -0.000000000000000000, -1.000000000000000000, -0.000000000000000000 ) ) ;
#3404 = ORIENTED_EDGE ( 'NONE', *, *, #1230, .F. ) ;
#3405 = DIRECTION ( 'NONE',  ( 0.000000000000000000, 1.000000000000000000, 0.000000000000000000 ) ) ;
#3406 = ORIENTED_EDGE ( 'NONE', *, *, #6172, .F. ) ;
#3407 = VECTOR ( 'NONE', #4942, 39.37007874015748143 ) ;
#3408 = PLANE ( 'NONE',  #6038 ) ;
#3409 = LINE ( 'NONE', #5333, #4891 ) ;
#3410 = VERTEX_POINT ( 'NONE', #1139 ) ;
#3411 = CARTESIAN_POINT ( 'NONE',  ( 0.000000000000000000, -4.990876142271080439E-17, -0.3425196850393675829 ) ) ;
#3412 = VECTOR ( 'NONE', #1388, 39.37007874015748143 ) ;
#3413 = VERTEX_POINT ( 'NONE', #281 ) ;
#3414 = CARTESIAN_POINT ( 'NONE',  ( 0.09842519685038969568, -0.1673228346456692994, 0.09251968503937006705 ) ) ;
#3415 = CARTESIAN_POINT ( 'NONE',  ( 0.06122073126334646315, -0.09913952462992124681, -0.3196522218155511963 ) ) ;
#3416 = AXIS2_PLACEMENT_3D ( 'NONE', #2297, #3739, #5665 ) ;
#3417 = ORIENTED_EDGE ( 'NONE', *, *, #5850, .F. ) ;
#3418 = CARTESIAN_POINT ( 'NONE',  ( 0.1842519685039370192, -0.2640970822944488372, -0.3425196850393700809 ) ) ;
#3419 = FILL_AREA_STYLE_COLOUR ( '', #4162 ) ;
#3420 = ORIENTED_EDGE ( 'NONE', *, *, #1160, .F. ) ;
#3421 = FACE_OUTER_BOUND ( 'NONE', #2738, .T. ) ;
#3422 = ORIENTED_EDGE ( 'NONE', *, *, #731, .T. ) ;
#3423 = EDGE_CURVE ( 'NONE', #2, #1904, #2975, .T. ) ;
#3424 = CYLINDRICAL_SURFACE ( 'NONE', #4201, 0.02362204724409448092 ) ;
#3425 = ORIENTED_EDGE ( 'NONE', *, *, #3037, .F. ) ;
#3426 = ADVANCED_FACE ( 'NONE', ( #1735 ), #3055, .T. ) ;
#3427 = CARTESIAN_POINT ( 'NONE',  ( 0.1771653543307086798, 0.08661417322834644161, 0.000000000000000000 ) ) ;
#3428 = CARTESIAN_POINT ( 'NONE',  ( 0.000000000000000000, 0.000000000000000000, -0.2440944881889761109 ) ) ;
#3429 = DIRECTION ( 'NONE',  ( 0.000000000000000000, 1.000000000000000000, 0.000000000000000000 ) ) ;
#3430 = ORIENTED_EDGE ( 'NONE', *, *, #3433, .F. ) ;
#3431 = LINE ( 'NONE', #1947, #648 ) ;
#3432 = ORIENTED_EDGE ( 'NONE', *, *, #4524, .F. ) ;
#3433 = EDGE_CURVE ( 'NONE', #2429, #3917, #3701, .T. ) ;
#3434 = EDGE_CURVE ( 'NONE', #3135, #5058, #1709, .T. ) ;
#3435 = DIRECTION ( 'NONE',  ( -0.000000000000000000, -0.000000000000000000, -1.000000000000000000 ) ) ;
#3436 = CYLINDRICAL_SURFACE ( 'NONE', #2775, 0.01771653543307086937 ) ;
#3437 = VERTEX_POINT ( 'NONE', #3190 ) ;
#3438 = CARTESIAN_POINT ( 'NONE',  ( 0.000000000000000000, -0.3641732283464567121, -0.1702755905511737500 ) ) ;
#3439 = VERTEX_POINT ( 'NONE', #3535 ) ;
#3440 = CARTESIAN_POINT ( 'NONE',  ( -0.1338582677165354173, -0.08858267716535431213, -0.3425196850393700809 ) ) ;
#3441 = DIRECTION ( 'NONE',  ( -1.000000000000000000, 0.000000000000000000, 0.000000000000000000 ) ) ;
#3442 = DIRECTION ( 'NONE',  ( 1.000000000000000000, 0.000000000000000000, 0.000000000000000000 ) ) ;
#3443 = ORIENTED_EDGE ( 'NONE', *, *, #3725, .F. ) ;
#3444 = PLANE ( 'NONE',  #3281 ) ;
#3445 = DIRECTION ( 'NONE',  ( 0.000000000000000000, 0.000000000000000000, 1.000000000000000000 ) ) ;
#3446 = ORIENTED_EDGE ( 'NONE', *, *, #2840, .T. ) ;
#3447 = CARTESIAN_POINT ( 'NONE',  ( -0.001801929541013307361, -0.02947337211800737586, -0.4232283464566928832 ) ) ;
#3448 = ORIENTED_EDGE ( 'NONE', *, *, #5652, .T. ) ;
#3449 = DIRECTION ( 'NONE',  ( 0.000000000000000000, -1.000000000000000000, 0.000000000000000000 ) ) ;
#3450 = ORIENTED_EDGE ( 'NONE', *, *, #1623, .T. ) ;
#3451 = EDGE_CURVE ( 'NONE', #818, #2571, #2645, .T. ) ;
#3452 = AXIS2_PLACEMENT_3D ( 'NONE', #4522, #5450, #5481 ) ;
#3453 = CARTESIAN_POINT ( 'NONE',  ( -0.09842519685039370636, -0.09506547360177164396, -0.2238321641935038797 ) ) ;
#3454 = CARTESIAN_POINT ( 'NONE',  ( -0.03740157480314174054, -0.04330708661416535904, -0.3425196850393700809 ) ) ;
#3455 = LINE ( 'NONE', #5383, #1880 ) ;
#3456 = ORIENTED_EDGE ( 'NONE', *, *, #6249, .F. ) ;
#3457 = CARTESIAN_POINT ( 'NONE',  ( 3.133938659235353184E-18, 0.02559055118110236532, -0.2440944881889761386 ) ) ;
#3458 = VERTEX_POINT ( 'NONE', #5457 ) ;
#3459 = AXIS2_PLACEMENT_3D ( 'NONE', #5717, #1397, #1519 ) ;
#3460 = LINE ( 'NONE', #3869, #81 ) ;
#3461 = CARTESIAN_POINT ( 'NONE',  ( 0.09664603631298480935, -0.1426563428879298323, 0.07399205499238062367 ) ) ;
#3462 = CARTESIAN_POINT ( 'NONE',  ( 1.341778835882673585E-12, 0.02952755905430074282, -0.4232283464566928832 ) ) ;
#3463 = ADVANCED_FACE ( 'NONE', ( #2710 ), #669, .F. ) ;
#3464 = DIRECTION ( 'NONE',  ( 0.000000000000000000, 1.000000000000000000, 0.000000000000000000 ) ) ;
#3465 = ORIENTED_EDGE ( 'NONE', *, *, #5356, .T. ) ;
#3466 = DIRECTION ( 'NONE',  ( -0.000000000000000000, 1.000000000000000000, 0.000000000000000000 ) ) ;
#3467 = FACE_OUTER_BOUND ( 'NONE', #1037, .T. ) ;
#3468 = VECTOR ( 'NONE', #2012, 39.37007874015748143 ) ;
#3469 = CARTESIAN_POINT ( 'NONE',  ( 0.000000000000000000, 0.1771653543307086798, 0.000000000000000000 ) ) ;
#3470 = VECTOR ( 'NONE', #218, 39.37007874015748854 ) ;
#3471 = ORIENTED_EDGE ( 'NONE', *, *, #1081, .T. ) ;
#3472 = LINE ( 'NONE', #4353, #153 ) ;
#3473 = EDGE_CURVE ( 'NONE', #3000, #4764, #1267, .T. ) ;
#3474 = CARTESIAN_POINT ( 'NONE',  ( -0.001966853840615610284, -0.2067619403709147763, -0.4232283464566929387 ) ) ;
#3475 = ADVANCED_FACE ( 'NONE', ( #1207 ), #187, .T. ) ;
#3476 = ORIENTED_EDGE ( 'NONE', *, *, #4622, .F. ) ;
#3477 = VECTOR ( 'NONE', #3814, 39.37007874015748143 ) ;
#3478 = PLANE ( 'NONE',  #4603 ) ;
#3479 = ORIENTED_EDGE ( 'NONE', *, *, #3088, .F. ) ;
#3480 = AXIS2_PLACEMENT_3D ( 'NONE', #5143, #1309, #1649 ) ;
#3481 = CIRCLE ( 'NONE', #3789, 0.02559055118110236532 ) ;
#3482 = DIRECTION ( 'NONE',  ( 0.000000000000000000, 1.000000000000000000, 0.000000000000000000 ) ) ;
#3483 = ORIENTED_EDGE ( 'NONE', *, *, #2634, .T. ) ;
#3484 = VECTOR ( 'NONE', #6130, 39.37007874015748143 ) ;
#3485 = DIMENSIONAL_EXPONENTS ( 1.000000000000000000, 0.000000000000000000, 0.000000000000000000, 0.000000000000000000, 0.000000000000000000, 0.000000000000000000, 0.000000000000000000 ) ;
#3486 = ORIENTED_EDGE ( 'NONE', *, *, #2681, .T. ) ;
#3487 = CARTESIAN_POINT ( 'NONE',  ( -0.06003937007874016879, -0.2480314960629921572, -0.1574803149606299191 ) ) ;
#3488 = CARTESIAN_POINT ( 'NONE',  ( 0.03543307086614173873, 4.339299682018181450E-18, -0.4232283464565751996 ) ) ;
#3489 = CARTESIAN_POINT ( 'NONE',  ( -0.1338582677165354173, -0.08267716535433072833, -0.2834645669291338543 ) ) ;
#3490 = VERTEX_POINT ( 'NONE', #3156 ) ;
#3491 = VECTOR ( 'NONE', #304, 39.37007874015748143 ) ;
#3492 = LINE ( 'NONE', #5831, #746 ) ;
#3493 = EDGE_CURVE ( 'NONE', #4530, #4830, #4098, .T. ) ;
#3494 = EDGE_LOOP ( 'NONE', ( #4214, #1510 ) ) ;
#3495 = VECTOR ( 'NONE', #1650, 39.37007874015748143 ) ;
#3496 = CARTESIAN_POINT ( 'NONE',  ( 0.000000000000000000, 0.000000000000000000, -0.2559055118110017957 ) ) ;
#3497 = DIRECTION ( 'NONE',  ( 0.000000000000000000, 1.000000000000000000, 0.000000000000000000 ) ) ;
#3498 = CARTESIAN_POINT ( 'NONE',  ( 0.02952757182121125770, -1.035276678314965602E-17, -0.4232283464566929387 ) ) ;
#3499 = DIRECTION ( 'NONE',  ( 0.000000000000000000, 0.000000000000000000, -1.000000000000000000 ) ) ;
#3500 = EDGE_CURVE ( 'NONE', #2685, #502, #5303, .T. ) ;
#3501 = ORIENTED_EDGE ( 'NONE', *, *, #838, .F. ) ;
#3502 = CARTESIAN_POINT ( 'NONE',  ( 0.000000000000000000, 0.000000000000000000, -39.72047244094488150 ) ) ;
#3503 = FACE_OUTER_BOUND ( 'NONE', #4222, .T. ) ;
#3504 =( BOUNDED_CURVE ( )  B_SPLINE_CURVE ( 3, ( #6043, #3166, #5269, #952 ),
 .UNSPECIFIED., .F., .T. ) 
 B_SPLINE_CURVE_WITH_KNOTS ( ( 4, 4 ),
 ( 0.009107948105394659405, 1.000000000000000000 ),
 .UNSPECIFIED. ) 
 CURVE ( )  GEOMETRIC_REPRESENTATION_ITEM ( )  RATIONAL_B_SPLINE_CURVE ( ( 1.000000000000000000, 0.3428708289181162661, 0.3428708289181162661, 1.000000000000000000 ) ) 
 REPRESENTATION_ITEM ( '' )  );
#3505 = EDGE_CURVE ( 'NONE', #297, #870, #5139, .T. ) ;
#3506 = FACE_OUTER_BOUND ( 'NONE', #474, .T. ) ;
#3507 = AXIS2_PLACEMENT_3D ( 'NONE', #1497, #1026, #3325 ) ;
#3508 = ORIENTED_EDGE ( 'NONE', *, *, #129, .T. ) ;
#3509 = CARTESIAN_POINT ( 'NONE',  ( 0.000000000000000000, 0.000000000000000000, -0.4035433070868026939 ) ) ;
#3510 = PRESENTATION_STYLE_ASSIGNMENT (( #546 ) ) ;
#3511 = ORIENTED_EDGE ( 'NONE', *, *, #3653, .T. ) ;
#3512 = VECTOR ( 'NONE', #719, 39.37007874015748143 ) ;
#3513 = EDGE_CURVE ( 'NONE', #5817, #493, #1771, .T. ) ;
#3514 = EDGE_CURVE ( 'NONE', #505, #3326, #6113, .T. ) ;
#3515 = LINE ( 'NONE', #2501, #5218 ) ;
#3516 = ORIENTED_EDGE ( 'NONE', *, *, #3626, .T. ) ;
#3517 = DIRECTION ( 'NONE',  ( 0.09556829122599512505, 0.02015741183008231546, 0.9952187601027503439 ) ) ;
#3518 = CARTESIAN_POINT ( 'NONE',  ( 0.06003937007874015491, -0.2362204724409449341, -0.3425196850393701364 ) ) ;
#3519 = VERTEX_POINT ( 'NONE', #4692 ) ;
#3520 = DIRECTION ( 'NONE',  ( 1.000000000000000000, 0.000000000000000000, -2.224004456380521903E-16 ) ) ;
#3521 = CARTESIAN_POINT ( 'NONE',  ( 0.1948818897637620562, -0.3641732283464567121, -0.2933070866141732624 ) ) ;
#3522 = DIRECTION ( 'NONE',  ( 1.000000000000000000, 0.000000000000000000, 0.000000000000000000 ) ) ;
#3523 = ORIENTED_EDGE ( 'NONE', *, *, #1967, .T. ) ;
#3524 = DIRECTION ( 'NONE',  ( 0.000000000000000000, 0.000000000000000000, -1.000000000000000000 ) ) ;
#3525 = VERTEX_POINT ( 'NONE', #3690 ) ;
#3526 = CARTESIAN_POINT ( 'NONE',  ( -1.707404996040164512E-17, -0.05335737635837743686, -0.03958108129400618458 ) ) ;
#3527 = LINE ( 'NONE', #5061, #354 ) ;
#3528 = CARTESIAN_POINT ( 'NONE',  ( -0.04921259842519684624, -0.1749975547478936910, -0.4035433070866141780 ) ) ;
#3529 = CARTESIAN_POINT ( 'NONE',  ( -0.06003937007874018961, -0.2165354330708661457, -0.1338582677165353341 ) ) ;
#3530 = ORIENTED_EDGE ( 'NONE', *, *, #6214, .F. ) ;
#3531 = CARTESIAN_POINT ( 'NONE',  ( 0.000000000000000000, -0.06047732277237009846, 0.007931432170323013051 ) ) ;
#3532 = ADVANCED_FACE ( 'NONE', ( #4750 ), #5617, .T. ) ;
#3533 = DIRECTION ( 'NONE',  ( -0.000000000000000000, -1.000000000000000000, -0.000000000000000000 ) ) ;
#3534 = VERTEX_POINT ( 'NONE', #1830 ) ;
#3535 = CARTESIAN_POINT ( 'NONE',  ( -2.084195964876992019E-17, -0.2047244151071715423, -0.4114173228346457156 ) ) ;
#3536 =( BOUNDED_CURVE ( )  B_SPLINE_CURVE ( 3, ( #5105, #3781, #794, #2708 ),
 .UNSPECIFIED., .F., .T. ) 
 B_SPLINE_CURVE_WITH_KNOTS ( ( 4, 4 ),
 ( 0.000000000000000000, 0.009107948105394659405 ),
 .UNSPECIFIED. ) 
 CURVE ( )  GEOMETRIC_REPRESENTATION_ITEM ( )  RATIONAL_B_SPLINE_CURVE ( ( 1.000000000000000000, 0.9999317736423507519, 0.9999317736423507519, 1.000000000000000000 ) ) 
 REPRESENTATION_ITEM ( '' )  );
#3537 = EDGE_CURVE ( 'NONE', #2905, #2040, #2861, .T. ) ;
#3538 = EDGE_LOOP ( 'NONE', ( #222, #829, #931, #3356 ) ) ;
#3539 = CARTESIAN_POINT ( 'NONE',  ( 0.1012779933463779369, -0.1381333003507874135, 0.08298450954338586205 ) ) ;
#3540 = ORIENTED_EDGE ( 'NONE', *, *, #3924, .T. ) ;
#3541 = DIRECTION ( 'NONE',  ( 1.000000000000000000, 0.000000000000000000, -0.000000000000000000 ) ) ;
#3542 = EDGE_CURVE ( 'NONE', #2800, #1008, #3343, .T. ) ;
#3543 = FACE_OUTER_BOUND ( 'NONE', #5813, .T. ) ;
#3544 = ADVANCED_FACE ( 'NONE', ( #2771 ), #1302, .T. ) ;
#3545 = ORIENTED_EDGE ( 'NONE', *, *, #3542, .F. ) ;
#3546 = ORIENTED_EDGE ( 'NONE', *, *, #1531, .T. ) ;
#3547 = LINE ( 'NONE', #2099, #4924 ) ;
#3548 = DIRECTION ( 'NONE',  ( 0.000000000000000000, 6.672013369141565217E-16, 1.000000000000000000 ) ) ;
#3549 = DIRECTION ( 'NONE',  ( -0.001944561117581028280, -0.9997930554475448206, 0.02025006076342213829 ) ) ;
#3550 = EDGE_LOOP ( 'NONE', ( #4239, #2018, #2252, #1157 ) ) ;
#3551 = CARTESIAN_POINT ( 'NONE',  ( -0.1653543307086614567, 0.1653543307086614567, 0.1181102362204723560 ) ) ;
#3552 = ADVANCED_FACE ( 'NONE', ( #5170, #406 ), #2336, .F. ) ;
#3553 = ORIENTED_EDGE ( 'NONE', *, *, #2840, .F. ) ;
#3554 = CARTESIAN_POINT ( 'NONE',  ( -2.270218242973311092E-17, -0.2086614173228349134, -0.4035433070866141780 ) ) ;
#3555 = CARTESIAN_POINT ( 'NONE',  ( -1.707404996040164512E-17, -0.09912543122607909984, -0.1070271450189382578 ) ) ;
#3556 = DIRECTION ( 'NONE',  ( -0.000000000000000000, -1.000000000000000000, -0.000000000000000000 ) ) ;
#3557 = VECTOR ( 'NONE', #4679, 39.37007874015748143 ) ;
#3558 = CARTESIAN_POINT ( 'NONE',  ( 0.07086614173228347746, -0.2165354330708582076, -0.1523622047244094502 ) ) ;
#3559 = ORIENTED_EDGE ( 'NONE', *, *, #2521, .F. ) ;
#3560 = CARTESIAN_POINT ( 'NONE',  ( -2.018655210737000781E-17, -0.2086614116643304151, -0.4114173228346457711 ) ) ;
#3561 = LINE ( 'NONE', #4466, #863 ) ;
#3562 = ORIENTED_EDGE ( 'NONE', *, *, #4847, .F. ) ;
#3563 = DIRECTION ( 'NONE',  ( 0.000000000000000000, 0.000000000000000000, 1.000000000000000000 ) ) ;
#3564 = FACE_OUTER_BOUND ( 'NONE', #348, .T. ) ;
#3565 = AXIS2_PLACEMENT_3D ( 'NONE', #4915, #606, #4880 ) ;
#3566 = EDGE_CURVE ( 'NONE', #751, #5301, #6210, .T. ) ;
#3567 = EDGE_LOOP ( 'NONE', ( #3540, #3798, #2276, #32 ) ) ;
#3568 = VECTOR ( 'NONE', #1477, 39.37007874015748143 ) ;
#3569 = EDGE_CURVE ( 'NONE', #1898, #4988, #3818, .T. ) ;
#3570 = DIRECTION ( 'NONE',  ( -0.000000000000000000, -0.000000000000000000, -1.000000000000000000 ) ) ;
#3571 = VERTEX_POINT ( 'NONE', #2807 ) ;
#3572 = CARTESIAN_POINT ( 'NONE',  ( 0.09251968503937006705, -0.2165354330708587627, -0.1523622047244094502 ) ) ;
#3573 = DIRECTION ( 'NONE',  ( -1.000000000000000000, 0.000000000000000000, 0.000000000000000000 ) ) ;
#3574 = ORIENTED_EDGE ( 'NONE', *, *, #4032, .F. ) ;
#3575 = VECTOR ( 'NONE', #3570, 39.37007874015748143 ) ;
#3576 = EDGE_CURVE ( 'NONE', #3955, #1425, #919, .T. ) ;
#3577 = AXIS2_PLACEMENT_3D ( 'NONE', #1934, #5212, #5777 ) ;
#3578 = ORIENTED_EDGE ( 'NONE', *, *, #1120, .T. ) ;
#3579 = AXIS2_PLACEMENT_3D ( 'NONE', #4096, #5010, #4597 ) ;
#3580 = PLANE ( 'NONE',  #1305 ) ;
#3581 = DIRECTION ( 'NONE',  ( 0.000000000000000000, 0.000000000000000000, 1.000000000000000000 ) ) ;
#3582 = LINE ( 'NONE', #137, #781 ) ;
#3583 = ORIENTED_EDGE ( 'NONE', *, *, #6127, .T. ) ;
#3584 = DIRECTION ( 'NONE',  ( -8.608144958992927726E-15, 1.613811152229588616E-15, 1.000000000000000000 ) ) ;
#3585 = VERTEX_POINT ( 'NONE', #6185 ) ;
#3586 = AXIS2_PLACEMENT_3D ( 'NONE', #435, #3751, #2365 ) ;
#3587 = VECTOR ( 'NONE', #302, 39.37007874015748143 ) ;
#3588 = EDGE_CURVE ( 'NONE', #1029, #138, #4785, .T. ) ;
#3589 = DIRECTION ( 'NONE',  ( 0.000000000000000000, -1.000000000000000000, 0.000000000000000000 ) ) ;
#3590 = VECTOR ( 'NONE', #4659, 39.37007874015748143 ) ;
#3591 = DIRECTION ( 'NONE',  ( 0.000000000000000000, 0.000000000000000000, 1.000000000000000000 ) ) ;
#3592 = CARTESIAN_POINT ( 'NONE',  ( 0.000000000000000000, -0.1259842519684916118, -0.4035433070866141780 ) ) ;
#3593 = ORIENTED_EDGE ( 'NONE', *, *, #3500, .T. ) ;
#3594 = LINE ( 'NONE', #1135, #2754 ) ;
#3595 = DIRECTION ( 'NONE',  ( 1.000000000000000000, 0.000000000000000000, 0.000000000000000000 ) ) ;
#3596 = ORIENTED_EDGE ( 'NONE', *, *, #129, .F. ) ;
#3597 = FACE_OUTER_BOUND ( 'NONE', #4361, .T. ) ;
#3598 = VECTOR ( 'NONE', #3482, 39.37007874015748143 ) ;
#3599 = CARTESIAN_POINT ( 'NONE',  ( 0.000000000000000000, 0.000000000000000000, -0.2677165354330763303 ) ) ;
#3600 = ORIENTED_EDGE ( 'NONE', *, *, #2526, .F. ) ;
#3601 = CONICAL_SURFACE ( 'NONE', #583, 39.37007874017445630, 0.7853981633976639953 ) ;
#3602 = DIRECTION ( 'NONE',  ( 0.000000000000000000, 0.000000000000000000, -1.000000000000000000 ) ) ;
#3603 = ORIENTED_EDGE ( 'NONE', *, *, #531, .T. ) ;
#3604 = CARTESIAN_POINT ( 'NONE',  ( 0.1433070866141732402, -0.2165354330708661457, 0.1112598425196850288 ) ) ;
#3605 = LINE ( 'NONE', #1182, #3992 ) ;
#3606 = ORIENTED_EDGE ( 'NONE', *, *, #4105, .F. ) ;
#3607 = AXIS2_PLACEMENT_3D ( 'NONE', #822, #1827, #5676 ) ;
#3608 = ADVANCED_FACE ( 'NONE', ( #6219 ), #1803, .T. ) ;
#3609 = VECTOR ( 'NONE', #3925, 39.37007874015748143 ) ;
#3610 = ORIENTED_EDGE ( 'NONE', *, *, #3008, .F. ) ;
#3611 = CARTESIAN_POINT ( 'NONE',  ( 0.09842519685038969568, -0.1673228346456692994, 0.09251968503937006705 ) ) ;
#3612 = LINE ( 'NONE', #1216, #4661 ) ;
#3613 = DIRECTION ( 'NONE',  ( 1.000000000000000000, 0.000000000000000000, 0.000000000000000000 ) ) ;
#3614 = ORIENTED_EDGE ( 'NONE', *, *, #4259, .F. ) ;
#3615 = ADVANCED_FACE ( 'NONE', ( #375 ), #4989, .F. ) ;
#3616 = EDGE_LOOP ( 'NONE', ( #3324, #5503, #990, #925 ) ) ;
#3617 = VECTOR ( 'NONE', #2597, 39.37007874015748143 ) ;
#3618 = FACE_BOUND ( 'NONE', #3494, .T. ) ;
#3619 = LINE ( 'NONE', #271, #56 ) ;
#3620 = CARTESIAN_POINT ( 'NONE',  ( 1.341778835882673585E-12, 0.02952755905430074282, -0.4232283464566928832 ) ) ;
#3621 = DIRECTION ( 'NONE',  ( 0.000000000000000000, 0.000000000000000000, 1.000000000000000000 ) ) ;
#3622 = ORIENTED_EDGE ( 'NONE', *, *, #5112, .F. ) ;
#3623 = DIRECTION ( 'NONE',  ( 0.000000000000000000, 0.000000000000000000, 1.000000000000000000 ) ) ;
#3624 = CARTESIAN_POINT ( 'NONE',  ( 0.000000000000000000, 1.480937764815480239E-32, -0.2677165354330541813 ) ) ;
#3625 = EDGE_CURVE ( 'NONE', #5154, #751, #2832, .T. ) ;
#3626 = EDGE_CURVE ( 'NONE', #4598, #2825, #2928, .T. ) ;
#3627 = CARTESIAN_POINT ( 'NONE',  ( -0.1476377952755905387, -0.1259842519685039353, -0.4124015748031495399 ) ) ;
#3628 = CARTESIAN_POINT ( 'NONE',  ( -0.1338582677165354173, -0.08267716535434417591, -0.2244094488188976555 ) ) ;
#3629 = EDGE_LOOP ( 'NONE', ( #4708, #1887, #3982 ) ) ;
#3630 = CARTESIAN_POINT ( 'NONE',  ( -0.04921259842519683236, -0.2066929133858267931, -0.1811023622047244486 ) ) ;
#3631 = LINE ( 'NONE', #2999, #2056 ) ;
#3632 = CARTESIAN_POINT ( 'NONE',  ( 0.07677165354330625635, 0.000000000000000000, -0.4035433070866754623 ) ) ;
#3633 = ORIENTED_EDGE ( 'NONE', *, *, #1503, .F. ) ;
#3634 = ORIENTED_EDGE ( 'NONE', *, *, #5389, .F. ) ;
#3635 = LINE ( 'NONE', #2623, #969 ) ;
#3636 = ORIENTED_EDGE ( 'NONE', *, *, #3733, .F. ) ;
#3637 = LINE ( 'NONE', #775, #2899 ) ;
#3638 = VERTEX_POINT ( 'NONE', #5805 ) ;
#3639 = CARTESIAN_POINT ( 'NONE',  ( 0.05314960629921260116, -0.2404379814153077277, -0.4035433070866141780 ) ) ;
#3640 = DIRECTION ( 'NONE',  ( -3.016566500190912392E-16, 0.000000000000000000, 1.000000000000000000 ) ) ;
#3641 = CARTESIAN_POINT ( 'NONE',  ( -0.05314960629922271806, -0.2404379814152445838, -0.4094488188976377896 ) ) ;
#3642 = ORIENTED_EDGE ( 'NONE', *, *, #4207, .T. ) ;
#3643 = LINE ( 'NONE', #1722, #2556 ) ;
#3644 = ORIENTED_EDGE ( 'NONE', *, *, #4623, .T. ) ;
#3645 = EDGE_CURVE ( 'NONE', #5145, #2211, #465, .T. ) ;
#3646 = DIRECTION ( 'NONE',  ( 0.000000000000000000, 0.000000000000000000, 1.000000000000000000 ) ) ;
#3647 = CARTESIAN_POINT ( 'NONE',  ( 0.1948818897637707992, -0.3641732283464567121, -0.2440944881889764162 ) ) ;
#3648 = CARTESIAN_POINT ( 'NONE',  ( 0.001966810233577248948, -0.2066238911302607506, -0.4114173228346457156 ) ) ;
#3649 = ORIENTED_EDGE ( 'NONE', *, *, #5378, .T. ) ;
#3650 = CARTESIAN_POINT ( 'NONE',  ( 0.1653543307086561831, -0.2559055118110236671, 0.1181102362204651257 ) ) ;
#3651 = DIRECTION ( 'NONE',  ( 0.7071067811867000064, 8.659560562356800240E-17, -0.7071067811863950281 ) ) ;
#3652 = VECTOR ( 'NONE', #3806, 39.37007874015748143 ) ;
#3653 = EDGE_CURVE ( 'NONE', #2441, #2228, #1576, .T. ) ;
#3654 = CARTESIAN_POINT ( 'NONE',  ( -0.05118110236220472370, -0.2439459753806101916, -0.4153543307086012271 ) ) ;
#3655 = DIRECTION ( 'NONE',  ( 0.000000000000000000, 0.000000000000000000, 1.000000000000000000 ) ) ;
#3656 = ORIENTED_EDGE ( 'NONE', *, *, #2673, .T. ) ;
#3657 = DIRECTION ( 'NONE',  ( -1.000000000000000000, 0.000000000000000000, 0.000000000000000000 ) ) ;
#3658 = DIRECTION ( 'NONE',  ( 0.000000000000000000, 0.000000000000000000, -1.000000000000000000 ) ) ;
#3659 = ADVANCED_FACE ( 'NONE', ( #5769 ), #2487, .T. ) ;
#3660 = CARTESIAN_POINT ( 'NONE',  ( 0.000000000000000000, 0.06339071727598424855, -0.4153543307086012271 ) ) ;
#3661 = ORIENTED_EDGE ( 'NONE', *, *, #4191, .F. ) ;
#3662 = CIRCLE ( 'NONE', #4457, 0.01771653543307082079 ) ;
#3663 = EDGE_LOOP ( 'NONE', ( #1963, #2401, #3574, #2060 ) ) ;
#3664 = PLANE ( 'NONE',  #644 ) ;
#3665 = VERTEX_POINT ( 'NONE', #5898 ) ;
#3666 = CIRCLE ( 'NONE', #5075, 0.03937007874015747977 ) ;
#3667 = EDGE_LOOP ( 'NONE', ( #6250, #2507, #5559, #3974 ) ) ;
#3668 = B_SPLINE_CURVE_WITH_KNOTS ( 'NONE', 3,
 ( #1248, #4618, #835, #6076, #6109, #3173 ),
 .UNSPECIFIED., .F., .F.,
 ( 4, 2, 4 ),
 ( 0.000000000000000000, 0.4948773479447951540, 0.9897546958895903080 ),
 .UNSPECIFIED. ) ;
#3669 = CARTESIAN_POINT ( 'NONE',  ( 0.02559055118110236185, -1.627370386850811402E-17, -0.4114173228346454936 ) ) ;
#3670 = VECTOR ( 'NONE', #2132, 39.37007874015748854 ) ;
#3671 = CARTESIAN_POINT ( 'NONE',  ( 0.000000000000000000, 0.1771653543307086798, 0.1181102362204724532 ) ) ;
#3672 = VERTEX_POINT ( 'NONE', #3020 ) ;
#3673 = CARTESIAN_POINT ( 'NONE',  ( 0.09653489328022836491, -0.2066929133858180778, 0.07283464566930290818 ) ) ;
#3674 = ORIENTED_EDGE ( 'NONE', *, *, #3576, .T. ) ;
#3675 = VECTOR ( 'NONE', #4690, 39.37007874015748143 ) ;
#3676 = DIRECTION ( 'NONE',  ( 0.000000000000000000, 0.000000000000000000, 1.000000000000000000 ) ) ;
#3677 = CARTESIAN_POINT ( 'NONE',  ( -0.09738268590998602758, -0.1364897199484855495, 0.08166329708693120804 ) ) ;
#3678 = CARTESIAN_POINT ( 'NONE',  ( -0.001270488244113568074, -0.2086613275924120436, -0.4114173228346458822 ) ) ;
#3679 = CARTESIAN_POINT ( 'NONE',  ( 0.000000000000000000, 0.000000000000000000, -0.4153543307086001724 ) ) ;
#3680 = ADVANCED_FACE ( 'NONE', ( #5335, #2456 ), #4876, .T. ) ;
#3681 = ORIENTED_EDGE ( 'NONE', *, *, #4957, .F. ) ;
#3682 = VECTOR ( 'NONE', #1491, 39.37007874015748143 ) ;
#3683 = LINE ( 'NONE', #4683, #4099 ) ;
#3684 = DIRECTION ( 'NONE',  ( 1.000000000000000000, 0.000000000000000000, 0.000000000000000000 ) ) ;
#3685 =( GEOMETRIC_REPRESENTATION_CONTEXT ( 3 ) GLOBAL_UNCERTAINTY_ASSIGNED_CONTEXT ( ( #1905 ) ) GLOBAL_UNIT_ASSIGNED_CONTEXT ( ( #3713, #5666, #3772 ) ) REPRESENTATION_CONTEXT ( 'NONE', 'WORKASPACE' ) );
#3686 = CIRCLE ( 'NONE', #5912, 0.03346416559050536393 ) ;
#3687 = LINE ( 'NONE', #432, #2000 ) ;
#3688 = CARTESIAN_POINT ( 'NONE',  ( -0.1161417322834645688, 0.000000000000000000, -0.3228346456692913757 ) ) ;
#3689 = VERTEX_POINT ( 'NONE', #5866 ) ;
#3690 = CARTESIAN_POINT ( 'NONE',  ( 0.1771653543307086798, -0.2440944881889764162, -0.3425196850393698034 ) ) ;
#3691 = CARTESIAN_POINT ( 'NONE',  ( 0.1377952755905512139, -0.1948818897637776271, -0.3425196850393701364 ) ) ;
#3692 = AXIS2_PLACEMENT_3D ( 'NONE', #237, #206, #2137 ) ;
#3693 = ADVANCED_FACE ( 'NONE', ( #1516 ), #2017, .F. ) ;
#3694 = FACE_OUTER_BOUND ( 'NONE', #6074, .T. ) ;
#3695 = VECTOR ( 'NONE', #2599, 39.37007874015748143 ) ;
#3696 = ORIENTED_EDGE ( 'NONE', *, *, #70, .T. ) ;
#3697 = ORIENTED_EDGE ( 'NONE', *, *, #1511, .T. ) ;
#3698 = ADVANCED_FACE ( 'NONE', ( #1046 ), #2990, .F. ) ;
#3699 = EDGE_CURVE ( 'NONE', #4546, #736, #3754, .T. ) ;
#3700 = MECHANICAL_DESIGN_GEOMETRIC_PRESENTATION_REPRESENTATION (  '', ( #5919 ), #784 ) ;
#3701 =( BOUNDED_CURVE ( )  B_SPLINE_CURVE ( 3, ( #4130, #5490, #1174, #1642 ),
 .UNSPECIFIED., .F., .T. ) 
 B_SPLINE_CURVE_WITH_KNOTS ( ( 4, 4 ),
 ( 4.116178843941792564, 4.692137497100233645 ),
 .UNSPECIFIED. ) 
 CURVE ( )  GEOMETRIC_REPRESENTATION_ITEM ( )  RATIONAL_B_SPLINE_CURVE ( ( 1.000000000000000000, 0.9725464899120990214, 0.9725464899120990214, 1.000000000000000000 ) ) 
 REPRESENTATION_ITEM ( '' )  );
#3702 = FACE_OUTER_BOUND ( 'NONE', #1142, .T. ) ;
#3703 = ORIENTED_EDGE ( 'NONE', *, *, #308, .T. ) ;
#3704 = VECTOR ( 'NONE', #2209, 39.37007874015748143 ) ;
#3705 = LINE ( 'NONE', #2254, #2449 ) ;
#3706 = DIRECTION ( 'NONE',  ( 0.000000000000000000, 0.000000000000000000, -1.000000000000000000 ) ) ;
#3707 = ORIENTED_EDGE ( 'NONE', *, *, #1816, .F. ) ;
#3708 = CARTESIAN_POINT ( 'NONE',  ( 0.1161417322834645688, -1.201099555757848864E-14, -0.3031496062992095619 ) ) ;
#3709 = ORIENTED_EDGE ( 'NONE', *, *, #3626, .F. ) ;
#3710 = CIRCLE ( 'NONE', #4815, 0.01181102362204724046 ) ;
#3711 = DIRECTION ( 'NONE',  ( 1.000000000000000000, 0.000000000000000000, 0.000000000000000000 ) ) ;
#3712 =( BOUNDED_CURVE ( )  B_SPLINE_CURVE ( 3, ( #5070, #3187, #2529, #127 ),
 .UNSPECIFIED., .F., .T. ) 
 B_SPLINE_CURVE_WITH_KNOTS ( ( 4, 4 ),
 ( 0.000000000000000000, 0.01943650599905962645 ),
 .UNSPECIFIED. ) 
 CURVE ( )  GEOMETRIC_REPRESENTATION_ITEM ( )  RATIONAL_B_SPLINE_CURVE ( ( 1.000000000000000000, 0.9996893143761047540, 0.9996893143761047540, 1.000000000000000000 ) ) 
 REPRESENTATION_ITEM ( '' )  );
#3713 =( CONVERSION_BASED_UNIT ( 'INCH', #1791 ) LENGTH_UNIT ( ) NAMED_UNIT ( #1717 ) );
#3714 = CYLINDRICAL_SURFACE ( 'NONE', #734, 0.01181102362204724046 ) ;
#3715 = LINE ( 'NONE', #1822, #469 ) ;
#3716 = VERTEX_POINT ( 'NONE', #572 ) ;
#3717 = DIRECTION ( 'NONE',  ( -0.000000000000000000, -1.000000000000000000, -0.000000000000000000 ) ) ;
#3718 = LINE ( 'NONE', #467, #233 ) ;
#3719 = ORIENTED_EDGE ( 'NONE', *, *, #4524, .T. ) ;
#3720 = CARTESIAN_POINT ( 'NONE',  ( 3.133938659235353184E-18, 0.02559055118110236532, -0.2440944881889761386 ) ) ;
#3721 = FACE_OUTER_BOUND ( 'NONE', #6241, .T. ) ;
#3722 = VERTEX_POINT ( 'NONE', #5393 ) ;
#3723 = CARTESIAN_POINT ( 'NONE',  ( 0.08028570877822834018, -0.09599198041263781733, -0.1247139205344882235 ) ) ;
#3724 = DIRECTION ( 'NONE',  ( 0.000000000000000000, 0.000000000000000000, 1.000000000000000000 ) ) ;
#3725 = EDGE_CURVE ( 'NONE', #5249, #118, #1544, .T. ) ;
#3726 = FACE_OUTER_BOUND ( 'NONE', #780, .T. ) ;
#3727 = EDGE_CURVE ( 'NONE', #4919, #1318, #3186, .T. ) ;
#3728 = ORIENTED_EDGE ( 'NONE', *, *, #1727, .T. ) ;
#3729 = DIRECTION ( 'NONE',  ( 1.000000000000000000, 0.000000000000000000, 0.000000000000000000 ) ) ;
#3730 = ORIENTED_EDGE ( 'NONE', *, *, #2379, .T. ) ;
#3731 = LINE ( 'NONE', #5117, #2395 ) ;
#3732 = ORIENTED_EDGE ( 'NONE', *, *, #1088, .F. ) ;
#3733 = EDGE_CURVE ( 'NONE', #5106, #1058, #1276, .T. ) ;
#3734 = EDGE_CURVE ( 'NONE', #1058, #5106, #569, .T. ) ;
#3735 = LINE ( 'NONE', #5845, #3257 ) ;
#3736 = CARTESIAN_POINT ( 'NONE',  ( -0.09751968503937008537, -0.2058922922764961083, -0.02755905511811023931 ) ) ;
#3737 = ORIENTED_EDGE ( 'NONE', *, *, #2559, .T. ) ;
#3738 = EDGE_LOOP ( 'NONE', ( #697, #1681, #807, #2976 ) ) ;
#3739 = DIRECTION ( 'NONE',  ( 0.000000000000000000, 0.000000000000000000, -1.000000000000000000 ) ) ;
#3740 = DIRECTION ( 'NONE',  ( 0.000000000000000000, -1.000000000000000000, 8.673617379884035472E-16 ) ) ;
#3741 = ADVANCED_FACE ( 'NONE', ( #604 ), #4432, .F. ) ;
#3742 = CARTESIAN_POINT ( 'NONE',  ( -0.04133858267716536417, 5.062516295687877716E-18, -0.2677165354330763303 ) ) ;
#3743 = DIRECTION ( 'NONE',  ( -0.000000000000000000, -1.000000000000000000, -0.000000000000000000 ) ) ;
#3744 = EDGE_LOOP ( 'NONE', ( #3858, #3516, #2833, #960 ) ) ;
#3745 = CARTESIAN_POINT ( 'NONE',  ( -0.04921259842519686012, -0.3641732283464567121, -0.1702755905511774137 ) ) ;
#3746 = CARTESIAN_POINT ( 'NONE',  ( -0.07992192120413386947, -0.4229213576527559026, -0.4035433070866141780 ) ) ;
#3747 = ORIENTED_EDGE ( 'NONE', *, *, #5976, .F. ) ;
#3748 = LINE ( 'NONE', #2736, #4500 ) ;
#3749 = CARTESIAN_POINT ( 'NONE',  ( -0.1555118110236219930, -0.2499999999999999722, -0.3425196850393700809 ) ) ;
#3750 = ORIENTED_EDGE ( 'NONE', *, *, #5623, .T. ) ;
#3751 = DIRECTION ( 'NONE',  ( 0.000000000000000000, 0.000000000000000000, 1.000000000000000000 ) ) ;
#3752 = DIRECTION ( 'NONE',  ( 0.000000000000000000, 0.000000000000000000, 1.000000000000000000 ) ) ;
#3753 = AXIS2_PLACEMENT_3D ( 'NONE', #3521, #1626, #1066 ) ;
#3754 = B_SPLINE_CURVE_WITH_KNOTS ( 'NONE', 3,
 ( #6248, #3964, #2898, #58, #2427, #627 ),
 .UNSPECIFIED., .F., .F.,
 ( 4, 2, 4 ),
 ( 0.000000000000000000, 0.4948773480180079232, 0.9897546960360158463 ),
 .UNSPECIFIED. ) ;
#3755 = DIRECTION ( 'NONE',  ( 0.000000000000000000, 0.000000000000000000, -1.000000000000000000 ) ) ;
#3756 = ORIENTED_EDGE ( 'NONE', *, *, #590, .F. ) ;
#3757 = LINE ( 'NONE', #5750, #2279 ) ;
#3758 = EDGE_CURVE ( 'NONE', #4233, #5660, #2077, .T. ) ;
#3759 = VECTOR ( 'NONE', #4020, 39.37007874015748143 ) ;
#3760 = ORIENTED_EDGE ( 'NONE', *, *, #2027, .T. ) ;
#3761 = EDGE_CURVE ( 'NONE', #2717, #3534, #4029, .T. ) ;
#3762 = AXIS2_PLACEMENT_3D ( 'NONE', #3198, #4788, #476 ) ;
#3763 = DIRECTION ( 'NONE',  ( -1.000000000000000000, 0.000000000000000000, 0.000000000000000000 ) ) ;
#3764 = ORIENTED_EDGE ( 'NONE', *, *, #755, .T. ) ;
#3765 = LINE ( 'NONE', #3942, #4453 ) ;
#3766 = ORIENTED_EDGE ( 'NONE', *, *, #4416, .T. ) ;
#3767 = VECTOR ( 'NONE', #428, 39.37007874015748143 ) ;
#3768 = EDGE_LOOP ( 'NONE', ( #2705, #5093 ) ) ;
#3769 = EDGE_CURVE ( 'NONE', #1660, #3849, #3686, .T. ) ;
#3770 = AXIS2_PLACEMENT_3D ( 'NONE', #5209, #347, #4696 ) ;
#3771 = DIRECTION ( 'NONE',  ( 0.000000000000000000, 0.000000000000000000, 1.000000000000000000 ) ) ;
#3772 =( NAMED_UNIT ( * ) SI_UNIT ( $, .STERADIAN. ) SOLID_ANGLE_UNIT ( ) );
#3773 = CARTESIAN_POINT ( 'NONE',  ( 5.602422643256789996E-18, -1.707404996040164512E-17, -0.4114173228346456601 ) ) ;
#3774 = CARTESIAN_POINT ( 'NONE',  ( -0.001201906332498694574, -0.02950921005241111464, -0.4232283464566928832 ) ) ;
#3775 = ORIENTED_EDGE ( 'NONE', *, *, #726, .T. ) ;
#3776 = PLANE ( 'NONE',  #2261 ) ;
#3777 = VERTEX_POINT ( 'NONE', #2080 ) ;
#3778 = VECTOR ( 'NONE', #5304, 39.37007874015748143 ) ;
#3779 = EDGE_CURVE ( 'NONE', #911, #160, #2204, .T. ) ;
#3780 = DIRECTION ( 'NONE',  ( 0.000000000000000000, 0.000000000000000000, 1.000000000000000000 ) ) ;
#3781 = CARTESIAN_POINT ( 'NONE',  ( -0.02952755905464628239, -0.0002816381797703756311, -0.4153543307086612346 ) ) ;
#3782 = AXIS2_PLACEMENT_3D ( 'NONE', #4323, #1834, #5685 ) ;
#3783 = MECHANICAL_DESIGN_GEOMETRIC_PRESENTATION_REPRESENTATION (  '', ( #3388 ), #3685 ) ;
#3784 = CARTESIAN_POINT ( 'NONE',  ( 0.1771653543307086798, -0.03937007874015747977, 0.1181102362204724116 ) ) ;
#3785 = DIRECTION ( 'NONE',  ( -0.000000000000000000, -1.000000000000000000, -0.000000000000000000 ) ) ;
#3786 = ORIENTED_EDGE ( 'NONE', *, *, #3948, .F. ) ;
#3787 = CARTESIAN_POINT ( 'NONE',  ( -0.1653543307086613734, 0.1771653543307086798, 1.873876983154080610E-15 ) ) ;
#3788 = DIRECTION ( 'NONE',  ( 0.000000000000000000, -0.02025009904801752109, -0.9997949457206439794 ) ) ;
#3789 = AXIS2_PLACEMENT_3D ( 'NONE', #4459, #5032, #5957 ) ;
#3790 = PLANE ( 'NONE',  #6194 ) ;
#3791 = VERTEX_POINT ( 'NONE', #2109 ) ;
#3792 = FACE_OUTER_BOUND ( 'NONE', #443, .T. ) ;
#3793 = CIRCLE ( 'NONE', #5208, 0.03937007874015747977 ) ;
#3794 = ORIENTED_EDGE ( 'NONE', *, *, #4480, .F. ) ;
#3795 = VECTOR ( 'NONE', #2292, 39.37007874015748143 ) ;
#3796 = ADVANCED_FACE ( 'NONE', ( #273 ), #1634, .F. ) ;
#3797 = CARTESIAN_POINT ( 'NONE',  ( 0.1161417322834645688, -0.1948818897637654701, -0.3425196850393700809 ) ) ;
#3798 = ORIENTED_EDGE ( 'NONE', *, *, #5247, .F. ) ;
#3799 = PLANE ( 'NONE',  #4898 ) ;
#3800 = ORIENTED_EDGE ( 'NONE', *, *, #4892, .T. ) ;
#3801 = EDGE_LOOP ( 'NONE', ( #2587, #5357, #674, #888 ) ) ;
#3802 = EDGE_CURVE ( 'NONE', #199, #405, #4122, .T. ) ;
#3803 = VECTOR ( 'NONE', #4127, 39.37007874015748143 ) ;
#3804 = CARTESIAN_POINT ( 'NONE',  ( 0.1161417322834645688, -0.08267716535433072833, -0.2244094488188976555 ) ) ;
#3805 = DIRECTION ( 'NONE',  ( -1.000000000000000000, 0.000000000000000000, 0.000000000000000000 ) ) ;
#3806 = DIRECTION ( 'NONE',  ( 0.000000000000000000, -1.000000000000000000, 0.000000000000000000 ) ) ;
#3807 = EDGE_CURVE ( 'NONE', #3439, #16, #4339, .T. ) ;
#3808 = PLANE ( 'NONE',  #4293 ) ;
#3809 = ORIENTED_EDGE ( 'NONE', *, *, #2318, .F. ) ;
#3810 = CARTESIAN_POINT ( 'NONE',  ( -0.07827572828348250411, -0.09420898660220196341, -0.1173106767536026135 ) ) ;
#3811 = ORIENTED_EDGE ( 'NONE', *, *, #684, .T. ) ;
#3812 = CIRCLE ( 'NONE', #1801, 0.02559055118110236532 ) ;
#3813 = CARTESIAN_POINT ( 'NONE',  ( 0.04921259842519685318, -0.3641732283464374498, -0.4153543307086005054 ) ) ;
#3814 = DIRECTION ( 'NONE',  ( 0.000000000000000000, 1.000000000000000000, 0.000000000000000000 ) ) ;
#3815 = AXIS2_PLACEMENT_3D ( 'NONE', #1655, #4079, #5053 ) ;
#3816 = VERTEX_POINT ( 'NONE', #5064 ) ;
#3817 = EDGE_CURVE ( 'NONE', #2590, #5786, #2637, .T. ) ;
#3818 = LINE ( 'NONE', #889, #3590 ) ;
#3819 = EDGE_CURVE ( 'NONE', #350, #3672, #1179, .T. ) ;
#3820 = VERTEX_POINT ( 'NONE', #1226 ) ;
#3821 = DIRECTION ( 'NONE',  ( -1.000000000000000000, 0.000000000000000000, 0.000000000000000000 ) ) ;
#3822 = DIRECTION ( 'NONE',  ( 1.113035129722760235E-16, 0.000000000000000000, 1.000000000000000000 ) ) ;
#3823 = EDGE_LOOP ( 'NONE', ( #1545, #2984, #3250, #1839 ) ) ;
#3824 = DIRECTION ( 'NONE',  ( -1.000000000000000000, 5.042130847504697108E-32, 6.528139279297708437E-15 ) ) ;
#3825 = VERTEX_POINT ( 'NONE', #3529 ) ;
#3826 = DIRECTION ( 'NONE',  ( 1.000000000000000000, 0.000000000000000000, 0.000000000000000000 ) ) ;
#3827 = VERTEX_POINT ( 'NONE', #5992 ) ;
#3828 = CARTESIAN_POINT ( 'NONE',  ( -0.1161417322834645549, -0.1082677165354330451, 0.1023622047244094752 ) ) ;
#3829 = ORIENTED_EDGE ( 'NONE', *, *, #3033, .T. ) ;
#3830 = ORIENTED_EDGE ( 'NONE', *, *, #1695, .T. ) ;
#3831 = CYLINDRICAL_SURFACE ( 'NONE', #5935, 0.007874015748031482076 ) ;
#3832 = DIRECTION ( 'NONE',  ( 0.000000000000000000, 0.000000000000000000, 1.000000000000000000 ) ) ;
#3833 = DIRECTION ( 'NONE',  ( -1.000000000000000000, 0.000000000000000000, 0.000000000000000000 ) ) ;
#3834 = DIRECTION ( 'NONE',  ( 0.000000000000000000, 0.000000000000000000, 1.000000000000000000 ) ) ;
#3835 = EDGE_CURVE ( 'NONE', #4769, #1556, #2287, .T. ) ;
#3836 = ORIENTED_EDGE ( 'NONE', *, *, #4145, .F. ) ;
#3837 =( NAMED_UNIT ( * ) SI_UNIT ( $, .STERADIAN. ) SOLID_ANGLE_UNIT ( ) );
#3838 = CARTESIAN_POINT ( 'NONE',  ( 0.000000000000000000, -0.1259842519684916118, -0.4035433070866141780 ) ) ;
#3839 = ORIENTED_EDGE ( 'NONE', *, *, #5613, .F. ) ;
#3840 = CARTESIAN_POINT ( 'NONE',  ( 0.000000000000000000, 0.000000000000000000, -0.4114173228346454936 ) ) ;
#3841 = LINE ( 'NONE', #5001, #1570 ) ;
#3842 = CARTESIAN_POINT ( 'NONE',  ( -0.04921259842519348088, -0.2474539693459809342, -0.4153543307086012271 ) ) ;
#3843 = CARTESIAN_POINT ( 'NONE',  ( -0.1555118110236220208, -0.2500000000000000000, -0.2972440944881889480 ) ) ;
#3844 = ORIENTED_EDGE ( 'NONE', *, *, #4518, .T. ) ;
#3845 = DIRECTION ( 'NONE',  ( 1.000000000000000000, 0.000000000000000000, 0.000000000000000000 ) ) ;
#3846 = CARTESIAN_POINT ( 'NONE',  ( 0.06102362204724409711, -0.2421259842519685457, -0.4212598425197051633 ) ) ;
#3847 = EDGE_CURVE ( 'NONE', #2156, #2562, #5929, .T. ) ;
#3848 = CARTESIAN_POINT ( 'NONE',  ( 0.1948818897637620562, -0.3641732283464567121, -0.3169291338582677642 ) ) ;
#3849 = VERTEX_POINT ( 'NONE', #4554 ) ;
#3850 = DIRECTION ( 'NONE',  ( -6.528139279297708437E-15, -2.291316159375543256E-16, -1.000000000000000000 ) ) ;
#3851 = EDGE_LOOP ( 'NONE', ( #1998, #3054 ) ) ;
#3852 = EDGE_CURVE ( 'NONE', #2769, #3164, #3121, .T. ) ;
#3853 = PLANE ( 'NONE',  #3310 ) ;
#3854 = EDGE_LOOP ( 'NONE', ( #4103, #3406 ) ) ;
#3855 = VECTOR ( 'NONE', #4305, 39.37007874015748143 ) ;
#3856 = DIRECTION ( 'NONE',  ( 1.000000000000000000, 0.000000000000000000, 0.000000000000000000 ) ) ;
#3857 = ORIENTED_EDGE ( 'NONE', *, *, #4765, .F. ) ;
#3858 = ORIENTED_EDGE ( 'NONE', *, *, #1930, .F. ) ;
#3859 = AXIS2_PLACEMENT_3D ( 'NONE', #683, #2477, #83 ) ;
#3860 = DIRECTION ( 'NONE',  ( 0.000000000000000000, 1.000000000000000000, 0.000000000000000000 ) ) ;
#3861 = DIRECTION ( 'NONE',  ( -0.000000000000000000, -0.000000000000000000, -1.000000000000000000 ) ) ;
#3862 = VECTOR ( 'NONE', #5619, 39.37007874015748143 ) ;
#3863 = CARTESIAN_POINT ( 'NONE',  ( 0.1653543307086611514, 0.1653543307086614567, 0.1181102362204724532 ) ) ;
#3864 = ORIENTED_EDGE ( 'NONE', *, *, #1110, .F. ) ;
#3865 = DIRECTION ( 'NONE',  ( -1.000000000000000000, 0.000000000000000000, 0.000000000000000000 ) ) ;
#3866 = LINE ( 'NONE', #86, #42 ) ;
#3867 = EDGE_LOOP ( 'NONE', ( #286, #2502, #3207, #2425 ) ) ;
#3868 = VECTOR ( 'NONE', #1795, 39.37007874015748143 ) ;
#3869 = CARTESIAN_POINT ( 'NONE',  ( -0.04921259842519685318, -0.2474539693459834599, -0.4094488188976377896 ) ) ;
#3870 = EDGE_CURVE ( 'NONE', #5837, #1433, #750, .T. ) ;
#3871 = CARTESIAN_POINT ( 'NONE',  ( -0.04921259842519685318, -0.2058922922764961083, -0.1523582677165354338 ) ) ;
#3872 = ORIENTED_EDGE ( 'NONE', *, *, #2923, .F. ) ;
#3873 = DIRECTION ( 'NONE',  ( 1.000000000000000000, 0.000000000000000000, 0.000000000000000000 ) ) ;
#3874 = ORIENTED_EDGE ( 'NONE', *, *, #3699, .F. ) ;
#3875 = CARTESIAN_POINT ( 'NONE',  ( 0.04094488188976378590, 0.04100978032464567408, -0.2440944881889764162 ) ) ;
#3876 = CARTESIAN_POINT ( 'NONE',  ( 0.1574803149606299191, -0.003937007874032033561, -0.3425196850393592007 ) ) ;
#3877 = AXIS2_PLACEMENT_3D ( 'NONE', #325, #2257, #6078 ) ;
#3878 = EDGE_CURVE ( 'NONE', #2366, #4083, #5517, .T. ) ;
#3879 = VECTOR ( 'NONE', #30, 39.37007874015748143 ) ;
#3880 = CARTESIAN_POINT ( 'NONE',  ( 0.02755905511811023931, 3.375010863791918606E-18, -0.4035433070866759619 ) ) ;
#3881 = VERTEX_POINT ( 'NONE', #3048 ) ;
#3882 = DIRECTION ( 'NONE',  ( -1.000000000000000000, 0.000000000000000000, 0.000000000000000000 ) ) ;
#3883 = CARTESIAN_POINT ( 'NONE',  ( -0.09842519685039370636, -0.09448818897636002134, -0.2342519685039369526 ) ) ;
#3884 = ADVANCED_FACE ( 'NONE', ( #4523 ), #4970, .T. ) ;
#3885 = VERTEX_POINT ( 'NONE', #4055 ) ;
#3886 = AXIS2_PLACEMENT_3D ( 'NONE', #3046, #748, #2666 ) ;
#3887 = CARTESIAN_POINT ( 'NONE',  ( -0.05905511811023620578, -0.2500000000000000000, -0.2972440944881889480 ) ) ;
#3888 = AXIS2_PLACEMENT_3D ( 'NONE', #3723, #853, #4722 ) ;
#3889 = ORIENTED_EDGE ( 'NONE', *, *, #4038, .T. ) ;
#3890 = ADVANCED_FACE ( 'NONE', ( #1197 ), #2170, .T. ) ;
#3891 = LINE ( 'NONE', #5346, #2491 ) ;
#3892 = EDGE_CURVE ( 'NONE', #4354, #2348, #6028, .T. ) ;
#3893 = ORIENTED_EDGE ( 'NONE', *, *, #5940, .T. ) ;
#3894 = VECTOR ( 'NONE', #3834, 39.37007874015748143 ) ;
#3895 = DIRECTION ( 'NONE',  ( -1.000000000000000000, 0.000000000000000000, 0.000000000000000000 ) ) ;
#3896 = VECTOR ( 'NONE', #1285, 39.37007874015748143 ) ;
#3897 = CARTESIAN_POINT ( 'NONE',  ( 0.000000000000000000, -0.03543307086614171791, 0.1023622047244094613 ) ) ;
#3898 = CARTESIAN_POINT ( 'NONE',  ( 0.1948818897637795422, -0.2579046354622047121, -0.3425196850393701364 ) ) ;
#3899 = ORIENTED_EDGE ( 'NONE', *, *, #3878, .F. ) ;
#3900 = DIRECTION ( 'NONE',  ( 0.000000000000000000, 0.000000000000000000, -1.000000000000000000 ) ) ;
#3901 = EDGE_LOOP ( 'NONE', ( #4337, #1015, #1334, #4668 ) ) ;
#3902 = CIRCLE ( 'NONE', #3099, 0.01181102362204722485 ) ;
#3903 = EDGE_CURVE ( 'NONE', #1259, #2905, #68, .T. ) ;
#3904 = CARTESIAN_POINT ( 'NONE',  ( 0.04133858267716536417, 0.000000000000000000, -0.2677165354330763303 ) ) ;
#3905 = CARTESIAN_POINT ( 'NONE',  ( 0.09748004506530846824, -0.1582630542204666591, 0.08267716535433075609 ) ) ;
#3906 = EDGE_LOOP ( 'NONE', ( #2934, #1939, #1286, #1138 ) ) ;
#3907 = DIRECTION ( 'NONE',  ( 0.000000000000000000, 0.000000000000000000, -1.000000000000000000 ) ) ;
#3908 = EDGE_LOOP ( 'NONE', ( #4658, #5947, #1430, #950 ) ) ;
#3909 = LINE ( 'NONE', #4375, #1387 ) ;
#3910 = LINE ( 'NONE', #5364, #5478 ) ;
#3911 = AXIS2_PLACEMENT_3D ( 'NONE', #3496, #5390, #2423 ) ;
#3912 = CARTESIAN_POINT ( 'NONE',  ( 0.1653543307086561831, -0.2440944881889762497, 0.1299212598425196763 ) ) ;
#3913 = ORIENTED_EDGE ( 'NONE', *, *, #4518, .F. ) ;
#3914 = DIRECTION ( 'NONE',  ( 0.000000000000000000, 0.000000000000000000, -1.000000000000000000 ) ) ;
#3915 = CARTESIAN_POINT ( 'NONE',  ( 0.1358267716535433156, -0.09842519685039372024, -0.2440944881889764162 ) ) ;
#3916 = ADVANCED_FACE ( 'NONE', ( #5132 ), #3808, .F. ) ;
#3917 = VERTEX_POINT ( 'NONE', #5638 ) ;
#3918 = AXIS2_PLACEMENT_3D ( 'NONE', #2720, #6143, #4641 ) ;
#3919 = EDGE_CURVE ( 'NONE', #3359, #1366, #5668, .T. ) ;
#3920 = LINE ( 'NONE', #1402, #1696 ) ;
#3921 = ORIENTED_EDGE ( 'NONE', *, *, #1922, .T. ) ;
#3922 = CARTESIAN_POINT ( 'NONE',  ( -0.09251968503937006705, -0.2066929133858267931, -0.3425196850393700809 ) ) ;
#3923 = ORIENTED_EDGE ( 'NONE', *, *, #2189, .F. ) ;
#3924 = EDGE_CURVE ( 'NONE', #2747, #3195, #2266, .T. ) ;
#3925 = DIRECTION ( 'NONE',  ( 1.000000000000000000, 0.000000000000000000, 0.000000000000000000 ) ) ;
#3926 = CARTESIAN_POINT ( 'NONE',  ( -0.1377952755905511861, -0.1948818897637722147, -0.1850393700787402174 ) ) ;
#3927 = CARTESIAN_POINT ( 'NONE',  ( -0.1043307086614173318, -0.1259842519685039353, -0.4212598425197252583 ) ) ;
#3928 = ORIENTED_EDGE ( 'NONE', *, *, #2079, .T. ) ;
#3929 = CARTESIAN_POINT ( 'NONE',  ( 3.133938659235353184E-18, -0.02559055118110236532, -0.2677165354330708902 ) ) ;
#3930 = ORIENTED_EDGE ( 'NONE', *, *, #4437, .T. ) ;
#3931 = EDGE_CURVE ( 'NONE', #5411, #3849, #4183, .T. ) ;
#3932 = DIRECTION ( 'NONE',  ( 0.000000000000000000, -1.000000000000000000, 0.000000000000000000 ) ) ;
#3933 = DIRECTION ( 'NONE',  ( -1.000000000000000000, -0.000000000000000000, -0.000000000000000000 ) ) ;
#3934 = FACE_OUTER_BOUND ( 'NONE', #4485, .T. ) ;
#3935 = CARTESIAN_POINT ( 'NONE',  ( -0.1358267716535433156, -0.09842519685039370636, -0.2834645669291338543 ) ) ;
#3936 = ORIENTED_EDGE ( 'NONE', *, *, #3950, .F. ) ;
#3937 = DIRECTION ( 'NONE',  ( 0.000000000000000000, 0.000000000000000000, -1.000000000000000000 ) ) ;
#3938 = CARTESIAN_POINT ( 'NONE',  ( -0.07926322931848138464, -0.09912543122607020418, -0.1070271450189209661 ) ) ;
#3939 = CARTESIAN_POINT ( 'NONE',  ( -0.07874015748031494566, -2.134256245050205639E-18, -0.3425196850393733561 ) ) ;
#3940 = EDGE_LOOP ( 'NONE', ( #3315, #1721, #783, #2683 ) ) ;
#3941 = CARTESIAN_POINT ( 'NONE',  ( 0.05905511811023622659, -0.2244094488188976555, -0.3425196850393701364 ) ) ;
#3942 = CARTESIAN_POINT ( 'NONE',  ( 0.000000000000000000, -0.2066929133858267931, -0.1525590551181102150 ) ) ;
#3943 = VERTEX_POINT ( 'NONE', #332 ) ;
#3944 = DIRECTION ( 'NONE',  ( 0.000000000000000000, -1.000000000000000000, 0.000000000000000000 ) ) ;
#3945 = ORIENTED_EDGE ( 'NONE', *, *, #1280, .F. ) ;
#3946 = LINE ( 'NONE', #1593, #678 ) ;
#3947 = ORIENTED_EDGE ( 'NONE', *, *, #2559, .F. ) ;
#3948 = EDGE_CURVE ( 'NONE', #5890, #4230, #1793, .T. ) ;
#3949 = VECTOR ( 'NONE', #2486, 39.37007874015748854 ) ;
#3950 = EDGE_CURVE ( 'NONE', #1252, #1494, #480, .T. ) ;
#3951 = ORIENTED_EDGE ( 'NONE', *, *, #3423, .F. ) ;
#3952 = DIRECTION ( 'NONE',  ( -1.000000000000000000, 0.000000000000000000, 0.000000000000000000 ) ) ;
#3953 = LINE ( 'NONE', #1124, #1444 ) ;
#3954 = LINE ( 'NONE', #2010, #5199 ) ;
#3955 = VERTEX_POINT ( 'NONE', #2824 ) ;
#3956 = DIRECTION ( 'NONE',  ( 1.000000000000000000, 0.000000000000000000, 0.000000000000000000 ) ) ;
#3957 = VECTOR ( 'NONE', #4046, 39.37007874015748143 ) ;
#3958 = EDGE_CURVE ( 'NONE', #2797, #340, #1364, .T. ) ;
#3959 = ORIENTED_EDGE ( 'NONE', *, *, #2217, .F. ) ;
#3960 = VECTOR ( 'NONE', #214, 39.37007874015748143 ) ;
#3961 = FACE_OUTER_BOUND ( 'NONE', #5135, .T. ) ;
#3962 = CARTESIAN_POINT ( 'NONE',  ( 0.000000000000000000, 0.000000000000000000, -0.3681102362204724532 ) ) ;
#3963 = DIRECTION ( 'NONE',  ( 0.000000000000000000, 3.469446951953612217E-16, -1.000000000000000000 ) ) ;
#3964 = CARTESIAN_POINT ( 'NONE',  ( 0.001950541794423900441, -0.2077615094918269234, -0.4232283464566928832 ) ) ;
#3965 = ORIENTED_EDGE ( 'NONE', *, *, #5654, .F. ) ;
#3966 = DIRECTION ( 'NONE',  ( -1.000000000000000000, 0.000000000000000000, 0.000000000000000000 ) ) ;
#3967 = ADVANCED_FACE ( 'NONE', ( #4244 ), #879, .F. ) ;
#3968 = VECTOR ( 'NONE', #4336, 39.37007874015748143 ) ;
#3969 = LINE ( 'NONE', #1, #3778 ) ;
#3970 = AXIS2_PLACEMENT_3D ( 'NONE', #1866, #5271, #3321 ) ;
#3971 = ORIENTED_EDGE ( 'NONE', *, *, #308, .F. ) ;
#3972 = PLANE ( 'NONE',  #4186 ) ;
#3973 = DIRECTION ( 'NONE',  ( -1.224646799147353207E-16, 1.000000000000000000, 0.000000000000000000 ) ) ;
#3974 = ORIENTED_EDGE ( 'NONE', *, *, #1582, .F. ) ;
#3975 = AXIS2_PLACEMENT_3D ( 'NONE', #3125, #5487, #5996 ) ;
#3976 = LINE ( 'NONE', #159, #3704 ) ;
#3977 = VERTEX_POINT ( 'NONE', #1760 ) ;
#3978 = DIRECTION ( 'NONE',  ( 0.000000000000000000, 0.000000000000000000, -1.000000000000000000 ) ) ;
#3979 = MECHANICAL_DESIGN_GEOMETRIC_PRESENTATION_REPRESENTATION (  '', ( #564 ), #4883 ) ;
#3980 = AXIS2_PLACEMENT_3D ( 'NONE', #1255, #1291, #3740 ) ;
#3981 = CARTESIAN_POINT ( 'NONE',  ( -0.04330708661426008188, 0.06339071727592490713, -0.4035433070866754623 ) ) ;
#3982 = ORIENTED_EDGE ( 'NONE', *, *, #5872, .T. ) ;
#3983 = AXIS2_PLACEMENT_3D ( 'NONE', #3438, #1483, #5424 ) ;
#3984 = DIRECTION ( 'NONE',  ( 1.000000000000000000, 0.000000000000000000, 0.000000000000000000 ) ) ;
#3985 = CARTESIAN_POINT ( 'NONE',  ( -0.1420866141732283483, -0.08267716535433072833, -0.2220472440944881998 ) ) ;
#3986 = SPHERICAL_SURFACE ( 'NONE', #6124, 0.01181102362204731158 ) ;
#3987 = ORIENTED_EDGE ( 'NONE', *, *, #5308, .T. ) ;
#3988 = VECTOR ( 'NONE', #1564, 39.37007874015748143 ) ;
#3989 = CARTESIAN_POINT ( 'NONE',  ( -0.1653543307086614567, 0.1653543307086614567, 3.756290991288362073E-15 ) ) ;
#3990 = ORIENTED_EDGE ( 'NONE', *, *, #2673, .F. ) ;
#3991 = EDGE_CURVE ( 'NONE', #1817, #812, #364, .T. ) ;
#3992 = VECTOR ( 'NONE', #5465, 39.37007874015748143 ) ;
#3993 = ADVANCED_FACE ( 'NONE', ( #2299 ), #2730, .T. ) ;
#3994 = DIRECTION ( 'NONE',  ( -1.000000000000000000, -0.000000000000000000, -0.000000000000000000 ) ) ;
#3995 = CARTESIAN_POINT ( 'NONE',  ( 0.1377952755905511861, -0.1948818897637796255, -0.02755905511811023931 ) ) ;
#3996 = LINE ( 'NONE', #626, #1434 ) ;
#3997 = DIRECTION ( 'NONE',  ( -1.000000000000000000, 0.000000000000000000, 0.000000000000000000 ) ) ;
#3998 = ORIENTED_EDGE ( 'NONE', *, *, #1809, .T. ) ;
#3999 = CARTESIAN_POINT ( 'NONE',  ( 0.07677165354330708902, 0.000000000000000000, 0.1181105395119565193 ) ) ;
#4000 = DIRECTION ( 'NONE',  ( 0.000000000000000000, 0.02025009904930584817, 0.9997949457206180002 ) ) ;
#4001 = AXIS2_PLACEMENT_3D ( 'NONE', #4824, #4849, #538 ) ;
#4002 = EDGE_CURVE ( 'NONE', #5386, #4240, #4274, .T. ) ;
#4003 = EDGE_CURVE ( 'NONE', #3112, #1220, #6215, .T. ) ;
#4004 = CARTESIAN_POINT ( 'NONE',  ( 0.1555118110236219930, -0.1250000000000000000, -0.3425196850393700809 ) ) ;
#4005 = VECTOR ( 'NONE', #1767, 39.37007874015748143 ) ;
#4006 = EDGE_LOOP ( 'NONE', ( #3696, #2267, #4941, #2447 ) ) ;
#4007 = CARTESIAN_POINT ( 'NONE',  ( 0.08861755576141731872, -0.04429762942881889515, -0.04375883833169291054 ) ) ;
#4008 = DIRECTION ( 'NONE',  ( 0.000000000000000000, 0.000000000000000000, -1.000000000000000000 ) ) ;
#4009 = EDGE_LOOP ( 'NONE', ( #392, #50, #1443, #41 ) ) ;
#4010 = VECTOR ( 'NONE', #2977, 39.37007874015748143 ) ;
#4011 = EDGE_CURVE ( 'NONE', #2663, #4836, #1080, .T. ) ;
#4012 = LINE ( 'NONE', #3627, #4101 ) ;
#4013 = ORIENTED_EDGE ( 'NONE', *, *, #3088, .T. ) ;
#4014 = SURFACE_STYLE_FILL_AREA ( #2094 ) ;
#4015 = VECTOR ( 'NONE', #4019, 39.37007874015748143 ) ;
#4016 = CARTESIAN_POINT ( 'NONE',  ( -2.294325463428971024E-17, -0.2066929133858267931, -0.4035433070866141780 ) ) ;
#4017 = ORIENTED_EDGE ( 'NONE', *, *, #5241, .F. ) ;
#4018 = ORIENTED_EDGE ( 'NONE', *, *, #3147, .T. ) ;
#4019 = DIRECTION ( 'NONE',  ( -0.7071067811867000064, 0.000000000000000000, -0.7071067811863950281 ) ) ;
#4020 = DIRECTION ( 'NONE',  ( 0.000000000000000000, 0.000000000000000000, -1.000000000000000000 ) ) ;
#4021 = FACE_OUTER_BOUND ( 'NONE', #3629, .T. ) ;
#4022 = EDGE_LOOP ( 'NONE', ( #3202, #1021, #4291, #3234 ) ) ;
#4023 = LINE ( 'NONE', #2631, #5488 ) ;
#4024 = EDGE_LOOP ( 'NONE', ( #2813, #2198, #861, #5252, #957, #2030, #2293, #321 ) ) ;
#4025 = CARTESIAN_POINT ( 'NONE',  ( 0.1771653543307086798, -0.09842519685039369248, -0.2440944881889764162 ) ) ;
#4026 = EDGE_CURVE ( 'NONE', #2913, #1836, #6149, .T. ) ;
#4027 = CARTESIAN_POINT ( 'NONE',  ( 0.06102362204724408323, -0.1259842519685008544, -0.4035433070865839245 ) ) ;
#4028 = FACE_OUTER_BOUND ( 'NONE', #3268, .T. ) ;
#4029 = LINE ( 'NONE', #3180, #2877 ) ;
#4030 = ORIENTED_EDGE ( 'NONE', *, *, #885, .T. ) ;
#4031 = LINE ( 'NONE', #725, #5995 ) ;
#4032 = EDGE_CURVE ( 'NONE', #1061, #65, #3715, .T. ) ;
#4033 = CARTESIAN_POINT ( 'NONE',  ( 0.07874015748031495954, -8.142414793539852026E-15, -0.3425196850393763537 ) ) ;
#4034 = ORIENTED_EDGE ( 'NONE', *, *, #5146, .F. ) ;
#4035 = DIRECTION ( 'NONE',  ( 0.000000000000000000, 0.000000000000000000, -1.000000000000000000 ) ) ;
#4036 = LINE ( 'NONE', #5967, #1056 ) ;
#4037 = EDGE_LOOP ( 'NONE', ( #5148, #592, #4234, #1192 ) ) ;
#4038 = EDGE_CURVE ( 'NONE', #5080, #3104, #1281, .T. ) ;
#4039 = DIRECTION ( 'NONE',  ( -1.000000000000000000, 0.000000000000000000, 0.000000000000000000 ) ) ;
#4040 = ORIENTED_EDGE ( 'NONE', *, *, #413, .T. ) ;
#4041 = CARTESIAN_POINT ( 'NONE',  ( 0.000000000000000000, 0.000000000000000000, -0.2559055118110017957 ) ) ;
#4042 = VERTEX_POINT ( 'NONE', #526 ) ;
#4043 = ADVANCED_FACE ( 'NONE', ( #3366 ), #974, .T. ) ;
#4044 = ORIENTED_EDGE ( 'NONE', *, *, #5241, .T. ) ;
#4045 = PLANE ( 'NONE',  #3815 ) ;
#4046 = DIRECTION ( 'NONE',  ( -0.000000000000000000, -0.000000000000000000, -1.000000000000000000 ) ) ;
#4047 = DIRECTION ( 'NONE',  ( 0.7071067811865496822, 4.047688110612523802E-14, 0.7071067811865453523 ) ) ;
#4048 = ORIENTED_EDGE ( 'NONE', *, *, #3817, .T. ) ;
#4049 = CARTESIAN_POINT ( 'NONE',  ( -0.04921259842519676991, -0.2244094488188976555, -0.1525590551181102150 ) ) ;
#4050 = VERTEX_POINT ( 'NONE', #4774 ) ;
#4051 = FACE_OUTER_BOUND ( 'NONE', #5164, .T. ) ;
#4052 = DIRECTION ( 'NONE',  ( 0.000000000000000000, 0.000000000000000000, 1.000000000000000000 ) ) ;
#4053 = CARTESIAN_POINT ( 'NONE',  ( 0.09738268590996397578, -0.1364897199483635082, 0.08166329708685315936 ) ) ;
#4054 = VECTOR ( 'NONE', #4642, 39.37007874015748143 ) ;
#4055 = CARTESIAN_POINT ( 'NONE',  ( -4.852736867747366067E-31, 1.067128122525102820E-18, -0.3503937007874015630 ) ) ;
#4056 = ORIENTED_EDGE ( 'NONE', *, *, #5084, .F. ) ;
#4057 = PLANE ( 'NONE',  #5107 ) ;
#4058 = CARTESIAN_POINT ( 'NONE',  ( 0.001308455937755724670, -0.2086614982486820757, -0.4114173228346456601 ) ) ;
#4059 = VECTOR ( 'NONE', #922, 39.37007874015748143 ) ;
#4060 = CARTESIAN_POINT ( 'NONE',  ( -0.1161417322834645688, -0.1948818897637689951, -0.3425196850393700809 ) ) ;
#4061 = ORIENTED_EDGE ( 'NONE', *, *, #6001, .T. ) ;
#4062 = DIRECTION ( 'NONE',  ( 1.000000000000000000, 0.000000000000000000, 0.000000000000000000 ) ) ;
#4063 = CARTESIAN_POINT ( 'NONE',  ( 0.001966853840621269819, -0.2066238864007385045, -0.4232283464566929387 ) ) ;
#4064 = AXIS2_PLACEMENT_3D ( 'NONE', #1731, #240, #4527 ) ;
#4065 = ORIENTED_EDGE ( 'NONE', *, *, #3141, .T. ) ;
#4066 = EDGE_CURVE ( 'NONE', #2905, #927, #3954, .T. ) ;
#4067 = CIRCLE ( 'NONE', #3168, 0.007874015748031482076 ) ;
#4068 = LINE ( 'NONE', #5943, #5182 ) ;
#4069 = ORIENTED_EDGE ( 'NONE', *, *, #3311, .F. ) ;
#4070 = EDGE_CURVE ( 'NONE', #4828, #3816, #2510, .T. ) ;
#4071 = CARTESIAN_POINT ( 'NONE',  ( 0.000000000000000000, -0.2066929133858267931, -0.3425196850393701364 ) ) ;
#4072 = CARTESIAN_POINT ( 'NONE',  ( 0.09138603391026267619, -0.08267716535433072833, -0.01968503937007873988 ) ) ;
#4073 = ORIENTED_EDGE ( 'NONE', *, *, #3276, .T. ) ;
#4074 = VECTOR ( 'NONE', #4163, 39.37007874015748143 ) ;
#4075 = AXIS2_PLACEMENT_3D ( 'NONE', #2714, #6008, #5047 ) ;
#4076 = EDGE_LOOP ( 'NONE', ( #5115, #3899, #1308, #3131 ) ) ;
#4077 = VECTOR ( 'NONE', #54, 39.37007874015748143 ) ;
#4078 = EDGE_CURVE ( 'NONE', #1878, #3777, #5857, .T. ) ;
#4079 = DIRECTION ( 'NONE',  ( 0.9954210110051221472, 0.000000000000000000, 0.09558771285861322742 ) ) ;
#4080 = EDGE_CURVE ( 'NONE', #311, #1898, #5889, .T. ) ;
#4081 = LINE ( 'NONE', #5537, #1846 ) ;
#4082 = DIRECTION ( 'NONE',  ( 0.000000000000000000, 4.336808689942017736E-16, 1.000000000000000000 ) ) ;
#4083 = VERTEX_POINT ( 'NONE', #4425 ) ;
#4084 = DIRECTION ( 'NONE',  ( 0.000000000000000000, 0.000000000000000000, 1.000000000000000000 ) ) ;
#4085 = ORIENTED_EDGE ( 'NONE', *, *, #486, .T. ) ;
#4086 = AXIS2_PLACEMENT_3D ( 'NONE', #1105, #3018, #2635 ) ;
#4087 = CARTESIAN_POINT ( 'NONE',  ( 0.000000000000000000, -0.3641732283464567121, -0.4153543307085997838 ) ) ;
#4088 = DIRECTION ( 'NONE',  ( 1.000000000000000000, 0.000000000000000000, 0.000000000000000000 ) ) ;
#4089 = CIRCLE ( 'NONE', #576, 0.01771653543307082079 ) ;
#4090 = CARTESIAN_POINT ( 'NONE',  ( -2.018655210737000781E-17, -0.2086614116643304151, -0.4114173228346457711 ) ) ;
#4091 = DIRECTION ( 'NONE',  ( 0.000000000000000000, 0.000000000000000000, -1.000000000000000000 ) ) ;
#4092 = ORIENTED_EDGE ( 'NONE', *, *, #2954, .F. ) ;
#4093 = CARTESIAN_POINT ( 'NONE',  ( 0.000000000000000000, -0.3641732283464567121, -0.4035433070866754623 ) ) ;
#4094 = FACE_OUTER_BOUND ( 'NONE', #4302, .T. ) ;
#4095 = VECTOR ( 'NONE', #1343, 39.37007874015748143 ) ;
#4096 = CARTESIAN_POINT ( 'NONE',  ( 0.000000000000000000, 1.480937764815480239E-32, -0.2677165354330541813 ) ) ;
#4097 = ORIENTED_EDGE ( 'NONE', *, *, #2802, .F. ) ;
#4098 = LINE ( 'NONE', #5073, #2779 ) ;
#4099 = VECTOR ( 'NONE', #239, 39.37007874015748143 ) ;
#4100 = DIRECTION ( 'NONE',  ( 7.517135062566107699E-14, -0.7071067811865490160, 0.7071067811865461294 ) ) ;
#4101 = VECTOR ( 'NONE', #793, 39.37007874015748143 ) ;
#4102 = DIRECTION ( 'NONE',  ( 0.000000000000000000, -1.000000000000000000, 1.334402673828313043E-15 ) ) ;
#4103 = ORIENTED_EDGE ( 'NONE', *, *, #2715, .F. ) ;
#4104 = SURFACE_SIDE_STYLE ('',( #2185 ) ) ;
#4105 = EDGE_CURVE ( 'NONE', #2187, #212, #2478, .T. ) ;
#4106 = LINE ( 'NONE', #6071, #337 ) ;
#4107 = ORIENTED_EDGE ( 'NONE', *, *, #4416, .F. ) ;
#4108 = CIRCLE ( 'NONE', #1595, 0.07677165354329207325 ) ;
#4109 = EDGE_CURVE ( 'NONE', #5018, #677, #4089, .T. ) ;
#4110 = CARTESIAN_POINT ( 'NONE',  ( 0.02952771896251539865, 0.01860769487347335716, -0.4232283464566929387 ) ) ;
#4111 = VECTOR ( 'NONE', #1984, 39.37007874015748143 ) ;
#4112 = EDGE_LOOP ( 'NONE', ( #4934, #537, #2154, #4407 ) ) ;
#4113 = CARTESIAN_POINT ( 'NONE',  ( 0.02952757182121125770, -1.035276678314965602E-17, -0.4232283464566929387 ) ) ;
#4114 = DIRECTION ( 'NONE',  ( -1.000000000000000000, 0.000000000000000000, 0.000000000000000000 ) ) ;
#4115 = CARTESIAN_POINT ( 'NONE',  ( -0.04921259842519684624, -0.2066929133858304568, -0.1523622047244094502 ) ) ;
#4116 = ORIENTED_EDGE ( 'NONE', *, *, #3239, .T. ) ;
#4117 = DIRECTION ( 'NONE',  ( 0.000000000000000000, 0.000000000000000000, 1.000000000000000000 ) ) ;
#4118 = ORIENTED_EDGE ( 'NONE', *, *, #2413, .T. ) ;
#4119 = EDGE_CURVE ( 'NONE', #2820, #5837, #3089, .T. ) ;
#4120 = CARTESIAN_POINT ( 'NONE',  ( 0.05314960629921260116, -0.2404379814152362294, -0.4094488188976379006 ) ) ;
#4121 = CARTESIAN_POINT ( 'NONE',  ( -0.06141732283464567538, -0.2098425196850393915, -0.1909448818897638012 ) ) ;
#4122 = LINE ( 'NONE', #1667, #2781 ) ;
#4123 = ORIENTED_EDGE ( 'NONE', *, *, #5821, .F. ) ;
#4124 = LINE ( 'NONE', #5036, #5316 ) ;
#4125 = CARTESIAN_POINT ( 'NONE',  ( 0.000000000000000000, -0.3641732283464567121, -0.1702755905511737500 ) ) ;
#4126 = EDGE_CURVE ( 'NONE', #1812, #3413, #497, .T. ) ;
#4127 = DIRECTION ( 'NONE',  ( 0.000000000000000000, 0.000000000000000000, -1.000000000000000000 ) ) ;
#4128 = PLANE ( 'NONE',  #2969 ) ;
#4129 = VERTEX_POINT ( 'NONE', #595 ) ;
#4130 = CARTESIAN_POINT ( 'NONE',  ( 0.07873251665145071521, -0.09098104539386460410, -0.1125538233311038638 ) ) ;
#4131 = FILL_AREA_STYLE ('',( #854 ) ) ;
#4132 = CARTESIAN_POINT ( 'NONE',  ( 0.06003937007874013410, -0.2559055118110236671, -0.1122047244094488139 ) ) ;
#4133 = VERTEX_POINT ( 'NONE', #2389 ) ;
#4134 = ORIENTED_EDGE ( 'NONE', *, *, #4003, .T. ) ;
#4135 = LINE ( 'NONE', #2219, #4059 ) ;
#4136 = ORIENTED_EDGE ( 'NONE', *, *, #3931, .T. ) ;
#4137 = CARTESIAN_POINT ( 'NONE',  ( 0.07086614173228347746, -0.2066929133858341205, -0.1523622047244094502 ) ) ;
#4138 = VERTEX_POINT ( 'NONE', #4306 ) ;
#4139 = DIRECTION ( 'NONE',  ( -1.000000000000000000, 0.000000000000000000, 0.000000000000000000 ) ) ;
#4140 = CARTESIAN_POINT ( 'NONE',  ( -0.06244094488188977471, -0.2159140338825984162, -0.1332368685282677157 ) ) ;
#4141 = LINE ( 'NONE', #3671, #3896 ) ;
#4142 = ORIENTED_EDGE ( 'NONE', *, *, #6214, .T. ) ;
#4143 = CARTESIAN_POINT ( 'NONE',  ( -0.02952755905511804044, -1.707404996040164512E-17, -0.4114173228346456601 ) ) ;
#4144 = ORIENTED_EDGE ( 'NONE', *, *, #3493, .F. ) ;
#4145 = EDGE_CURVE ( 'NONE', #3410, #2800, #3455, .T. ) ;
#4146 = CARTESIAN_POINT ( 'NONE',  ( 0.1771653543307086798, -0.08267716535433067282, -0.1122047244094488139 ) ) ;
#4147 =( BOUNDED_CURVE ( )  B_SPLINE_CURVE ( 3, ( #74, #4297, #899, #1460 ),
 .UNSPECIFIED., .F., .T. ) 
 B_SPLINE_CURVE_WITH_KNOTS ( ( 4, 4 ),
 ( 0.6770916196912212248, 2.167006463237669323 ),
 .UNSPECIFIED. ) 
 CURVE ( )  GEOMETRIC_REPRESENTATION_ITEM ( )  RATIONAL_B_SPLINE_CURVE ( ( 1.000000000000000000, 0.8234111790350021609, 0.8234111790350021609, 1.000000000000000000 ) ) 
 REPRESENTATION_ITEM ( '' )  );
#4148 = CARTESIAN_POINT ( 'NONE',  ( -0.09806402617342310779, -0.1453161906070715992, 0.08875856481106007834 ) ) ;
#4149 = DIRECTION ( 'NONE',  ( 0.000000000000000000, -1.000000000000000000, 0.000000000000000000 ) ) ;
#4150 = EDGE_CURVE ( 'NONE', #1956, #2366, #1978, .T. ) ;
#4151 = DIRECTION ( 'NONE',  ( 0.000000000000000000, 0.000000000000000000, -1.000000000000000000 ) ) ;
#4152 = ORIENTED_EDGE ( 'NONE', *, *, #1538, .T. ) ;
#4153 = PLANE ( 'NONE',  #4701 ) ;
#4154 = CLOSED_SHELL ( 'NONE', ( #371, #3383, #1279, #2121, #5941, #3693, #6060, #905, #1121, #4559, #847, #1848, #521, #2953, #3284, #510, #5956, #3151, #2428, #5876, #771, #1736, #4043, #2871, #5663, #107, #1336, #3741, #4725, #2461, #3079, #1638, #5434, #5280, #4320, #5853, #3680, #849, #1806, #3890, #4772, #2312, #5076, #4817, #5319, #5421, #2021, #262, #614, #1504, #3426, #2692, #5930, #1446, #4158, #4338, #410, #253, #319, #2104, #2186, #4916, #5538, #1754, #4882, #3552, #4184 ) ) ;
#4155 = AXIS2_PLACEMENT_3D ( 'NONE', #2416, #3333, #4838 ) ;
#4156 = CARTESIAN_POINT ( 'NONE',  ( -0.1771653543307086798, -0.2440944881889764440, -0.3425196850393698034 ) ) ;
#4157 = ORIENTED_EDGE ( 'NONE', *, *, #635, .F. ) ;
#4158 = ADVANCED_FACE ( 'NONE', ( #4333 ), #5760, .T. ) ;
#4159 = CARTESIAN_POINT ( 'NONE',  ( -0.02559055118110236879, 3.133938659235353569E-18, -0.4035433070868026939 ) ) ;
#4160 = EDGE_CURVE ( 'NONE', #3164, #3791, #2979, .T. ) ;
#4161 = CARTESIAN_POINT ( 'NONE',  ( -0.04330708661417323468, 0.06339071727598424855, -0.4094488188976377896 ) ) ;
#4162 = COLOUR_RGB ( '',0.7921568627450980005, 0.8196078431372548767, 0.9333333333333333481 ) ;
#4163 = DIRECTION ( 'NONE',  ( 0.000000000000000000, 1.000000000000000000, 0.000000000000000000 ) ) ;
#4164 = VECTOR ( 'NONE', #6186, 39.37007874015748143 ) ;
#4165 = VERTEX_POINT ( 'NONE', #14 ) ;
#4166 = CARTESIAN_POINT ( 'NONE',  ( 0.1358267716535433156, -0.09055118110236221041, -0.2244094488188976555 ) ) ;
#4167 = CARTESIAN_POINT ( 'NONE',  ( 0.08030561377220470087, -0.1058324818468897727, -0.1245146085359842697 ) ) ;
#4168 = ORIENTED_EDGE ( 'NONE', *, *, #5547, .F. ) ;
#4169 = VECTOR ( 'NONE', #139, 39.37007874015748143 ) ;
#4170 = DIRECTION ( 'NONE',  ( 0.000000000000000000, 1.000000000000000000, 0.000000000000000000 ) ) ;
#4171 = ORIENTED_EDGE ( 'NONE', *, *, #4, .F. ) ;
#4172 = APPLICATION_PROTOCOL_DEFINITION ( 'draft international standard', 'automotive_design', 1998, #489 ) ;
#4173 = DIRECTION ( 'NONE',  ( 0.000000000000000000, -0.7071067811866007524, -0.7071067811864942820 ) ) ;
#4174 = AXIS2_PLACEMENT_3D ( 'NONE', #3130, #4604, #5044 ) ;
#4175 = DIRECTION ( 'NONE',  ( 0.000000000000000000, 0.000000000000000000, 1.000000000000000000 ) ) ;
#4176 = ORIENTED_EDGE ( 'NONE', *, *, #4078, .F. ) ;
#4177 = FACE_OUTER_BOUND ( 'NONE', #4955, .T. ) ;
#4178 = ORIENTED_EDGE ( 'NONE', *, *, #5165, .F. ) ;
#4179 = VECTOR ( 'NONE', #3373, 39.37007874015748143 ) ;
#4180 = LINE ( 'NONE', #4146, #4912 ) ;
#4181 = CARTESIAN_POINT ( 'NONE',  ( -0.09842519685038858546, -0.1559981091141631748, 0.09251968503937003929 ) ) ;
#4182 = CARTESIAN_POINT ( 'NONE',  ( -0.06003937007874020348, -0.2165354330708661457, -0.1200787401574803376 ) ) ;
#4183 = LINE ( 'NONE', #3334, #4388 ) ;
#4184 = ADVANCED_FACE ( 'NONE', ( #5353, #1944 ), #5794, .T. ) ;
#4185 = ORIENTED_EDGE ( 'NONE', *, *, #6098, .F. ) ;
#4186 = AXIS2_PLACEMENT_3D ( 'NONE', #3418, #3028, #5906 ) ;
#4187 = DIRECTION ( 'NONE',  ( -1.000000000000000000, 0.000000000000000000, 0.000000000000000000 ) ) ;
#4188 = FACE_BOUND ( 'NONE', #4611, .T. ) ;
#4189 = AXIS2_PLACEMENT_3D ( 'NONE', #3034, #1472, #1148 ) ;
#4190 = EDGE_LOOP ( 'NONE', ( #2841, #3336, #1484, #573 ) ) ;
#4191 = EDGE_CURVE ( 'NONE', #112, #3384, #5325, .T. ) ;
#4192 = AXIS2_PLACEMENT_3D ( 'NONE', #2117, #4562, #4035 ) ;
#4193 = CARTESIAN_POINT ( 'NONE',  ( -0.07086614173228347746, -0.2066929133858341205, -0.1523622047244094502 ) ) ;
#4194 = FACE_BOUND ( 'NONE', #1715, .T. ) ;
#4195 = VERTEX_POINT ( 'NONE', #4840 ) ;
#4196 = CARTESIAN_POINT ( 'NONE',  ( -0.07984251968503937313, 0.07933070866141732347, -0.2559055118110236671 ) ) ;
#4197 = AXIS2_PLACEMENT_3D ( 'NONE', #4218, #3304, #2356 ) ;
#4198 = EDGE_CURVE ( 'NONE', #3085, #1032, #4866, .T. ) ;
#4199 = ADVANCED_FACE ( 'NONE', ( #1691 ), #3072, .F. ) ;
#4200 = DIRECTION ( 'NONE',  ( 0.000000000000000000, 0.000000000000000000, -1.000000000000000000 ) ) ;
#4201 = AXIS2_PLACEMENT_3D ( 'NONE', #1938, #4420, #4766 ) ;
#4202 = EDGE_LOOP ( 'NONE', ( #1243, #3593, #3728, #563 ) ) ;
#4203 = CARTESIAN_POINT ( 'NONE',  ( 4.802076551362962766E-17, -0.2066929133858267931, -0.4035433070866135674 ) ) ;
#4204 = ORIENTED_EDGE ( 'NONE', *, *, #3473, .T. ) ;
#4205 = CIRCLE ( 'NONE', #5618, 0.01771653543307086590 ) ;
#4206 = ADVANCED_FACE ( 'NONE', ( #4933 ), #5951, .T. ) ;
#4207 = EDGE_CURVE ( 'NONE', #169, #5817, #264, .T. ) ;
#4208 = CYLINDRICAL_SURFACE ( 'NONE', #1495, 0.03937007874015749365 ) ;
#4209 = ORIENTED_EDGE ( 'NONE', *, *, #3779, .F. ) ;
#4210 = SHAPE_DEFINITION_REPRESENTATION ( #6204, #3237 ) ;
#4211 = VECTOR ( 'NONE', #3780, 39.37007874015748143 ) ;
#4212 = DIRECTION ( 'NONE',  ( 0.000000000000000000, 0.000000000000000000, 1.000000000000000000 ) ) ;
#4213 = CARTESIAN_POINT ( 'NONE',  ( -0.05905511811023622659, -0.1988188976377925077, -0.3425196850393700809 ) ) ;
#4214 = ORIENTED_EDGE ( 'NONE', *, *, #3335, .F. ) ;
#4215 = ORIENTED_EDGE ( 'NONE', *, *, #2318, .T. ) ;
#4216 =( LENGTH_UNIT ( ) NAMED_UNIT ( * ) SI_UNIT ( $, .METRE. ) );
#4217 = DIRECTION ( 'NONE',  ( 0.000000000000000000, -1.000000000000000000, 0.000000000000000000 ) ) ;
#4218 = CARTESIAN_POINT ( 'NONE',  ( 0.04889169116425196027, -0.2480258456392519517, -0.4160100928338583137 ) ) ;
#4219 = CIRCLE ( 'NONE', #3918, 0.02559055118110236532 ) ;
#4220 = ORIENTED_EDGE ( 'NONE', *, *, #2003, .T. ) ;
#4221 = CARTESIAN_POINT ( 'NONE',  ( -0.001801929541013307361, -0.02947337211800737586, -0.4232283464566928832 ) ) ;
#4222 = EDGE_LOOP ( 'NONE', ( #207, #3794, #1558, #5913 ) ) ;
#4223 = EDGE_CURVE ( 'NONE', #2040, #2915, #1627, .T. ) ;
#4224 = DIRECTION ( 'NONE',  ( 0.000000000000000000, -1.000000000000000000, 0.000000000000000000 ) ) ;
#4225 = CARTESIAN_POINT ( 'NONE',  ( -0.07670040910862593875, 9.393091050817124792E-18, 0.1180392947958194688 ) ) ;
#4226 = EDGE_LOOP ( 'NONE', ( #1427, #4085, #3370, #285 ) ) ;
#4227 = CARTESIAN_POINT ( 'NONE',  ( -0.09251968503937006705, -0.2165354330708593456, -0.2474409448818897517 ) ) ;
#4228 = LINE ( 'NONE', #1804, #2355 ) ;
#4229 = DIRECTION ( 'NONE',  ( 0.000000000000000000, 1.000000000000000000, 0.000000000000000000 ) ) ;
#4230 = VERTEX_POINT ( 'NONE', #4115 ) ;
#4231 = DIRECTION ( 'NONE',  ( 0.000000000000000000, 0.000000000000000000, 1.000000000000000000 ) ) ;
#4232 = EDGE_CURVE ( 'NONE', #4616, #2309, #5408, .T. ) ;
#4233 = VERTEX_POINT ( 'NONE', #5921 ) ;
#4234 = ORIENTED_EDGE ( 'NONE', *, *, #2894, .F. ) ;
#4235 =( NAMED_UNIT ( * ) PLANE_ANGLE_UNIT ( ) SI_UNIT ( $, .RADIAN. ) );
#4236 = LINE ( 'NONE', #6166, #5778 ) ;
#4237 = CARTESIAN_POINT ( 'NONE',  ( 0.02951569213155959964, 0.0008447765090561838068, -0.4153543307086614012 ) ) ;
#4238 = EDGE_CURVE ( 'NONE', #3816, #4856, #3793, .T. ) ;
#4239 = ORIENTED_EDGE ( 'NONE', *, *, #5109, .F. ) ;
#4240 = VERTEX_POINT ( 'NONE', #1659 ) ;
#4241 = CARTESIAN_POINT ( 'NONE',  ( 0.000000000000000000, -0.09993998156845818048, -0.3196360091587859831 ) ) ;
#4242 = PLANE ( 'NONE',  #3077 ) ;
#4243 = DIRECTION ( 'NONE',  ( 0.000000000000000000, 0.000000000000000000, -1.000000000000000000 ) ) ;
#4244 = FACE_OUTER_BOUND ( 'NONE', #2013, .T. ) ;
#4245 = ORIENTED_EDGE ( 'NONE', *, *, #5441, .F. ) ;
#4246 = PLANE ( 'NONE',  #956 ) ;
#4247 = ORIENTED_EDGE ( 'NONE', *, *, #3433, .T. ) ;
#4248 = LINE ( 'NONE', #3720, #2500 ) ;
#4249 = PLANE ( 'NONE',  #1064 ) ;
#4250 = ORIENTED_EDGE ( 'NONE', *, *, #1816, .T. ) ;
#4251 = CARTESIAN_POINT ( 'NONE',  ( -0.08573990089915947688, -0.05335737635835127030, -0.03958108129396763208 ) ) ;
#4252 = CARTESIAN_POINT ( 'NONE',  ( -0.07721693631941321800, -0.1059098936342680736, -0.1283366102737078795 ) ) ;
#4253 = CARTESIAN_POINT ( 'NONE',  ( 0.1653543307086614567, -0.2440944881889760554, 0.1181102362204724532 ) ) ;
#4254 = EDGE_CURVE ( 'NONE', #2650, #2571, #1099, .T. ) ;
#4255 = VECTOR ( 'NONE', #236, 39.37007874015748143 ) ;
#4256 = CARTESIAN_POINT ( 'NONE',  ( -0.001968503937008160218, -0.2066929133858267931, -0.4035433070866135674 ) ) ;
#4257 = EDGE_LOOP ( 'NONE', ( #6196, #3945 ) ) ;
#4258 = VECTOR ( 'NONE', #1523, 39.37007874015748143 ) ;
#4259 = EDGE_CURVE ( 'NONE', #4945, #3827, #3013, .T. ) ;
#4260 = ORIENTED_EDGE ( 'NONE', *, *, #1503, .T. ) ;
#4261 = VECTOR ( 'NONE', #2403, 39.37007874015748143 ) ;
#4262 = EDGE_CURVE ( 'NONE', #2952, #4505, #1884, .T. ) ;
#4263 = DIRECTION ( 'NONE',  ( 0.000000000000000000, -1.000000000000000000, 0.000000000000000000 ) ) ;
#4264 = ORIENTED_EDGE ( 'NONE', *, *, #172, .T. ) ;
#4265 = FACE_OUTER_BOUND ( 'NONE', #2070, .T. ) ;
#4266 = CARTESIAN_POINT ( 'NONE',  ( -0.02952755905564281164, 0.05740653083231121029, -0.4153543307086613456 ) ) ;
#4267 = ORIENTED_EDGE ( 'NONE', *, *, #6239, .F. ) ;
#4268 = AXIS2_PLACEMENT_3D ( 'NONE', #5385, #1509, #1566 ) ;
#4269 = ORIENTED_EDGE ( 'NONE', *, *, #2943, .T. ) ;
#4270 = EDGE_CURVE ( 'NONE', #2915, #1812, #3582, .T. ) ;
#4271 = EDGE_CURVE ( 'NONE', #4133, #2838, #6018, .T. ) ;
#4272 = CARTESIAN_POINT ( 'NONE',  ( -0.04921259842519685318, -0.2165354330708587627, -0.1523622047244094502 ) ) ;
#4273 = DIRECTION ( 'NONE',  ( -1.000000000000000000, 0.000000000000000000, 0.000000000000000000 ) ) ;
#4274 = LINE ( 'NONE', #6208, #3491 ) ;
#4275 = VERTEX_POINT ( 'NONE', #5473 ) ;
#4276 = LINE ( 'NONE', #2251, #1589 ) ;
#4277 = CARTESIAN_POINT ( 'NONE',  ( -0.1377952755905511861, -0.2174142242305905637, -0.02125984251968503908 ) ) ;
#4278 = ORIENTED_EDGE ( 'NONE', *, *, #2809, .F. ) ;
#4279 = AXIS2_PLACEMENT_3D ( 'NONE', #1992, #5775, #2432 ) ;
#4280 = LINE ( 'NONE', #3339, #4005 ) ;
#4281 = DIRECTION ( 'NONE',  ( 0.000000000000000000, 0.000000000000000000, 1.000000000000000000 ) ) ;
#4282 = VECTOR ( 'NONE', #2552, 39.37007874015748143 ) ;
#4283 = VECTOR ( 'NONE', #3332, 39.37007874015748143 ) ;
#4284 = ORIENTED_EDGE ( 'NONE', *, *, #5007, .F. ) ;
#4285 = DIRECTION ( 'NONE',  ( -0.000000000000000000, -0.000000000000000000, -1.000000000000000000 ) ) ;
#4286 = ORIENTED_EDGE ( 'NONE', *, *, #5400, .T. ) ;
#4287 = DIRECTION ( 'NONE',  ( -0.000000000000000000, 1.000000000000000000, 0.000000000000000000 ) ) ;
#4288 = CARTESIAN_POINT ( 'NONE',  ( -0.1345669291338582596, -0.09506547360177164396, -0.2244094488188976555 ) ) ;
#4289 = VECTOR ( 'NONE', #5525, 39.37007874015748143 ) ;
#4290 = CARTESIAN_POINT ( 'NONE',  ( 0.09866830862243117228, -0.1673228346456692994, 0.08267716535433072833 ) ) ;
#4291 = ORIENTED_EDGE ( 'NONE', *, *, #5631, .T. ) ;
#4292 = DIRECTION ( 'NONE',  ( -0.000000000000000000, -1.000000000000000000, -0.000000000000000000 ) ) ;
#4293 = AXIS2_PLACEMENT_3D ( 'NONE', #2759, #5227, #844 ) ;
#4294 = ORIENTED_EDGE ( 'NONE', *, *, #5974, .F. ) ;
#4295 = AXIS2_PLACEMENT_3D ( 'NONE', #4510, #2592, #5915 ) ;
#4296 = ADVANCED_FACE ( 'NONE', ( #5506 ), #2089, .F. ) ;
#4297 = CARTESIAN_POINT ( 'NONE',  ( -0.08913228955516681873, -0.04531897879420442726, -0.004253790320052898595 ) ) ;
#4298 = ORIENTED_EDGE ( 'NONE', *, *, #2306, .F. ) ;
#4299 = CARTESIAN_POINT ( 'NONE',  ( 0.1771653543307086798, -0.2522834645669291831, -0.3517322834645669194 ) ) ;
#4300 = EDGE_LOOP ( 'NONE', ( #766, #4889, #1755, #430 ) ) ;
#4301 = VECTOR ( 'NONE', #5427, 39.37007874015748143 ) ;
#4302 = EDGE_LOOP ( 'NONE', ( #2869, #2532, #3923, #5823 ) ) ;
#4303 = CARTESIAN_POINT ( 'NONE',  ( 0.04503937007874016241, 0.06339071727598424855, -0.4160100928338583137 ) ) ;
#4304 = LINE ( 'NONE', #12, #5298 ) ;
#4305 = DIRECTION ( 'NONE',  ( 0.000000000000000000, 1.000000000000000000, 0.000000000000000000 ) ) ;
#4306 = CARTESIAN_POINT ( 'NONE',  ( 0.02952755905488453972, -5.076552629093618011E-12, -0.4153543307086612901 ) ) ;
#4307 = ORIENTED_EDGE ( 'NONE', *, *, #134, .T. ) ;
#4308 = PLANE ( 'NONE',  #5413 ) ;
#4309 = LINE ( 'NONE', #1854, #1059 ) ;
#4310 = EDGE_CURVE ( 'NONE', #5411, #3519, #6223, .T. ) ;
#4311 = VERTEX_POINT ( 'NONE', #5055 ) ;
#4312 = AXIS2_PLACEMENT_3D ( 'NONE', #4429, #114, #656 ) ;
#4313 = DIRECTION ( 'NONE',  ( -1.000000000000000000, 1.224646799147353947E-16, 0.000000000000000000 ) ) ;
#4314 = PLANE ( 'NONE',  #2074 ) ;
#4315 = LINE ( 'NONE', #3784, #2540 ) ;
#4316 = DIRECTION ( 'NONE',  ( -1.000000000000000000, 0.000000000000000000, 0.000000000000000000 ) ) ;
#4317 = ORIENTED_EDGE ( 'NONE', *, *, #3058, .T. ) ;
#4318 = DIRECTION ( 'NONE',  ( 1.000000000000000000, 0.000000000000000000, 0.000000000000000000 ) ) ;
#4319 = PLANE ( 'NONE',  #4364 ) ;
#4320 = ADVANCED_FACE ( 'NONE', ( #4021 ), #3986, .T. ) ;
#4321 = CARTESIAN_POINT ( 'NONE',  ( 0.05905511811023622659, -0.1988188976377924799, -0.3425196850393700809 ) ) ;
#4322 = EDGE_LOOP ( 'NONE', ( #265, #454 ) ) ;
#4323 = CARTESIAN_POINT ( 'NONE',  ( 0.000000000000000000, 0.000000000000000000, -0.4232283464565751996 ) ) ;
#4324 = ORIENTED_EDGE ( 'NONE', *, *, #1030, .T. ) ;
#4325 = CARTESIAN_POINT ( 'NONE',  ( -0.04330708661417324162, 0.06339071727598424855, -0.4153543307086005054 ) ) ;
#4326 = ORIENTED_EDGE ( 'NONE', *, *, #3576, .F. ) ;
#4327 = CARTESIAN_POINT ( 'NONE',  ( -0.05314960629921260116, -0.1479182963758661484, -0.4153543307086012271 ) ) ;
#4328 = ORIENTED_EDGE ( 'NONE', *, *, #5331, .T. ) ;
#4329 = VERTEX_POINT ( 'NONE', #3041 ) ;
#4330 = FACE_OUTER_BOUND ( 'NONE', #1553, .T. ) ;
#4331 = DIRECTION ( 'NONE',  ( -0.000000000000000000, -1.000000000000000000, -0.000000000000000000 ) ) ;
#4332 = DIRECTION ( 'NONE',  ( 1.000000000000000000, 0.000000000000000000, 0.000000000000000000 ) ) ;
#4333 = FACE_OUTER_BOUND ( 'NONE', #5336, .T. ) ;
#4334 = ORIENTED_EDGE ( 'NONE', *, *, #1781, .F. ) ;
#4335 = DIRECTION ( 'NONE',  ( 0.000000000000000000, 0.000000000000000000, -1.000000000000000000 ) ) ;
#4336 = DIRECTION ( 'NONE',  ( 0.000000000000000000, 0.000000000000000000, -1.000000000000000000 ) ) ;
#4337 = ORIENTED_EDGE ( 'NONE', *, *, #2987, .F. ) ;
#4338 = ADVANCED_FACE ( 'NONE', ( #198 ), #5539, .F. ) ;
#4339 =( BOUNDED_CURVE ( )  B_SPLINE_CURVE ( 3, ( #5482, #5099, #3084, #3648 ),
 .UNSPECIFIED., .F., .T. ) 
 B_SPLINE_CURVE_WITH_KNOTS ( ( 4, 4 ),
 ( 0.4988452215361860453, 0.9888330889595483564 ),
 .UNSPECIFIED. ) 
 CURVE ( )  GEOMETRIC_REPRESENTATION_ITEM ( )  RATIONAL_B_SPLINE_CURVE ( ( 0.5088094352115823948, 0.5117165819452667019, 0.6754467702080725333, 1.000000000000000000 ) ) 
 REPRESENTATION_ITEM ( '' )  );
#4340 = EDGE_CURVE ( 'NONE', #3534, #5884, #2629, .T. ) ;
#4341 = CARTESIAN_POINT ( 'NONE',  ( 0.04921259842519685318, -0.3641732283464567121, -0.1604330708661490523 ) ) ;
#4342 = LINE ( 'NONE', #21, #5187 ) ;
#4343 = LINE ( 'NONE', #1448, #5052 ) ;
#4344 = CARTESIAN_POINT ( 'NONE',  ( -0.1719685039370078550, -0.2522834645669291831, 0.1299212598425196763 ) ) ;
#4345 = VERTEX_POINT ( 'NONE', #2786 ) ;
#4346 = LINE ( 'NONE', #5745, #2588 ) ;
#4347 = CARTESIAN_POINT ( 'NONE',  ( 0.05118110236220472370, -0.2439459753806101916, -0.4153543307086012271 ) ) ;
#4348 = ADVANCED_FACE ( 'NONE', ( #5183 ), #4706, .T. ) ;
#4349 = EDGE_CURVE ( 'NONE', #611, #446, #3264, .T. ) ;
#4350 = DIRECTION ( 'NONE',  ( -0.000000000000000000, -1.000000000000000000, -0.000000000000000000 ) ) ;
#4351 = ORIENTED_EDGE ( 'NONE', *, *, #209, .F. ) ;
#4352 = UNCERTAINTY_MEASURE_WITH_UNIT (LENGTH_MEASURE( 1.000000000000000082E-05 ), #940, 'distance_accuracy_value', 'NONE');
#4353 = CARTESIAN_POINT ( 'NONE',  ( 0.02952755905511750961, -0.05118110236218956915, -0.2992125984251968185 ) ) ;
#4354 = VERTEX_POINT ( 'NONE', #391 ) ;
#4355 = FACE_OUTER_BOUND ( 'NONE', #548, .T. ) ;
#4356 = EDGE_LOOP ( 'NONE', ( #5530, #4508, #1647, #1762, #4621, #434 ) ) ;
#4357 = CARTESIAN_POINT ( 'NONE',  ( 0.001968503937005068073, -0.2066698925952369092, -0.4114173228346456046 ) ) ;
#4358 = ORIENTED_EDGE ( 'NONE', *, *, #2541, .F. ) ;
#4359 = ORIENTED_EDGE ( 'NONE', *, *, #3588, .F. ) ;
#4360 = CIRCLE ( 'NONE', #3158, 0.02362204724409449133 ) ;
#4361 = EDGE_LOOP ( 'NONE', ( #3750, #918, #3636, #1713 ) ) ;
#4362 = CARTESIAN_POINT ( 'NONE',  ( -8.897637452389485060E-12, -0.2066929133858260159, 0.07283464566929233330 ) ) ;
#4363 = FACE_OUTER_BOUND ( 'NONE', #3901, .T. ) ;
#4364 = AXIS2_PLACEMENT_3D ( 'NONE', #4167, #6102, #3788 ) ;
#4365 = DIRECTION ( 'NONE',  ( -1.000000000000000000, -0.000000000000000000, -0.000000000000000000 ) ) ;
#4366 = ORIENTED_EDGE ( 'NONE', *, *, #4676, .F. ) ;
#4367 = LINE ( 'NONE', #49, #2058 ) ;
#4368 = ORIENTED_EDGE ( 'NONE', *, *, #2735, .F. ) ;
#4369 = FACE_OUTER_BOUND ( 'NONE', #2086, .T. ) ;
#4370 = ADVANCED_FACE ( 'NONE', ( #2347 ), #4736, .T. ) ;
#4371 = CARTESIAN_POINT ( 'NONE',  ( 0.000000000000000000, -0.3641732283464567121, -0.1702755905511737500 ) ) ;
#4372 = DIRECTION ( 'NONE',  ( -0.000000000000000000, -1.000000000000000000, -0.000000000000000000 ) ) ;
#4373 = DIRECTION ( 'NONE',  ( -1.000000000000000000, 0.000000000000000000, 0.000000000000000000 ) ) ;
#4374 = ORIENTED_EDGE ( 'NONE', *, *, #1391, .F. ) ;
#4375 = CARTESIAN_POINT ( 'NONE',  ( 0.06102362204724407629, -0.04718005250885826118, -0.4035433070866141780 ) ) ;
#4376 = CARTESIAN_POINT ( 'NONE',  ( 0.02066929133858263698, -0.09842519685039370636, -0.2244094488188976277 ) ) ;
#4377 = VECTOR ( 'NONE', #3286, 39.37007874015748143 ) ;
#4378 = EDGE_CURVE ( 'NONE', #5142, #315, #769, .T. ) ;
#4379 = AXIS2_PLACEMENT_3D ( 'NONE', #2363, #6183, #3220 ) ;
#4380 = DIRECTION ( 'NONE',  ( 0.000000000000000000, 6.672013369141565217E-16, 1.000000000000000000 ) ) ;
#4381 = ORIENTED_EDGE ( 'NONE', *, *, #6235, .T. ) ;
#4382 = DIRECTION ( 'NONE',  ( -1.000000000000000000, 0.000000000000000000, 0.000000000000000000 ) ) ;
#4383 = DIRECTION ( 'NONE',  ( 0.000000000000000000, 0.000000000000000000, -1.000000000000000000 ) ) ;
#4384 = ORIENTED_EDGE ( 'NONE', *, *, #1568, .T. ) ;
#4385 = VECTOR ( 'NONE', #720, 39.37007874015748143 ) ;
#4386 = EDGE_CURVE ( 'NONE', #3585, #4275, #4826, .T. ) ;
#4387 = EDGE_CURVE ( 'NONE', #3059, #1817, #1487, .T. ) ;
#4388 = VECTOR ( 'NONE', #5734, 39.37007874015748143 ) ;
#4389 = ORIENTED_EDGE ( 'NONE', *, *, #679, .T. ) ;
#4390 = LINE ( 'NONE', #5281, #4489 ) ;
#4391 = ORIENTED_EDGE ( 'NONE', *, *, #2394, .F. ) ;
#4392 = EDGE_CURVE ( 'NONE', #65, #1478, #809, .T. ) ;
#4393 = VECTOR ( 'NONE', #1700, 39.37007874015748854 ) ;
#4394 = LINE ( 'NONE', #2884, #4010 ) ;
#4395 = VECTOR ( 'NONE', #3549, 39.37007874015748854 ) ;
#4396 = CARTESIAN_POINT ( 'NONE',  ( -0.02362204724409449133, -0.3641732283464567121, -0.4153543307086001724 ) ) ;
#4397 = CARTESIAN_POINT ( 'NONE',  ( -8.897637452389485060E-12, -0.2066929133858260159, 0.07283464566929233330 ) ) ;
#4398 = ORIENTED_EDGE ( 'NONE', *, *, #954, .T. ) ;
#4399 = CARTESIAN_POINT ( 'NONE',  ( -8.537024980200822558E-18, -0.2165354330708661457, 0.1023622047244094752 ) ) ;
#4400 = ORIENTED_EDGE ( 'NONE', *, *, #3505, .T. ) ;
#4401 = AXIS2_PLACEMENT_3D ( 'NONE', #3318, #951, #4318 ) ;
#4402 = DIRECTION ( 'NONE',  ( 0.000000000000000000, 0.000000000000000000, 1.000000000000000000 ) ) ;
#4403 = CARTESIAN_POINT ( 'NONE',  ( 0.05118110236220473064, -0.2206286964712598497, -0.1702755905511810774 ) ) ;
#4404 = LINE ( 'NONE', #2516, #3949 ) ;
#4405 = DIRECTION ( 'NONE',  ( 0.000000000000000000, 0.000000000000000000, 1.000000000000000000 ) ) ;
#4406 = TOROIDAL_SURFACE ( 'NONE', #1394, 0.001968503937008208356, 0.01968503937007927765 ) ;
#4407 = ORIENTED_EDGE ( 'NONE', *, *, #3159, .F. ) ;
#4408 = LINE ( 'NONE', #4347, #439 ) ;
#4409 = VECTOR ( 'NONE', #5800, 39.37007874015748143 ) ;
#4410 = FACE_OUTER_BOUND ( 'NONE', #839, .T. ) ;
#4411 = EDGE_CURVE ( 'NONE', #6180, #895, #3668, .T. ) ;
#4412 = ORIENTED_EDGE ( 'NONE', *, *, #1144, .T. ) ;
#4413 = FACE_OUTER_BOUND ( 'NONE', #4322, .T. ) ;
#4414 = LINE ( 'NONE', #355, #1346 ) ;
#4415 = ORIENTED_EDGE ( 'NONE', *, *, #1045, .T. ) ;
#4416 = EDGE_CURVE ( 'NONE', #6193, #2011, #5630, .T. ) ;
#4417 = FACE_OUTER_BOUND ( 'NONE', #933, .T. ) ;
#4418 = VERTEX_POINT ( 'NONE', #1750 ) ;
#4419 = EDGE_CURVE ( 'NONE', #3386, #5874, #778, .T. ) ;
#4420 = DIRECTION ( 'NONE',  ( 0.000000000000000000, 7.228014483236698528E-16, -1.000000000000000000 ) ) ;
#4421 = VERTEX_POINT ( 'NONE', #1785 ) ;
#4422 = LINE ( 'NONE', #970, #3609 ) ;
#4423 = ADVANCED_FACE ( 'NONE', ( #2227 ), #2818, .T. ) ;
#4424 = LINE ( 'NONE', #1506, #5672 ) ;
#4425 = CARTESIAN_POINT ( 'NONE',  ( -0.1338582677165354173, -0.09448818897636450387, -0.2244094488188976555 ) ) ;
#4426 = ORIENTED_EDGE ( 'NONE', *, *, #4795, .T. ) ;
#4427 = CARTESIAN_POINT ( 'NONE',  ( -0.04921259842519685318, -0.2942913385826771422, -0.1604330708661485250 ) ) ;
#4428 = ORIENTED_EDGE ( 'NONE', *, *, #589, .F. ) ;
#4429 = CARTESIAN_POINT ( 'NONE',  ( 0.1535433070866141780, -0.2444488188976378373, -0.4212598425196851237 ) ) ;
#4430 = CARTESIAN_POINT ( 'NONE',  ( 0.09719110852373621934, -0.1497175194147953581, 0.07966826917168422229 ) ) ;
#4431 = CARTESIAN_POINT ( 'NONE',  ( 0.07721693631941319025, -0.1059098936342680736, -0.1283366102737078795 ) ) ;
#4432 = CYLINDRICAL_SURFACE ( 'NONE', #1369, 0.1161417322834645688 ) ;
#4433 = EDGE_LOOP ( 'NONE', ( #2165, #2949, #420, #1918 ) ) ;
#4434 = CARTESIAN_POINT ( 'NONE',  ( -0.08954390707036226360, -0.03494170474972588952, 3.266774939958312369E-05 ) ) ;
#4435 = ORIENTED_EDGE ( 'NONE', *, *, #4026, .T. ) ;
#4436 = LINE ( 'NONE', #5306, #1870 ) ;
#4437 = EDGE_CURVE ( 'NONE', #3458, #2820, #4141, .T. ) ;
#4438 = ORIENTED_EDGE ( 'NONE', *, *, #2796, .T. ) ;
#4439 = EDGE_CURVE ( 'NONE', #2838, #517, #4670, .T. ) ;
#4440 = CARTESIAN_POINT ( 'NONE',  ( -0.09842519685038864097, -0.1673228346456692994, 0.09251968503937006705 ) ) ;
#4441 = EDGE_LOOP ( 'NONE', ( #5379, #5656 ) ) ;
#4442 = CARTESIAN_POINT ( 'NONE',  ( 0.000000000000000000, 0.000000000000000000, -0.2677165354330763303 ) ) ;
#4443 = EDGE_CURVE ( 'NONE', #4833, #5892, #1315, .T. ) ;
#4444 = FACE_OUTER_BOUND ( 'NONE', #2713, .T. ) ;
#4445 = VERTEX_POINT ( 'NONE', #4213 ) ;
#4446 = EDGE_CURVE ( 'NONE', #340, #3439, #6125, .T. ) ;
#4447 = AXIS2_PLACEMENT_3D ( 'NONE', #116, #205, #3047 ) ;
#4448 = DIRECTION ( 'NONE',  ( -1.000000000000000000, 0.000000000000000000, 0.000000000000000000 ) ) ;
#4449 = CARTESIAN_POINT ( 'NONE',  ( 0.05905511811023623353, -0.2500000000000000000, -0.1909448818897638012 ) ) ;
#4450 = CARTESIAN_POINT ( 'NONE',  ( 0.1653543307086614567, 0.1653543307086614567, 3.756290991288362073E-15 ) ) ;
#4451 = VERTEX_POINT ( 'NONE', #1815 ) ;
#4452 = CARTESIAN_POINT ( 'NONE',  ( -0.1555118110236219930, -8.003460918938271148E-19, -0.3425196850393710801 ) ) ;
#4453 = VECTOR ( 'NONE', #5692, 39.37007874015748143 ) ;
#4454 = ORIENTED_EDGE ( 'NONE', *, *, #730, .T. ) ;
#4455 = EDGE_CURVE ( 'NONE', #1556, #4769, #2788, .T. ) ;
#4456 = EDGE_CURVE ( 'NONE', #4769, #4546, #2586, .T. ) ;
#4457 = AXIS2_PLACEMENT_3D ( 'NONE', #1990, #1049, #2960 ) ;
#4458 = CYLINDRICAL_SURFACE ( 'NONE', #4709, 0.02165354330708660346 ) ;
#4459 = CARTESIAN_POINT ( 'NONE',  ( 0.000000000000000000, 2.356093461199951344E-45, -0.2440944881889761109 ) ) ;
#4460 = DIRECTION ( 'NONE',  ( 0.000000000000000000, -1.000000000000000000, 0.000000000000000000 ) ) ;
#4461 = DIRECTION ( 'NONE',  ( -0.000000000000000000, -0.000000000000000000, -1.000000000000000000 ) ) ;
#4462 = ORIENTED_EDGE ( 'NONE', *, *, #3037, .T. ) ;
#4463 = FACE_OUTER_BOUND ( 'NONE', #374, .T. ) ;
#4464 = DIRECTION ( 'NONE',  ( 0.000000000000000000, 0.000000000000000000, 1.000000000000000000 ) ) ;
#4465 = AXIS2_PLACEMENT_3D ( 'NONE', #2391, #5737, #2799 ) ;
#4466 = CARTESIAN_POINT ( 'NONE',  ( 0.04133858267716536417, 0.000000000000000000, -0.2677165354330763303 ) ) ;
#4467 = AXIS2_PLACEMENT_3D ( 'NONE', #732, #2649, #4567 ) ;
#4468 = ORIENTED_EDGE ( 'NONE', *, *, #2272, .T. ) ;
#4469 = DIRECTION ( 'NONE',  ( 1.000000000000000000, 0.000000000000000000, 0.000000000000000000 ) ) ;
#4470 = CARTESIAN_POINT ( 'NONE',  ( -0.1771653543307086798, -0.003937007873963767855, -0.3425196850393700809 ) ) ;
#4471 = VERTEX_POINT ( 'NONE', #2472 ) ;
#4472 = AXIS2_PLACEMENT_3D ( 'NONE', #2737, #2804, #4720 ) ;
#4473 = CARTESIAN_POINT ( 'NONE',  ( 0.02066929133858268902, -0.09448818897637792369, -0.2244094488188976277 ) ) ;
#4474 = ORIENTED_EDGE ( 'NONE', *, *, #3835, .F. ) ;
#4475 = FACE_OUTER_BOUND ( 'NONE', #4441, .T. ) ;
#4476 = AXIS2_PLACEMENT_3D ( 'NONE', #157, #3882, #2998 ) ;
#4477 = CIRCLE ( 'NONE', #2874, 0.04133858267716536417 ) ;
#4478 = DIRECTION ( 'NONE',  ( -1.000000000000000000, 0.000000000000000000, 0.000000000000000000 ) ) ;
#4479 = ORIENTED_EDGE ( 'NONE', *, *, #2222, .F. ) ;
#4480 = EDGE_CURVE ( 'NONE', #5315, #4240, #72, .T. ) ;
#4481 = AXIS2_PLACEMENT_3D ( 'NONE', #5238, #4316, #1392 ) ;
#4482 = CYLINDRICAL_SURFACE ( 'NONE', #737, 0.02559055118110236879 ) ;
#4483 = ADVANCED_FACE ( 'NONE', ( #4801 ), #999, .F. ) ;
#4484 = CARTESIAN_POINT ( 'NONE',  ( -0.1181102362204724254, -0.2165354330708593456, -0.3425196850393700809 ) ) ;
#4485 = EDGE_LOOP ( 'NONE', ( #1867, #5276, #1153, #3786 ) ) ;
#4486 = VECTOR ( 'NONE', #909, 39.37007874015748143 ) ;
#4487 = CARTESIAN_POINT ( 'NONE',  ( 0.1653543307086614567, 0.1653543307086614567, 0.1181102362204723422 ) ) ;
#4488 = EDGE_LOOP ( 'NONE', ( #3338, #3247, #4073, #5784 ) ) ;
#4489 = VECTOR ( 'NONE', #1464, 39.37007874015748143 ) ;
#4490 = LINE ( 'NONE', #6053, #3210 ) ;
#4491 = CARTESIAN_POINT ( 'NONE',  ( 0.09251968503937006705, -0.2066929133858267931, -0.3425196850393700809 ) ) ;
#4492 = DIRECTION ( 'NONE',  ( 0.000000000000000000, 1.000000000000000000, 0.000000000000000000 ) ) ;
#4493 = EDGE_CURVE ( 'NONE', #16, #4129, #73, .T. ) ;
#4494 = CARTESIAN_POINT ( 'NONE',  ( 1.118198970644071502E-17, 0.000000000000000000, 0.1299212598425196763 ) ) ;
#4495 = ORIENTED_EDGE ( 'NONE', *, *, #3392, .F. ) ;
#4496 = DIRECTION ( 'NONE',  ( -1.000000000000000000, 0.000000000000000000, 0.000000000000000000 ) ) ;
#4497 = DIRECTION ( 'NONE',  ( 0.000000000000000000, 0.000000000000000000, 1.000000000000000000 ) ) ;
#4498 = VECTOR ( 'NONE', #4667, 39.37007874015748143 ) ;
#4499 = CARTESIAN_POINT ( 'NONE',  ( 0.09738268590997964380, -0.1364897199484855772, 0.08166329708693122191 ) ) ;
#4500 = VECTOR ( 'NONE', #1357, 39.37007874015748143 ) ;
#4501 = ORIENTED_EDGE ( 'NONE', *, *, #4340, .T. ) ;
#4502 = DIRECTION ( 'NONE',  ( 0.000000000000000000, -1.000000000000000000, 0.000000000000000000 ) ) ;
#4503 = ADVANCED_FACE ( 'NONE', ( #5728 ), #3424, .F. ) ;
#4504 = CARTESIAN_POINT ( 'NONE',  ( 0.09149606299212596772, -0.2058922922764961083, -0.3425196850393700809 ) ) ;
#4505 = VERTEX_POINT ( 'NONE', #5851 ) ;
#4506 = CIRCLE ( 'NONE', #2308, 0.003937007874015724558 ) ;
#4507 = DIRECTION ( 'NONE',  ( 0.000000000000000000, 0.7793981968062534404, -0.6265288906468403640 ) ) ;
#4508 = ORIENTED_EDGE ( 'NONE', *, *, #4198, .F. ) ;
#4509 = DIRECTION ( 'NONE',  ( 0.000000000000000000, 1.000000000000000000, 0.000000000000000000 ) ) ;
#4510 = CARTESIAN_POINT ( 'NONE',  ( 0.04921259842519373068, -0.2244094488188976555, -0.1525590551181102150 ) ) ;
#4511 = ORIENTED_EDGE ( 'NONE', *, *, #3063, .T. ) ;
#4512 = ORIENTED_EDGE ( 'NONE', *, *, #3320, .F. ) ;
#4513 = CARTESIAN_POINT ( 'NONE',  ( 0.06102362204724409711, -0.1259842519685039353, -0.4212598425197152108 ) ) ;
#4514 = FACE_OUTER_BOUND ( 'NONE', #2731, .T. ) ;
#4515 = CARTESIAN_POINT ( 'NONE',  ( -2.294325463428971024E-17, -0.2066929133858267931, -0.4035433070866141780 ) ) ;
#4516 = ORIENTED_EDGE ( 'NONE', *, *, #5555, .F. ) ;
#4517 = LINE ( 'NONE', #717, #5284 ) ;
#4518 = EDGE_CURVE ( 'NONE', #6169, #1039, #4390, .T. ) ;
#4519 = VERTEX_POINT ( 'NONE', #40 ) ;
#4520 = CARTESIAN_POINT ( 'NONE',  ( 0.04921259842518674321, -0.2474539693459758549, -0.4094488188976377896 ) ) ;
#4521 = PLANE ( 'NONE',  #6010 ) ;
#4522 = CARTESIAN_POINT ( 'NONE',  ( 0.000000000000000000, -0.3641732283464567121, -0.4153543307086001724 ) ) ;
#4523 = FACE_OUTER_BOUND ( 'NONE', #6044, .T. ) ;
#4524 = EDGE_CURVE ( 'NONE', #4445, #2205, #3891, .T. ) ;
#4525 = ORIENTED_EDGE ( 'NONE', *, *, #192, .F. ) ;
#4526 = CARTESIAN_POINT ( 'NONE',  ( 0.04921259842519685318, -0.2165354330708593456, -0.1524606299212598604 ) ) ;
#4527 = DIRECTION ( 'NONE',  ( -1.000000000000000000, 0.000000000000000000, 0.000000000000000000 ) ) ;
#4528 = EDGE_CURVE ( 'NONE', #2616, #3943, #515, .T. ) ;
#4529 = CYLINDRICAL_SURFACE ( 'NONE', #244, 0.02362204724409451562 ) ;
#4530 = VERTEX_POINT ( 'NONE', #77 ) ;
#4531 = CARTESIAN_POINT ( 'NONE',  ( 0.02066929133858263698, -0.09842519685039370636, -0.3425196850393700809 ) ) ;
#4532 = CYLINDRICAL_SURFACE ( 'NONE', #1753, 0.1574803149606299191 ) ;
#4533 = ORIENTED_EDGE ( 'NONE', *, *, #3197, .F. ) ;
#4534 = EDGE_CURVE ( 'NONE', #4165, #1478, #1528, .T. ) ;
#4535 = EDGE_CURVE ( 'NONE', #5661, #2, #2005, .T. ) ;
#4536 = CARTESIAN_POINT ( 'NONE',  ( -0.1358267716535433434, -0.09055118110236221041, -0.2244094488188976555 ) ) ;
#4537 = VERTEX_POINT ( 'NONE', #3922 ) ;
#4538 = DIRECTION ( 'NONE',  ( -1.000000000000000000, 0.000000000000000000, 0.000000000000000000 ) ) ;
#4539 = CYLINDRICAL_SURFACE ( 'NONE', #266, 0.03543307086614173179 ) ;
#4540 = ORIENTED_EDGE ( 'NONE', *, *, #2681, .F. ) ;
#4541 = ORIENTED_EDGE ( 'NONE', *, *, #813, .F. ) ;
#4542 = CARTESIAN_POINT ( 'NONE',  ( 0.08573990089915219104, -0.05335737635838634640, -0.03958108129400825931 ) ) ;
#4543 = PLANE ( 'NONE',  #224 ) ;
#4544 = DIRECTION ( 'NONE',  ( -1.000000000000000000, 0.000000000000000000, 0.000000000000000000 ) ) ;
#4545 =( BOUNDED_CURVE ( )  B_SPLINE_CURVE ( 3, ( #5147, #1747, #4110, #2718 ),
 .UNSPECIFIED., .F., .T. ) 
 B_SPLINE_CURVE_WITH_KNOTS ( ( 4, 4 ),
 ( 0.01943650599905962645, 0.5020030792113479023 ),
 .UNSPECIFIED. ) 
 CURVE ( )  GEOMETRIC_REPRESENTATION_ITEM ( )  RATIONAL_B_SPLINE_CURVE ( ( 1.000000000000000000, 0.6819272963381921571, 0.5203883159666163882, 0.5153830588852725825 ) ) 
 REPRESENTATION_ITEM ( '' )  );
#4546 = VERTEX_POINT ( 'NONE', #3327 ) ;
#4547 = LINE ( 'NONE', #1661, #6097 ) ;
#4548 = ORIENTED_EDGE ( 'NONE', *, *, #5356, .F. ) ;
#4549 = AXIS2_PLACEMENT_3D ( 'NONE', #5158, #4590, #2203 ) ;
#4550 = LINE ( 'NONE', #4520, #1499 ) ;
#4551 = FACE_OUTER_BOUND ( 'NONE', #2911, .T. ) ;
#4552 = CARTESIAN_POINT ( 'NONE',  ( 0.1377952755905511584, -0.2165354330708660624, -0.1200787401574803376 ) ) ;
#4553 = VECTOR ( 'NONE', #4888, 39.37007874015748143 ) ;
#4554 = CARTESIAN_POINT ( 'NONE',  ( 0.03346416559050536393, 0.000000000000000000, -0.3425196850393700809 ) ) ;
#4555 = ORIENTED_EDGE ( 'NONE', *, *, #192, .T. ) ;
#4556 = DIRECTION ( 'NONE',  ( 0.000000000000000000, 0.000000000000000000, 1.000000000000000000 ) ) ;
#4557 = CARTESIAN_POINT ( 'NONE',  ( 0.1358267716535433156, -0.08267716535433072833, -0.2244094488188976555 ) ) ;
#4558 = VECTOR ( 'NONE', #1831, 39.37007874015748143 ) ;
#4559 = ADVANCED_FACE ( 'NONE', ( #1062 ), #3799, .T. ) ;
#4560 = CARTESIAN_POINT ( 'NONE',  ( 0.1830708661417495553, -0.3641732283464567121, -0.2933070866141732624 ) ) ;
#4561 = ORIENTED_EDGE ( 'NONE', *, *, #2088, .T. ) ;
#4562 = DIRECTION ( 'NONE',  ( -1.000000000000000000, -0.000000000000000000, -0.000000000000000000 ) ) ;
#4563 = LINE ( 'NONE', #5458, #2051 ) ;
#4564 = AXIS2_PLACEMENT_3D ( 'NONE', #2448, #2922, #5355 ) ;
#4565 = DIMENSIONAL_EXPONENTS ( 1.000000000000000000, 0.000000000000000000, 0.000000000000000000, 0.000000000000000000, 0.000000000000000000, 0.000000000000000000, 0.000000000000000000 ) ;
#4566 = CIRCLE ( 'NONE', #1559, 0.02559055118110236532 ) ;
#4567 = DIRECTION ( 'NONE',  ( 1.000000000000000000, 0.000000000000000000, 0.000000000000000000 ) ) ;
#4568 = ORIENTED_EDGE ( 'NONE', *, *, #2120, .F. ) ;
#4569 = LINE ( 'NONE', #3226, #5297 ) ;
#4570 = EDGE_CURVE ( 'NONE', #2717, #3820, #3393, .T. ) ;
#4571 = ORIENTED_EDGE ( 'NONE', *, *, #3847, .F. ) ;
#4572 = CIRCLE ( 'NONE', #3579, 0.03937007874015747977 ) ;
#4573 =( BOUNDED_CURVE ( )  B_SPLINE_CURVE ( 3, ( #698, #2612, #4058, #3560 ),
 .UNSPECIFIED., .F., .T. ) 
 B_SPLINE_CURVE_WITH_KNOTS ( ( 4, 4 ),
 ( 0.000000000000000000, 0.4988452214688924857 ),
 .UNSPECIFIED. ) 
 CURVE ( )  GEOMETRIC_REPRESENTATION_ITEM ( )  RATIONAL_B_SPLINE_CURVE ( ( 1.000000000000000000, 0.6695799253122978190, 0.5058497370938119797, 0.5088094353445423712 ) ) 
 REPRESENTATION_ITEM ( '' )  );
#4574 = CARTESIAN_POINT ( 'NONE',  ( 0.07874015748031495954, -0.03543307086614173179, -0.1200787401574803376 ) ) ;
#4575 = VECTOR ( 'NONE', #5972, 39.37007874015748143 ) ;
#4576 = VERTEX_POINT ( 'NONE', #8 ) ;
#4577 = VECTOR ( 'NONE', #144, 39.37007874015748143 ) ;
#4578 = DIRECTION ( 'NONE',  ( 0.000000000000000000, 0.000000000000000000, -1.000000000000000000 ) ) ;
#4579 = DIRECTION ( 'NONE',  ( 0.000000000000000000, 1.000000000000000000, 0.000000000000000000 ) ) ;
#4580 = CARTESIAN_POINT ( 'NONE',  ( 0.000000000000000000, -0.3641732283464567121, -0.4035433070866759619 ) ) ;
#4581 = ADVANCED_FACE ( 'NONE', ( #5314 ), #2912, .F. ) ;
#4582 = ORIENTED_EDGE ( 'NONE', *, *, #4688, .T. ) ;
#4583 = DIRECTION ( 'NONE',  ( 1.000000000000000000, 0.000000000000000000, 0.000000000000000000 ) ) ;
#4584 = ORIENTED_EDGE ( 'NONE', *, *, #1493, .F. ) ;
#4585 = VECTOR ( 'NONE', #473, 39.37007874015748143 ) ;
#4586 = CARTESIAN_POINT ( 'NONE',  ( -0.07992192120413386947, -0.4229213576527559026, -0.4153543307086614012 ) ) ;
#4587 = DIRECTION ( 'NONE',  ( -1.000000000000000000, 0.000000000000000000, 0.000000000000000000 ) ) ;
#4588 = AXIS2_PLACEMENT_3D ( 'NONE', #1351, #5829, #5289 ) ;
#4589 = VECTOR ( 'NONE', #6237, 39.37007874015748143 ) ;
#4590 = DIRECTION ( 'NONE',  ( 0.000000000000000000, 0.000000000000000000, -1.000000000000000000 ) ) ;
#4591 = CARTESIAN_POINT ( 'NONE',  ( -0.04921259842519685318, -0.3641732283464181874, -0.4094488188976377896 ) ) ;
#4592 = ORIENTED_EDGE ( 'NONE', *, *, #4378, .T. ) ;
#4593 = CARTESIAN_POINT ( 'NONE',  ( 0.000000000000000000, 0.000000000000000000, -0.3425196850393700809 ) ) ;
#4594 = DIRECTION ( 'NONE',  ( 0.000000000000000000, -1.000000000000000000, 8.673617379884035472E-16 ) ) ;
#4595 = CIRCLE ( 'NONE', #4295, 0.007874015748031551465 ) ;
#4596 = PLANE ( 'NONE',  #4806 ) ;
#4597 = DIRECTION ( 'NONE',  ( 0.000000000000000000, -1.000000000000000000, 8.673617379884035472E-16 ) ) ;
#4598 = VERTEX_POINT ( 'NONE', #4987 ) ;
#4599 = CARTESIAN_POINT ( 'NONE',  ( 0.000000000000000000, -0.2500000000000000000, -0.1909448818897637457 ) ) ;
#4600 = CIRCLE ( 'NONE', #1993, 0.01181102362204724046 ) ;
#4601 = LINE ( 'NONE', #4693, #5377 ) ;
#4602 = ADVANCED_FACE ( 'NONE', ( #4444 ), #4539, .F. ) ;
#4603 = AXIS2_PLACEMENT_3D ( 'NONE', #2092, #5436, #1231 ) ;
#4604 = DIRECTION ( 'NONE',  ( 0.000000000000000000, 0.000000000000000000, 1.000000000000000000 ) ) ;
#4605 = ORIENTED_EDGE ( 'NONE', *, *, #4948, .T. ) ;
#4606 = ORIENTED_EDGE ( 'NONE', *, *, #838, .T. ) ;
#4607 = LINE ( 'NONE', #5496, #1071 ) ;
#4608 = ADVANCED_FACE ( 'NONE', ( #3103 ), #2985, .F. ) ;
#4609 = DIRECTION ( 'NONE',  ( -0.000000000000000000, -1.000000000000000000, -0.000000000000000000 ) ) ;
#4610 = EDGE_CURVE ( 'NONE', #2602, #3534, #5439, .T. ) ;
#4611 = EDGE_LOOP ( 'NONE', ( #3244, #4426 ) ) ;
#4612 = VECTOR ( 'NONE', #2792, 39.37007874015748143 ) ;
#4613 = EDGE_CURVE ( 'NONE', #280, #5776, #4595, .T. ) ;
#4614 = DIRECTION ( 'NONE',  ( 0.000000000000000000, 1.000000000000000000, 0.000000000000000000 ) ) ;
#4615 = VECTOR ( 'NONE', #681, 39.37007874015748143 ) ;
#4616 = VERTEX_POINT ( 'NONE', #5946 ) ;
#4617 = CARTESIAN_POINT ( 'NONE',  ( 0.1043307086614173318, -0.2421259842519684902, -0.4212598425197252583 ) ) ;
#4618 = CARTESIAN_POINT ( 'NONE',  ( -0.001950541751447910921, -0.2056243172158096211, -0.4232283464566928832 ) ) ;
#4619 = ORIENTED_EDGE ( 'NONE', *, *, #3734, .T. ) ;
#4620 = FACE_OUTER_BOUND ( 'NONE', #1456, .T. ) ;
#4621 = ORIENTED_EDGE ( 'NONE', *, *, #3039, .F. ) ;
#4622 = EDGE_CURVE ( 'NONE', #5100, #5411, #1212, .T. ) ;
#4623 = EDGE_CURVE ( 'NONE', #5786, #789, #5048, .T. ) ;
#4624 = DIRECTION ( 'NONE',  ( -0.000000000000000000, -0.000000000000000000, -1.000000000000000000 ) ) ;
#4625 = DIRECTION ( 'NONE',  ( 0.000000000000000000, 0.000000000000000000, 1.000000000000000000 ) ) ;
#4626 = DIRECTION ( 'NONE',  ( -1.000000000000000000, 0.000000000000000000, 0.000000000000000000 ) ) ;
#4627 = EDGE_LOOP ( 'NONE', ( #1628, #1017, #1122, #4065, #4592 ) ) ;
#4628 = DIRECTION ( 'NONE',  ( -0.000000000000000000, 1.000000000000000000, 0.000000000000000000 ) ) ;
#4629 = DIRECTION ( 'NONE',  ( 0.000000000000000000, 0.000000000000000000, 1.000000000000000000 ) ) ;
#4630 = CYLINDRICAL_SURFACE ( 'NONE', #6198, 0.007874015748031551465 ) ;
#4631 = ORIENTED_EDGE ( 'NONE', *, *, #4109, .T. ) ;
#4632 = DIRECTION ( 'NONE',  ( 1.000000000000000000, 0.000000000000000000, 0.000000000000000000 ) ) ;
#4633 = CARTESIAN_POINT ( 'NONE',  ( -0.09251968503937006705, -0.2066929133858304568, -0.1523622047244094502 ) ) ;
#4634 = LINE ( 'NONE', #5494, #5893 ) ;
#4635 = ORIENTED_EDGE ( 'NONE', *, *, #5348, .T. ) ;
#4636 = CARTESIAN_POINT ( 'NONE',  ( -0.1377952755905511861, -0.2057086614173228578, -0.02755905511811023931 ) ) ;
#4637 = ORIENTED_EDGE ( 'NONE', *, *, #2694, .T. ) ;
#4638 = EDGE_CURVE ( 'NONE', #3917, #5065, #3605, .T. ) ;
#4639 = DIRECTION ( 'NONE',  ( 0.000000000000000000, -0.7071067811865472397, -0.7071067811865476838 ) ) ;
#4640 = ORIENTED_EDGE ( 'NONE', *, *, #3067, .F. ) ;
#4641 = DIRECTION ( 'NONE',  ( 1.000000000000000000, -1.224646799147353207E-16, 0.000000000000000000 ) ) ;
#4642 = DIRECTION ( 'NONE',  ( -0.7071025410021729574, 8.659508635072712388E-17, 0.7071110213454958604 ) ) ;
#4643 = DIRECTION ( 'NONE',  ( 0.000000000000000000, 0.000000000000000000, 1.000000000000000000 ) ) ;
#4644 = ORIENTED_EDGE ( 'NONE', *, *, #291, .F. ) ;
#4645 = PLANE ( 'NONE',  #3877 ) ;
#4646 = ADVANCED_FACE ( 'NONE', ( #735 ), #2651, .T. ) ;
#4647 = ORIENTED_EDGE ( 'NONE', *, *, #5247, .T. ) ;
#4648 = DIRECTION ( 'NONE',  ( 1.000000000000000000, 0.000000000000000000, -2.226070259445519978E-16 ) ) ;
#4649 = CARTESIAN_POINT ( 'NONE',  ( 0.02066929133858263698, -0.09842519685039370636, -0.3425196850393700809 ) ) ;
#4650 = DIRECTION ( 'NONE',  ( -1.000000000000000000, 0.000000000000000000, 0.000000000000000000 ) ) ;
#4651 = ORIENTED_EDGE ( 'NONE', *, *, #1457, .T. ) ;
#4652 = CARTESIAN_POINT ( 'NONE',  ( 0.01771653543307086590, 2.169649841009090725E-18, -0.3681102362204724532 ) ) ;
#4653 = EDGE_CURVE ( 'NONE', #3391, #5100, #1287, .T. ) ;
#4654 = ORIENTED_EDGE ( 'NONE', *, *, #5038, .T. ) ;
#4655 = AXIS2_PLACEMENT_3D ( 'NONE', #145, #1076, #5928 ) ;
#4656 = CARTESIAN_POINT ( 'NONE',  ( 0.07874015748031495954, -8.143481921662376048E-15, -0.3031496062992095619 ) ) ;
#4657 = CARTESIAN_POINT ( 'NONE',  ( 0.1842519685039370192, -0.2640970822944488372, -0.3425196850393700809 ) ) ;
#4658 = ORIENTED_EDGE ( 'NONE', *, *, #2715, .T. ) ;
#4659 = DIRECTION ( 'NONE',  ( -0.000000000000000000, -1.000000000000000000, -0.000000000000000000 ) ) ;
#4660 = DIRECTION ( 'NONE',  ( 0.000000000000000000, 0.000000000000000000, -1.000000000000000000 ) ) ;
#4661 = VECTOR ( 'NONE', #740, 39.37007874015748143 ) ;
#4662 = CARTESIAN_POINT ( 'NONE',  ( -0.06102362204724409711, -0.1259842519685008544, -0.4035433070865839245 ) ) ;
#4663 = AXIS2_PLACEMENT_3D ( 'NONE', #4723, #1303, #5647 ) ;
#4664 = ORIENTED_EDGE ( 'NONE', *, *, #3761, .T. ) ;
#4665 = EDGE_LOOP ( 'NONE', ( #6046, #5021 ) ) ;
#4666 = VECTOR ( 'NONE', #3307, 39.37007874015748143 ) ;
#4667 = DIRECTION ( 'NONE',  ( 0.000000000000000000, 1.000000000000000000, 0.000000000000000000 ) ) ;
#4668 = ORIENTED_EDGE ( 'NONE', *, *, #4310, .T. ) ;
#4669 = VECTOR ( 'NONE', #314, 39.37007874015748143 ) ;
#4670 = LINE ( 'NONE', #356, #4095 ) ;
#4671 = ORIENTED_EDGE ( 'NONE', *, *, #4528, .F. ) ;
#4672 = CARTESIAN_POINT ( 'NONE',  ( -0.1161417322834645827, -0.05111624972490156488, -0.3425196850393700809 ) ) ;
#4673 = VERTEX_POINT ( 'NONE', #5532 ) ;
#4674 = EDGE_CURVE ( 'NONE', #1345, #5012, #3946, .T. ) ;
#4675 = AXIS2_PLACEMENT_3D ( 'NONE', #4371, #1014, #2015 ) ;
#4676 = EDGE_CURVE ( 'NONE', #1836, #707, #2125, .T. ) ;
#4677 = DIRECTION ( 'NONE',  ( -1.000000000000000000, 0.000000000000000000, 0.000000000000000000 ) ) ;
#4678 = SURFACE_STYLE_USAGE ( .BOTH. , #2264 ) ;
#4679 = DIRECTION ( 'NONE',  ( 1.000000000000000000, 0.000000000000000000, 0.000000000000000000 ) ) ;
#4680 = CARTESIAN_POINT ( 'NONE',  ( -0.0006010932246808556529, -0.02952755905395270525, -0.4232283464566928832 ) ) ;
#4681 = ORIENTED_EDGE ( 'NONE', *, *, #341, .F. ) ;
#4682 = PRESENTATION_LAYER_ASSIGNMENT (  '', '', ( #1170 ) ) ;
#4683 = CARTESIAN_POINT ( 'NONE',  ( 0.000000000000000000, -0.2559055118110012961, -0.3425196850393700809 ) ) ;
#4684 = DIRECTION ( 'NONE',  ( 0.000000000000000000, 1.000000000000000000, 0.000000000000000000 ) ) ;
#4685 = AXIS2_PLACEMENT_3D ( 'NONE', #657, #5990, #2575 ) ;
#4686 = ORIENTED_EDGE ( 'NONE', *, *, #4480, .T. ) ;
#4687 = AXIS2_PLACEMENT_3D ( 'NONE', #24, #3499, #1449 ) ;
#4688 = EDGE_CURVE ( 'NONE', #3943, #160, #1161, .T. ) ;
#4689 = DIRECTION ( 'NONE',  ( 0.7071067811865472397, 0.7071067811865479058, 0.000000000000000000 ) ) ;
#4690 = DIRECTION ( 'NONE',  ( 0.000000000000000000, 0.000000000000000000, 1.000000000000000000 ) ) ;
#4691 = VERTEX_POINT ( 'NONE', #1092 ) ;
#4692 = CARTESIAN_POINT ( 'NONE',  ( -0.02559055118110236879, 3.133938659235353569E-18, -0.3503933938777271662 ) ) ;
#4693 = CARTESIAN_POINT ( 'NONE',  ( -0.1653543307086614567, -0.03937007874015747977, 0.1299212598425196763 ) ) ;
#4694 = VECTOR ( 'NONE', #3213, 39.37007874015748143 ) ;
#4695 = EDGE_CURVE ( 'NONE', #3104, #1345, #5310, .T. ) ;
#4696 = DIRECTION ( 'NONE',  ( -1.000000000000000000, 0.000000000000000000, 0.000000000000000000 ) ) ;
#4697 = CIRCLE ( 'NONE', #5513, 0.02559055118110236532 ) ;
#4698 = EDGE_LOOP ( 'NONE', ( #1150, #4561, #6146, #5056 ) ) ;
#4699 = PLANE ( 'NONE',  #2572 ) ;
#4700 = VERTEX_POINT ( 'NONE', #2531 ) ;
#4701 = AXIS2_PLACEMENT_3D ( 'NONE', #1228, #2268, #6087 ) ;
#4702 = CARTESIAN_POINT ( 'NONE',  ( 0.000000000000000000, -0.2499999999999992506, -0.4035433070866141780 ) ) ;
#4703 = ORIENTED_EDGE ( 'NONE', *, *, #4847, .T. ) ;
#4704 = VECTOR ( 'NONE', #5179, 39.37007874015748143 ) ;
#4705 = DIRECTION ( 'NONE',  ( 1.000000000000000000, 0.000000000000000000, 0.000000000000000000 ) ) ;
#4706 = PLANE ( 'NONE',  #2483 ) ;
#4707 = ORIENTED_EDGE ( 'NONE', *, *, #4032, .T. ) ;
#4708 = ORIENTED_EDGE ( 'NONE', *, *, #4800, .T. ) ;
#4709 = AXIS2_PLACEMENT_3D ( 'NONE', #5955, #3117, #3646 ) ;
#4710 = CARTESIAN_POINT ( 'NONE',  ( -0.07874015748031494566, -0.03543307086607926787, -0.3425196850393700809 ) ) ;
#4711 = DIRECTION ( 'NONE',  ( 0.000000000000000000, 0.000000000000000000, 1.000000000000000000 ) ) ;
#4712 = CYLINDRICAL_SURFACE ( 'NONE', #1639, 0.07874015748031495954 ) ;
#4713 = DIRECTION ( 'NONE',  ( -0.000000000000000000, -1.000000000000000000, -0.000000000000000000 ) ) ;
#4714 = VECTOR ( 'NONE', #2946, 39.37007874015748143 ) ;
#4715 = VERTEX_POINT ( 'NONE', #2095 ) ;
#4716 = DIRECTION ( 'NONE',  ( 0.000000000000000000, 0.000000000000000000, 1.000000000000000000 ) ) ;
#4717 = EDGE_LOOP ( 'NONE', ( #636, #1739, #4168, #6160 ) ) ;
#4718 = DIRECTION ( 'NONE',  ( -0.7071067811865479058, -0.7071067811865472397, -0.000000000000000000 ) ) ;
#4719 = EDGE_CURVE ( 'NONE', #2546, #996, #4697, .T. ) ;
#4720 = DIRECTION ( 'NONE',  ( -1.000000000000000000, 0.000000000000000000, 0.000000000000000000 ) ) ;
#4721 = ORIENTED_EDGE ( 'NONE', *, *, #1258, .T. ) ;
#4722 = DIRECTION ( 'NONE',  ( 0.000000000000000000, -0.02025009904801744129, -0.9997949457206439794 ) ) ;
#4723 = CARTESIAN_POINT ( 'NONE',  ( 0.04921259842519373068, -0.2244094488188976555, -0.1525590551181102150 ) ) ;
#4724 = CARTESIAN_POINT ( 'NONE',  ( 0.02066929133858268902, -0.08267716535433072833, -0.2244094488188976277 ) ) ;
#4725 = ADVANCED_FACE ( 'NONE', ( #3543 ), #6011, .F. ) ;
#4726 = CARTESIAN_POINT ( 'NONE',  ( 0.09251968503937006705, -0.2116141732283464416, -0.1523622047244094502 ) ) ;
#4727 = ORIENTED_EDGE ( 'NONE', *, *, #1727, .F. ) ;
#4728 =( CONVERSION_BASED_UNIT ( 'INCH', #3385 ) LENGTH_UNIT ( ) NAMED_UNIT ( #3002 ) );
#4729 = VERTEX_POINT ( 'NONE', #3981 ) ;
#4730 = EDGE_CURVE ( 'NONE', #4919, #2006, #2561, .T. ) ;
#4731 = EDGE_CURVE ( 'NONE', #4878, #4856, #475, .T. ) ;
#4732 = DIRECTION ( 'NONE',  ( 0.000000000000000000, 0.000000000000000000, 1.000000000000000000 ) ) ;
#4733 = ORIENTED_EDGE ( 'NONE', *, *, #36, .T. ) ;
#4734 = CARTESIAN_POINT ( 'NONE',  ( 0.000000000000000000, -0.3641732283464567121, -0.1604330708661496352 ) ) ;
#4735 = CARTESIAN_POINT ( 'NONE',  ( 0.07086614173228347746, -0.2066929133858341205, -0.1307086614173228190 ) ) ;
#4736 = PLANE ( 'NONE',  #5917 ) ;
#4737 = ORIENTED_EDGE ( 'NONE', *, *, #184, .F. ) ;
#4738 = ORIENTED_EDGE ( 'NONE', *, *, #3870, .T. ) ;
#4739 = DIRECTION ( 'NONE',  ( -4.047688110612544628E-14, 0.7071067811865533459, 0.7071067811865417996 ) ) ;
#4740 = SURFACE_STYLE_FILL_AREA ( #5096 ) ;
#4741 = CARTESIAN_POINT ( 'NONE',  ( -0.06102362204724410405, -0.1259842519685039353, -0.4212598425197152108 ) ) ;
#4742 = CARTESIAN_POINT ( 'NONE',  ( 0.000000000000000000, -0.3405511811023622104, -0.1604330708661496074 ) ) ;
#4743 = VERTEX_POINT ( 'NONE', #3414 ) ;
#4744 = DIRECTION ( 'NONE',  ( 0.000000000000000000, 0.000000000000000000, -1.000000000000000000 ) ) ;
#4745 = CARTESIAN_POINT ( 'NONE',  ( -0.05314960629921933882, -0.2404379814152417805, -0.4153543307086012271 ) ) ;
#4746 = ORIENTED_EDGE ( 'NONE', *, *, #1428, .F. ) ;
#4747 = DIRECTION ( 'NONE',  ( 0.000000000000000000, 0.000000000000000000, 1.000000000000000000 ) ) ;
#4748 = DIRECTION ( 'NONE',  ( -1.000000000000000000, 0.000000000000000000, 0.000000000000000000 ) ) ;
#4749 = ORIENTED_EDGE ( 'NONE', *, *, #3451, .F. ) ;
#4750 = FACE_OUTER_BOUND ( 'NONE', #3148, .T. ) ;
#4751 = ORIENTED_EDGE ( 'NONE', *, *, #805, .T. ) ;
#4752 = CARTESIAN_POINT ( 'NONE',  ( -0.09738268590998602758, -0.1364897199484855495, 0.08166329708693120804 ) ) ;
#4753 = LINE ( 'NONE', #1452, #1552 ) ;
#4754 = EDGE_CURVE ( 'NONE', #4311, #2769, #3909, .T. ) ;
#4755 = VECTOR ( 'NONE', #1225, 39.37007874015748143 ) ;
#4756 = CARTESIAN_POINT ( 'NONE',  ( -0.06003937007874015491, -0.2567843029707480573, -0.1296850393700787474 ) ) ;
#4757 = EDGE_CURVE ( 'NONE', #1956, #118, #1421, .T. ) ;
#4758 = ORIENTED_EDGE ( 'NONE', *, *, #5521, .F. ) ;
#4759 = CARTESIAN_POINT ( 'NONE',  ( -0.1574803149606299191, -0.003937007873963762651, -0.3425196850393592007 ) ) ;
#4760 = PRESENTATION_LAYER_ASSIGNMENT (  '', '', ( #5574 ) ) ;
#4761 = ORIENTED_EDGE ( 'NONE', *, *, #2034, .F. ) ;
#4762 =( GEOMETRIC_REPRESENTATION_CONTEXT ( 3 ) GLOBAL_UNCERTAINTY_ASSIGNED_CONTEXT ( ( #5244 ) ) GLOBAL_UNIT_ASSIGNED_CONTEXT ( ( #2249, #2687, #6222 ) ) REPRESENTATION_CONTEXT ( 'NONE', 'WORKASPACE' ) );
#4763 = DIRECTION ( 'NONE',  ( 1.000000000000000000, 0.000000000000000000, -0.000000000000000000 ) ) ;
#4764 = VERTEX_POINT ( 'NONE', #4752 ) ;
#4765 = EDGE_CURVE ( 'NONE', #2366, #194, #921, .T. ) ;
#4766 = DIRECTION ( 'NONE',  ( 0.000000000000000000, 1.000000000000000000, 1.445602896647339706E-15 ) ) ;
#4767 = ORIENTED_EDGE ( 'NONE', *, *, #184, .T. ) ;
#4768 = AXIS2_PLACEMENT_3D ( 'NONE', #5550, #6030, #208 ) ;
#4769 = VERTEX_POINT ( 'NONE', #1899 ) ;
#4770 = AXIS2_PLACEMENT_3D ( 'NONE', #4049, #4583, #5985 ) ;
#4771 = CYLINDRICAL_SURFACE ( 'NONE', #3319, 0.04921259842519683236 ) ;
#4772 = ADVANCED_FACE ( 'NONE', ( #5302 ), #1518, .F. ) ;
#4773 = CYLINDRICAL_SURFACE ( 'NONE', #1143, 0.03543307086614173873 ) ;
#4774 = CARTESIAN_POINT ( 'NONE',  ( -0.03543307086614173873, 0.000000000000000000, -0.4232283464565751996 ) ) ;
#4775 = EDGE_LOOP ( 'NONE', ( #1810, #3893, #4215, #336 ) ) ;
#4776 = PLANE ( 'NONE',  #4465 ) ;
#4777 = VERTEX_POINT ( 'NONE', #3787 ) ;
#4778 = VECTOR ( 'NONE', #2963, 39.37007874015748143 ) ;
#4779 =( BOUNDED_CURVE ( )  B_SPLINE_CURVE ( 3, ( #1082, #4434, #4885, #1583 ),
 .UNSPECIFIED., .F., .F. ) 
 B_SPLINE_CURVE_WITH_KNOTS ( ( 4, 4 ),
 ( 0.6770916196912193374, 2.167006463237607150 ),
 .UNSPECIFIED. ) 
 CURVE ( )  GEOMETRIC_REPRESENTATION_ITEM ( )  RATIONAL_B_SPLINE_CURVE ( ( 1.000000000000000000, 0.8234111790350159277, 0.8234111790350159277, 1.000000000000000000 ) ) 
 REPRESENTATION_ITEM ( '' )  );
#4780 = PLANE ( 'NONE',  #994 ) ;
#4781 = CARTESIAN_POINT ( 'NONE',  ( -0.1161417322834645549, -0.1948818897637795144, -0.1200787401574803376 ) ) ;
#4782 = CIRCLE ( 'NONE', #3387, 0.01181102362204724046 ) ;
#4783 = VECTOR ( 'NONE', #3805, 39.37007874015748143 ) ;
#4784 = ORIENTED_EDGE ( 'NONE', *, *, #4002, .T. ) ;
#4785 = LINE ( 'NONE', #342, #3484 ) ;
#4786 = ORIENTED_EDGE ( 'NONE', *, *, #2814, .T. ) ;
#4787 = CARTESIAN_POINT ( 'NONE',  ( 0.000000000000000000, 0.000000000000000000, -0.4035433070866759619 ) ) ;
#4788 = DIRECTION ( 'NONE',  ( 0.000000000000000000, 0.000000000000000000, 1.000000000000000000 ) ) ;
#4789 = AXIS2_PLACEMENT_3D ( 'NONE', #3411, #1926, #1077 ) ;
#4790 = CIRCLE ( 'NONE', #5200, 0.02559055118110236879 ) ;
#4791 = LINE ( 'NONE', #2313, #4074 ) ;
#4792 = EDGE_LOOP ( 'NONE', ( #833, #5409 ) ) ;
#4793 = CARTESIAN_POINT ( 'NONE',  ( -0.06102362204724410405, -0.1236614173228346575, -0.4028705313925196596 ) ) ;
#4794 = VECTOR ( 'NONE', #3403, 39.37007874015748143 ) ;
#4795 = EDGE_CURVE ( 'NONE', #5939, #633, #5009, .T. ) ;
#4796 = VERTEX_POINT ( 'NONE', #408 ) ;
#4797 = AXIS2_PLACEMENT_3D ( 'NONE', #162, #2624, #4478 ) ;
#4798 = CARTESIAN_POINT ( 'NONE',  ( -0.09842519685039370636, -0.09448818897636450387, -0.2440944881889671181 ) ) ;
#4799 = ORIENTED_EDGE ( 'NONE', *, *, #630, .T. ) ;
#4800 = EDGE_CURVE ( 'NONE', #6077, #2216, #3902, .T. ) ;
#4801 = FACE_OUTER_BOUND ( 'NONE', #5185, .T. ) ;
#4802 = EDGE_LOOP ( 'NONE', ( #3030, #3236 ) ) ;
#4803 = COLOUR_RGB ( '',0.7921568627450980005, 0.8196078431372548767, 0.9333333333333333481 ) ;
#4804 = ORIENTED_EDGE ( 'NONE', *, *, #972, .T. ) ;
#4805 = ADVANCED_FACE ( 'NONE', ( #1396, #6187 ), #1862, .T. ) ;
#4806 = AXIS2_PLACEMENT_3D ( 'NONE', #1117, #1555, #2970 ) ;
#4807 = DIRECTION ( 'NONE',  ( -0.000000000000000000, -0.000000000000000000, -1.000000000000000000 ) ) ;
#4808 = LINE ( 'NONE', #2850, #5903 ) ;
#4809 = LINE ( 'NONE', #908, #3652 ) ;
#4810 = DIRECTION ( 'NONE',  ( 1.000000000000000000, 0.000000000000000000, 0.000000000000000000 ) ) ;
#4811 = ORIENTED_EDGE ( 'NONE', *, *, #3239, .F. ) ;
#4812 = CARTESIAN_POINT ( 'NONE',  ( 0.06003937007874014797, -0.2559055118110236671, -0.1574803149606299191 ) ) ;
#4813 = CARTESIAN_POINT ( 'NONE',  ( -0.03346416559050536393, 4.098178327654938755E-18, -0.3425196850393700809 ) ) ;
#4814 = ORIENTED_EDGE ( 'NONE', *, *, #1263, .F. ) ;
#4815 = AXIS2_PLACEMENT_3D ( 'NONE', #5605, #422, #1757 ) ;
#4816 = EDGE_CURVE ( 'NONE', #2378, #5993, #4346, .T. ) ;
#4817 = ADVANCED_FACE ( 'NONE', ( #2430 ), #508, .F. ) ;
#4818 = LINE ( 'NONE', #566, #4111 ) ;
#4819 = CARTESIAN_POINT ( 'NONE',  ( -0.09369943792498278134, -0.2066929133858226575, 0.04330708661417324162 ) ) ;
#4820 = CIRCLE ( 'NONE', #3005, 0.03543307086614173873 ) ;
#4821 = CARTESIAN_POINT ( 'NONE',  ( -0.1771653543307086798, -0.2440944881889764717, -0.1122047244094488139 ) ) ;
#4822 = DIRECTION ( 'NONE',  ( 0.000000000000000000, 0.000000000000000000, -1.000000000000000000 ) ) ;
#4823 = ORIENTED_EDGE ( 'NONE', *, *, #5897, .T. ) ;
#4824 = CARTESIAN_POINT ( 'NONE',  ( -0.1338582677165354173, -0.09506547360177164396, -0.3448818897637795367 ) ) ;
#4825 = DIRECTION ( 'NONE',  ( -1.000000000000000000, -0.000000000000000000, -0.000000000000000000 ) ) ;
#4826 =( BOUNDED_CURVE ( )  B_SPLINE_CURVE ( 3, ( #1374, #2255, #5659, #2697 ),
 .UNSPECIFIED., .F., .F. ) 
 B_SPLINE_CURVE_WITH_KNOTS ( ( 4, 4 ),
 ( 3.141592653589793116, 4.712388980384689674 ),
 .UNSPECIFIED. ) 
 CURVE ( )  GEOMETRIC_REPRESENTATION_ITEM ( )  RATIONAL_B_SPLINE_CURVE ( ( 1.000000000000000000, 0.8047378541243649375, 0.8047378541243649375, 1.000000000000000000 ) ) 
 REPRESENTATION_ITEM ( '' )  );
#4827 = LINE ( 'NONE', #2405, #1765 ) ;
#4828 = VERTEX_POINT ( 'NONE', #26 ) ;
#4829 = DIRECTION ( 'NONE',  ( 0.000000000000000000, 0.000000000000000000, -1.000000000000000000 ) ) ;
#4830 = VERTEX_POINT ( 'NONE', #1928 ) ;
#4831 = DIRECTION ( 'NONE',  ( 0.000000000000000000, 0.000000000000000000, 1.000000000000000000 ) ) ;
#4832 = VERTEX_POINT ( 'NONE', #3377 ) ;
#4833 = VERTEX_POINT ( 'NONE', #1957 ) ;
#4834 = VERTEX_POINT ( 'NONE', #2863 ) ;
#4835 = ADVANCED_FACE ( 'NONE', ( #2402 ), #1485, .T. ) ;
#4836 = VERTEX_POINT ( 'NONE', #5771 ) ;
#4837 = DIRECTION ( 'NONE',  ( 0.000000000000000000, 0.000000000000000000, 1.000000000000000000 ) ) ;
#4838 = DIRECTION ( 'NONE',  ( 0.000000000000000000, 0.000000000000000000, -1.000000000000000000 ) ) ;
#4839 = EDGE_CURVE ( 'NONE', #1345, #2316, #1451, .T. ) ;
#4840 = CARTESIAN_POINT ( 'NONE',  ( 0.1003937007874015491, -0.08267716535434417591, -0.2244094488189068981 ) ) ;
#4841 = CARTESIAN_POINT ( 'NONE',  ( 0.1161417322834645549, -0.2165354330708661457, -0.1200787401574803376 ) ) ;
#4842 = ORIENTED_EDGE ( 'NONE', *, *, #3434, .F. ) ;
#4843 = CARTESIAN_POINT ( 'NONE',  ( 0.000000000000000000, 0.000000000000000000, -0.2677165354330709457 ) ) ;
#4844 = CARTESIAN_POINT ( 'NONE',  ( -0.05886608775321266335, -0.1097804830027100248, -0.3194366971602751737 ) ) ;
#4845 = ORIENTED_EDGE ( 'NONE', *, *, #2338, .T. ) ;
#4846 = ADVANCED_FACE ( 'NONE', ( #2901 ), #2930, .T. ) ;
#4847 = EDGE_CURVE ( 'NONE', #4195, #4895, #5484, .T. ) ;
#4848 = VERTEX_POINT ( 'NONE', #181 ) ;
#4849 = DIRECTION ( 'NONE',  ( -1.000000000000000000, 0.000000000000000000, 0.000000000000000000 ) ) ;
#4850 = CARTESIAN_POINT ( 'NONE',  ( -0.03543307086614173873, 0.000000000000000000, -0.4153543307087793068 ) ) ;
#4851 = FACE_OUTER_BOUND ( 'NONE', #2831, .T. ) ;
#4852 = ORIENTED_EDGE ( 'NONE', *, *, #1222, .F. ) ;
#4853 = CARTESIAN_POINT ( 'NONE',  ( 0.1161417322834645549, -0.2165354330708661734, 0.1023622047244094752 ) ) ;
#4854 = EDGE_CURVE ( 'NONE', #1039, #4311, #2611, .T. ) ;
#4855 = SURFACE_SIDE_STYLE ('',( #1024 ) ) ;
#4856 = VERTEX_POINT ( 'NONE', #1578 ) ;
#4857 = VECTOR ( 'NONE', #1154, 39.37007874015748143 ) ;
#4858 = CARTESIAN_POINT ( 'NONE',  ( 0.000000000000000000, 0.000000000000000000, -0.4035433070866754623 ) ) ;
#4859 = ORIENTED_EDGE ( 'NONE', *, *, #4109, .F. ) ;
#4860 = CARTESIAN_POINT ( 'NONE',  ( 0.1751968503937007815, -0.1023622047244094613, -0.2440944881889794971 ) ) ;
#4861 = EDGE_LOOP ( 'NONE', ( #4358, #1662, #3578, #2847 ) ) ;
#4862 = CIRCLE ( 'NONE', #3266, 0.02165354330708663816 ) ;
#4863 = PLANE ( 'NONE',  #283 ) ;
#4864 = CARTESIAN_POINT ( 'NONE',  ( -0.09842519685040054811, -0.2165354330708627317, 0.04330708661417323468 ) ) ;
#4865 = AXIS2_PLACEMENT_3D ( 'NONE', #4935, #3900, #3956 ) ;
#4866 = LINE ( 'NONE', #560, #2882 ) ;
#4867 = ADVANCED_FACE ( 'NONE', ( #4463 ), #3601, .F. ) ;
#4868 = ORIENTED_EDGE ( 'NONE', *, *, #964, .T. ) ;
#4869 = PLANE ( 'NONE',  #5587 ) ;
#4870 = VERTEX_POINT ( 'NONE', #5961 ) ;
#4871 = AXIS2_PLACEMENT_3D ( 'NONE', #3539, #5460, #4507 ) ;
#4872 = EDGE_CURVE ( 'NONE', #4796, #5466, #2112, .T. ) ;
#4873 = CARTESIAN_POINT ( 'NONE',  ( 0.1673228346456692994, -0.003937007874015747977, 0.000000000000000000 ) ) ;
#4874 = DIRECTION ( 'NONE',  ( 0.000000000000000000, 0.000000000000000000, -1.000000000000000000 ) ) ;
#4875 = CARTESIAN_POINT ( 'NONE',  ( 0.1673228346456692994, -0.003937007874015747977, -0.3425196850393699699 ) ) ;
#4876 = PLANE ( 'NONE',  #5909 ) ;
#4877 = EDGE_CURVE ( 'NONE', #2138, #280, #2547, .T. ) ;
#4878 = VERTEX_POINT ( 'NONE', #5005 ) ;
#4879 = CARTESIAN_POINT ( 'NONE',  ( -0.03070866141732283769, -0.05118110236220473064, -0.2541732283464567255 ) ) ;
#4880 = DIRECTION ( 'NONE',  ( 1.000000000000000000, 0.000000000000000000, 0.000000000000000000 ) ) ;
#4881 = AXIS2_PLACEMENT_3D ( 'NONE', #4256, #3224, #4200 ) ;
#4882 = ADVANCED_FACE ( 'NONE', ( #3022 ), #4057, .F. ) ;
#4883 =( GEOMETRIC_REPRESENTATION_CONTEXT ( 3 ) GLOBAL_UNCERTAINTY_ASSIGNED_CONTEXT ( ( #1022 ) ) GLOBAL_UNIT_ASSIGNED_CONTEXT ( ( #2686, #3132, #6101 ) ) REPRESENTATION_CONTEXT ( 'NONE', 'WORKASPACE' ) );
#4884 = VECTOR ( 'NONE', #3533, 39.37007874015748143 ) ;
#4885 = CARTESIAN_POINT ( 'NONE',  ( -0.08718386040798246917, -0.03125876984899797484, -0.02454413155283069470 ) ) ;
#4886 = ORIENTED_EDGE ( 'NONE', *, *, #5968, .F. ) ;
#4887 = FACE_OUTER_BOUND ( 'NONE', #2669, .T. ) ;
#4888 = DIRECTION ( 'NONE',  ( 0.000000000000000000, 0.000000000000000000, -1.000000000000000000 ) ) ;
#4889 = ORIENTED_EDGE ( 'NONE', *, *, #5555, .T. ) ;
#4890 = VECTOR ( 'NONE', #5266, 39.37007874015748143 ) ;
#4891 = VECTOR ( 'NONE', #4909, 39.37007874015748143 ) ;
#4892 = EDGE_CURVE ( 'NONE', #5858, #3164, #2992, .T. ) ;
#4893 = CARTESIAN_POINT ( 'NONE',  ( -0.02952757182286347773, 0.000000000000000000, -0.4232283464566928277 ) ) ;
#4894 = VECTOR ( 'NONE', #620, 39.37007874015748143 ) ;
#4895 = VERTEX_POINT ( 'NONE', #148 ) ;
#4896 = DIRECTION ( 'NONE',  ( -1.224646799147368245E-16, 1.000000000000000000, -2.291316159375535368E-16 ) ) ;
#4897 = ORIENTED_EDGE ( 'NONE', *, *, #3903, .F. ) ;
#4898 = AXIS2_PLACEMENT_3D ( 'NONE', #4299, #6232, #1910 ) ;
#4899 = ORIENTED_EDGE ( 'NONE', *, *, #4443, .T. ) ;
#4900 = CARTESIAN_POINT ( 'NONE',  ( -0.06102362204724410405, -0.2421259842519685457, -0.4212598425197051633 ) ) ;
#4901 = VECTOR ( 'NONE', #4335, 39.37007874015748143 ) ;
#4902 = DIRECTION ( 'NONE',  ( -0.000000000000000000, 1.000000000000000000, 0.000000000000000000 ) ) ;
#4903 = CARTESIAN_POINT ( 'NONE',  ( -0.1780441454904330700, -0.003937007874015747977, 0.006850393700787403561 ) ) ;
#4904 = VERTEX_POINT ( 'NONE', #2082 ) ;
#4905 = LINE ( 'NONE', #4399, #3568 ) ;
#4906 = EDGE_LOOP ( 'NONE', ( #2081, #2828, #3273 ) ) ;
#4907 = CIRCLE ( 'NONE', #276, 0.1555118110236220208 ) ;
#4908 = CARTESIAN_POINT ( 'NONE',  ( -0.04921259842519681155, -0.2244094488188976555, -0.1604330708661451388 ) ) ;
#4909 = DIRECTION ( 'NONE',  ( 0.000000000000000000, 0.000000000000000000, -1.000000000000000000 ) ) ;
#4910 = LINE ( 'NONE', #4875, #3045 ) ;
#4911 = DIRECTION ( 'NONE',  ( 1.000000000000000000, 0.000000000000000000, 0.000000000000000000 ) ) ;
#4912 = VECTOR ( 'NONE', #4624, 39.37007874015748143 ) ;
#4913 = VERTEX_POINT ( 'NONE', #3999 ) ;
#4914 = CARTESIAN_POINT ( 'NONE',  ( 0.1476377952755905387, -0.1259842519685039353, -0.4124015748031495399 ) ) ;
#4915 = CARTESIAN_POINT ( 'NONE',  ( 0.000000000000000000, 0.000000000000000000, -0.4153543307085997838 ) ) ;
#4916 = ADVANCED_FACE ( 'NONE', ( #5932 ), #3149, .F. ) ;
#4917 = AXIS2_PLACEMENT_3D ( 'NONE', #328, #3771, #3711 ) ;
#4918 = DIRECTION ( 'NONE',  ( 0.000000000000000000, -1.000000000000000000, 1.334402673828313043E-15 ) ) ;
#4919 = VERTEX_POINT ( 'NONE', #3745 ) ;
#4920 = DIRECTION ( 'NONE',  ( 0.000000000000000000, 0.000000000000000000, 1.000000000000000000 ) ) ;
#4921 = CARTESIAN_POINT ( 'NONE',  ( -0.02559055118110236532, 0.000000000000000000, -7.785766781943149877E-15 ) ) ;
#4922 = ADVANCED_FACE ( 'NONE', ( #819 ), #752, .T. ) ;
#4923 = ORIENTED_EDGE ( 'NONE', *, *, #630, .F. ) ;
#4924 = VECTOR ( 'NONE', #4448, 39.37007874015748143 ) ;
#4925 = CARTESIAN_POINT ( 'NONE',  ( 0.07874015748031495954, 0.04035433070866142891, -0.3031496062992126150 ) ) ;
#4926 = EDGE_LOOP ( 'NONE', ( #3971, #2981, #4284, #6184 ) ) ;
#4927 = ADVANCED_FACE ( 'NONE', ( #2732 ), #890, .F. ) ;
#4928 = DIRECTION ( 'NONE',  ( 0.000000000000000000, 0.000000000000000000, 1.000000000000000000 ) ) ;
#4929 = EDGE_CURVE ( 'NONE', #2652, #5264, #4124, .T. ) ;
#4930 = EDGE_LOOP ( 'NONE', ( #6079, #5854, #2661, #3465 ) ) ;
#4931 = DIRECTION ( 'NONE',  ( 0.000000000000000000, 0.000000000000000000, 1.000000000000000000 ) ) ;
#4932 = DIRECTION ( 'NONE',  ( 0.000000000000000000, 0.000000000000000000, -1.000000000000000000 ) ) ;
#4933 = FACE_OUTER_BOUND ( 'NONE', #5616, .T. ) ;
#4934 = ORIENTED_EDGE ( 'NONE', *, *, #1191, .F. ) ;
#4935 = CARTESIAN_POINT ( 'NONE',  ( -0.1653543307086614567, -0.2440944881889764162, -0.3425196850393696368 ) ) ;
#4936 = ORIENTED_EDGE ( 'NONE', *, *, #813, .T. ) ;
#4937 = CARTESIAN_POINT ( 'NONE',  ( -0.07874015748031495954, 0.000000000000000000, -0.3031496062992095619 ) ) ;
#4938 = FACE_OUTER_BOUND ( 'NONE', #2787, .T. ) ;
#4939 = FACE_OUTER_BOUND ( 'NONE', #5723, .T. ) ;
#4940 = CARTESIAN_POINT ( 'NONE',  ( 0.000000000000000000, 0.000000000000000000, -0.3425196850393765757 ) ) ;
#4941 = ORIENTED_EDGE ( 'NONE', *, *, #1355, .T. ) ;
#4942 = DIRECTION ( 'NONE',  ( 0.000000000000000000, 0.000000000000000000, 1.000000000000000000 ) ) ;
#4943 = DIRECTION ( 'NONE',  ( -0.000000000000000000, -0.000000000000000000, -1.000000000000000000 ) ) ;
#4944 = CARTESIAN_POINT ( 'NONE',  ( -0.09653489328022740734, -0.2066929133858180778, 0.07283464566930292206 ) ) ;
#4945 = VERTEX_POINT ( 'NONE', #6058 ) ;
#4946 = LINE ( 'NONE', #67, #4282 ) ;
#4947 = DIRECTION ( 'NONE',  ( -1.000000000000000000, -6.189708903681144979E-14, 4.441125451990164952E-14 ) ) ;
#4948 = EDGE_CURVE ( 'NONE', #4418, #5839, #3683, .T. ) ;
#4949 = ORIENTED_EDGE ( 'NONE', *, *, #972, .F. ) ;
#4950 = CARTESIAN_POINT ( 'NONE',  ( 0.09842519685040261590, -0.2165354330708627317, 0.04330708661417317223 ) ) ;
#4951 = ORIENTED_EDGE ( 'NONE', *, *, #1835, .T. ) ;
#4952 = CARTESIAN_POINT ( 'NONE',  ( 0.000000000000000000, -0.05431069983295989251, 0.01560267426487449774 ) ) ;
#4953 = AXIS2_PLACEMENT_3D ( 'NONE', #5360, #2046, #5865 ) ;
#4954 = CARTESIAN_POINT ( 'NONE',  ( -0.09664603631298555875, -0.1426563428879298878, 0.07399205499238085959 ) ) ;
#4955 = EDGE_LOOP ( 'NONE', ( #4555, #1515, #4250, #3697, #2897, #561 ) ) ;
#4956 = VECTOR ( 'NONE', #1106, 39.37007874015748143 ) ;
#4957 = EDGE_CURVE ( 'NONE', #2063, #1904, #1730, .T. ) ;
#4958 = DIRECTION ( 'NONE',  ( 1.000000000000000000, 0.000000000000000000, 0.000000000000000000 ) ) ;
#4959 = LINE ( 'NONE', #5472, #6179 ) ;
#4960 = DIRECTION ( 'NONE',  ( -1.000000000000000000, 0.000000000000000000, 0.000000000000000000 ) ) ;
#4961 = VERTEX_POINT ( 'NONE', #3650 ) ;
#4962 = CARTESIAN_POINT ( 'NONE',  ( 0.06003937007874014797, -0.2559055118110182825, -0.3425196850393700809 ) ) ;
#4963 = VECTOR ( 'NONE', #3445, 39.37007874015748143 ) ;
#4964 = ORIENTED_EDGE ( 'NONE', *, *, #2614, .F. ) ;
#4965 = ADVANCED_FACE ( 'NONE', ( #724 ), #367, .F. ) ;
#4966 = VECTOR ( 'NONE', #5556, 39.37007874015748143 ) ;
#4967 = LINE ( 'NONE', #2542, #385 ) ;
#4968 = CARTESIAN_POINT ( 'NONE',  ( -0.001966810233577322240, -0.2067619356413928633, -0.4114173228346457156 ) ) ;
#4969 = DIRECTION ( 'NONE',  ( -0.06005536072411275794, 0.7779914203927136285, -0.6253980360087683099 ) ) ;
#4970 = PLANE ( 'NONE',  #3692 ) ;
#4971 = ORIENTED_EDGE ( 'NONE', *, *, #5149, .T. ) ;
#4972 = CARTESIAN_POINT ( 'NONE',  ( 0.000000000000000000, 0.000000000000000000, -0.2677165354330542368 ) ) ;
#4973 = AXIS2_PLACEMENT_3D ( 'NONE', #3023, #4943, #149 ) ;
#4974 = DIRECTION ( 'NONE',  ( 0.000000000000000000, -1.387778780781447450E-15, -1.000000000000000000 ) ) ;
#4975 = AXIS2_PLACEMENT_3D ( 'NONE', #2601, #2569, #3175 ) ;
#4976 = ORIENTED_EDGE ( 'NONE', *, *, #4676, .T. ) ;
#4977 = DIRECTION ( 'NONE',  ( -1.000000000000000000, 8.881784197001252323E-16, 0.000000000000000000 ) ) ;
#4978 = PLANE ( 'NONE',  #5277 ) ;
#4979 = EDGE_LOOP ( 'NONE', ( #2392, #544, #716, #1359 ) ) ;
#4980 = VECTOR ( 'NONE', #1042, 39.37007874015748143 ) ;
#4981 =( BOUNDED_CURVE ( )  B_SPLINE_CURVE ( 3, ( #749, #2757, #6148, #3620 ),
 .UNSPECIFIED., .F., .T. ) 
 B_SPLINE_CURVE_WITH_KNOTS ( ( 4, 4 ),
 ( 0.5020030792113479023, 1.000000000000000000 ),
 .UNSPECIFIED. ) 
 CURVE ( )  GEOMETRIC_REPRESENTATION_ITEM ( )  RATIONAL_B_SPLINE_CURVE ( ( 0.5153830588852730266, 0.5102177557900493543, 0.6717567361616250121, 1.000000000000000000 ) ) 
 REPRESENTATION_ITEM ( '' )  );
#4982 = LINE ( 'NONE', #5529, #5388 ) ;
#4983 = ORIENTED_EDGE ( 'NONE', *, *, #916, .F. ) ;
#4984 = DIRECTION ( 'NONE',  ( 0.000000000000000000, 0.000000000000000000, 1.000000000000000000 ) ) ;
#4985 = VECTOR ( 'NONE', #5871, 39.37007874015748143 ) ;
#4986 = CIRCLE ( 'NONE', #4685, 0.01771653543307086590 ) ;
#4987 = CARTESIAN_POINT ( 'NONE',  ( -0.1358267716535433434, -0.09842519685039512189, -0.2244094488188976555 ) ) ;
#4988 = VERTEX_POINT ( 'NONE', #2639 ) ;
#4989 = TOROIDAL_SURFACE ( 'NONE', #3586, 0.02952755905511715573, 0.003937007874015725425 ) ;
#4990 = ORIENTED_EDGE ( 'NONE', *, *, #4392, .T. ) ;
#4991 = CARTESIAN_POINT ( 'NONE',  ( 0.07795282591383484450, -0.1057546786625981339, -0.1206732826120155699 ) ) ;
#4992 = DIRECTION ( 'NONE',  ( 1.000000000000000000, 0.000000000000000000, 0.000000000000000000 ) ) ;
#4993 =( BOUNDED_CURVE ( )  B_SPLINE_CURVE ( 3, ( #3447, #3153, #1590, #4893 ),
 .UNSPECIFIED., .F., .T. ) 
 B_SPLINE_CURVE_WITH_KNOTS ( ( 4, 4 ),
 ( 0.01943650599905999768, 0.5020030792113479023 ),
 .UNSPECIFIED. ) 
 CURVE ( )  GEOMETRIC_REPRESENTATION_ITEM ( )  RATIONAL_B_SPLINE_CURVE ( ( 1.000000000000000000, 0.6819272963381926012, 0.5203883159666169433, 0.5153830588852730266 ) ) 
 REPRESENTATION_ITEM ( '' )  );
#4994 = ORIENTED_EDGE ( 'NONE', *, *, #1881, .F. ) ;
#4995 = VECTOR ( 'NONE', #1257, 39.37007874015748143 ) ;
#4996 = DIRECTION ( 'NONE',  ( 0.000000000000000000, 0.000000000000000000, -1.000000000000000000 ) ) ;
#4997 = EDGE_CURVE ( 'NONE', #3849, #1660, #6131, .T. ) ;
#4998 = ORIENTED_EDGE ( 'NONE', *, *, #4419, .T. ) ;
#4999 = VECTOR ( 'NONE', #902, 39.37007874015748854 ) ;
#5000 = DIRECTION ( 'NONE',  ( -0.000000000000000000, -0.000000000000000000, -1.000000000000000000 ) ) ;
#5001 = CARTESIAN_POINT ( 'NONE',  ( 0.000000000000000000, -0.2500000000000000000, -0.3425196850393700809 ) ) ;
#5002 = CARTESIAN_POINT ( 'NONE',  ( 0.1161417322834645688, -0.1082677165354330728, -0.3031496062992125595 ) ) ;
#5003 = DIRECTION ( 'NONE',  ( 0.000000000000000000, 0.000000000000000000, 1.000000000000000000 ) ) ;
#5004 = ORIENTED_EDGE ( 'NONE', *, *, #2770, .T. ) ;
#5005 = CARTESIAN_POINT ( 'NONE',  ( 0.000000000000000000, -0.03937007874015747977, -0.2677165354330541813 ) ) ;
#5006 = DIRECTION ( 'NONE',  ( 1.000000000000000000, 0.000000000000000000, 0.000000000000000000 ) ) ;
#5007 = EDGE_CURVE ( 'NONE', #2348, #4796, #3297, .T. ) ;
#5008 = ADVANCED_FACE ( 'NONE', ( #5549 ), #4153, .T. ) ;
#5009 = CIRCLE ( 'NONE', #5824, 0.02755905511811023931 ) ;
#5010 = DIRECTION ( 'NONE',  ( 0.000000000000000000, -4.336808689942017736E-16, -1.000000000000000000 ) ) ;
#5011 = CIRCLE ( 'NONE', #5110, 0.02165354330708663816 ) ;
#5012 = VERTEX_POINT ( 'NONE', #1763 ) ;
#5013 = DIRECTION ( 'NONE',  ( 0.000000000000000000, 1.000000000000000000, 0.000000000000000000 ) ) ;
#5014 = CARTESIAN_POINT ( 'NONE',  ( -0.06102362204724410405, -0.1840551181102362266, -0.4212598425197252583 ) ) ;
#5015 = ORIENTED_EDGE ( 'NONE', *, *, #3991, .T. ) ;
#5016 = VECTOR ( 'NONE', #5000, 39.37007874015748143 ) ;
#5017 = FACE_OUTER_BOUND ( 'NONE', #3854, .T. ) ;
#5018 = VERTEX_POINT ( 'NONE', #1295 ) ;
#5019 = DIRECTION ( 'NONE',  ( 0.000000000000000000, 1.000000000000000000, 0.000000000000000000 ) ) ;
#5020 = CARTESIAN_POINT ( 'NONE',  ( 0.000000000000000000, 0.000000000000000000, -0.4035433070868026939 ) ) ;
#5021 = ORIENTED_EDGE ( 'NONE', *, *, #365, .T. ) ;
#5022 = ORIENTED_EDGE ( 'NONE', *, *, #5501, .F. ) ;
#5023 = CARTESIAN_POINT ( 'NONE',  ( 0.07865417816118883132, -0.1034293528371909715, -0.1133696162489083725 ) ) ;
#5024 = DIRECTION ( 'NONE',  ( -1.000000000000000000, -3.545678796385161728E-30, -3.016566500190916829E-16 ) ) ;
#5025 = DIRECTION ( 'NONE',  ( -6.406481833957925992E-31, 1.000000000000000000, -1.175402165395908673E-14 ) ) ;
#5026 = ORIENTED_EDGE ( 'NONE', *, *, #3128, .T. ) ;
#5027 = DIRECTION ( 'NONE',  ( 0.000000000000000000, 0.000000000000000000, -1.000000000000000000 ) ) ;
#5028 = VERTEX_POINT ( 'NONE', #3216 ) ;
#5029 = EDGE_CURVE ( 'NONE', #3525, #2913, #4600, .T. ) ;
#5030 = EDGE_CURVE ( 'NONE', #2854, #1521, #4205, .T. ) ;
#5031 = DIRECTION ( 'NONE',  ( 0.000000000000000000, 0.000000000000000000, 1.000000000000000000 ) ) ;
#5032 = DIRECTION ( 'NONE',  ( 0.000000000000000000, -6.672013369141565217E-16, -1.000000000000000000 ) ) ;
#5033 = FACE_OUTER_BOUND ( 'NONE', #1327, .T. ) ;
#5034 = CARTESIAN_POINT ( 'NONE',  ( 0.1207874015748031521, -0.03846456692913385877, -0.3031496062992126150 ) ) ;
#5035 = ORIENTED_EDGE ( 'NONE', *, *, #1571, .T. ) ;
#5036 = CARTESIAN_POINT ( 'NONE',  ( -0.09842519685039369248, -0.08858267716535431213, -0.2440944881889763884 ) ) ;
#5037 = DIRECTION ( 'NONE',  ( 0.000000000000000000, 0.000000000000000000, -1.000000000000000000 ) ) ;
#5038 = EDGE_CURVE ( 'NONE', #4042, #5564, #5291, .T. ) ;
#5039 = FACE_OUTER_BOUND ( 'NONE', #1823, .T. ) ;
#5040 = ORIENTED_EDGE ( 'NONE', *, *, #954, .F. ) ;
#5041 = CARTESIAN_POINT ( 'NONE',  ( -0.09842519685039369248, -0.09448818897636450387, -0.2244094488189022629 ) ) ;
#5042 = LINE ( 'NONE', #2646, #4164 ) ;
#5043 = EDGE_CURVE ( 'NONE', #2138, #5051, #3274, .T. ) ;
#5044 = DIRECTION ( 'NONE',  ( 1.000000000000000000, 0.000000000000000000, 0.000000000000000000 ) ) ;
#5045 = ORIENTED_EDGE ( 'NONE', *, *, #3009, .F. ) ;
#5046 = ADVANCED_FACE ( 'NONE', ( #1888, #5706 ), #6177, .F. ) ;
#5047 = DIRECTION ( 'NONE',  ( 0.000000000000000000, 0.000000000000000000, -1.000000000000000000 ) ) ;
#5048 = LINE ( 'NONE', #1621, #3401 ) ;
#5049 = EDGE_LOOP ( 'NONE', ( #2102, #5593, #880, #2406 ) ) ;
#5050 = DIRECTION ( 'NONE',  ( 1.000000000000000000, 0.000000000000000000, 0.000000000000000000 ) ) ;
#5051 = VERTEX_POINT ( 'NONE', #5231 ) ;
#5052 = VECTOR ( 'NONE', #1609, 39.37007874015748143 ) ;
#5053 = DIRECTION ( 'NONE',  ( 0.09558771285861322742, 0.000000000000000000, -0.9954210110051221472 ) ) ;
#5054 = CARTESIAN_POINT ( 'NONE',  ( -0.02554303790188743387, 3.128119960704597106E-18, -0.3504409077267730543 ) ) ;
#5055 = CARTESIAN_POINT ( 'NONE',  ( 0.06102362204724409711, -0.2421259842519681293, -0.4035433070865839245 ) ) ;
#5056 = ORIENTED_EDGE ( 'NONE', *, *, #5344, .F. ) ;
#5057 = CARTESIAN_POINT ( 'NONE',  ( -0.1437007874015747977, -0.2165354330708593456, -0.02755905511811021849 ) ) ;
#5058 = VERTEX_POINT ( 'NONE', #4812 ) ;
#5059 = CIRCLE ( 'NONE', #5973, 0.07874015748031495954 ) ;
#5060 = CARTESIAN_POINT ( 'NONE',  ( -0.1437007874015747977, -0.2066929133858267931, -0.02755905511811022890 ) ) ;
#5061 = CARTESIAN_POINT ( 'NONE',  ( 0.02066929133858270637, -0.08267716535433072833, -0.2440944881889763884 ) ) ;
#5062 = PLANE ( 'NONE',  #2047 ) ;
#5063 = CIRCLE ( 'NONE', #5172, 0.01771653543307086243 ) ;
#5064 = CARTESIAN_POINT ( 'NONE',  ( 4.821444091131312294E-18, 0.03937007874015749365, -0.2440944881889939577 ) ) ;
#5065 = VERTEX_POINT ( 'NONE', #499 ) ;
#5066 = DIRECTION ( 'NONE',  ( -1.000000000000000000, 0.000000000000000000, 0.000000000000000000 ) ) ;
#5067 = CARTESIAN_POINT ( 'NONE',  ( 0.04921259842519529193, -0.2066929133858268208, -0.1525590551181102428 ) ) ;
#5068 = EDGE_CURVE ( 'NONE', #2854, #5018, #2420, .T. ) ;
#5069 = VECTOR ( 'NONE', #27, 39.37007874015748143 ) ;
#5070 = CARTESIAN_POINT ( 'NONE',  ( 1.341778835882673585E-12, 0.02952755905430074282, -0.4232283464566928832 ) ) ;
#5071 = DIRECTION ( 'NONE',  ( -0.000000000000000000, 1.000000000000000000, 0.000000000000000000 ) ) ;
#5072 = ORIENTED_EDGE ( 'NONE', *, *, #5186, .T. ) ;
#5073 = CARTESIAN_POINT ( 'NONE',  ( 0.1003937007874015491, -0.08858267716535432601, -0.2440944881889577645 ) ) ;
#5074 = DIRECTION ( 'NONE',  ( 1.000000000000000000, 0.000000000000000000, 0.000000000000000000 ) ) ;
#5075 = AXIS2_PLACEMENT_3D ( 'NONE', #3624, #1229, #4594 ) ;
#5076 = ADVANCED_FACE ( 'NONE', ( #5762 ), #4308, .T. ) ;
#5077 = AXIS2_PLACEMENT_3D ( 'NONE', #3989, #3524, #5509 ) ;
#5078 = CARTESIAN_POINT ( 'NONE',  ( -0.04921259842519685318, -0.3641732283464567121, -0.1604330708661490523 ) ) ;
#5079 = ORIENTED_EDGE ( 'NONE', *, *, #2394, .T. ) ;
#5080 = VERTEX_POINT ( 'NONE', #912 ) ;
#5081 = CARTESIAN_POINT ( 'NONE',  ( 0.1358267716535433156, -0.09055118110236221041, -0.2440944881889764162 ) ) ;
#5082 = CARTESIAN_POINT ( 'NONE',  ( 0.07670040910862593875, 0.000000000000000000, 0.1180392947958194411 ) ) ;
#5083 = VERTEX_POINT ( 'NONE', #881 ) ;
#5084 = EDGE_CURVE ( 'NONE', #4530, #4195, #1476, .T. ) ;
#5085 = AXIS2_PLACEMENT_3D ( 'NONE', #4203, #3850, #3824 ) ;
#5086 = ORIENTED_EDGE ( 'NONE', *, *, #5897, .F. ) ;
#5087 = MANIFOLD_SOLID_BREP ( 'solid-1', #4154 ) ;
#5088 = AXIS2_PLACEMENT_3D ( 'NONE', #2202, #1131, #5422 ) ;
#5089 = DIRECTION ( 'NONE',  ( 0.000000000000000000, 0.000000000000000000, 1.000000000000000000 ) ) ;
#5090 = DIRECTION ( 'NONE',  ( -1.000000000000000000, 0.000000000000000000, 0.000000000000000000 ) ) ;
#5091 = ORIENTED_EDGE ( 'NONE', *, *, #1776, .F. ) ;
#5092 = CYLINDRICAL_SURFACE ( 'NONE', #4770, 0.01771653543307086243 ) ;
#5093 = ORIENTED_EDGE ( 'NONE', *, *, #4653, .F. ) ;
#5094 = VECTOR ( 'NONE', #4911, 39.37007874015748143 ) ;
#5095 = DIRECTION ( 'NONE',  ( -0.000000000000000000, -0.000000000000000000, -1.000000000000000000 ) ) ;
#5096 = FILL_AREA_STYLE ('',( #1725 ) ) ;
#5097 = AXIS2_PLACEMENT_3D ( 'NONE', #4494, #4461, #695 ) ;
#5098 = DIRECTION ( 'NONE',  ( 1.000000000000000000, 0.000000000000000000, 0.000000000000000000 ) ) ;
#5099 = CARTESIAN_POINT ( 'NONE',  ( 0.001270488244168476626, -0.2047244991792416258, -0.4114173228346456601 ) ) ;
#5100 = VERTEX_POINT ( 'NONE', #6163 ) ;
#5101 = DIRECTION ( 'NONE',  ( 0.000000000000000000, 0.000000000000000000, -1.000000000000000000 ) ) ;
#5102 = DIRECTION ( 'NONE',  ( 0.000000000000000000, 1.000000000000000000, 0.000000000000000000 ) ) ;
#5103 = AXIS2_PLACEMENT_3D ( 'NONE', #4515, #2567, #5025 ) ;
#5104 = EDGE_CURVE ( 'NONE', #2216, #5837, #4276, .T. ) ;
#5105 = CARTESIAN_POINT ( 'NONE',  ( -0.02952755905488453972, -3.060421544658240861E-13, -0.4153543307086612901 ) ) ;
#5106 = VERTEX_POINT ( 'NONE', #2782 ) ;
#5107 = AXIS2_PLACEMENT_3D ( 'NONE', #4879, #3466, #2489 ) ;
#5108 = LINE ( 'NONE', #2740, #1251 ) ;
#5109 = EDGE_CURVE ( 'NONE', #5738, #5776, #3731, .T. ) ;
#5110 = AXIS2_PLACEMENT_3D ( 'NONE', #4137, #4614, #1838 ) ;
#5111 = DIRECTION ( 'NONE',  ( 1.000000000000000000, 0.000000000000000000, 0.000000000000000000 ) ) ;
#5112 = EDGE_CURVE ( 'NONE', #686, #1949, #3201, .T. ) ;
#5113 = ORIENTED_EDGE ( 'NONE', *, *, #3950, .T. ) ;
#5114 = CARTESIAN_POINT ( 'NONE',  ( 0.1771653543307086520, -0.08267716535430455482, -0.3425196850393700809 ) ) ;
#5115 = ORIENTED_EDGE ( 'NONE', *, *, #694, .T. ) ;
#5116 = CONICAL_SURFACE ( 'NONE', #6138, 0.07670040910862593875, 0.7853961881176586557 ) ;
#5117 = CARTESIAN_POINT ( 'NONE',  ( 0.000000000000000000, -0.2244094488188976555, -0.1604330708661417526 ) ) ;
#5118 = CIRCLE ( 'NONE', #3115, 0.07677165354330708902 ) ;
#5119 = EDGE_LOOP ( 'NONE', ( #4479, #616, #6093, #4462 ) ) ;
#5120 = EDGE_CURVE ( 'NONE', #5426, #3955, #1338, .T. ) ;
#5121 =( NAMED_UNIT ( * ) SI_UNIT ( $, .STERADIAN. ) SOLID_ANGLE_UNIT ( ) );
#5122 = EDGE_CURVE ( 'NONE', #2228, #578, #1245, .T. ) ;
#5123 = CARTESIAN_POINT ( 'NONE',  ( 0.1358267716535432601, -0.08267716535433072833, -0.2834645669291338543 ) ) ;
#5124 = DIRECTION ( 'NONE',  ( 0.000000000000000000, -1.000000000000000000, 0.000000000000000000 ) ) ;
#5125 = ORIENTED_EDGE ( 'NONE', *, *, #541, .T. ) ;
#5126 = DIRECTION ( 'NONE',  ( -0.000000000000000000, -1.000000000000000000, -0.000000000000000000 ) ) ;
#5127 = ORIENTED_EDGE ( 'NONE', *, *, #5462, .T. ) ;
#5128 = DIRECTION ( 'NONE',  ( -0.000000000000000000, 1.000000000000000000, 0.000000000000000000 ) ) ;
#5129 = ADVANCED_FACE ( 'NONE', ( #3261 ), #4208, .F. ) ;
#5130 = DIRECTION ( 'NONE',  ( 0.000000000000000000, 0.7793981968064647159, -0.6265288906465776853 ) ) ;
#5131 = EDGE_CURVE ( 'NONE', #3490, #141, #4545, .T. ) ;
#5132 = FACE_OUTER_BOUND ( 'NONE', #6155, .T. ) ;
#5133 = ORIENTED_EDGE ( 'NONE', *, *, #4254, .T. ) ;
#5134 = LINE ( 'NONE', #846, #3767 ) ;
#5135 = EDGE_LOOP ( 'NONE', ( #2289, #2033, #4334, #132 ) ) ;
#5136 = CARTESIAN_POINT ( 'NONE',  ( -0.04589698973944883464, -0.03481167167785827188, -0.2541732283464567255 ) ) ;
#5137 = CARTESIAN_POINT ( 'NONE',  ( 0.1771653543307086798, -0.03937007874015747977, -0.3425196850393699699 ) ) ;
#5138 = ORIENTED_EDGE ( 'NONE', *, *, #4455, .T. ) ;
#5139 = LINE ( 'NONE', #4251, #4585 ) ;
#5140 = SURFACE_STYLE_USAGE ( .BOTH. , #5680 ) ;
#5141 = CARTESIAN_POINT ( 'NONE',  ( 0.1392125984251968429, -0.09506547360177164396, -0.3425196850393700809 ) ) ;
#5142 = VERTEX_POINT ( 'NONE', #832 ) ;
#5143 = CARTESIAN_POINT ( 'NONE',  ( -0.07086614173228347746, -0.2066929133858341205, -0.1523622047244094502 ) ) ;
#5144 = EDGE_CURVE ( 'NONE', #3326, #660, #387, .T. ) ;
#5145 = VERTEX_POINT ( 'NONE', #6141 ) ;
#5146 = EDGE_CURVE ( 'NONE', #2133, #311, #3637, .T. ) ;
#5147 = CARTESIAN_POINT ( 'NONE',  ( 0.001801929541013287629, 0.02947337211800735504, -0.4232283464566928832 ) ) ;
#5148 = ORIENTED_EDGE ( 'NONE', *, *, #2353, .F. ) ;
#5149 = EDGE_CURVE ( 'NONE', #812, #1972, #5011, .T. ) ;
#5150 = CARTESIAN_POINT ( 'NONE',  ( -0.1771653543307086798, -0.003937007874015758385, -0.1122047244094488139 ) ) ;
#5151 = DIRECTION ( 'NONE',  ( 0.000000000000000000, 1.000000000000000000, 0.000000000000000000 ) ) ;
#5152 = ORIENTED_EDGE ( 'NONE', *, *, #3924, .F. ) ;
#5153 = DIRECTION ( 'NONE',  ( -1.000000000000000000, 0.000000000000000000, 0.000000000000000000 ) ) ;
#5154 = VERTEX_POINT ( 'NONE', #1368 ) ;
#5155 = EDGE_CURVE ( 'NONE', #2652, #4530, #5689, .T. ) ;
#5156 = LINE ( 'NONE', #1882, #1596 ) ;
#5157 = DIRECTION ( 'NONE',  ( 0.000000000000000000, 6.938893903907231336E-16, 1.000000000000000000 ) ) ;
#5158 = CARTESIAN_POINT ( 'NONE',  ( 0.000000000000000000, 0.000000000000000000, -0.4153543307085997838 ) ) ;
#5159 = DIRECTION ( 'NONE',  ( -1.000000000000000000, 0.000000000000000000, 0.000000000000000000 ) ) ;
#5160 = ORIENTED_EDGE ( 'NONE', *, *, #3645, .F. ) ;
#5161 = DIRECTION ( 'NONE',  ( 0.000000000000000000, 0.000000000000000000, 1.000000000000000000 ) ) ;
#5162 = LINE ( 'NONE', #3246, #2463 ) ;
#5163 = CIRCLE ( 'NONE', #4155, 0.003937007874015724558 ) ;
#5164 = EDGE_LOOP ( 'NONE', ( #3265, #1189, #4868 ) ) ;
#5165 = EDGE_CURVE ( 'NONE', #1653, #914, #292, .T. ) ;
#5166 = VECTOR ( 'NONE', #5991, 39.37007874015748143 ) ;
#5167 = PLANE ( 'NONE',  #5523 ) ;
#5168 = LINE ( 'NONE', #433, #6104 ) ;
#5169 = EDGE_LOOP ( 'NONE', ( #1482, #163, #2700, #4468 ) ) ;
#5170 = FACE_BOUND ( 'NONE', #1624, .T. ) ;
#5171 = FACE_OUTER_BOUND ( 'NONE', #4202, .T. ) ;
#5172 = AXIS2_PLACEMENT_3D ( 'NONE', #3232, #6108, #834 ) ;
#5173 = PLANE ( 'NONE',  #2064 ) ;
#5174 = PRESENTATION_LAYER_ASSIGNMENT (  '', '', ( #1652 ) ) ;
#5175 = ORIENTED_EDGE ( 'NONE', *, *, #4456, .T. ) ;
#5176 =( NAMED_UNIT ( * ) PLANE_ANGLE_UNIT ( ) SI_UNIT ( $, .RADIAN. ) );
#5177 = ORIENTED_EDGE ( 'NONE', *, *, #5654, .T. ) ;
#5178 = AXIS2_PLACEMENT_3D ( 'NONE', #3183, #4628, #2302 ) ;
#5179 = DIRECTION ( 'NONE',  ( 0.000000000000000000, 0.000000000000000000, -1.000000000000000000 ) ) ;
#5180 = ORIENTED_EDGE ( 'NONE', *, *, #4929, .T. ) ;
#5181 = DIRECTION ( 'NONE',  ( 0.000000000000000000, 1.000000000000000000, 0.000000000000000000 ) ) ;
#5182 = VECTOR ( 'NONE', #5557, 39.37007874015748143 ) ;
#5183 = FACE_OUTER_BOUND ( 'NONE', #5184, .T. ) ;
#5184 = EDGE_LOOP ( 'NONE', ( #1100, #5669, #712, #4936 ) ) ;
#5185 = EDGE_LOOP ( 'NONE', ( #5789, #871, #939, #5045, #3508, #801, #3430, #1927, #4061, #71, #5931, #2744, #3633, #5610, #2942, #4107 ) ) ;
#5186 = EDGE_CURVE ( 'NONE', #4715, #2211, #2400, .T. ) ;
#5187 = VECTOR ( 'NONE', #5835, 39.37007874015748143 ) ;
#5188 = CARTESIAN_POINT ( 'NONE',  ( 0.02755905511811023931, 3.375010863791918606E-18, -0.4035433070866759619 ) ) ;
#5189 = CARTESIAN_POINT ( 'NONE',  ( -0.09251968503937006705, -0.2165354330708587627, -0.1523622047244094502 ) ) ;
#5190 = CARTESIAN_POINT ( 'NONE',  ( 0.000000000000000000, 0.000000000000000000, -0.3031496062992065643 ) ) ;
#5191 = EDGE_CURVE ( 'NONE', #4576, #5993, #320, .T. ) ;
#5192 = CARTESIAN_POINT ( 'NONE',  ( -0.04921259842519685318, -0.2116141732283464416, -0.1523622047244094502 ) ) ;
#5193 = EDGE_LOOP ( 'NONE', ( #5138, #5175, #1988, #171, #5634 ) ) ;
#5194 = VECTOR ( 'NONE', #5300, 39.37007874015748143 ) ;
#5195 = CARTESIAN_POINT ( 'NONE',  ( 0.04921259842519685318, -0.2116141732283464416, -0.1523622047244094502 ) ) ;
#5196 = CARTESIAN_POINT ( 'NONE',  ( 0.06102362204724410405, -0.2444488188976378373, -0.4028705313925196596 ) ) ;
#5197 = AXIS2_PLACEMENT_3D ( 'NONE', #6082, #6115, #2793 ) ;
#5198 = ORIENTED_EDGE ( 'NONE', *, *, #5068, .T. ) ;
#5199 = VECTOR ( 'NONE', #2445, 39.37007874015748143 ) ;
#5200 = AXIS2_PLACEMENT_3D ( 'NONE', #1592, #5438, #3363 ) ;
#5201 = LINE ( 'NONE', #886, #3412 ) ;
#5202 = PLANE ( 'NONE',  #4472 ) ;
#5203 = ORIENTED_EDGE ( 'NONE', *, *, #1901, .F. ) ;
#5204 = ADVANCED_FACE ( 'NONE', ( #6073 ), #4406, .T. ) ;
#5205 = DIRECTION ( 'NONE',  ( 1.000000000000000000, 0.000000000000000000, 0.000000000000000000 ) ) ;
#5206 = ADVANCED_FACE ( 'NONE', ( #3702 ), #864, .T. ) ;
#5207 =( LENGTH_UNIT ( ) NAMED_UNIT ( * ) SI_UNIT ( $, .METRE. ) );
#5208 = AXIS2_PLACEMENT_3D ( 'NONE', #2160, #4082, #1156 ) ;
#5209 = CARTESIAN_POINT ( 'NONE',  ( 0.000000000000000000, 0.000000000000000000, -0.4232283464565751996 ) ) ;
#5210 = AXIS2_PLACEMENT_3D ( 'NONE', #1028, #2505, #1971 ) ;
#5211 = ORIENTED_EDGE ( 'NONE', *, *, #4613, .F. ) ;
#5212 = DIRECTION ( 'NONE',  ( 0.000000000000000000, 0.000000000000000000, 1.000000000000000000 ) ) ;
#5213 = ORIENTED_EDGE ( 'NONE', *, *, #2200, .F. ) ;
#5214 = VECTOR ( 'NONE', #661, 39.37007874015748143 ) ;
#5215 = CARTESIAN_POINT ( 'NONE',  ( 0.1358267716535433156, -0.08179837419460629644, -0.2235306576591732930 ) ) ;
#5216 = ORIENTED_EDGE ( 'NONE', *, *, #63, .F. ) ;
#5217 = DIRECTION ( 'NONE',  ( 0.000000000000000000, 0.000000000000000000, 1.000000000000000000 ) ) ;
#5218 = VECTOR ( 'NONE', #5911, 39.37007874015748143 ) ;
#5219 = CARTESIAN_POINT ( 'NONE',  ( 0.02066929133858270637, -0.08267716535433072833, -0.2244094488188976277 ) ) ;
#5220 = CARTESIAN_POINT ( 'NONE',  ( 0.09030240504965242332, -0.06047732277228539538, 0.007931432170254926889 ) ) ;
#5221 = ORIENTED_EDGE ( 'NONE', *, *, #3835, .T. ) ;
#5222 = ORIENTED_EDGE ( 'NONE', *, *, #3625, .T. ) ;
#5223 = AXIS2_PLACEMENT_3D ( 'NONE', #5420, #5765, #1104 ) ;
#5224 = CARTESIAN_POINT ( 'NONE',  ( 0.1780441454904330700, -0.09930398801011813825, -0.2440944881889764162 ) ) ;
#5225 = LINE ( 'NONE', #1758, #5599 ) ;
#5226 = FACE_OUTER_BOUND ( 'NONE', #7, .T. ) ;
#5227 = DIRECTION ( 'NONE',  ( 0.000000000000000000, 0.000000000000000000, -1.000000000000000000 ) ) ;
#5228 = ADVANCED_FACE ( 'NONE', ( #2001 ), #2436, .T. ) ;
#5229 = VECTOR ( 'NONE', #4958, 39.37007874015748143 ) ;
#5230 = ORIENTED_EDGE ( 'NONE', *, *, #440, .T. ) ;
#5231 = CARTESIAN_POINT ( 'NONE',  ( 0.04921259842519683236, -0.2066929133858304568, -0.1523622047244094502 ) ) ;
#5232 = DIRECTION ( 'NONE',  ( 0.000000000000000000, 1.000000000000000000, 0.000000000000000000 ) ) ;
#5233 = ORIENTED_EDGE ( 'NONE', *, *, #4623, .F. ) ;
#5234 = EDGE_CURVE ( 'NONE', #911, #297, #4147, .T. ) ;
#5235 = CARTESIAN_POINT ( 'NONE',  ( 0.000000000000000000, -0.02559055118110236532, -7.785766781943149877E-15 ) ) ;
#5236 = DIRECTION ( 'NONE',  ( -1.000000000000000000, 0.000000000000000000, 0.000000000000000000 ) ) ;
#5237 = LINE ( 'NONE', #4821, #2940 ) ;
#5238 = CARTESIAN_POINT ( 'NONE',  ( -0.09842519685040741761, -0.1673228346456692994, 0.04330708661417323468 ) ) ;
#5239 = ORIENTED_EDGE ( 'NONE', *, *, #5308, .F. ) ;
#5240 = DIRECTION ( 'NONE',  ( -1.000000000000000000, 0.000000000000000000, 0.000000000000000000 ) ) ;
#5241 = EDGE_CURVE ( 'NONE', #2378, #5548, #3920, .T. ) ;
#5242 = FACE_OUTER_BOUND ( 'NONE', #59, .T. ) ;
#5243 = ORIENTED_EDGE ( 'NONE', *, *, #6140, .F. ) ;
#5244 = UNCERTAINTY_MEASURE_WITH_UNIT (LENGTH_MEASURE( 1.000000000000000082E-05 ), #2249, 'distance_accuracy_value', 'NONE');
#5245 = DIRECTION ( 'NONE',  ( 0.000000000000000000, 6.672013369141565217E-16, 1.000000000000000000 ) ) ;
#5246 = ORIENTED_EDGE ( 'NONE', *, *, #4026, .F. ) ;
#5247 = EDGE_CURVE ( 'NONE', #259, #3195, #450, .T. ) ;
#5248 = DIRECTION ( 'NONE',  ( 0.000000000000000000, 0.000000000000000000, 1.000000000000000000 ) ) ;
#5249 = VERTEX_POINT ( 'NONE', #1429 ) ;
#5250 = DIRECTION ( 'NONE',  ( 1.000000000000000000, 0.000000000000000000, 0.000000000000000000 ) ) ;
#5251 = VERTEX_POINT ( 'NONE', #3797 ) ;
#5252 = ORIENTED_EDGE ( 'NONE', *, *, #5441, .T. ) ;
#5253 = CARTESIAN_POINT ( 'NONE',  ( 0.09962461225858335045, -0.1673228346456692994, 0.04330708661417323468 ) ) ;
#5254 = DIRECTION ( 'NONE',  ( 0.000000000000000000, 0.000000000000000000, -1.000000000000000000 ) ) ;
#5255 = LINE ( 'NONE', #496, #2844 ) ;
#5256 = CARTESIAN_POINT ( 'NONE',  ( -0.001968503937006580752, -0.2066929133862567269, -0.4114173228346457156 ) ) ;
#5257 = ORIENTED_EDGE ( 'NONE', *, *, #582, .F. ) ;
#5258 = LENGTH_MEASURE_WITH_UNIT ( LENGTH_MEASURE( 0.02539999999999999897 ), #2890 );
#5259 = FACE_OUTER_BOUND ( 'NONE', #3209, .T. ) ;
#5260 = ORIENTED_EDGE ( 'NONE', *, *, #3228, .T. ) ;
#5261 = LINE ( 'NONE', #946, #1298 ) ;
#5262 = ADVANCED_FACE ( 'NONE', ( #4355 ), #5848, .T. ) ;
#5263 = CARTESIAN_POINT ( 'NONE',  ( 0.09748004506530846824, -0.1673228346456692994, 0.08267716535433072833 ) ) ;
#5264 = VERTEX_POINT ( 'NONE', #4798 ) ;
#5265 = CLOSED_SHELL ( 'NONE', ( #2726, #4581, #5129, #174, #5311, #3796, #5809, #3340, #4503, #6023, #3463, #5282, #874, #3884, #5349, #1775, #2622, #530, #4922, #3475, #4348, #5688, #2684, #5262, #4370, #2580, #2451, #100, #4483, #203, #6228, #2504, #4965, #1126, #3608, #3309, #2008, #4602, #140, #1184, #6037, #3544 ) ) ;
#5266 = DIRECTION ( 'NONE',  ( 0.000000000000000000, 1.000000000000000000, 0.000000000000000000 ) ) ;
#5267 = ORIENTED_EDGE ( 'NONE', *, *, #260, .F. ) ;
#5268 = DIRECTION ( 'NONE',  ( -0.000000000000000000, -1.000000000000000000, -0.000000000000000000 ) ) ;
#5269 = CARTESIAN_POINT ( 'NONE',  ( 0.02952755905564287062, -0.05740653083231125886, -0.4153543307086613456 ) ) ;
#5270 = VECTOR ( 'NONE', #329, 39.37007874015748143 ) ;
#5271 = DIRECTION ( 'NONE',  ( 0.000000000000000000, 0.000000000000000000, 1.000000000000000000 ) ) ;
#5272 = ORIENTED_EDGE ( 'NONE', *, *, #3392, .T. ) ;
#5273 = LINE ( 'NONE', #2812, #1669 ) ;
#5274 = VECTOR ( 'NONE', #1284, 39.37007874015748143 ) ;
#5275 = EDGE_CURVE ( 'NONE', #4729, #1061, #4108, .T. ) ;
#5276 = ORIENTED_EDGE ( 'NONE', *, *, #2222, .T. ) ;
#5277 = AXIS2_PLACEMENT_3D ( 'NONE', #4504, #6000, #2118 ) ;
#5278 = FACE_OUTER_BOUND ( 'NONE', #1498, .T. ) ;
#5279 = ORIENTED_EDGE ( 'NONE', *, *, #5826, .T. ) ;
#5280 = ADVANCED_FACE ( 'NONE', ( #415 ), #1908, .F. ) ;
#5281 = CARTESIAN_POINT ( 'NONE',  ( 0.06102362204724410405, -0.1840551181102362266, -0.4212598425197252583 ) ) ;
#5282 = ADVANCED_FACE ( 'NONE', ( #6195 ), #1873, .T. ) ;
#5283 = ORIENTED_EDGE ( 'NONE', *, *, #486, .F. ) ;
#5284 = VECTOR ( 'NONE', #743, 39.37007874015748143 ) ;
#5285 = ORIENTED_EDGE ( 'NONE', *, *, #3147, .F. ) ;
#5286 = CARTESIAN_POINT ( 'NONE',  ( -0.1574803149606299191, -0.003937007874015747977, -1.360588356219506076E-16 ) ) ;
#5287 = CARTESIAN_POINT ( 'NONE',  ( 0.1948818897637620562, -0.3641732283464567121, -0.2933070866141732624 ) ) ;
#5288 = CYLINDRICAL_SURFACE ( 'NONE', #327, 0.04133858267716536417 ) ;
#5289 = DIRECTION ( 'NONE',  ( -1.000000000000000000, 0.000000000000000000, 0.000000000000000000 ) ) ;
#5290 = ORIENTED_EDGE ( 'NONE', *, *, #1496, .F. ) ;
#5291 = LINE ( 'NONE', #2826, #269 ) ;
#5292 = CARTESIAN_POINT ( 'NONE',  ( 0.000000000000000000, 0.000000000000000000, -0.3031496062992065643 ) ) ;
#5293 = ORIENTED_EDGE ( 'NONE', *, *, #4262, .F. ) ;
#5294 = CONICAL_SURFACE ( 'NONE', #5596, 0.02554303790188743387, 0.7853921668891779007 ) ;
#5295 = CARTESIAN_POINT ( 'NONE',  ( 0.1555118110236220208, 0.000000000000000000, -0.4035433070866141225 ) ) ;
#5296 = CARTESIAN_POINT ( 'NONE',  ( 0.07926322931847414044, -0.09912543122609947244, -0.1070271450189682616 ) ) ;
#5297 = VECTOR ( 'NONE', #2591, 39.37007874015748143 ) ;
#5298 = VECTOR ( 'NONE', #3832, 39.37007874015748143 ) ;
#5299 = ORIENTED_EDGE ( 'NONE', *, *, #482, .F. ) ;
#5300 = DIRECTION ( 'NONE',  ( -0.000000000000000000, -0.000000000000000000, -1.000000000000000000 ) ) ;
#5301 = VERTEX_POINT ( 'NONE', #2377 ) ;
#5302 = FACE_OUTER_BOUND ( 'NONE', #481, .T. ) ;
#5303 = CIRCLE ( 'NONE', #1075, 0.02362204724409451562 ) ;
#5304 = DIRECTION ( 'NONE',  ( 0.000000000000000000, 1.000000000000000000, 0.000000000000000000 ) ) ;
#5305 = ORIENTED_EDGE ( 'NONE', *, *, #3197, .T. ) ;
#5306 = CARTESIAN_POINT ( 'NONE',  ( 0.06003937007874016879, -0.2165354330708661457, -0.1200787401574803376 ) ) ;
#5307 = AXIS2_PLACEMENT_3D ( 'NONE', #6118, #2704, #4626 ) ;
#5308 = EDGE_CURVE ( 'NONE', #2316, #3384, #5752, .T. ) ;
#5309 = ORIENTED_EDGE ( 'NONE', *, *, #1312, .F. ) ;
#5310 = CIRCLE ( 'NONE', #164, 0.07677165354330708902 ) ;
#5311 = ADVANCED_FACE ( 'NONE', ( #5278 ), #5783, .F. ) ;
#5312 = DIRECTION ( 'NONE',  ( 1.000000000000000000, 0.000000000000000000, 0.000000000000000000 ) ) ;
#5313 = VERTEX_POINT ( 'NONE', #4325 ) ;
#5314 = FACE_OUTER_BOUND ( 'NONE', #4006, .T. ) ;
#5315 = VERTEX_POINT ( 'NONE', #550 ) ;
#5316 = VECTOR ( 'NONE', #3717, 39.37007874015748143 ) ;
#5317 = ORIENTED_EDGE ( 'NONE', *, *, #923, .F. ) ;
#5318 = EDGE_CURVE ( 'NONE', #5384, #4700, #6, .T. ) ;
#5319 = ADVANCED_FACE ( 'NONE', ( #3421 ), #3853, .F. ) ;
#5320 = VECTOR ( 'NONE', #4639, 39.37007874015748854 ) ;
#5321 = ORIENTED_EDGE ( 'NONE', *, *, #4191, .T. ) ;
#5322 = CARTESIAN_POINT ( 'NONE',  ( 0.08718386040798294101, -0.03125876984899802341, -0.02454413155283085429 ) ) ;
#5323 = PLANE ( 'NONE',  #154 ) ;
#5324 = LINE ( 'NONE', #2388, #3855 ) ;
#5325 = LINE ( 'NONE', #1007, #2084 ) ;
#5326 = ORIENTED_EDGE ( 'NONE', *, *, #4386, .T. ) ;
#5327 = DIRECTION ( 'NONE',  ( 0.000000000000000000, 1.000000000000000000, 0.000000000000000000 ) ) ;
#5328 = ORIENTED_EDGE ( 'NONE', *, *, #1355, .F. ) ;
#5329 = AXIS2_PLACEMENT_3D ( 'NONE', #2633, #3331, #4739 ) ;
#5330 = EDGE_CURVE ( 'NONE', #5653, #2892, #4907, .T. ) ;
#5331 = EDGE_CURVE ( 'NONE', #85, #3490, #3712, .T. ) ;
#5332 = DIRECTION ( 'NONE',  ( 1.000000000000000000, 0.000000000000000000, 0.000000000000000000 ) ) ;
#5333 = CARTESIAN_POINT ( 'NONE',  ( -0.02952755905511918189, -0.05118110236218790382, -0.2992125984251968185 ) ) ;
#5334 = ORIENTED_EDGE ( 'NONE', *, *, #2492, .T. ) ;
#5335 = FACE_BOUND ( 'NONE', #3189, .T. ) ;
#5336 = EDGE_LOOP ( 'NONE', ( #6049, #1273, #1010, #1199 ) ) ;
#5337 = DIRECTION ( 'NONE',  ( 0.000000000000000000, 0.000000000000000000, 1.000000000000000000 ) ) ;
#5338 = LINE ( 'NONE', #3531, #5882 ) ;
#5339 = CARTESIAN_POINT ( 'NONE',  ( -0.1771653543307086798, 0.08661417322834644161, 0.000000000000000000 ) ) ;
#5340 = ORIENTED_EDGE ( 'NONE', *, *, #5122, .T. ) ;
#5341 = DIRECTION ( 'NONE',  ( 0.000000000000000000, -0.5615105165199549830, -0.8274696005518833442 ) ) ;
#5342 = FILL_AREA_STYLE ('',( #3419 ) ) ;
#5343 = ORIENTED_EDGE ( 'NONE', *, *, #113, .T. ) ;
#5344 = EDGE_CURVE ( 'NONE', #1898, #5603, #4012, .T. ) ;
#5345 = EDGE_LOOP ( 'NONE', ( #2191, #852, #488, #94, #1330, #299 ) ) ;
#5346 = CARTESIAN_POINT ( 'NONE',  ( 0.000000000000000000, -0.1988188976377897044, -0.3425196850393700809 ) ) ;
#5347 = EDGE_LOOP ( 'NONE', ( #2150, #5527, #5881, #389 ) ) ;
#5348 = EDGE_CURVE ( 'NONE', #5083, #2196, #6062, .T. ) ;
#5349 = ADVANCED_FACE ( 'NONE', ( #1060 ), #4596, .T. ) ;
#5350 = ORIENTED_EDGE ( 'NONE', *, *, #3354, .F. ) ;
#5351 = DIRECTION ( 'NONE',  ( -1.000000000000000000, 0.000000000000000000, 0.000000000000000000 ) ) ;
#5352 = DIRECTION ( 'NONE',  ( -0.7071067811865479058, 0.7071067811865472397, 0.000000000000000000 ) ) ;
#5353 = FACE_BOUND ( 'NONE', #5595, .T. ) ;
#5354 = ORIENTED_EDGE ( 'NONE', *, *, #5344, .T. ) ;
#5355 = DIRECTION ( 'NONE',  ( -1.000000000000000000, 0.000000000000000000, 0.000000000000000000 ) ) ;
#5356 = EDGE_CURVE ( 'NONE', #4233, #1844, #277, .T. ) ;
#5357 = ORIENTED_EDGE ( 'NONE', *, *, #3039, .T. ) ;
#5358 = LINE ( 'NONE', #3017, #5833 ) ;
#5359 = CARTESIAN_POINT ( 'NONE',  ( -0.04921259842519681849, -0.2244094488188976555, -0.1702755905511810774 ) ) ;
#5360 = CARTESIAN_POINT ( 'NONE',  ( 0.000000000000000000, -0.3641732283464567121, -0.1604330708661496352 ) ) ;
#5361 = CARTESIAN_POINT ( 'NONE',  ( 0.000000000000000000, -4.990876142271080439E-17, -0.3425196850393675829 ) ) ;
#5362 = ORIENTED_EDGE ( 'NONE', *, *, #3185, .F. ) ;
#5363 = CARTESIAN_POINT ( 'NONE',  ( -0.1433070866141732402, -0.1948818897637795422, -0.02125984251968503908 ) ) ;
#5364 = CARTESIAN_POINT ( 'NONE',  ( 0.03543307086614173873, 4.339299682018181450E-18, -0.4153543307087793068 ) ) ;
#5365 = EDGE_CURVE ( 'NONE', #1425, #212, #3976, .T. ) ;
#5366 = CARTESIAN_POINT ( 'NONE',  ( 0.07086614173228347746, -0.2165354330708582076, -0.1523622047244094502 ) ) ;
#5367 = ORIENTED_EDGE ( 'NONE', *, *, #5038, .F. ) ;
#5368 = CARTESIAN_POINT ( 'NONE',  ( -0.1653543307086614567, -0.2440944881889634266, 0.1181102362204724532 ) ) ;
#5369 = CYLINDRICAL_SURFACE ( 'NONE', #1950, 0.01181102362204724046 ) ;
#5370 = ORIENTED_EDGE ( 'NONE', *, *, #409, .F. ) ;
#5371 = LINE ( 'NONE', #5407, #3803 ) ;
#5372 = EDGE_CURVE ( 'NONE', #4616, #451, #5371, .T. ) ;
#5373 = VERTEX_POINT ( 'NONE', #6063 ) ;
#5374 = VECTOR ( 'NONE', #2180, 39.37007874015748143 ) ;
#5375 = CARTESIAN_POINT ( 'NONE',  ( -0.09369943792498278134, -0.2066929133858226575, 0.04330708661417324162 ) ) ;
#5376 = ORIENTED_EDGE ( 'NONE', *, *, #5940, .F. ) ;
#5377 = VECTOR ( 'NONE', #377, 39.37007874015748143 ) ;
#5378 = EDGE_CURVE ( 'NONE', #3437, #1311, #1732, .T. ) ;
#5379 = ORIENTED_EDGE ( 'NONE', *, *, #2065, .T. ) ;
#5380 = FACE_OUTER_BOUND ( 'NONE', #6137, .T. ) ;
#5381 = DIRECTION ( 'NONE',  ( 0.000000000000000000, 0.000000000000000000, -1.000000000000000000 ) ) ;
#5382 = CIRCLE ( 'NONE', #2654, 0.1161417322834645688 ) ;
#5383 = CARTESIAN_POINT ( 'NONE',  ( 0.000000000000000000, -0.1948818897637795144, -0.02755905511811023931 ) ) ;
#5384 = VERTEX_POINT ( 'NONE', #1262 ) ;
#5385 = CARTESIAN_POINT ( 'NONE',  ( -0.1161417322834645688, -0.2208661417322834442, 0.1112598425196850288 ) ) ;
#5386 = VERTEX_POINT ( 'NONE', #3031 ) ;
#5387 = EDGE_CURVE ( 'NONE', #1478, #19, #584, .T. ) ;
#5388 = VECTOR ( 'NONE', #4039, 39.37007874015748143 ) ;
#5389 = EDGE_CURVE ( 'NONE', #2309, #5867, #612, .T. ) ;
#5390 = DIRECTION ( 'NONE',  ( -0.000000000000000000, -0.000000000000000000, -1.000000000000000000 ) ) ;
#5391 = CARTESIAN_POINT ( 'NONE',  ( -0.05884694833594861924, -0.09993998156845818048, -0.3196360091587863717 ) ) ;
#5392 = CYLINDRICAL_SURFACE ( 'NONE', #4655, 0.01181102362204724046 ) ;
#5393 = CARTESIAN_POINT ( 'NONE',  ( 0.1830708661417498606, -0.3641732283464567677, -0.3425196850393700809 ) ) ;
#5394 = ORIENTED_EDGE ( 'NONE', *, *, #618, .F. ) ;
#5395 = CARTESIAN_POINT ( 'NONE',  ( 0.06102362204724409711, -0.2421259842519685457, -0.4124015748031495399 ) ) ;
#5396 = DIRECTION ( 'NONE',  ( -0.000000000000000000, -0.000000000000000000, -1.000000000000000000 ) ) ;
#5397 = VECTOR ( 'NONE', #1640, 39.37007874015748143 ) ;
#5398 = VECTOR ( 'NONE', #4509, 39.37007874015748143 ) ;
#5399 = EDGE_CURVE ( 'NONE', #1494, #6034, #4993, .T. ) ;
#5400 = EDGE_CURVE ( 'NONE', #5892, #259, #3515, .T. ) ;
#5401 = CARTESIAN_POINT ( 'NONE',  ( -0.1555118110236220208, -0.2499999999999995282, -0.4035433070866141225 ) ) ;
#5402 = ORIENTED_EDGE ( 'NONE', *, *, #2485, .F. ) ;
#5403 = DIRECTION ( 'NONE',  ( 0.000000000000000000, 0.000000000000000000, -1.000000000000000000 ) ) ;
#5404 = LINE ( 'NONE', #580, #5675 ) ;
#5405 = ORIENTED_EDGE ( 'NONE', *, *, #5581, .T. ) ;
#5406 = VECTOR ( 'NONE', #4062, 39.37007874015748143 ) ;
#5407 = CARTESIAN_POINT ( 'NONE',  ( -0.02362204724409449133, -0.3641732283464567121, -0.4035433070866759619 ) ) ;
#5408 = CIRCLE ( 'NONE', #258, 0.02362204724409449133 ) ;
#5409 = ORIENTED_EDGE ( 'NONE', *, *, #1307, .F. ) ;
#5410 = ORIENTED_EDGE ( 'NONE', *, *, #1999, .F. ) ;
#5411 = VERTEX_POINT ( 'NONE', #5551 ) ;
#5412 = CARTESIAN_POINT ( 'NONE',  ( -0.1377952755905511861, -0.1948818897637778491, -0.02755905511811023931 ) ) ;
#5413 = AXIS2_PLACEMENT_3D ( 'NONE', #2798, #4744, #3865 ) ;
#5414 = FACE_OUTER_BOUND ( 'NONE', #5049, .T. ) ;
#5415 = DIRECTION ( 'NONE',  ( 0.000000000000000000, 0.000000000000000000, -1.000000000000000000 ) ) ;
#5416 = ORIENTED_EDGE ( 'NONE', *, *, #3354, .T. ) ;
#5417 = DIRECTION ( 'NONE',  ( 0.000000000000000000, 0.000000000000000000, -1.000000000000000000 ) ) ;
#5418 = EDGE_LOOP ( 'NONE', ( #1622, #2329, #1979, #6191 ) ) ;
#5419 = AXIS2_PLACEMENT_3D ( 'NONE', #2876, #2815, #5725 ) ;
#5420 = CARTESIAN_POINT ( 'NONE',  ( -0.1653543307086614567, 0.1653543307086614567, 0.1181102362204723422 ) ) ;
#5421 = ADVANCED_FACE ( 'NONE', ( #4417 ), #103, .F. ) ;
#5422 = DIRECTION ( 'NONE',  ( 0.000000000000000000, 0.000000000000000000, 1.000000000000000000 ) ) ;
#5423 = LINE ( 'NONE', #4053, #942 ) ;
#5424 = DIRECTION ( 'NONE',  ( 0.000000000000000000, 1.000000000000000000, 0.000000000000000000 ) ) ;
#5425 = CIRCLE ( 'NONE', #2701, 0.02362204724409448092 ) ;
#5426 = VERTEX_POINT ( 'NONE', #4950 ) ;
#5427 = DIRECTION ( 'NONE',  ( -0.000000000000000000, -0.000000000000000000, -1.000000000000000000 ) ) ;
#5428 = LINE ( 'NONE', #2019, #5069 ) ;
#5429 = PLANE ( 'NONE',  #1367 ) ;
#5430 = ORIENTED_EDGE ( 'NONE', *, *, #5934, .F. ) ;
#5431 = DIRECTION ( 'NONE',  ( 0.000000000000000000, 0.000000000000000000, -1.000000000000000000 ) ) ;
#5432 =( LENGTH_UNIT ( ) NAMED_UNIT ( * ) SI_UNIT ( $, .METRE. ) );
#5433 = ORIENTED_EDGE ( 'NONE', *, *, #445, .T. ) ;
#5434 = ADVANCED_FACE ( 'NONE', ( #1090 ), #3478, .T. ) ;
#5435 =( BOUNDED_CURVE ( )  B_SPLINE_CURVE ( 3, ( #3677, #4148, #4181, #876 ),
 .UNSPECIFIED., .F., .T. ) 
 B_SPLINE_CURVE_WITH_KNOTS ( ( 4, 4 ),
 ( 5.606093687488007404, 6.283185307179586232 ),
 .UNSPECIFIED. ) 
 CURVE ( )  GEOMETRIC_REPRESENTATION_ITEM ( )  RATIONAL_B_SPLINE_CURVE ( ( 1.000000000000000000, 0.9621590814643431466, 0.9621590814643431466, 1.000000000000000000 ) ) 
 REPRESENTATION_ITEM ( '' )  );
#5436 = DIRECTION ( 'NONE',  ( 0.000000000000000000, 0.000000000000000000, -1.000000000000000000 ) ) ;
#5437 = ORIENTED_EDGE ( 'NONE', *, *, #4349, .T. ) ;
#5438 = DIRECTION ( 'NONE',  ( 0.000000000000000000, 0.000000000000000000, 1.000000000000000000 ) ) ;
#5439 = LINE ( 'NONE', #5499, #3495 ) ;
#5440 = ORIENTED_EDGE ( 'NONE', *, *, #2619, .F. ) ;
#5441 = EDGE_CURVE ( 'NONE', #4576, #5548, #3003, .T. ) ;
#5442 = CARTESIAN_POINT ( 'NONE',  ( -39.37007874017445630, 0.000000000000000000, -39.72047244094488150 ) ) ;
#5443 = LINE ( 'NONE', #3926, #3759 ) ;
#5444 = CARTESIAN_POINT ( 'NONE',  ( 0.1653543307086614567, -0.2440944881889765827, 0.1181102362204723144 ) ) ;
#5445 = EDGE_LOOP ( 'NONE', ( #5260, #2593, #1093, #4438 ) ) ;
#5446 = LINE ( 'NONE', #3043, #655 ) ;
#5447 = ORIENTED_EDGE ( 'NONE', *, *, #4271, .T. ) ;
#5448 = CARTESIAN_POINT ( 'NONE',  ( 0.04921259842519529193, -0.2244094488188976555, -0.1604330708661451388 ) ) ;
#5449 = CARTESIAN_POINT ( 'NONE',  ( 0.000000000000000000, 0.000000000000000000, -0.3425196850393721348 ) ) ;
#5450 = DIRECTION ( 'NONE',  ( 0.000000000000000000, 0.000000000000000000, -1.000000000000000000 ) ) ;
#5451 = CARTESIAN_POINT ( 'NONE',  ( -0.1338582677165354173, -0.08858267716535432601, -0.2244094488188976555 ) ) ;
#5452 = VERTEX_POINT ( 'NONE', #638 ) ;
#5453 = CARTESIAN_POINT ( 'NONE',  ( -0.07677165354330708902, 1.012501116309718366E-17, 0.1181105395119565610 ) ) ;
#5454 = ADVANCED_FACE ( 'NONE', ( #2557, #3219, #1799, #850 ), #4780, .F. ) ;
#5455 = DIRECTION ( 'NONE',  ( 1.000000000000000000, 0.000000000000000000, 0.000000000000000000 ) ) ;
#5456 = ORIENTED_EDGE ( 'NONE', *, *, #216, .F. ) ;
#5457 = CARTESIAN_POINT ( 'NONE',  ( -0.1653543307086561831, 0.1771653543307086798, 0.1181102362204724116 ) ) ;
#5458 = CARTESIAN_POINT ( 'NONE',  ( 0.000000000000000000, -0.03543307086614172485, -0.2559055118110236671 ) ) ;
#5459 = ORIENTED_EDGE ( 'NONE', *, *, #1881, .T. ) ;
#5460 = DIRECTION ( 'NONE',  ( 0.000000000000000000, 0.6265288906468404750, 0.7793981968062535515 ) ) ;
#5461 = VERTEX_POINT ( 'NONE', #5235 ) ;
#5462 = EDGE_CURVE ( 'NONE', #1565, #996, #4248, .T. ) ;
#5463 = CARTESIAN_POINT ( 'NONE',  ( -0.07086614173228347746, -0.2165354330708582076, -0.1523622047244094502 ) ) ;
#5464 = AXIS2_PLACEMENT_3D ( 'NONE', #1925, #57, #5713 ) ;
#5465 = DIRECTION ( 'NONE',  ( -0.09556829122599462545, -0.02015741183008231893, -0.9952187601027503439 ) ) ;
#5466 = VERTEX_POINT ( 'NONE', #3813 ) ;
#5467 = VECTOR ( 'NONE', #3556, 39.37007874015748143 ) ;
#5468 = EDGE_LOOP ( 'NONE', ( #245, #3603, #6225, #484 ) ) ;
#5469 = EDGE_CURVE ( 'NONE', #5466, #1432, #2858, .T. ) ;
#5470 = FACE_OUTER_BOUND ( 'NONE', #5971, .T. ) ;
#5471 = EDGE_CURVE ( 'NONE', #4673, #4230, #2594, .T. ) ;
#5472 = CARTESIAN_POINT ( 'NONE',  ( -0.05314960629921260116, -0.2404379814153792261, -0.4035433070866141780 ) ) ;
#5473 = CARTESIAN_POINT ( 'NONE',  ( 0.09369943792498360013, -0.2066929133858226575, 0.04330708661417322081 ) ) ;
#5474 = ORIENTED_EDGE ( 'NONE', *, *, #2521, .T. ) ;
#5475 = SPHERICAL_SURFACE ( 'NONE', #241, 0.01181102362204723526 ) ;
#5476 = AXIS2_PLACEMENT_3D ( 'NONE', #4140, #2194, #3110 ) ;
#5477 = ORIENTED_EDGE ( 'NONE', *, *, #664, .T. ) ;
#5478 = VECTOR ( 'NONE', #5396, 39.37007874015748143 ) ;
#5479 = LINE ( 'NONE', #5926, #795 ) ;
#5480 = DIRECTION ( 'NONE',  ( -1.000000000000000000, -0.000000000000000000, -0.000000000000000000 ) ) ;
#5481 = DIRECTION ( 'NONE',  ( -1.000000000000000000, 0.000000000000000000, 0.000000000000000000 ) ) ;
#5482 = CARTESIAN_POINT ( 'NONE',  ( -2.084195964876992019E-17, -0.2047244151071715423, -0.4114173228346457156 ) ) ;
#5483 = ORIENTED_EDGE ( 'NONE', *, *, #4105, .T. ) ;
#5484 = LINE ( 'NONE', #3050, #5214 ) ;
#5485 = CARTESIAN_POINT ( 'NONE',  ( 0.000000000000000000, 0.000000000000000000, -0.4035433070866759619 ) ) ;
#5486 = AXIS2_PLACEMENT_3D ( 'NONE', #2083, #5933, #1612 ) ;
#5487 = DIRECTION ( 'NONE',  ( 0.000000000000000000, 0.000000000000000000, -1.000000000000000000 ) ) ;
#5488 = VECTOR ( 'NONE', #5027, 39.37007874015748143 ) ;
#5489 = ORIENTED_EDGE ( 'NONE', *, *, #63, .T. ) ;
#5490 = CARTESIAN_POINT ( 'NONE',  ( 0.07827572828348251799, -0.09420898660220204668, -0.1173106767536027106 ) ) ;
#5491 = CARTESIAN_POINT ( 'NONE',  ( 0.02952755905511804738, -1.345796689205316841E-17, -0.4114173228346456601 ) ) ;
#5492 = ORIENTED_EDGE ( 'NONE', *, *, #641, .F. ) ;
#5493 = AXIS2_PLACEMENT_3D ( 'NONE', #2462, #4380, #4918 ) ;
#5494 = CARTESIAN_POINT ( 'NONE',  ( 0.1358267716535433156, -0.09448818897636002134, -0.2342519685039369526 ) ) ;
#5495 = ORIENTED_EDGE ( 'NONE', *, *, #5378, .F. ) ;
#5496 = CARTESIAN_POINT ( 'NONE',  ( 0.000000000000000000, -0.2559055118110236671, 0.1181102362204724116 ) ) ;
#5497 = ADVANCED_FACE ( 'NONE', ( #915 ), #5724, .F. ) ;
#5498 = MECHANICAL_DESIGN_GEOMETRIC_PRESENTATION_REPRESENTATION (  '', ( #1170 ), #2774 ) ;
#5499 = CARTESIAN_POINT ( 'NONE',  ( -0.1161417322834645549, -0.1082677165354330312, -0.02755905511811022543 ) ) ;
#5500 = ORIENTED_EDGE ( 'NONE', *, *, #4145, .T. ) ;
#5501 = EDGE_CURVE ( 'NONE', #2913, #4961, #5261, .T. ) ;
#5502 = AXIS2_PLACEMENT_3D ( 'NONE', #1676, #4502, #5585 ) ;
#5503 = ORIENTED_EDGE ( 'NONE', *, *, #1412, .F. ) ;
#5504 = CARTESIAN_POINT ( 'NONE',  ( -0.07721693631942479208, -0.1059098936342561942, -0.1283366102735870595 ) ) ;
#5505 = DIRECTION ( 'NONE',  ( 1.000000000000000000, 0.000000000000000000, 0.000000000000000000 ) ) ;
#5506 = FACE_OUTER_BOUND ( 'NONE', #5345, .T. ) ;
#5507 = ORIENTED_EDGE ( 'NONE', *, *, #1922, .F. ) ;
#5508 = AXIS2_PLACEMENT_3D ( 'NONE', #1507, #109, #2853 ) ;
#5509 = DIRECTION ( 'NONE',  ( -1.000000000000000000, 0.000000000000000000, 0.000000000000000000 ) ) ;
#5510 = ORIENTED_EDGE ( 'NONE', *, *, #2230, .T. ) ;
#5511 = EDGE_CURVE ( 'NONE', #4275, #2616, #4280, .T. ) ;
#5512 = EDGE_CURVE ( 'NONE', #2915, #369, #3687, .T. ) ;
#5513 = AXIS2_PLACEMENT_3D ( 'NONE', #221, #4928, #2153 ) ;
#5514 = CARTESIAN_POINT ( 'NONE',  ( -0.1653543307086608183, -0.2559055118110125093, -0.3425196850393696368 ) ) ;
#5515 = LINE ( 'NONE', #1163, #1469 ) ;
#5516 = CARTESIAN_POINT ( 'NONE',  ( 0.1437007874015747977, -0.2165354330708593456, -0.3425196850393700809 ) ) ;
#5517 = LINE ( 'NONE', #5451, #6116 ) ;
#5518 = EDGE_LOOP ( 'NONE', ( #680, #5091, #1619, #252 ) ) ;
#5519 = CARTESIAN_POINT ( 'NONE',  ( 0.000000000000000000, -0.3405511811023622104, -0.1702755905511737500 ) ) ;
#5520 = AXIS2_PLACEMENT_3D ( 'NONE', #1384, #3306, #2358 ) ;
#5521 = EDGE_CURVE ( 'NONE', #2437, #1635, #5614, .T. ) ;
#5522 = CARTESIAN_POINT ( 'NONE',  ( 0.02362204724409449133, -0.3641732283464567121, -0.4035433070866759619 ) ) ;
#5523 = AXIS2_PLACEMENT_3D ( 'NONE', #5136, #4689, #5740 ) ;
#5524 = ORIENTED_EDGE ( 'NONE', *, *, #3852, .F. ) ;
#5525 = DIRECTION ( 'NONE',  ( -0.06005536072413251991, -0.7779914203927126293, 0.6253980360087676438 ) ) ;
#5526 = DIRECTION ( 'NONE',  ( 0.000000000000000000, 0.000000000000000000, 1.000000000000000000 ) ) ;
#5527 = ORIENTED_EDGE ( 'NONE', *, *, #1496, .T. ) ;
#5528 = CIRCLE ( 'NONE', #3911, 0.07677165354330708902 ) ;
#5529 = CARTESIAN_POINT ( 'NONE',  ( 0.000000000000000000, -0.2165354330708661457, 0.04330708661417323468 ) ) ;
#5530 = ORIENTED_EDGE ( 'NONE', *, *, #762, .F. ) ;
#5531 = DIRECTION ( 'NONE',  ( -1.000000000000000000, 0.000000000000000000, 0.000000000000000000 ) ) ;
#5532 = CARTESIAN_POINT ( 'NONE',  ( -0.07086614173228347746, -0.2066929133858341205, -0.1307086614173228467 ) ) ;
#5533 = ORIENTED_EDGE ( 'NONE', *, *, #4198, .T. ) ;
#5534 = ADVANCED_FACE ( 'NONE', ( #3279 ), #1299, .T. ) ;
#5535 = ORIENTED_EDGE ( 'NONE', *, *, #4570, .F. ) ;
#5536 = CARTESIAN_POINT ( 'NONE',  ( 0.09842519685038969568, -0.1559981091141630360, 0.09251968503937006705 ) ) ;
#5537 = CARTESIAN_POINT ( 'NONE',  ( 0.1771653543307086798, -0.003937007874015707211, -0.1122047244094488139 ) ) ;
#5538 = ADVANCED_FACE ( 'NONE', ( #3248 ), #5167, .F. ) ;
#5539 = PLANE ( 'NONE',  #2294 ) ;
#5540 = ORIENTED_EDGE ( 'NONE', *, *, #722, .F. ) ;
#5541 = DIRECTION ( 'NONE',  ( 1.000000000000000000, 0.000000000000000000, 0.000000000000000000 ) ) ;
#5542 = ORIENTED_EDGE ( 'NONE', *, *, #944, .T. ) ;
#5543 = ADVANCED_FACE ( 'NONE', ( #2273 ), #372, .T. ) ;
#5544 = CARTESIAN_POINT ( 'NONE',  ( 0.1948818897637795422, -0.1023622047244094613, -0.2933070866141732624 ) ) ;
#5545 = PLANE ( 'NONE',  #5088 ) ;
#5546 = LINE ( 'NONE', #272, #5270 ) ;
#5547 = EDGE_CURVE ( 'NONE', #2093, #6243, #3748, .T. ) ;
#5548 = VERTEX_POINT ( 'NONE', #4656 ) ;
#5549 = FACE_OUTER_BOUND ( 'NONE', #1501, .T. ) ;
#5550 = CARTESIAN_POINT ( 'NONE',  ( -0.05905511811023622659, -0.2510236220472440993, -0.1879133858267716672 ) ) ;
#5551 = CARTESIAN_POINT ( 'NONE',  ( 0.02559055118110236879, 0.000000000000000000, -0.3503933938777271662 ) ) ;
#5552 = CARTESIAN_POINT ( 'NONE',  ( -0.1358267716535433156, -0.08267716535433070058, -0.2244094488188976555 ) ) ;
#5553 = ORIENTED_EDGE ( 'NONE', *, *, #5399, .T. ) ;
#5554 = DIRECTION ( 'NONE',  ( 0.000000000000000000, 1.000000000000000000, -1.334402673828313043E-15 ) ) ;
#5555 = EDGE_CURVE ( 'NONE', #4870, #3791, #5201, .T. ) ;
#5556 = DIRECTION ( 'NONE',  ( 0.000000000000000000, 0.000000000000000000, 1.000000000000000000 ) ) ;
#5557 = DIRECTION ( 'NONE',  ( 0.000000000000000000, 0.000000000000000000, 1.000000000000000000 ) ) ;
#5558 = EDGE_LOOP ( 'NONE', ( #2495, #5756, #1102, #556 ) ) ;
#5559 = ORIENTED_EDGE ( 'NONE', *, *, #731, .F. ) ;
#5560 = PRESENTATION_STYLE_ASSIGNMENT (( #1714 ) ) ;
#5561 = FACE_OUTER_BOUND ( 'NONE', #4300, .T. ) ;
#5562 = ORIENTED_EDGE ( 'NONE', *, *, #4839, .F. ) ;
#5563 = DIRECTION ( 'NONE',  ( 0.000000000000000000, 0.000000000000000000, -1.000000000000000000 ) ) ;
#5564 = VERTEX_POINT ( 'NONE', #338 ) ;
#5565 = CLOSED_SHELL ( 'NONE', ( #2417, #997, #1423, #3160, #2758, #6133, #6045, #1035, #4846, #2110, #1269, #2041, #1705, #1203, #2914, #6061, #5588, #5046 ) ) ;
#5566 = CARTESIAN_POINT ( 'NONE',  ( -0.09251968503937006705, -0.2116141732283464416, -0.3425196850393700809 ) ) ;
#5567 = DIRECTION ( 'NONE',  ( -0.000000000000000000, -0.000000000000000000, -1.000000000000000000 ) ) ;
#5568 = ORIENTED_EDGE ( 'NONE', *, *, #223, .F. ) ;
#5569 = DIRECTION ( 'NONE',  ( -1.000000000000000000, 4.336808689942018998E-14, 0.000000000000000000 ) ) ;
#5570 = EDGE_CURVE ( 'NONE', #3317, #4945, #2803, .T. ) ;
#5571 = ORIENTED_EDGE ( 'NONE', *, *, #5155, .F. ) ;
#5572 = LINE ( 'NONE', #3526, #490 ) ;
#5573 = CARTESIAN_POINT ( 'NONE',  ( 0.04921259842519529193, -0.2165354330708627317, -0.1525590551181102150 ) ) ;
#5574 = STYLED_ITEM ( 'NONE', ( #3510 ), #824 ) ;
#5575 = DIRECTION ( 'NONE',  ( 0.000000000000000000, 0.000000000000000000, -1.000000000000000000 ) ) ;
#5576 = EDGE_CURVE ( 'NONE', #318, #3342, #403, .T. ) ;
#5577 = ORIENTED_EDGE ( 'NONE', *, *, #4854, .T. ) ;
#5578 = DIRECTION ( 'NONE',  ( 0.000000000000000000, 0.8274696005519566189, -0.5615105165198470694 ) ) ;
#5579 = DIRECTION ( 'NONE',  ( 0.000000000000000000, 7.228014483236698528E-16, -1.000000000000000000 ) ) ;
#5580 = VECTOR ( 'NONE', #2679, 39.37007874015748143 ) ;
#5581 = EDGE_CURVE ( 'NONE', #1933, #733, #3312, .T. ) ;
#5582 = CARTESIAN_POINT ( 'NONE',  ( -0.09842519685038861321, -0.1831060488770544781, 0.09251968503937008093 ) ) ;
#5583 = LINE ( 'NONE', #211, #2066 ) ;
#5584 = ORIENTED_EDGE ( 'NONE', *, *, #3847, .T. ) ;
#5585 = DIRECTION ( 'NONE',  ( 0.000000000000000000, 0.000000000000000000, -1.000000000000000000 ) ) ;
#5586 = LINE ( 'NONE', #2311, #1959 ) ;
#5587 = AXIS2_PLACEMENT_3D ( 'NONE', #562, #5541, #4996 ) ;
#5588 = ADVANCED_FACE ( 'NONE', ( #1013 ), #1540, .T. ) ;
#5589 = EDGE_CURVE ( 'NONE', #1833, #19, #3460, .T. ) ;
#5590 = CONICAL_SURFACE ( 'NONE', #2865, 0.07670040910862593875, 0.7853961881176586557 ) ;
#5591 = PLANE ( 'NONE',  #4871 ) ;
#5592 = ORIENTED_EDGE ( 'NONE', *, *, #449, .T. ) ;
#5593 = ORIENTED_EDGE ( 'NONE', *, *, #4066, .F. ) ;
#5594 = PLANE ( 'NONE',  #3762 ) ;
#5595 = EDGE_LOOP ( 'NONE', ( #520, #5632 ) ) ;
#5596 = AXIS2_PLACEMENT_3D ( 'NONE', #6064, #3655, #1232 ) ;
#5597 = CARTESIAN_POINT ( 'NONE',  ( -0.09842519685039369248, -0.2066929133858267931, -0.1811023622047244486 ) ) ;
#5598 = EDGE_LOOP ( 'NONE', ( #3829, #6007, #4998, #4751 ) ) ;
#5599 = VECTOR ( 'NONE', #4711, 39.37007874015748143 ) ;
#5600 = LINE ( 'NONE', #5566, #5274 ) ;
#5601 = DIRECTION ( 'NONE',  ( 0.000000000000000000, 0.000000000000000000, 1.000000000000000000 ) ) ;
#5602 = ORIENTED_EDGE ( 'NONE', *, *, #5348, .F. ) ;
#5603 = VERTEX_POINT ( 'NONE', #20 ) ;
#5604 = AXIS2_PLACEMENT_3D ( 'NONE', #4940, #3375, #506 ) ;
#5605 = CARTESIAN_POINT ( 'NONE',  ( 0.1653543307086614567, -0.2440944881889764162, 0.1181102362204577982 ) ) ;
#5606 = LINE ( 'NONE', #361, #867 ) ;
#5607 = AXIS2_PLACEMENT_3D ( 'NONE', #3138, #6048, #4960 ) ;
#5608 = CARTESIAN_POINT ( 'NONE',  ( -0.001933169182311834672, -0.2077239569094671556, -0.4114173228346457711 ) ) ;
#5609 = DIRECTION ( 'NONE',  ( 0.000000000000000000, 0.000000000000000000, -1.000000000000000000 ) ) ;
#5610 = ORIENTED_EDGE ( 'NONE', *, *, #4386, .F. ) ;
#5611 = CARTESIAN_POINT ( 'NONE',  ( -0.07774971409796657684, -0.09595298097125991299, -0.1227884265259375218 ) ) ;
#5612 = AXIS2_PLACEMENT_3D ( 'NONE', #5020, #193, #676 ) ;
#5613 = EDGE_CURVE ( 'NONE', #5858, #6169, #5358, .T. ) ;
#5614 = LINE ( 'NONE', #1328, #6033 ) ;
#5615 = DIRECTION ( 'NONE',  ( 0.000000000000000000, 0.000000000000000000, -1.000000000000000000 ) ) ;
#5616 = EDGE_LOOP ( 'NONE', ( #4351, #398, #3951, #6164 ) ) ;
#5617 = CYLINDRICAL_SURFACE ( 'NONE', #1874, 0.02559055118110236532 ) ;
#5618 = AXIS2_PLACEMENT_3D ( 'NONE', #3245, #5161, #1919 ) ;
#5619 = DIRECTION ( 'NONE',  ( 1.000000000000000000, 0.000000000000000000, 0.000000000000000000 ) ) ;
#5620 = AXIS2_PLACEMENT_3D ( 'NONE', #4193, #6182, #2333 ) ;
#5621 = LINE ( 'NONE', #2776, #3172 ) ;
#5622 = VERTEX_POINT ( 'NONE', #4937 ) ;
#5623 = EDGE_CURVE ( 'NONE', #4832, #1584, #3812, .T. ) ;
#5624 = VERTEX_POINT ( 'NONE', #4341 ) ;
#5625 = CIRCLE ( 'NONE', #1095, 0.02559055118110236532 ) ;
#5626 = CARTESIAN_POINT ( 'NONE',  ( 4.802076551362962766E-17, -0.2066929133858267931, -0.4035433070866135674 ) ) ;
#5627 = AXIS2_PLACEMENT_3D ( 'NONE', #294, #5217, #2693 ) ;
#5628 = ORIENTED_EDGE ( 'NONE', *, *, #5934, .T. ) ;
#5629 = LINE ( 'NONE', #6075, #431 ) ;
#5630 = LINE ( 'NONE', #5220, #4999 ) ;
#5631 = EDGE_CURVE ( 'NONE', #598, #5301, #2955, .T. ) ;
#5632 = ORIENTED_EDGE ( 'NONE', *, *, #3106, .F. ) ;
#5633 = CARTESIAN_POINT ( 'NONE',  ( 0.09774739037101168315, -0.1972229848469832791, 0.08546121705440823391 ) ) ;
#5634 = ORIENTED_EDGE ( 'NONE', *, *, #2079, .F. ) ;
#5635 =( BOUNDED_CURVE ( )  B_SPLINE_CURVE ( 3, ( #3461, #4430, #3905, #5263 ),
 .UNSPECIFIED., .F., .T. ) 
 B_SPLINE_CURVE_WITH_KNOTS ( ( 4, 4 ),
 ( 2.464501033898377713, 3.141592653589793116 ),
 .UNSPECIFIED. ) 
 CURVE ( )  GEOMETRIC_REPRESENTATION_ITEM ( )  RATIONAL_B_SPLINE_CURVE ( ( 1.000000000000000000, 0.9621590814643613543, 0.9621590814643613543, 1.000000000000000000 ) ) 
 REPRESENTATION_ITEM ( '' )  );
#5636 = DIRECTION ( 'NONE',  ( 0.000000000000000000, 0.000000000000000000, -1.000000000000000000 ) ) ;
#5637 = DIRECTION ( 'NONE',  ( 0.000000000000000000, 0.000000000000000000, -1.000000000000000000 ) ) ;
#5638 = CARTESIAN_POINT ( 'NONE',  ( 0.07719779690214985390, -0.09606939220001292634, -0.1285359222722118888 ) ) ;
#5639 = ORIENTED_EDGE ( 'NONE', *, *, #2152, .F. ) ;
#5640 = DIRECTION ( 'NONE',  ( -0.000000000000000000, -0.000000000000000000, -1.000000000000000000 ) ) ;
#5641 = DIRECTION ( 'NONE',  ( 0.000000000000000000, 0.000000000000000000, 1.000000000000000000 ) ) ;
#5642 = ORIENTED_EDGE ( 'NONE', *, *, #4816, .T. ) ;
#5643 = DIRECTION ( 'NONE',  ( 0.000000000000000000, 6.672013369141565217E-16, 1.000000000000000000 ) ) ;
#5644 = CARTESIAN_POINT ( 'NONE',  ( 0.04330708661427264822, 0.06339071727592490713, -0.4035433070866754623 ) ) ;
#5645 = ORIENTED_EDGE ( 'NONE', *, *, #567, .F. ) ;
#5646 = DIRECTION ( 'NONE',  ( 0.000000000000000000, 0.000000000000000000, -1.000000000000000000 ) ) ;
#5647 = DIRECTION ( 'NONE',  ( 0.000000000000000000, 0.000000000000000000, -1.000000000000000000 ) ) ;
#5648 = EDGE_CURVE ( 'NONE', #3162, #315, #4506, .T. ) ;
#5649 = PLANE ( 'NONE',  #447 ) ;
#5650 = ORIENTED_EDGE ( 'NONE', *, *, #3817, .F. ) ;
#5651 = PLANE ( 'NONE',  #249 ) ;
#5652 = EDGE_CURVE ( 'NONE', #2562, #5080, #5528, .T. ) ;
#5653 = VERTEX_POINT ( 'NONE', #5295 ) ;
#5654 = EDGE_CURVE ( 'NONE', #5315, #268, #6244, .T. ) ;
#5655 = DIRECTION ( 'NONE',  ( -1.000000000000000000, 5.042130847504697108E-32, 6.528139279297708437E-15 ) ) ;
#5656 = ORIENTED_EDGE ( 'NONE', *, *, #3159, .T. ) ;
#5657 = CARTESIAN_POINT ( 'NONE',  ( 0.09806402617342414862, -0.1453161906070713771, 0.08875856481106005058 ) ) ;
#5658 = FACE_OUTER_BOUND ( 'NONE', #110, .T. ) ;
#5659 = CARTESIAN_POINT ( 'NONE',  ( 0.09591406631378135428, -0.2066929133858267653, 0.06636954478846084082 ) ) ;
#5660 = VERTEX_POINT ( 'NONE', #53 ) ;
#5661 = VERTEX_POINT ( 'NONE', #1073 ) ;
#5662 = CLOSED_SHELL ( 'NONE', ( #5497, #542, #300, #2281, #5454, #1530, #1057, #5534, #2384, #1512, #15, #5228, #3120, #5543, #6005, #1798, #2244, #1837, #5739, #1304, #248, #6159, #2140, #5008 ) ) ;
#5663 = ADVANCED_FACE ( 'NONE', ( #3961 ), #1480, .T. ) ;
#5664 = EDGE_CURVE ( 'NONE', #611, #3162, #2503, .T. ) ;
#5665 = DIRECTION ( 'NONE',  ( -1.000000000000000000, 0.000000000000000000, 0.000000000000000000 ) ) ;
#5666 =( NAMED_UNIT ( * ) PLANE_ANGLE_UNIT ( ) SI_UNIT ( $, .RADIAN. ) );
#5667 = CARTESIAN_POINT ( 'NONE',  ( -0.08858232721500801377, 1.084820634848830508E-17, 0.1299212598425196763 ) ) ;
#5668 = LINE ( 'NONE', #4742, #4486 ) ;
#5669 = ORIENTED_EDGE ( 'NONE', *, *, #2262, .F. ) ;
#5670 = PRESENTATION_STYLE_ASSIGNMENT (( #5796 ) ) ;
#5671 = FACE_OUTER_BOUND ( 'NONE', #4037, .T. ) ;
#5672 = VECTOR ( 'NONE', #3040, 39.37007874015748143 ) ;
#5673 = ORIENTED_EDGE ( 'NONE', *, *, #1617, .F. ) ;
#5674 =( BOUNDED_CURVE ( )  B_SPLINE_CURVE ( 3, ( #2284, #2778, #6192, #3256 ),
 .UNSPECIFIED., .F., .T. ) 
 B_SPLINE_CURVE_WITH_KNOTS ( ( 4, 4 ),
 ( 0.000000000000000000, 0.009107948249135649002 ),
 .UNSPECIFIED. ) 
 CURVE ( )  GEOMETRIC_REPRESENTATION_ITEM ( )  RATIONAL_B_SPLINE_CURVE ( ( 1.000000000000000000, 0.9999317736401774903, 0.9999317736401774903, 1.000000000000000000 ) ) 
 REPRESENTATION_ITEM ( '' )  );
#5675 = VECTOR ( 'NONE', #5181, 39.37007874015748143 ) ;
#5676 = DIRECTION ( 'NONE',  ( 1.000000000000000000, 0.000000000000000000, 0.000000000000000000 ) ) ;
#5677 = CARTESIAN_POINT ( 'NONE',  ( -0.1377952755905511861, -0.2057086614173228578, -0.3425196850393701364 ) ) ;
#5678 = EDGE_LOOP ( 'NONE', ( #1869, #4034, #3422, #1855 ) ) ;
#5679 = CARTESIAN_POINT ( 'NONE',  ( 0.1830708661417495553, -0.3641732283464567121, -0.2933070866141732624 ) ) ;
#5680 = SURFACE_SIDE_STYLE ('',( #2773 ) ) ;
#5681 = VECTOR ( 'NONE', #3752, 39.37007874015748143 ) ;
#5682 = DIRECTION ( 'NONE',  ( 1.000000000000000000, 0.000000000000000000, 0.000000000000000000 ) ) ;
#5683 = AXIS2_PLACEMENT_3D ( 'NONE', #6088, #1670, #4497 ) ;
#5684 = ORIENTED_EDGE ( 'NONE', *, *, #928, .T. ) ;
#5685 = DIRECTION ( 'NONE',  ( -1.000000000000000000, 0.000000000000000000, 0.000000000000000000 ) ) ;
#5686 = ORIENTED_EDGE ( 'NONE', *, *, #679, .F. ) ;
#5687 = AXIS2_PLACEMENT_3D ( 'NONE', #3551, #4084, #5569 ) ;
#5688 = ADVANCED_FACE ( 'NONE', ( #4369 ), #3408, .T. ) ;
#5689 = LINE ( 'NONE', #1282, #3105 ) ;
#5690 = ORIENTED_EDGE ( 'NONE', *, *, #3380, .T. ) ;
#5691 = CARTESIAN_POINT ( 'NONE',  ( 0.09738268590997964380, -0.1364897199484855772, 0.08166329708693122191 ) ) ;
#5692 = DIRECTION ( 'NONE',  ( 1.000000000000000000, 0.000000000000000000, 0.000000000000000000 ) ) ;
#5693 = CIRCLE ( 'NONE', #4279, 0.08858232721500805540 ) ;
#5694 = CARTESIAN_POINT ( 'NONE',  ( 0.000000000000000000, 0.000000000000000000, -0.4153543307085997838 ) ) ;
#5695 = ORIENTED_EDGE ( 'NONE', *, *, #1141, .T. ) ;
#5696 = EDGE_CURVE ( 'NONE', #1584, #1058, #4818, .T. ) ;
#5697 = ORIENTED_EDGE ( 'NONE', *, *, #2043, .T. ) ;
#5698 = AXIS2_PLACEMENT_3D ( 'NONE', #1906, #5245, #1400 ) ;
#5699 = AXIS2_PLACEMENT_3D ( 'NONE', #64, #3442, #96 ) ;
#5700 = LINE ( 'NONE', #3270, #4612 ) ;
#5701 = CARTESIAN_POINT ( 'NONE',  ( 0.1653543307086614567, -0.2559055118110125093, -0.3425196850393696368 ) ) ;
#5702 = DIRECTION ( 'NONE',  ( 1.000000000000000000, 0.000000000000000000, 0.000000000000000000 ) ) ;
#5703 = CARTESIAN_POINT ( 'NONE',  ( 0.07086614173228347746, -0.2165354330708582076, -0.1307086614173228190 ) ) ;
#5704 = VERTEX_POINT ( 'NONE', #3904 ) ;
#5705 = VECTOR ( 'NONE', #213, 39.37007874015748143 ) ;
#5706 = FACE_OUTER_BOUND ( 'NONE', #2596, .T. ) ;
#5707 = DIRECTION ( 'NONE',  ( -1.000000000000000000, -0.000000000000000000, -0.000000000000000000 ) ) ;
#5708 = EDGE_CURVE ( 'NONE', #789, #5373, #1513, .T. ) ;
#5709 = ORIENTED_EDGE ( 'NONE', *, *, #762, .T. ) ;
#5710 = VECTOR ( 'NONE', #649, 39.37007874015748143 ) ;
#5711 = DIRECTION ( 'NONE',  ( -0.000000000000000000, -0.000000000000000000, -1.000000000000000000 ) ) ;
#5712 = PLANE ( 'NONE',  #4379 ) ;
#5713 = DIRECTION ( 'NONE',  ( 0.000000000000000000, 1.000000000000000000, 0.000000000000000000 ) ) ;
#5714 = CARTESIAN_POINT ( 'NONE',  ( 0.1377952755905512139, -0.1948818897637795422, -0.1850393700787402174 ) ) ;
#5715 = ORIENTED_EDGE ( 'NONE', *, *, #5883, .T. ) ;
#5716 = DIRECTION ( 'NONE',  ( -1.000000000000000000, 0.000000000000000000, 0.000000000000000000 ) ) ;
#5717 = CARTESIAN_POINT ( 'NONE',  ( 0.000000000000000000, 0.000000000000000000, -0.2677165354330753866 ) ) ;
#5718 = ADVANCED_FACE ( 'NONE', ( #89 ), #2986, .T. ) ;
#5719 = AXIS2_PLACEMENT_3D ( 'NONE', #518, #5822, #5880 ) ;
#5720 = LINE ( 'NONE', #924, #2159 ) ;
#5721 = AXIS2_PLACEMENT_3D ( 'NONE', #3875, #6221, #3821 ) ;
#5722 = ORIENTED_EDGE ( 'NONE', *, *, #102, .F. ) ;
#5723 = EDGE_LOOP ( 'NONE', ( #4983, #6152, #3707, #1675 ) ) ;
#5724 = CONICAL_SURFACE ( 'NONE', #1897, 0.02554303790188743387, 0.7853921668891779007 ) ;
#5725 = DIRECTION ( 'NONE',  ( 0.000000000000000000, 1.000000000000000000, 0.000000000000000000 ) ) ;
#5726 = ORIENTED_EDGE ( 'NONE', *, *, #5781, .F. ) ;
#5727 = CIRCLE ( 'NONE', #2199, 0.007874015748031584425 ) ;
#5728 = FACE_OUTER_BOUND ( 'NONE', #101, .T. ) ;
#5729 = ORIENTED_EDGE ( 'NONE', *, *, #4757, .F. ) ;
#5730 = ORIENTED_EDGE ( 'NONE', *, *, #3106, .T. ) ;
#5731 = DIRECTION ( 'NONE',  ( -1.000000000000000000, 0.000000000000000000, 0.000000000000000000 ) ) ;
#5732 = DIRECTION ( 'NONE',  ( -1.000000000000000000, 0.000000000000000000, 0.000000000000000000 ) ) ;
#5733 = DIRECTION ( 'NONE',  ( -1.000000000000000000, 0.000000000000000000, 0.000000000000000000 ) ) ;
#5734 = DIRECTION ( 'NONE',  ( 0.7071025410021729574, 0.000000000000000000, 0.7071110213454958604 ) ) ;
#5735 = CIRCLE ( 'NONE', #2604, 0.04921259842519682542 ) ;
#5736 = ORIENTED_EDGE ( 'NONE', *, *, #4254, .F. ) ;
#5737 = DIRECTION ( 'NONE',  ( -0.000000000000000000, 1.000000000000000000, 0.000000000000000000 ) ) ;
#5738 = VERTEX_POINT ( 'NONE', #4908 ) ;
#5739 = ADVANCED_FACE ( 'NONE', ( #5863 ), #2514, .T. ) ;
#5740 = DIRECTION ( 'NONE',  ( 0.7071067811865479058, -0.7071067811865472397, 0.000000000000000000 ) ) ;
#5741 = FACE_OUTER_BOUND ( 'NONE', #2439, .T. ) ;
#5742 = ORIENTED_EDGE ( 'NONE', *, *, #2603, .T. ) ;
#5743 = DIRECTION ( 'NONE',  ( -1.000000000000000000, 0.000000000000000000, 0.000000000000000000 ) ) ;
#5744 = EDGE_LOOP ( 'NONE', ( #4737, #2657, #3523, #1651, #2119, #10, #1401, #3277, #4897, #3872, #2709, #1845, #2458, #6072, #2881, #2924, #2246, #2860 ) ) ;
#5745 = CARTESIAN_POINT ( 'NONE',  ( 0.07874015748031495954, -0.01771653543307007833, -0.3425196850393761872 ) ) ;
#5746 = FACE_OUTER_BOUND ( 'NONE', #5987, .T. ) ;
#5747 = EDGE_CURVE ( 'NONE', #1521, #677, #4967, .T. ) ;
#5748 = CARTESIAN_POINT ( 'NONE',  ( 0.04921259842519432048, -0.2474539693460321155, -0.4035433070866141780 ) ) ;
#5749 = ORIENTED_EDGE ( 'NONE', *, *, #5570, .F. ) ;
#5750 = CARTESIAN_POINT ( 'NONE',  ( -8.897637452389485060E-12, -0.1364897199484951251, 0.08166329708693224887 ) ) ;
#5751 = ORIENTED_EDGE ( 'NONE', *, *, #2034, .T. ) ;
#5752 = LINE ( 'NONE', #37, #690 ) ;
#5753 = ORIENTED_EDGE ( 'NONE', *, *, #3347, .F. ) ;
#5754 = CARTESIAN_POINT ( 'NONE',  ( 0.000000000000000000, -0.2066929133858267931, -0.4153543307086614012 ) ) ;
#5755 = EDGE_LOOP ( 'NONE', ( #2971, #5447, #3293, #5477 ) ) ;
#5756 = ORIENTED_EDGE ( 'NONE', *, *, #4080, .F. ) ;
#5757 = CARTESIAN_POINT ( 'NONE',  ( 0.1751968503937007815, -0.1023622047244094613, -0.3425196850393700809 ) ) ;
#5758 = LINE ( 'NONE', #1436, #1177 ) ;
#5759 = LINE ( 'NONE', #5856, #4857 ) ;
#5760 = PLANE ( 'NONE',  #1983 ) ;
#5761 = VERTEX_POINT ( 'NONE', #1606 ) ;
#5762 = FACE_OUTER_BOUND ( 'NONE', #6019, .T. ) ;
#5763 = PLANE ( 'NONE',  #4268 ) ;
#5764 = ORIENTED_EDGE ( 'NONE', *, *, #2528, .F. ) ;
#5765 = DIRECTION ( 'NONE',  ( 0.000000000000000000, 0.000000000000000000, -1.000000000000000000 ) ) ;
#5766 = EDGE_CURVE ( 'NONE', #297, #3571, #5572, .T. ) ;
#5767 = CARTESIAN_POINT ( 'NONE',  ( 0.000000000000000000, -0.05118110236220473064, -0.2559055118110236671 ) ) ;
#5768 = DIRECTION ( 'NONE',  ( 0.000000000000000000, 0.000000000000000000, 1.000000000000000000 ) ) ;
#5769 = FACE_OUTER_BOUND ( 'NONE', #1420, .T. ) ;
#5770 = ORIENTED_EDGE ( 'NONE', *, *, #3958, .F. ) ;
#5771 = CARTESIAN_POINT ( 'NONE',  ( -0.02755905511811023931, 0.000000000000000000, -0.4153543307086001724 ) ) ;
#5772 = DIRECTION ( 'NONE',  ( -0.000000000000000000, -1.000000000000000000, -0.000000000000000000 ) ) ;
#5773 = ADVANCED_FACE ( 'NONE', ( #2106 ), #1697, .T. ) ;
#5774 = VECTOR ( 'NONE', #1381, 39.37007874015748143 ) ;
#5775 = DIRECTION ( 'NONE',  ( -0.000000000000000000, -0.000000000000000000, -1.000000000000000000 ) ) ;
#5776 = VERTEX_POINT ( 'NONE', #5448 ) ;
#5777 = DIRECTION ( 'NONE',  ( -1.000000000000000000, 0.000000000000000000, 0.000000000000000000 ) ) ;
#5778 = VECTOR ( 'NONE', #1842, 39.37007874015748143 ) ;
#5779 = ORIENTED_EDGE ( 'NONE', *, *, #4262, .T. ) ;
#5780 = ADVANCED_FACE ( 'NONE', ( #6025, #1223, #3618, #270 ), #3143, .F. ) ;
#5781 = EDGE_CURVE ( 'NONE', #2760, #1956, #4490, .T. ) ;
#5782 = VECTOR ( 'NONE', #1486, 39.37007874015748143 ) ;
#5783 = CYLINDRICAL_SURFACE ( 'NONE', #173, 0.02165354330708663816 ) ;
#5784 = ORIENTED_EDGE ( 'NONE', *, *, #3335, .T. ) ;
#5785 = CARTESIAN_POINT ( 'NONE',  ( -2.084195964876992019E-17, -0.2047244151071715423, -0.4114173228346457156 ) ) ;
#5786 = VERTEX_POINT ( 'NONE', #4025 ) ;
#5787 = EDGE_LOOP ( 'NONE', ( #5830, #5279, #2422, #4501 ) ) ;
#5788 = EDGE_CURVE ( 'NONE', #3777, #5315, #175, .T. ) ;
#5789 = ORIENTED_EDGE ( 'NONE', *, *, #6202, .F. ) ;
#5790 = VECTOR ( 'NONE', #2122, 39.37007874015748143 ) ;
#5791 = DIRECTION ( 'NONE',  ( 0.000000000000000000, 1.000000000000000000, -1.334402673828313043E-15 ) ) ;
#5792 = PLANE ( 'NONE',  #4189 ) ;
#5793 = DIRECTION ( 'NONE',  ( 0.000000000000000000, 0.000000000000000000, -1.000000000000000000 ) ) ;
#5794 = PLANE ( 'NONE',  #5508 ) ;
#5795 = VERTEX_POINT ( 'NONE', #1254 ) ;
#5796 = SURFACE_STYLE_USAGE ( .BOTH. , #399 ) ;
#5797 = LINE ( 'NONE', #4841, #3468 ) ;
#5798 = VERTEX_POINT ( 'NONE', #5060 ) ;
#5799 = VECTOR ( 'NONE', #1488, 39.37007874015748143 ) ;
#5800 = DIRECTION ( 'NONE',  ( 0.000000000000000000, -1.000000000000000000, 0.000000000000000000 ) ) ;
#5801 = CARTESIAN_POINT ( 'NONE',  ( 0.09251968503937006705, -0.2116141732283464416, -0.3425196850393700809 ) ) ;
#5802 = COLOUR_RGB ( '',0.7921568627450980005, 0.8196078431372548767, 0.9333333333333333481 ) ;
#5803 = CIRCLE ( 'NONE', #3886, 0.03543307086614173873 ) ;
#5804 = ORIENTED_EDGE ( 'NONE', *, *, #2393, .F. ) ;
#5805 = CARTESIAN_POINT ( 'NONE',  ( 0.09103905464666360581, -0.05431069983293937420, 0.01560267426486236335 ) ) ;
#5806 = EDGE_LOOP ( 'NONE', ( #464, #2753, #156, #978 ) ) ;
#5807 = DIRECTION ( 'NONE',  ( -0.000000000000000000, -1.000000000000000000, -0.000000000000000000 ) ) ;
#5808 = LINE ( 'NONE', #4376, #133 ) ;
#5809 = ADVANCED_FACE ( 'NONE', ( #5989 ), #4458, .F. ) ;
#5810 = AXIS2_PLACEMENT_3D ( 'NONE', #536, #983, #5838 ) ;
#5811 = CARTESIAN_POINT ( 'NONE',  ( -0.07086614173228347746, -0.2165354330708582076, -0.1307086614173228467 ) ) ;
#5812 = EDGE_CURVE ( 'NONE', #2093, #1432, #4550, .T. ) ;
#5813 = EDGE_LOOP ( 'NONE', ( #358, #1560, #553, #455, #6052, #1407, #3262, #3661, #5722, #4548, #498, #5709 ) ) ;
#5814 = DIRECTION ( 'NONE',  ( 0.000000000000000000, -1.000000000000000000, 0.000000000000000000 ) ) ;
#5815 = VECTOR ( 'NONE', #3429, 39.37007874015748143 ) ;
#5816 = CARTESIAN_POINT ( 'NONE',  ( 0.05886608775321167802, -0.1097804830027100248, -0.3194366971602751737 ) ) ;
#5817 = VERTEX_POINT ( 'NONE', #1631 ) ;
#5818 = AXIS2_PLACEMENT_3D ( 'NONE', #1188, #741, #3613 ) ;
#5819 = DIRECTION ( 'NONE',  ( -0.000000000000000000, -0.000000000000000000, -1.000000000000000000 ) ) ;
#5820 = EDGE_LOOP ( 'NONE', ( #43, #3756, #5305, #6162 ) ) ;
#5821 = EDGE_CURVE ( 'NONE', #5795, #4345, #5727, .T. ) ;
#5822 = DIRECTION ( 'NONE',  ( 0.000000000000000000, 7.228014483236698528E-16, -1.000000000000000000 ) ) ;
#5823 = ORIENTED_EDGE ( 'NONE', *, *, #5318, .F. ) ;
#5824 = AXIS2_PLACEMENT_3D ( 'NONE', #4787, #1048, #5716 ) ;
#5825 = DIRECTION ( 'NONE',  ( 0.000000000000000000, 0.000000000000000000, 1.000000000000000000 ) ) ;
#5826 = EDGE_CURVE ( 'NONE', #6112, #2602, #2075, .T. ) ;
#5827 = LINE ( 'NONE', #3897, #1840 ) ;
#5828 = EDGE_CURVE ( 'NONE', #5624, #1318, #5479, .T. ) ;
#5829 = DIRECTION ( 'NONE',  ( -0.000000000000000000, -0.000000000000000000, -1.000000000000000000 ) ) ;
#5830 = ORIENTED_EDGE ( 'NONE', *, *, #1110, .T. ) ;
#5831 = CARTESIAN_POINT ( 'NONE',  ( 0.1161417322834645827, -0.09842519685039369248, -0.2834645669291338543 ) ) ;
#5832 = ORIENTED_EDGE ( 'NONE', *, *, #1967, .F. ) ;
#5833 = VECTOR ( 'NONE', #980, 39.37007874015748143 ) ;
#5834 = CARTESIAN_POINT ( 'NONE',  ( 0.1830708661417322636, -0.1023622047244094613, -0.2933070866141732624 ) ) ;
#5835 = DIRECTION ( 'NONE',  ( -1.000000000000000000, -0.000000000000000000, -0.000000000000000000 ) ) ;
#5836 = AXIS2_PLACEMENT_3D ( 'NONE', #1004, #1505, #1914 ) ;
#5837 = VERTEX_POINT ( 'NONE', #1162 ) ;
#5838 = DIRECTION ( 'NONE',  ( -1.000000000000000000, 0.000000000000000000, 0.000000000000000000 ) ) ;
#5839 = VERTEX_POINT ( 'NONE', #5514 ) ;
#5840 = DIRECTION ( 'NONE',  ( -0.000000000000000000, -1.000000000000000000, -0.000000000000000000 ) ) ;
#5841 = PLANE ( 'NONE',  #3163 ) ;
#5842 = PLANE ( 'NONE',  #5699 ) ;
#5843 = ORIENTED_EDGE ( 'NONE', *, *, #379, .T. ) ;
#5844 = CARTESIAN_POINT ( 'NONE',  ( -0.04133858267716536417, 5.062516295687877716E-18, -0.2559055118110176164 ) ) ;
#5845 = CARTESIAN_POINT ( 'NONE',  ( 0.1161417322834645827, -0.08267716535433072833, -0.2834645669291338543 ) ) ;
#5846 = EDGE_CURVE ( 'NONE', #4913, #3104, #1130, .T. ) ;
#5847 = ORIENTED_EDGE ( 'NONE', *, *, #3819, .T. ) ;
#5848 = PLANE ( 'NONE',  #588 ) ;
#5849 = ORIENTED_EDGE ( 'NONE', *, *, #5828, .T. ) ;
#5850 = EDGE_CURVE ( 'NONE', #5837, #1829, #1198, .T. ) ;
#5851 = CARTESIAN_POINT ( 'NONE',  ( 0.1771653543307086798, 0.1653543307086614844, 1.878145495644181037E-15 ) ) ;
#5852 = ORIENTED_EDGE ( 'NONE', *, *, #1683, .T. ) ;
#5853 = ADVANCED_FACE ( 'NONE', ( #4051 ), #1194, .T. ) ;
#5854 = ORIENTED_EDGE ( 'NONE', *, *, #2533, .T. ) ;
#5855 = CYLINDRICAL_SURFACE ( 'NONE', #91, 0.02952755905511812023 ) ;
#5856 = CARTESIAN_POINT ( 'NONE',  ( -0.1555118110236220208, -0.04718005250885828200, -0.4035433070866141225 ) ) ;
#5857 = LINE ( 'NONE', #3898, #5815 ) ;
#5858 = VERTEX_POINT ( 'NONE', #2167 ) ;
#5859 = CARTESIAN_POINT ( 'NONE',  ( 0.09251968503937006705, -0.2165354330708593456, -0.3425196850393700809 ) ) ;
#5860 = ORIENTED_EDGE ( 'NONE', *, *, #4730, .T. ) ;
#5861 = EDGE_CURVE ( 'NONE', #1740, #3342, #2004, .T. ) ;
#5862 = ADVANCED_FACE ( 'NONE', ( #785 ), #394, .F. ) ;
#5863 = FACE_OUTER_BOUND ( 'NONE', #5558, .T. ) ;
#5864 = DIRECTION ( 'NONE',  ( 0.000000000000000000, 0.000000000000000000, -1.000000000000000000 ) ) ;
#5865 = DIRECTION ( 'NONE',  ( 0.000000000000000000, 1.000000000000000000, 1.445602896647339706E-15 ) ) ;
#5866 = CARTESIAN_POINT ( 'NONE',  ( 0.1771653543307086798, -0.08267716535433068670, -0.2440944881889764162 ) ) ;
#5867 = VERTEX_POINT ( 'NONE', #6147 ) ;
#5868 = CARTESIAN_POINT ( 'NONE',  ( 0.1751968503937007815, -0.1023622047244094613, -0.3425196850393700809 ) ) ;
#5869 = DIRECTION ( 'NONE',  ( 0.7071067811865479058, 0.7071067811865472397, 0.000000000000000000 ) ) ;
#5870 = ORIENTED_EDGE ( 'NONE', *, *, #2027, .F. ) ;
#5871 = DIRECTION ( 'NONE',  ( 0.000000000000000000, 1.000000000000000000, 0.000000000000000000 ) ) ;
#5872 = EDGE_CURVE ( 'NONE', #4961, #6077, #3710, .T. ) ;
#5873 = DIRECTION ( 'NONE',  ( -1.445602896647339706E-15, 1.000000000000000000, 0.000000000000000000 ) ) ;
#5874 = VERTEX_POINT ( 'NONE', #3804 ) ;
#5875 = AXIS2_PLACEMENT_3D ( 'NONE', #3428, #3548, #1034 ) ;
#5876 = ADVANCED_FACE ( 'NONE', ( #2232 ), #1408, .T. ) ;
#5877 = CARTESIAN_POINT ( 'NONE',  ( -0.06244094488188977471, -0.2392786891552362849, -0.1574803149606299191 ) ) ;
#5878 = EDGE_LOOP ( 'NONE', ( #5239, #5562, #382, #1289, #1134, #993, #5944, #5321 ) ) ;
#5879 = TOROIDAL_SURFACE ( 'NONE', #1244, 0.02952755905511715573, 0.003937007874015725425 ) ;
#5880 = DIRECTION ( 'NONE',  ( 0.000000000000000000, 1.000000000000000000, 1.445602896647339706E-15 ) ) ;
#5881 = ORIENTED_EDGE ( 'NONE', *, *, #183, .T. ) ;
#5882 = VECTOR ( 'NONE', #2431, 39.37007874015748143 ) ;
#5883 = EDGE_CURVE ( 'NONE', #3689, #3085, #4180, .T. ) ;
#5884 = VERTEX_POINT ( 'NONE', #1819 ) ;
#5885 = CARTESIAN_POINT ( 'NONE',  ( 0.08954390707036283259, -0.03494170474972584789, 3.266774939933343193E-05 ) ) ;
#5886 = CARTESIAN_POINT ( 'NONE',  ( 0.1830708661417495553, -0.3641732283464567121, -0.3169291338582677642 ) ) ;
#5887 = AXIS2_PLACEMENT_3D ( 'NONE', #5868, #4464, #120 ) ;
#5888 = EDGE_CURVE ( 'NONE', #5461, #2546, #5625, .T. ) ;
#5889 = LINE ( 'NONE', #3927, #3289 ) ;
#5890 = VERTEX_POINT ( 'NONE', #4272 ) ;
#5891 = DIRECTION ( 'NONE',  ( 0.000000000000000000, 0.000000000000000000, 1.000000000000000000 ) ) ;
#5892 = VERTEX_POINT ( 'NONE', #875 ) ;
#5893 = VECTOR ( 'NONE', #3602, 39.37007874015748143 ) ;
#5894 = CARTESIAN_POINT ( 'NONE',  ( 0.1830708661417495553, -0.3641732283464567121, -0.2933070866141732624 ) ) ;
#5895 = DIRECTION ( 'NONE',  ( 0.000000000000000000, 0.000000000000000000, 1.000000000000000000 ) ) ;
#5896 = DIRECTION ( 'NONE',  ( 1.000000000000000000, 0.000000000000000000, -2.224004456380521903E-16 ) ) ;
#5897 = EDGE_CURVE ( 'NONE', #4083, #3397, #5700, .T. ) ;
#5898 = CARTESIAN_POINT ( 'NONE',  ( -0.02559055118110236532, 3.133938659235353184E-18, -0.2677165354330753866 ) ) ;
#5899 = ORIENTED_EDGE ( 'NONE', *, *, #242, .T. ) ;
#5900 = CARTESIAN_POINT ( 'NONE',  ( -0.07721693631941321800, -0.1059098936342680736, -0.1283366102737078795 ) ) ;
#5901 = VECTOR ( 'NONE', #2933, 39.37007874015748143 ) ;
#5902 = AXIS2_PLACEMENT_3D ( 'NONE', #2496, #1964, #4382 ) ;
#5903 = VECTOR ( 'NONE', #4984, 39.37007874015748143 ) ;
#5904 = CARTESIAN_POINT ( 'NONE',  ( 0.000000000000000000, 0.000000000000000000, -7.785766781943149877E-15 ) ) ;
#5905 = ORIENTED_EDGE ( 'NONE', *, *, #209, .T. ) ;
#5906 = DIRECTION ( 'NONE',  ( -1.000000000000000000, 0.000000000000000000, 0.000000000000000000 ) ) ;
#5907 = EDGE_CURVE ( 'NONE', #5065, #2650, #1290, .T. ) ;
#5908 = VERTEX_POINT ( 'NONE', #4710 ) ;
#5909 = AXIS2_PLACEMENT_3D ( 'NONE', #4344, #4405, #93 ) ;
#5910 = AXIS2_PLACEMENT_3D ( 'NONE', #5287, #5732, #3978 ) ;
#5911 = DIRECTION ( 'NONE',  ( -0.000000000000000000, -0.000000000000000000, -1.000000000000000000 ) ) ;
#5912 = AXIS2_PLACEMENT_3D ( 'NONE', #6056, #3621, #5959 ) ;
#5913 = ORIENTED_EDGE ( 'NONE', *, *, #2413, .F. ) ;
#5914 = LINE ( 'NONE', #3062, #4589 ) ;
#5915 = DIRECTION ( 'NONE',  ( 0.000000000000000000, 0.000000000000000000, -1.000000000000000000 ) ) ;
#5916 = ORIENTED_EDGE ( 'NONE', *, *, #3267, .T. ) ;
#5917 = AXIS2_PLACEMENT_3D ( 'NONE', #2322, #869, #3706 ) ;
#5918 = CARTESIAN_POINT ( 'NONE',  ( -8.486013481170644275E-12, -0.02952755905430074282, -0.4232283464566928832 ) ) ;
#5919 = STYLED_ITEM ( 'NONE', ( #5670 ), #5087 ) ;
#5920 = PLANE ( 'NONE',  #2452 ) ;
#5921 = CARTESIAN_POINT ( 'NONE',  ( 0.1161417322834645688, -1.201312981382353826E-14, -0.3425196850393733561 ) ) ;
#5922 = EDGE_LOOP ( 'NONE', ( #5416, #3155, #507, #5860, #3546, #3170, #1970, #2937 ) ) ;
#5923 = CARTESIAN_POINT ( 'NONE',  ( 0.04133858267716536417, 0.000000000000000000, -0.2559055118110176164 ) ) ;
#5924 = ORIENTED_EDGE ( 'NONE', *, *, #6153, .F. ) ;
#5925 = AXIS2_PLACEMENT_3D ( 'NONE', #2656, #2746, #806 ) ;
#5926 = CARTESIAN_POINT ( 'NONE',  ( 0.04921259842519685318, -0.3641732283464567121, -0.1653543307086614012 ) ) ;
#5927 = DIRECTION ( 'NONE',  ( -0.000000000000000000, -1.000000000000000000, -0.000000000000000000 ) ) ;
#5928 = DIRECTION ( 'NONE',  ( 0.000000000000000000, 0.000000000000000000, -1.000000000000000000 ) ) ;
#5929 = LINE ( 'NONE', #2609, #2680 ) ;
#5930 = ADVANCED_FACE ( 'NONE', ( #1319 ), #3211, .F. ) ;
#5931 = ORIENTED_EDGE ( 'NONE', *, *, #6235, .F. ) ;
#5932 = FACE_OUTER_BOUND ( 'NONE', #3744, .T. ) ;
#5933 = DIRECTION ( 'NONE',  ( 0.000000000000000000, 0.000000000000000000, -1.000000000000000000 ) ) ;
#5934 = EDGE_CURVE ( 'NONE', #4471, #3359, #5425, .T. ) ;
#5935 = AXIS2_PLACEMENT_3D ( 'NONE', #5757, #4837, #3362 ) ;
#5936 = CARTESIAN_POINT ( 'NONE',  ( 0.000000000000000000, -0.09606939220000683399, -0.1285359222722195494 ) ) ;
#5937 = ORIENTED_EDGE ( 'NONE', *, *, #5581, .F. ) ;
#5938 = DIRECTION ( 'NONE',  ( -1.000000000000000000, 0.000000000000000000, 0.000000000000000000 ) ) ;
#5939 = VERTEX_POINT ( 'NONE', #5188 ) ;
#5940 = EDGE_CURVE ( 'NONE', #2650, #1083, #5156, .T. ) ;
#5941 = ADVANCED_FACE ( 'NONE', ( #815 ), #5116, .F. ) ;
#5942 = DIRECTION ( 'NONE',  ( 1.000000000000000000, 0.000000000000000000, 0.000000000000000000 ) ) ;
#5943 = CARTESIAN_POINT ( 'NONE',  ( -0.06102362204724409711, -0.2421259842519684902, -0.4124015748031495399 ) ) ;
#5944 = ORIENTED_EDGE ( 'NONE', *, *, #992, .F. ) ;
#5945 = CARTESIAN_POINT ( 'NONE',  ( -0.1437007874015747699, -0.2165354330708593456, -0.3425196850393700809 ) ) ;
#5946 = CARTESIAN_POINT ( 'NONE',  ( -0.02362204724409449133, -0.3641732283464567121, -0.4035433070866759619 ) ) ;
#5947 = ORIENTED_EDGE ( 'NONE', *, *, #1191, .T. ) ;
#5948 = ORIENTED_EDGE ( 'NONE', *, *, #2653, .T. ) ;
#5949 = CARTESIAN_POINT ( 'NONE',  ( 0.09030240504966266513, -0.06047732277236768372, 0.007931432170315368124 ) ) ;
#5950 = DIRECTION ( 'NONE',  ( 1.000000000000000000, 0.000000000000000000, 0.000000000000000000 ) ) ;
#5951 = CYLINDRICAL_SURFACE ( 'NONE', #2181, 0.07677165354330625635 ) ;
#5952 = EDGE_LOOP ( 'NONE', ( #3479, #4381, #6122, #900 ) ) ;
#5953 = CYLINDRICAL_SURFACE ( 'NONE', #1455, 0.01181102362204722485 ) ;
#5954 = ORIENTED_EDGE ( 'NONE', *, *, #1120, .F. ) ;
#5955 = CARTESIAN_POINT ( 'NONE',  ( -0.07086614173228347746, -0.2165354330708582076, -0.1523622047244094502 ) ) ;
#5956 = ADVANCED_FACE ( 'NONE', ( #2263 ), #2821, .T. ) ;
#5957 = DIRECTION ( 'NONE',  ( 0.000000000000000000, -1.000000000000000000, 1.334402673828313043E-15 ) ) ;
#5958 = LINE ( 'NONE', #3528, #5467 ) ;
#5959 = DIRECTION ( 'NONE',  ( 1.000000000000000000, 0.000000000000000000, 0.000000000000000000 ) ) ;
#5960 = ORIENTED_EDGE ( 'NONE', *, *, #928, .F. ) ;
#5961 = CARTESIAN_POINT ( 'NONE',  ( 0.1476377952755905387, -0.2421259842519685457, -0.4212598425197051633 ) ) ;
#5962 = LINE ( 'NONE', #2640, #2155 ) ;
#5963 = ADVANCED_FACE ( 'NONE', ( #906 ), #360, .F. ) ;
#5964 = DIRECTION ( 'NONE',  ( 1.000000000000000000, 0.000000000000000000, 0.000000000000000000 ) ) ;
#5965 = ORIENTED_EDGE ( 'NONE', *, *, #5781, .T. ) ;
#5966 = DIRECTION ( 'NONE',  ( 0.000000000000000000, 0.000000000000000000, 1.000000000000000000 ) ) ;
#5967 = CARTESIAN_POINT ( 'NONE',  ( 0.000000000000000000, -0.03543307086604803591, -0.3425196850393700809 ) ) ;
#5968 = EDGE_CURVE ( 'NONE', #733, #4505, #1348, .T. ) ;
#5969 = ORIENTED_EDGE ( 'NONE', *, *, #5007, .T. ) ;
#5970 = CARTESIAN_POINT ( 'NONE',  ( 0.000000000000000000, 2.356093461199951344E-45, -0.2440944881889761109 ) ) ;
#5971 = EDGE_LOOP ( 'NONE', ( #4097, #2921, #512, #1337 ) ) ;
#5972 = DIRECTION ( 'NONE',  ( -0.000000000000000000, -1.000000000000000000, -0.000000000000000000 ) ) ;
#5973 = AXIS2_PLACEMENT_3D ( 'NONE', #462, #2887, #2327 ) ;
#5974 = EDGE_CURVE ( 'NONE', #578, #169, #4394, .T. ) ;
#5975 = DIRECTION ( 'NONE',  ( 3.016566500190916829E-16, -1.175402165395908673E-14, -1.000000000000000000 ) ) ;
#5976 = EDGE_CURVE ( 'NONE', #3825, #1653, #4422, .T. ) ;
#5977 = ORIENTED_EDGE ( 'NONE', *, *, #2846, .T. ) ;
#5978 = CIRCLE ( 'NONE', #330, 0.04133858267716536417 ) ;
#5979 = VERTEX_POINT ( 'NONE', #5286 ) ;
#5980 = LINE ( 'NONE', #5442, #4015 ) ;
#5981 = CARTESIAN_POINT ( 'NONE',  ( -0.06003937007874015491, -0.2165354330708663400, -0.1338582677165354451 ) ) ;
#5982 = DIRECTION ( 'NONE',  ( 0.000000000000000000, 0.000000000000000000, -1.000000000000000000 ) ) ;
#5983 = EDGE_CURVE ( 'NONE', #3162, #611, #1701, .T. ) ;
#5984 = ORIENTED_EDGE ( 'NONE', *, *, #5846, .T. ) ;
#5985 = DIRECTION ( 'NONE',  ( 0.000000000000000000, 0.000000000000000000, -1.000000000000000000 ) ) ;
#5986 = VECTOR ( 'NONE', #4173, 39.37007874015748143 ) ;
#5987 = EDGE_LOOP ( 'NONE', ( #4823, #2162, #3857, #522 ) ) ;
#5988 = AXIS2_PLACEMENT_3D ( 'NONE', #5491, #3973, #2055 ) ;
#5989 = FACE_OUTER_BOUND ( 'NONE', #5119, .T. ) ;
#5990 = DIRECTION ( 'NONE',  ( 0.000000000000000000, 0.000000000000000000, 1.000000000000000000 ) ) ;
#5991 = DIRECTION ( 'NONE',  ( 0.000000000000000000, 0.000000000000000000, 1.000000000000000000 ) ) ;
#5992 = CARTESIAN_POINT ( 'NONE',  ( -0.02952755905511839432, -0.05118110236215619308, -0.3425196850393700809 ) ) ;
#5993 = VERTEX_POINT ( 'NONE', #494 ) ;
#5994 = SPHERICAL_SURFACE ( 'NONE', #4064, 0.02559055118110236532 ) ;
#5995 = VECTOR ( 'NONE', #2672, 39.37007874015748143 ) ;
#5996 = DIRECTION ( 'NONE',  ( -1.000000000000000000, 0.000000000000000000, 0.000000000000000000 ) ) ;
#5997 = VECTOR ( 'NONE', #4229, 39.37007874015748143 ) ;
#5998 = ORIENTED_EDGE ( 'NONE', *, *, #1012, .T. ) ;
#5999 = CARTESIAN_POINT ( 'NONE',  ( -0.09103905464667221004, -0.05431069983295290504, 0.01560267426486888938 ) ) ;
#6000 = DIRECTION ( 'NONE',  ( 0.000000000000000000, 0.000000000000000000, -1.000000000000000000 ) ) ;
#6001 = EDGE_CURVE ( 'NONE', #517, #3638, #2020, .T. ) ;
#6002 = ORIENTED_EDGE ( 'NONE', *, *, #1030, .F. ) ;
#6003 = VECTOR ( 'NONE', #2870, 39.37007874015748143 ) ;
#6004 = VECTOR ( 'NONE', #1481, 39.37007874015748143 ) ;
#6005 = ADVANCED_FACE ( 'NONE', ( #1941 ), #2035, .T. ) ;
#6006 = CYLINDRICAL_SURFACE ( 'NONE', #4174, 0.07677165354330625635 ) ;
#6007 = ORIENTED_EDGE ( 'NONE', *, *, #1221, .T. ) ;
#6008 = DIRECTION ( 'NONE',  ( 0.000000000000000000, 1.000000000000000000, 0.000000000000000000 ) ) ;
#6009 = VECTOR ( 'NONE', #5646, 39.37007874015748143 ) ;
#6010 = AXIS2_PLACEMENT_3D ( 'NONE', #235, #4088, #3589 ) ;
#6011 = PLANE ( 'NONE',  #166 ) ;
#6012 = VERTEX_POINT ( 'NONE', #4900 ) ;
#6013 = VECTOR ( 'NONE', #6240, 39.37007874015748143 ) ;
#6014 = ADVANCED_FACE ( 'NONE', ( #2007 ), #4863, .T. ) ;
#6015 = ORIENTED_EDGE ( 'NONE', *, *, #2533, .F. ) ;
#6016 = DIRECTION ( 'NONE',  ( -0.000000000000000000, -0.000000000000000000, -1.000000000000000000 ) ) ;
#6017 = LINE ( 'NONE', #1247, #3361 ) ;
#6018 = LINE ( 'NONE', #3111, #2886 ) ;
#6019 = EDGE_LOOP ( 'NONE', ( #903, #1185, #3987, #529, #4384, #728 ) ) ;
#6020 = AXIS2_PLACEMENT_3D ( 'NONE', #5754, #932, #2438 ) ;
#6021 = FACE_OUTER_BOUND ( 'NONE', #4906, .T. ) ;
#6022 = ORIENTED_EDGE ( 'NONE', *, *, #1547, .F. ) ;
#6023 = ADVANCED_FACE ( 'NONE', ( #1562 ), #4771, .T. ) ;
#6024 = AXIS2_PLACEMENT_3D ( 'NONE', #2206, #5578, #790 ) ;
#6025 = FACE_BOUND ( 'NONE', #412, .T. ) ;
#6026 = FACE_OUTER_BOUND ( 'NONE', #982, .T. ) ;
#6027 = CARTESIAN_POINT ( 'NONE',  ( -0.1377952755905511861, -0.2165354330708602615, -0.3425196850393700809 ) ) ;
#6028 = LINE ( 'NONE', #4591, #1680 ) ;
#6029 = ORIENTED_EDGE ( 'NONE', *, *, #76, .F. ) ;
#6030 = DIRECTION ( 'NONE',  ( 1.000000000000000000, 0.000000000000000000, 0.000000000000000000 ) ) ;
#6031 = VECTOR ( 'NONE', #3123, 39.37007874015748143 ) ;
#6032 = LINE ( 'NONE', #155, #150 ) ;
#6033 = VECTOR ( 'NONE', #5711, 39.37007874015748143 ) ;
#6034 = VERTEX_POINT ( 'NONE', #2476 ) ;
#6035 = CARTESIAN_POINT ( 'NONE',  ( 0.1433070866141732402, -0.2174142242305905637, -0.02755905511811023931 ) ) ;
#6036 = CARTESIAN_POINT ( 'NONE',  ( 0.000000000000000000, -0.1426563428879299711, 0.07399205499238044326 ) ) ;
#6037 = ADVANCED_FACE ( 'NONE', ( #4330 ), #5855, .F. ) ;
#6038 = AXIS2_PLACEMENT_3D ( 'NONE', #1445, #3372, #2895 ) ;
#6039 = CARTESIAN_POINT ( 'NONE',  ( -0.1338582677165354173, -0.08267716535434417591, -0.3425196850393700809 ) ) ;
#6040 = ORIENTED_EDGE ( 'NONE', *, *, #419, .F. ) ;
#6041 = LINE ( 'NONE', #4071, #55 ) ;
#6042 = CIRCLE ( 'NONE', #388, 0.009842519685039748112 ) ;
#6043 = CARTESIAN_POINT ( 'NONE',  ( -0.02951569213155937066, -0.0008447765090561670017, -0.4153543307086614012 ) ) ;
#6044 = EDGE_LOOP ( 'NONE', ( #2621, #5440, #2579, #5751 ) ) ;
#6045 = ADVANCED_FACE ( 'NONE', ( #2849 ), #1533, .T. ) ;
#6046 = ORIENTED_EDGE ( 'NONE', *, *, #6239, .T. ) ;
#6047 = CARTESIAN_POINT ( 'NONE',  ( 0.1555118110236220208, -0.2499999999999995282, -0.4035433070866141780 ) ) ;
#6048 = DIRECTION ( 'NONE',  ( 0.000000000000000000, 0.000000000000000000, -1.000000000000000000 ) ) ;
#6049 = ORIENTED_EDGE ( 'NONE', *, *, #1930, .T. ) ;
#6050 = FACE_OUTER_BOUND ( 'NONE', #652, .T. ) ;
#6051 = EDGE_CURVE ( 'NONE', #578, #5653, #593, .T. ) ;
#6052 = ORIENTED_EDGE ( 'NONE', *, *, #2498, .F. ) ;
#6053 = CARTESIAN_POINT ( 'NONE',  ( 0.02066929133858269943, -0.08267716535433072833, -0.3425196850393700809 ) ) ;
#6054 = CARTESIAN_POINT ( 'NONE',  ( 0.0009842519685039311395, -0.09448818897636002134, -0.2440944881889764162 ) ) ;
#6055 = CARTESIAN_POINT ( 'NONE',  ( -0.07874015748031495954, 0.0008787911597181103426, -0.3022708151394882803 ) ) ;
#6056 = CARTESIAN_POINT ( 'NONE',  ( 0.000000000000000000, 0.000000000000000000, -0.3425196850393700809 ) ) ;
#6057 = ORIENTED_EDGE ( 'NONE', *, *, #4310, .F. ) ;
#6058 = CARTESIAN_POINT ( 'NONE',  ( 0.02952755905511795717, -0.05118110236215660941, -0.3425196850393700809 ) ) ;
#6059 = FACE_OUTER_BOUND ( 'NONE', #492, .T. ) ;
#6060 = ADVANCED_FACE ( 'NONE', ( #5380 ), #1065, .F. ) ;
#6061 = ADVANCED_FACE ( 'NONE', ( #2385 ), #3831, .F. ) ;
#6062 =( BOUNDED_CURVE ( )  B_SPLINE_CURVE ( 3, ( #4440, #5582, #2675, #756 ),
 .UNSPECIFIED., .F., .T. ) 
 B_SPLINE_CURVE_WITH_KNOTS ( ( 4, 4 ),
 ( 0.000000000000000000, 0.9272952180013179779 ),
 .UNSPECIFIED. ) 
 CURVE ( )  GEOMETRIC_REPRESENTATION_ITEM ( )  RATIONAL_B_SPLINE_CURVE ( ( 1.000000000000000000, 0.9296181273333210537, 0.9296181273333210537, 1.000000000000000000 ) ) 
 REPRESENTATION_ITEM ( '' )  );
#6063 = CARTESIAN_POINT ( 'NONE',  ( 0.1358267716535433156, -0.09842519685039370636, -0.2244094488188976555 ) ) ;
#6064 = CARTESIAN_POINT ( 'NONE',  ( 0.000000000000000000, 0.000000000000000000, -0.3504409077267730543 ) ) ;
#6065 = ORIENTED_EDGE ( 'NONE', *, *, #1341, .T. ) ;
#6066 = DIRECTION ( 'NONE',  ( -0.000000000000000000, -6.672013369141565217E-16, -1.000000000000000000 ) ) ;
#6067 = PRESENTATION_STYLE_ASSIGNMENT (( #5140 ) ) ;
#6068 = FACE_OUTER_BOUND ( 'NONE', #1227, .T. ) ;
#6069 = ORIENTED_EDGE ( 'NONE', *, *, #6051, .F. ) ;
#6070 = ORIENTED_EDGE ( 'NONE', *, *, #172, .F. ) ;
#6071 = CARTESIAN_POINT ( 'NONE',  ( -0.1161417322834645827, -0.05111624972490156488, -0.3425196850393700809 ) ) ;
#6072 = ORIENTED_EDGE ( 'NONE', *, *, #2260, .F. ) ;
#6073 = FACE_OUTER_BOUND ( 'NONE', #1461, .T. ) ;
#6074 = EDGE_LOOP ( 'NONE', ( #5222, #2644, #1796, #4428, #3965, #4686, #2780, #1786 ) ) ;
#6075 = CARTESIAN_POINT ( 'NONE',  ( 0.1889763779527558474, -0.3641732283464567121, -0.2440944881889764162 ) ) ;
#6076 = CARTESIAN_POINT ( 'NONE',  ( 0.001076518308821591179, -0.2046915883615864629, -0.4232283464566928277 ) ) ;
#6077 = VERTEX_POINT ( 'NONE', #523 ) ;
#6078 = DIRECTION ( 'NONE',  ( 1.000000000000000000, 0.000000000000000000, 0.000000000000000000 ) ) ;
#6079 = ORIENTED_EDGE ( 'NONE', *, *, #1654, .T. ) ;
#6080 = EDGE_CURVE ( 'NONE', #3326, #2196, #2442, .T. ) ;
#6081 = CARTESIAN_POINT ( 'NONE',  ( 0.000000000000000000, 0.000000000000000000, -0.3681102362204724532 ) ) ;
#6082 = CARTESIAN_POINT ( 'NONE',  ( 5.602422643256789996E-18, -1.707404996040164512E-17, -0.4114173228346456601 ) ) ;
#6083 = CARTESIAN_POINT ( 'NONE',  ( 0.000000000000000000, 0.000000000000000000, -0.4153543307085997838 ) ) ;
#6084 = VECTOR ( 'NONE', #6144, 39.37007874015748143 ) ;
#6085 = CARTESIAN_POINT ( 'NONE',  ( -0.07086614173228347746, -0.2165354330708582076, -0.1523622047244094502 ) ) ;
#6086 = ORIENTED_EDGE ( 'NONE', *, *, #3514, .T. ) ;
#6087 = DIRECTION ( 'NONE',  ( 0.000000000000000000, -0.07768658419976373630, 0.9969778305636354254 ) ) ;
#6088 = CARTESIAN_POINT ( 'NONE',  ( 0.1653543307086611514, 0.1653543307086614567, 0.1181102362204724532 ) ) ;
#6089 = AXIS2_PLACEMENT_3D ( 'NONE', #407, #5074, #4660 ) ;
#6090 = EDGE_CURVE ( 'NONE', #1433, #3458, #2208, .T. ) ;
#6091 = CARTESIAN_POINT ( 'NONE',  ( 0.000000000000000000, 0.000000000000000000, -0.3504409077267730543 ) ) ;
#6092 = FACE_OUTER_BOUND ( 'NONE', #436, .T. ) ;
#6093 = ORIENTED_EDGE ( 'NONE', *, *, #4066, .T. ) ;
#6094 = CARTESIAN_POINT ( 'NONE',  ( -0.07874015748031495954, -0.05111624972490156488, -0.3425196850393700809 ) ) ;
#6095 = LINE ( 'NONE', #6132, #1151 ) ;
#6096 = CIRCLE ( 'NONE', #6190, 0.02362204724409448092 ) ;
#6097 = VECTOR ( 'NONE', #4117, 39.37007874015748143 ) ;
#6098 = EDGE_CURVE ( 'NONE', #4421, #3135, #165, .T. ) ;
#6099 = FACE_OUTER_BOUND ( 'NONE', #2341, .T. ) ;
#6100 = EDGE_LOOP ( 'NONE', ( #2734, #2357, #201, #1301 ) ) ;
#6101 =( NAMED_UNIT ( * ) SI_UNIT ( $, .STERADIAN. ) SOLID_ANGLE_UNIT ( ) );
#6102 = DIRECTION ( 'NONE',  ( 0.000000000000000000, 0.9997949457206440904, -0.02025009904801752456 ) ) ;
#6103 = ORIENTED_EDGE ( 'NONE', *, *, #1222, .T. ) ;
#6104 = VECTOR ( 'NONE', #4281, 39.37007874015748143 ) ;
#6105 = CARTESIAN_POINT ( 'NONE',  ( 0.09842519685039370636, -0.2165354330708593456, -0.02362204724409449133 ) ) ;
#6106 = VECTOR ( 'NONE', #2935, 39.37007874015748143 ) ;
#6107 = EDGE_LOOP ( 'NONE', ( #3282, #3913, #3839, #5216 ) ) ;
#6108 = DIRECTION ( 'NONE',  ( -1.000000000000000000, 0.000000000000000000, 0.000000000000000000 ) ) ;
#6109 = CARTESIAN_POINT ( 'NONE',  ( 0.001917959730079227655, -0.2055209843267620518, -0.4232283464566929387 ) ) ;
#6110 = ORIENTED_EDGE ( 'NONE', *, *, #2457, .F. ) ;
#6111 = CARTESIAN_POINT ( 'NONE',  ( -0.1771653543307086798, 0.1735433070866141958, -0.3517322834645669194 ) ) ;
#6112 = VERTEX_POINT ( 'NONE', #5412 ) ;
#6113 = CIRCLE ( 'NONE', #4481, 0.04921259842519683236 ) ;
#6114 = CARTESIAN_POINT ( 'NONE',  ( 0.1653543307086614567, -0.2440944881889764162, -0.3425196850393696368 ) ) ;
#6115 = DIRECTION ( 'NONE',  ( 0.000000000000000000, 0.000000000000000000, -1.000000000000000000 ) ) ;
#6116 = VECTOR ( 'NONE', #1133, 39.37007874015748143 ) ;
#6117 = FACE_OUTER_BOUND ( 'NONE', #5347, .T. ) ;
#6118 = CARTESIAN_POINT ( 'NONE',  ( 0.000000000000000000, -0.3641732283464567121, -0.4035433070866759619 ) ) ;
#6119 = EDGE_LOOP ( 'NONE', ( #2945, #2610, #4391, #2390 ) ) ;
#6120 = CARTESIAN_POINT ( 'NONE',  ( 0.1653543307086614567, -0.2440944881889764162, -0.3425196850393696368 ) ) ;
#6121 = CARTESIAN_POINT ( 'NONE',  ( 0.04921259842519010858, -0.2474539693459784084, -0.4153543307086012271 ) ) ;
#6122 = ORIENTED_EDGE ( 'NONE', *, *, #3128, .F. ) ;
#6123 = PRODUCT_RELATED_PRODUCT_CATEGORY ( 'part', '', ( #1716 ) ) ;
#6124 = AXIS2_PLACEMENT_3D ( 'NONE', #5444, #1125, #4047 ) ;
#6125 =( BOUNDED_CURVE ( )  B_SPLINE_CURVE ( 3, ( #966, #586, #1500, #5785 ),
 .UNSPECIFIED., .F., .T. ) 
 B_SPLINE_CURVE_WITH_KNOTS ( ( 4, 4 ),
 ( 0.000000000000000000, 0.4988452215361860453 ),
 .UNSPECIFIED. ) 
 CURVE ( )  GEOMETRIC_REPRESENTATION_ITEM ( )  RATIONAL_B_SPLINE_CURVE ( ( 1.000000000000000000, 0.6695799251781241468, 0.5058497369153183154, 0.5088094352115823948 ) ) 
 REPRESENTATION_ITEM ( '' )  );
#6126 = DIRECTION ( 'NONE',  ( 1.000000000000000000, 0.000000000000000000, 0.000000000000000000 ) ) ;
#6127 = EDGE_CURVE ( 'NONE', #141, #1252, #2655, .T. ) ;
#6128 = DIRECTION ( 'NONE',  ( 0.000000000000000000, 0.000000000000000000, 1.000000000000000000 ) ) ;
#6129 = ORIENTED_EDGE ( 'NONE', *, *, #4223, .T. ) ;
#6130 = DIRECTION ( 'NONE',  ( 1.000000000000000000, 0.000000000000000000, 0.000000000000000000 ) ) ;
#6131 = CIRCLE ( 'NONE', #682, 0.03346416559050536393 ) ;
#6132 = CARTESIAN_POINT ( 'NONE',  ( 0.000000000000000000, 0.06339071727586559346, -0.4035433070866141780 ) ) ;
#6133 = ADVANCED_FACE ( 'NONE', ( #2627 ), #2192, .T. ) ;
#6134 = AXIS2_PLACEMENT_3D ( 'NONE', #5215, #6229, #4263 ) ;
#6135 = LINE ( 'NONE', #4726, #557 ) ;
#6136 = EDGE_LOOP ( 'NONE', ( #2691, #2241, #4307, #670 ) ) ;
#6137 = EDGE_LOOP ( 'NONE', ( #1524, #5730, #4220, #2467 ) ) ;
#6138 = AXIS2_PLACEMENT_3D ( 'NONE', #841, #2727, #4648 ) ;
#6139 = EDGE_CURVE ( 'NONE', #1173, #4913, #5118, .T. ) ;
#6140 = EDGE_CURVE ( 'NONE', #883, #138, #448, .T. ) ;
#6141 = CARTESIAN_POINT ( 'NONE',  ( -0.1653543307086614567, -0.2440944881889699214, 0.1299212598425196763 ) ) ;
#6142 = ORIENTED_EDGE ( 'NONE', *, *, #5029, .F. ) ;
#6143 = DIRECTION ( 'NONE',  ( -1.224646799147353207E-16, -1.000000000000000000, 0.000000000000000000 ) ) ;
#6144 = DIRECTION ( 'NONE',  ( 0.000000000000000000, 1.000000000000000000, 0.000000000000000000 ) ) ;
#6145 = ORIENTED_EDGE ( 'NONE', *, *, #3078, .F. ) ;
#6146 = ORIENTED_EDGE ( 'NONE', *, *, #2031, .T. ) ;
#6147 = CARTESIAN_POINT ( 'NONE',  ( 0.02362204724409449133, -0.3641732283464567121, -0.4153543307086001724 ) ) ;
#6148 = CARTESIAN_POINT ( 'NONE',  ( -0.01487554045801785588, 0.02952755906727885099, -0.4232283464566928832 ) ) ;
#6149 = LINE ( 'NONE', #1293, #4694 ) ;
#6150 = ORIENTED_EDGE ( 'NONE', *, *, #501, .F. ) ;
#6151 = FACE_BOUND ( 'NONE', #4665, .T. ) ;
#6152 = ORIENTED_EDGE ( 'NONE', *, *, #3090, .F. ) ;
#6153 = EDGE_CURVE ( 'NONE', #2429, #4133, #3547, .T. ) ;
#6154 = CARTESIAN_POINT ( 'NONE',  ( 0.1476377952755905387, -0.1236614173228346575, -0.4028705313925196596 ) ) ;
#6155 = EDGE_LOOP ( 'NONE', ( #1702, #5770, #943, #5309, #742, #1694 ) ) ;
#6156 = CARTESIAN_POINT ( 'NONE',  ( -0.07874015748031495954, -0.03543307086614173873, -0.3031496062992125595 ) ) ;
#6157 = EDGE_CURVE ( 'NONE', #848, #2750, #1805, .T. ) ;
#6158 = DIRECTION ( 'NONE',  ( 0.000000000000000000, 1.000000000000000000, 0.000000000000000000 ) ) ;
#6159 = ADVANCED_FACE ( 'NONE', ( #5470 ), #3580, .T. ) ;
#6160 = ORIENTED_EDGE ( 'NONE', *, *, #5812, .T. ) ;
#6161 = CARTESIAN_POINT ( 'NONE',  ( -0.06003937007874019655, -0.2559055118110236671, -0.1574803149606299191 ) ) ;
#6162 = ORIENTED_EDGE ( 'NONE', *, *, #1761, .T. ) ;
#6163 = CARTESIAN_POINT ( 'NONE',  ( 0.02559055118110236879, 0.000000000000000000, -0.4035433070868026939 ) ) ;
#6164 = ORIENTED_EDGE ( 'NONE', *, *, #4535, .F. ) ;
#6165 = EDGE_CURVE ( 'NONE', #3885, #2854, #5980, .T. ) ;
#6166 = CARTESIAN_POINT ( 'NONE',  ( -0.09842519685039370636, -0.2116141732283464416, -0.02755905511811023931 ) ) ;
#6167 = CARTESIAN_POINT ( 'NONE',  ( 0.02787309681940831549, 0.05822780263483642166, -0.4153543307086613456 ) ) ;
#6168 = EDGE_LOOP ( 'NONE', ( #3329, #2907, #3218, #934 ) ) ;
#6169 = VERTEX_POINT ( 'NONE', #4513 ) ;
#6170 = DIRECTION ( 'NONE',  ( -1.000000000000000000, 0.000000000000000000, 0.000000000000000000 ) ) ;
#6171 = CARTESIAN_POINT ( 'NONE',  ( -0.05347051356015749407, -0.2398661051219684870, -0.4160100928338583137 ) ) ;
#6172 = EDGE_CURVE ( 'NONE', #2335, #2131, #4820, .T. ) ;
#6173 = CARTESIAN_POINT ( 'NONE',  ( -0.07874015748031495954, -0.03543307086614173179, -0.1200787401574803376 ) ) ;
#6174 = EDGE_CURVE ( 'NONE', #2324, #4451, #1215, .T. ) ;
#6175 = DIRECTION ( 'NONE',  ( 0.000000000000000000, 1.000000000000000000, 0.000000000000000000 ) ) ;
#6176 = ORIENTED_EDGE ( 'NONE', *, *, #4800, .F. ) ;
#6177 = PLANE ( 'NONE',  #5520 ) ;
#6178 = CARTESIAN_POINT ( 'NONE',  ( 0.09842519685039369248, -0.2066929133858267931, -0.02755905511811023931 ) ) ;
#6179 = VECTOR ( 'NONE', #3071, 39.37007874015748143 ) ;
#6180 = VERTEX_POINT ( 'NONE', #713 ) ;
#6181 = VECTOR ( 'NONE', #417, 39.37007874015748143 ) ;
#6182 = DIRECTION ( 'NONE',  ( 0.000000000000000000, 1.000000000000000000, 0.000000000000000000 ) ) ;
#6183 = DIRECTION ( 'NONE',  ( 0.000000000000000000, -1.000000000000000000, 0.000000000000000000 ) ) ;
#6184 = ORIENTED_EDGE ( 'NONE', *, *, #3892, .F. ) ;
#6185 = CARTESIAN_POINT ( 'NONE',  ( 0.09748004506530846824, -0.1673228346456692994, 0.08267716535433072833 ) ) ;
#6186 = DIRECTION ( 'NONE',  ( 0.000000000000000000, 0.000000000000000000, 1.000000000000000000 ) ) ;
#6187 = FACE_OUTER_BOUND ( 'NONE', #3851, .T. ) ;
#6188 = VECTOR ( 'NONE', #772, 39.37007874015748854 ) ;
#6189 = DIRECTION ( 'NONE',  ( -1.000000000000000000, 0.000000000000000000, 0.000000000000000000 ) ) ;
#6190 = AXIS2_PLACEMENT_3D ( 'NONE', #4125, #5579, #5102 ) ;
#6191 = ORIENTED_EDGE ( 'NONE', *, *, #4349, .F. ) ;
#6192 = CARTESIAN_POINT ( 'NONE',  ( 0.02952352987043294769, 0.0005632475318257768948, -0.4153543307086612346 ) ) ;
#6193 = VERTEX_POINT ( 'NONE', #2565 ) ;
#6194 = AXIS2_PLACEMENT_3D ( 'NONE', #5141, #3755, #1306 ) ;
#6195 = FACE_OUTER_BOUND ( 'NONE', #3344, .T. ) ;
#6196 = ORIENTED_EDGE ( 'NONE', *, *, #1141, .F. ) ;
#6197 = CARTESIAN_POINT ( 'NONE',  ( 0.1653543307086614567, -0.2440944881889761109, 0.1181102362204724532 ) ) ;
#6198 = AXIS2_PLACEMENT_3D ( 'NONE', #2274, #887, #2830 ) ;
#6199 = CARTESIAN_POINT ( 'NONE',  ( -8.537024980200822558E-18, -0.2165354330708661457, -0.02755905511811022543 ) ) ;
#6200 = ORIENTED_EDGE ( 'NONE', *, *, #4839, .T. ) ;
#6201 = EDGE_LOOP ( 'NONE', ( #1052, #2625, #1466, #3093 ) ) ;
#6202 = EDGE_CURVE ( 'NONE', #3571, #6193, #1103, .T. ) ;
#6203 = CIRCLE ( 'NONE', #665, 0.01181102362204724046 ) ;
#6204 = PRODUCT_DEFINITION_SHAPE ( 'NONE', 'NONE',  #1373 ) ;
#6205 = CARTESIAN_POINT ( 'NONE',  ( -0.1433070866141732402, -0.1948818897637795422, -0.02125984251968503908 ) ) ;
#6206 = FACE_BOUND ( 'NONE', #2126, .T. ) ;
#6207 = FACE_OUTER_BOUND ( 'NONE', #2433, .T. ) ;
#6208 = CARTESIAN_POINT ( 'NONE',  ( 0.02066929133858269943, -0.08267716535433072833, -0.2440944881889763884 ) ) ;
#6209 = EDGE_LOOP ( 'NONE', ( #3947, #3483, #3614, #2632 ) ) ;
#6210 = CIRCLE ( 'NONE', #1475, 0.007874015748031482076 ) ;
#6211 = FILL_AREA_STYLE_COLOUR ( '', #4803 ) ;
#6212 = CARTESIAN_POINT ( 'NONE',  ( -0.1771653543307086798, 0.1653543307086614012, -0.1122047244094487722 ) ) ;
#6213 = ORIENTED_EDGE ( 'NONE', *, *, #3727, .T. ) ;
#6214 = EDGE_CURVE ( 'NONE', #1029, #2571, #3136, .T. ) ;
#6215 = CIRCLE ( 'NONE', #1580, 0.1574803149606299191 ) ;
#6216 = DIRECTION ( 'NONE',  ( 1.000000000000000000, 0.000000000000000000, 0.000000000000000000 ) ) ;
#6217 = LINE ( 'NONE', #404, #3675 ) ;
#6218 = ORIENTED_EDGE ( 'NONE', *, *, #2789, .T. ) ;
#6219 = FACE_OUTER_BOUND ( 'NONE', #4775, .T. ) ;
#6220 = EDGE_LOOP ( 'NONE', ( #866, #5022, #6142, #5568 ) ) ;
#6221 = DIRECTION ( 'NONE',  ( 0.000000000000000000, 0.000000000000000000, 1.000000000000000000 ) ) ;
#6222 =( NAMED_UNIT ( * ) SI_UNIT ( $, .STERADIAN. ) SOLID_ANGLE_UNIT ( ) );
#6223 = CIRCLE ( 'NONE', #5818, 0.02559055118110236879 ) ;
#6224 = DIRECTION ( 'NONE',  ( -0.000000000000000000, -1.000000000000000000, -0.000000000000000000 ) ) ;
#6225 = ORIENTED_EDGE ( 'NONE', *, *, #440, .F. ) ;
#6226 = CARTESIAN_POINT ( 'NONE',  ( -0.02559055118110236185, -1.289640744187143334E-17, -0.4114173228346454936 ) ) ;
#6227 = ORIENTED_EDGE ( 'NONE', *, *, #5155, .T. ) ;
#6228 = ADVANCED_FACE ( 'NONE', ( #2128 ), #4045, .F. ) ;
#6229 = DIRECTION ( 'NONE',  ( 1.000000000000000000, 0.000000000000000000, 0.000000000000000000 ) ) ;
#6230 = ORIENTED_EDGE ( 'NONE', *, *, #3228, .F. ) ;
#6231 = VECTOR ( 'NONE', #4402, 39.37007874015748143 ) ;
#6232 = DIRECTION ( 'NONE',  ( 1.000000000000000000, 0.000000000000000000, 0.000000000000000000 ) ) ;
#6233 = ORIENTED_EDGE ( 'NONE', *, *, #5576, .T. ) ;
#6234 = EDGE_LOOP ( 'NONE', ( #1879, #3583, #5113, #5553, #1616, #128 ) ) ;
#6235 = EDGE_CURVE ( 'NONE', #4743, #2398, #2221, .T. ) ;
#6236 = CARTESIAN_POINT ( 'NONE',  ( 0.09103905464666360581, -0.05431069983293937420, 0.01560267426486236335 ) ) ;
#6237 = DIRECTION ( 'NONE',  ( 0.000000000000000000, 0.000000000000000000, -1.000000000000000000 ) ) ;
#6238 = LINE ( 'NONE', #6173, #5774 ) ;
#6239 = EDGE_CURVE ( 'NONE', #836, #5795, #6042, .T. ) ;
#6240 = DIRECTION ( 'NONE',  ( 0.000000000000000000, 4.336808689942017243E-16, 1.000000000000000000 ) ) ;
#6241 = EDGE_LOOP ( 'NONE', ( #1406, #5370, #290, #4435, #4976, #5542, #5684, #4637, #468 ) ) ;
#6242 = DIRECTION ( 'NONE',  ( -1.000000000000000000, 0.000000000000000000, 0.000000000000000000 ) ) ;
#6243 = VERTEX_POINT ( 'NONE', #3639 ) ;
#6244 = LINE ( 'NONE', #2453, #4409 ) ;
#6245 = DIRECTION ( 'NONE',  ( 1.000000000000000000, 0.000000000000000000, 0.000000000000000000 ) ) ;
#6246 = FACE_OUTER_BOUND ( 'NONE', #4698, .T. ) ;
#6247 = EDGE_CURVE ( 'NONE', #2546, #2750, #4219, .T. ) ;
#6248 = CARTESIAN_POINT ( 'NONE',  ( 0.001968503937008481142, -0.2066929133858194101, -0.4232283464566929387 ) ) ;
#6249 = EDGE_CURVE ( 'NONE', #2006, #5624, #5735, .T. ) ;
#6250 = ORIENTED_EDGE ( 'NONE', *, *, #2031, .F. ) ;
#6251 = CARTESIAN_POINT ( 'NONE',  ( 0.000000000000000000, 0.000000000000000000, -0.4114173228346454936 ) ) ;
ENDSEC;
END-ISO-10303-21;
