ISO-10303-21;
HEADER;
FILE_DESCRIPTION (( 'STEP AP214' ),
    '1' );
FILE_NAME ('RKT24.STEP',
    '2020-08-07T04:17:00',
    ( '' ),
    ( '' ),
    'SwSTEP 2.0',
    'SolidWorks 2017',
    '' );
FILE_SCHEMA (( 'AUTOMOTIVE_DESIGN' ));
ENDSEC;

DATA;
#1 = ORIENTED_EDGE ( 'NONE', *, *, #7722, .T. ) ;
#2 = AXIS2_PLACEMENT_3D ( 'NONE', #7367, #3830, #1837 ) ;
#3 = VERTEX_POINT ( 'NONE', #2264 ) ;
#4 = VERTEX_POINT ( 'NONE', #7238 ) ;
#5 = CARTESIAN_POINT ( 'NONE',  ( 1.000000000000000000, 0.6852349955359816600, 1.900000000000000100 ) ) ;
#6 = DIRECTION ( 'NONE',  ( -1.000000000000000000, 0.0000000000000000000, 2.956915015869556800E-016 ) ) ;
#7 = CARTESIAN_POINT ( 'NONE',  ( 0.4499999999999998400, 0.1000000000000000500, 0.5000000000000002200 ) ) ;
#8 = VERTEX_POINT ( 'NONE', #3646 ) ;
#9 = EDGE_CURVE ( 'NONE', #1440, #4620, #7547, .T. ) ;
#10 = EDGE_LOOP ( 'NONE', ( #4329, #1976, #8147, #7570 ) ) ;
#11 = LINE ( 'NONE', #6556, #5980 ) ;
#12 = SURFACE_STYLE_FILL_AREA ( #8333 ) ;
#13 = ORIENTED_EDGE ( 'NONE', *, *, #4635, .T. ) ;
#14 = AXIS2_PLACEMENT_3D ( 'NONE', #7899, #2296, #3647 ) ;
#15 = SURFACE_SIDE_STYLE ('',( #7375 ) ) ;
#16 = EDGE_CURVE ( 'NONE', #4289, #18, #4282, .T. ) ;
#17 =( NAMED_UNIT ( * ) SI_UNIT ( $, .STERADIAN. ) SOLID_ANGLE_UNIT ( ) );
#18 = VERTEX_POINT ( 'NONE', #8720 ) ;
#19 = DIRECTION ( 'NONE',  ( 0.0000000000000000000, -1.000000000000000000, 0.0000000000000000000 ) ) ;
#20 = EDGE_LOOP ( 'NONE', ( #5642, #5476, #1771, #2170 ) ) ;
#21 = ADVANCED_FACE ( 'NONE', ( #5165 ), #2912, .T. ) ;
#22 = DIRECTION ( 'NONE',  ( 1.000000000000000000, 0.0000000000000000000, -3.942553354492742500E-016 ) ) ;
#23 = EDGE_LOOP ( 'NONE', ( #8305, #8760, #106, #6222 ) ) ;
#24 = STYLED_ITEM ( 'NONE', ( #8354 ), #2595 ) ;
#25 = EDGE_CURVE ( 'NONE', #4960, #4513, #2303, .T. ) ;
#26 = LINE ( 'NONE', #5487, #5182 ) ;
#27 = FILL_AREA_STYLE ('',( #1395 ) ) ;
#28 = ORIENTED_EDGE ( 'NONE', *, *, #7401, .F. ) ;
#29 = DIRECTION ( 'NONE',  ( 0.0000000000000000000, -1.000000000000000000, 0.0000000000000000000 ) ) ;
#30 = LINE ( 'NONE', #8864, #7890 ) ;
#31 = AXIS2_PLACEMENT_3D ( 'NONE', #6978, #646, #8498 ) ;
#32 = FILL_AREA_STYLE ('',( #2072 ) ) ;
#33 =( NAMED_UNIT ( * ) SI_UNIT ( $, .STERADIAN. ) SOLID_ANGLE_UNIT ( ) );
#34 = AXIS2_PLACEMENT_3D ( 'NONE', #6771, #4690, #2585 ) ;
#35 = LINE ( 'NONE', #5239, #484 ) ;
#36 = ORIENTED_EDGE ( 'NONE', *, *, #4262, .F. ) ;
#37 = VECTOR ( 'NONE', #3787, 1000.000000000000000 ) ;
#38 = FILL_AREA_STYLE ('',( #762 ) ) ;
#39 = LINE ( 'NONE', #3024, #4661 ) ;
#40 = DIRECTION ( 'NONE',  ( 0.0000000000000000000, 0.0000000000000000000, -1.000000000000000000 ) ) ;
#41 = SURFACE_STYLE_FILL_AREA ( #7929 ) ;
#42 = DIRECTION ( 'NONE',  ( -3.942553354492742500E-016, 0.0000000000000000000, 1.000000000000000000 ) ) ;
#43 = PLANE ( 'NONE',  #7031 ) ;
#44 = ORIENTED_EDGE ( 'NONE', *, *, #5034, .T. ) ;
#45 = LINE ( 'NONE', #6801, #1157 ) ;
#46 = CARTESIAN_POINT ( 'NONE',  ( 0.4499999999999998400, 0.1000000000000000500, -1.899999999999999900 ) ) ;
#47 = SURFACE_STYLE_FILL_AREA ( #6479 ) ;
#48 = MECHANICAL_DESIGN_GEOMETRIC_PRESENTATION_REPRESENTATION (  '', ( #3027 ), #2204 ) ;
#49 = EDGE_CURVE ( 'NONE', #5690, #467, #2760, .T. ) ;
#50 = ORIENTED_EDGE ( 'NONE', *, *, #4082, .F. ) ;
#51 =( LENGTH_UNIT ( ) NAMED_UNIT ( * ) SI_UNIT ( .MILLI., .METRE. ) );
#52 = CARTESIAN_POINT ( 'NONE',  ( -1.000000000000000000, 0.1000000000000000500, -0.8999999999999999100 ) ) ;
#53 = PRESENTATION_STYLE_ASSIGNMENT (( #3266 ) ) ;
#54 = ORIENTED_EDGE ( 'NONE', *, *, #6145, .F. ) ;
#55 = EDGE_CURVE ( 'NONE', #9010, #1648, #4637, .T. ) ;
#56 = DIRECTION ( 'NONE',  ( 1.000000000000000000, -0.0000000000000000000, 0.0000000000000000000 ) ) ;
#57 = SURFACE_STYLE_FILL_AREA ( #3537 ) ;
#58 = CARTESIAN_POINT ( 'NONE',  ( -0.4499999999999998400, 0.1000000000000000500, -1.899999999999999900 ) ) ;
#59 = VERTEX_POINT ( 'NONE', #131 ) ;
#60 =( NAMED_UNIT ( * ) PLANE_ANGLE_UNIT ( ) SI_UNIT ( $, .RADIAN. ) );
#61 = LINE ( 'NONE', #5361, #1396 ) ;
#62 = CARTESIAN_POINT ( 'NONE',  ( 0.4499999999999999600, 0.0000000000000000000, -1.700000000000000200 ) ) ;
#63 = LINE ( 'NONE', #1898, #2362 ) ;
#64 = ADVANCED_FACE ( 'NONE', ( #6301 ), #6503, .F. ) ;
#65 = MECHANICAL_DESIGN_GEOMETRIC_PRESENTATION_REPRESENTATION (  '', ( #7342 ), #5919 ) ;
#66 = LINE ( 'NONE', #1000, #7692 ) ;
#67 = VECTOR ( 'NONE', #6681, 1000.000000000000000 ) ;
#68 = VERTEX_POINT ( 'NONE', #5741 ) ;
#69 =( NAMED_UNIT ( * ) SI_UNIT ( $, .STERADIAN. ) SOLID_ANGLE_UNIT ( ) );
#70 = SURFACE_STYLE_FILL_AREA ( #1063 ) ;
#71 = STYLED_ITEM ( 'NONE', ( #8477 ), #8379 ) ;
#72 = VECTOR ( 'NONE', #8528, 1000.000000000000000 ) ;
#73 = CARTESIAN_POINT ( 'NONE',  ( -0.2999999999999997100, 0.1000000000000000500, -1.450000000000000000 ) ) ;
#74 = ORIENTED_EDGE ( 'NONE', *, *, #8032, .T. ) ;
#75 = CARTESIAN_POINT ( 'NONE',  ( -0.4499999999999999600, 0.6852349955359816600, -1.700000000000000200 ) ) ;
#76 = CARTESIAN_POINT ( 'NONE',  ( -0.4499999999999999600, 0.1000000000000000500, 1.500000000000000000 ) ) ;
#77 = PRESENTATION_STYLE_ASSIGNMENT (( #7316 ) ) ;
#78 = CARTESIAN_POINT ( 'NONE',  ( 0.9999999999999995600, 0.5500000000000001600, -2.000000000000000000 ) ) ;
#79 = MECHANICAL_DESIGN_GEOMETRIC_PRESENTATION_REPRESENTATION (  '', ( #8270 ), #1849 ) ;
#80 = DIRECTION ( 'NONE',  ( 5.421010862427526100E-016, -0.0000000000000000000, 1.000000000000000000 ) ) ;
#81 = EDGE_CURVE ( 'NONE', #8458, #3502, #7751, .T. ) ;
#82 = VECTOR ( 'NONE', #5498, 1000.000000000000000 ) ;
#83 = COLOUR_RGB ( '',0.2509803921568627400, 0.2509803921568627400, 0.2509803921568627400 ) ;
#84 = DIRECTION ( 'NONE',  ( 0.0000000000000000000, -1.000000000000000000, 0.0000000000000000000 ) ) ;
#85 = ORIENTED_EDGE ( 'NONE', *, *, #1210, .F. ) ;
#86 = VECTOR ( 'NONE', #5027, 1000.000000000000000 ) ;
#87 = CARTESIAN_POINT ( 'NONE',  ( -1.000000000000000000, 0.6852349955359816600, -1.300000000000000000 ) ) ;
#88 = CARTESIAN_POINT ( 'NONE',  ( 0.1000000000000008100, 0.1000000000000000500, 2.000000000000000000 ) ) ;
#89 =( LENGTH_UNIT ( ) NAMED_UNIT ( * ) SI_UNIT ( .MILLI., .METRE. ) );
#90 = AXIS2_PLACEMENT_3D ( 'NONE', #6367, #4943, #2109 ) ;
#91 = EDGE_LOOP ( 'NONE', ( #8696, #9198, #5633, #7775 ) ) ;
#92 = DIRECTION ( 'NONE',  ( 0.0000000000000000000, 0.0000000000000000000, -1.000000000000000000 ) ) ;
#93 = UNCERTAINTY_MEASURE_WITH_UNIT (LENGTH_MEASURE( 1.000000000000000100E-005 ), #3803, 'distance_accuracy_value', 'NONE');
#94 = EDGE_CURVE ( 'NONE', #4953, #2099, #766, .T. ) ;
#95 = DIRECTION ( 'NONE',  ( 1.000000000000000000, 0.0000000000000000000, -3.942553354492742500E-016 ) ) ;
#96 = FACE_OUTER_BOUND ( 'NONE', #7147, .T. ) ;
#97 = AXIS2_PLACEMENT_3D ( 'NONE', #6298, #5031, #826 ) ;
#98 = DIRECTION ( 'NONE',  ( -3.942553354492742500E-016, 0.0000000000000000000, -1.000000000000000000 ) ) ;
#99 = ORIENTED_EDGE ( 'NONE', *, *, #6473, .F. ) ;
#100 = DIRECTION ( 'NONE',  ( -5.421010862427526100E-016, 0.0000000000000000000, -1.000000000000000000 ) ) ;
#101 = DIRECTION ( 'NONE',  ( 5.421010862427526100E-016, -0.0000000000000000000, 1.000000000000000000 ) ) ;
#102 = DIRECTION ( 'NONE',  ( -1.000000000000000000, 0.0000000000000000000, -0.0000000000000000000 ) ) ;
#103 = VECTOR ( 'NONE', #1712, 1000.000000000000000 ) ;
#104 = VERTEX_POINT ( 'NONE', #8158 ) ;
#105 = CARTESIAN_POINT ( 'NONE',  ( 1.000000000000000000, 0.1000000000000000500, -0.5000000000000000000 ) ) ;
#106 = ORIENTED_EDGE ( 'NONE', *, *, #4973, .T. ) ;
#107 = CARTESIAN_POINT ( 'NONE',  ( -0.4499999999999998400, 0.1000000000000000500, -1.899999999999999900 ) ) ;
#108 = ORIENTED_EDGE ( 'NONE', *, *, #1349, .F. ) ;
#109 = DIRECTION ( 'NONE',  ( -0.0000000000000000000, -1.000000000000000000, -0.0000000000000000000 ) ) ;
#110 = DIRECTION ( 'NONE',  ( 0.0000000000000000000, 0.0000000000000000000, 1.000000000000000000 ) ) ;
#111 = ORIENTED_EDGE ( 'NONE', *, *, #2194, .F. ) ;
#112 = ADVANCED_FACE ( 'NONE', ( #1558 ), #1646, .F. ) ;
#113 = ORIENTED_EDGE ( 'NONE', *, *, #5209, .T. ) ;
#114 = LINE ( 'NONE', #5355, #9109 ) ;
#115 = LINE ( 'NONE', #3920, #5279 ) ;
#116 = PLANE ( 'NONE',  #4439 ) ;
#117 = ORIENTED_EDGE ( 'NONE', *, *, #3936, .F. ) ;
#118 = EDGE_CURVE ( 'NONE', #1245, #8993, #4937, .T. ) ;
#119 = DIRECTION ( 'NONE',  ( -0.0000000000000000000, -1.000000000000000000, -0.0000000000000000000 ) ) ;
#120 = ORIENTED_EDGE ( 'NONE', *, *, #6016, .F. ) ;
#121 = CARTESIAN_POINT ( 'NONE',  ( -0.4499999999999999600, 0.1000000000000000500, -0.5000000000000000000 ) ) ;
#122 = FACE_OUTER_BOUND ( 'NONE', #6327, .T. ) ;
#123 = EDGE_LOOP ( 'NONE', ( #1914, #7072, #8194, #2412 ) ) ;
#124 = VERTEX_POINT ( 'NONE', #2527 ) ;
#125 = CARTESIAN_POINT ( 'NONE',  ( 0.0000000000000000000, 0.1000000000000000100, 0.0000000000000000000 ) ) ;
#126 = ORIENTED_EDGE ( 'NONE', *, *, #8893, .T. ) ;
#127 = CLOSED_SHELL ( 'NONE', ( #8193, #8259, #4586, #280, #8076, #2345 ) ) ;
#128 = VECTOR ( 'NONE', #7702, 1000.000000000000000 ) ;
#129 = ORIENTED_EDGE ( 'NONE', *, *, #3796, .T. ) ;
#130 = FILL_AREA_STYLE_COLOUR ( '', #9162 ) ;
#131 = CARTESIAN_POINT ( 'NONE',  ( 0.9999999999999995600, 0.1000000000000002600, -0.2999999999999999300 ) ) ;
#132 = DIRECTION ( 'NONE',  ( 0.0000000000000000000, 1.000000000000000000, 0.0000000000000000000 ) ) ;
#133 = VERTEX_POINT ( 'NONE', #3825 ) ;
#134 = CLOSED_SHELL ( 'NONE', ( #4495, #4746, #6946, #1629, #2113, #6234 ) ) ;
#135 = VECTOR ( 'NONE', #2528, 1000.000000000000000 ) ;
#136 = DIRECTION ( 'NONE',  ( -0.0000000000000000000, -1.000000000000000000, -0.0000000000000000000 ) ) ;
#137 = EDGE_CURVE ( 'NONE', #6762, #215, #3948, .T. ) ;
#138 = LINE ( 'NONE', #4596, #6662 ) ;
#139 = EDGE_LOOP ( 'NONE', ( #4986, #2407, #4335, #7886 ) ) ;
#140 = CARTESIAN_POINT ( 'NONE',  ( 0.4499999999999999600, 0.6852349955359816600, -0.1000000000000000500 ) ) ;
#142 =( GEOMETRIC_REPRESENTATION_CONTEXT ( 3 ) GLOBAL_UNCERTAINTY_ASSIGNED_CONTEXT ( ( #1055 ) ) GLOBAL_UNIT_ASSIGNED_CONTEXT ( ( #1050, #3789, #3718 ) ) REPRESENTATION_CONTEXT ( 'NONE', 'WORKASPACE' ) );
#141 = CARTESIAN_POINT ( 'NONE',  ( 0.4499999999999999600, 0.6852349955359816600, 0.7000000000000000700 ) ) ;
#143 = LINE ( 'NONE', #3813, #4092 ) ;
#144 = CARTESIAN_POINT ( 'NONE',  ( -0.4499999999999999600, 0.1000000000000000500, -0.1000000000000000500 ) ) ;
#145 = SURFACE_SIDE_STYLE ('',( #5667 ) ) ;
#146 = VECTOR ( 'NONE', #3198, 1000.000000000000000 ) ;
#147 = EDGE_CURVE ( 'NONE', #2936, #4048, #1446, .T. ) ;
#148 = VECTOR ( 'NONE', #4108, 1000.000000000000000 ) ;
#149 =( NAMED_UNIT ( * ) PLANE_ANGLE_UNIT ( ) SI_UNIT ( $, .RADIAN. ) );
#150 = ORIENTED_EDGE ( 'NONE', *, *, #6780, .F. ) ;
#151 = DIRECTION ( 'NONE',  ( -0.0000000000000000000, -1.000000000000000000, -0.0000000000000000000 ) ) ;
#152 = MECHANICAL_DESIGN_GEOMETRIC_PRESENTATION_REPRESENTATION (  '', ( #6604 ), #7065 ) ;
#153 = EDGE_CURVE ( 'NONE', #1677, #1788, #3306, .T. ) ;
#154 = SURFACE_STYLE_USAGE ( .BOTH. , #8713 ) ;
#155 = EDGE_CURVE ( 'NONE', #8099, #8780, #5062, .T. ) ;
#156 = VECTOR ( 'NONE', #1483, 1000.000000000000000 ) ;
#157 = ORIENTED_EDGE ( 'NONE', *, *, #3962, .T. ) ;
#158 = DIRECTION ( 'NONE',  ( 1.000000000000000000, 0.0000000000000000000, -5.421010862427526100E-016 ) ) ;
#159 = PLANE ( 'NONE',  #1904 ) ;
#160 = CARTESIAN_POINT ( 'NONE',  ( -0.4499999999999995700, 0.05000000000000000300, -2.439454888092384500E-016 ) ) ;
#161 = DIRECTION ( 'NONE',  ( 0.0000000000000000000, 1.000000000000000000, 0.0000000000000000000 ) ) ;
#162 = DIRECTION ( 'NONE',  ( -0.0000000000000000000, -1.000000000000000000, -0.0000000000000000000 ) ) ;
#163 = VECTOR ( 'NONE', #3691, 1000.000000000000000 ) ;
#164 =( NAMED_UNIT ( * ) PLANE_ANGLE_UNIT ( ) SI_UNIT ( $, .RADIAN. ) );
#165 = FACE_OUTER_BOUND ( 'NONE', #3966, .T. ) ;
#166 = CARTESIAN_POINT ( 'NONE',  ( 0.0000000000000000000, 0.1000000000000000100, 0.0000000000000000000 ) ) ;
#167 = EDGE_LOOP ( 'NONE', ( #6630, #4624, #9223, #2719 ) ) ;
#168 = CARTESIAN_POINT ( 'NONE',  ( 1.000000000000000000, 0.0000000000000000000, 0.7000000000000000700 ) ) ;
#169 = LINE ( 'NONE', #4656, #6582 ) ;
#170 = LINE ( 'NONE', #6683, #6917 ) ;
#171 = MECHANICAL_DESIGN_GEOMETRIC_PRESENTATION_REPRESENTATION (  '', ( #3298 ), #3473 ) ;
#172 = FILL_AREA_STYLE_COLOUR ( '', #4125 ) ;
#173 = SURFACE_STYLE_FILL_AREA ( #1670 ) ;
#174 = ORIENTED_EDGE ( 'NONE', *, *, #7534, .F. ) ;
#175 = CARTESIAN_POINT ( 'NONE',  ( -1.000000000000000000, 0.6852349955359816600, -1.100000000000000300 ) ) ;
#176 = LINE ( 'NONE', #6667, #297 ) ;
#177 =( NAMED_UNIT ( * ) PLANE_ANGLE_UNIT ( ) SI_UNIT ( $, .RADIAN. ) );
#178 =( LENGTH_UNIT ( ) NAMED_UNIT ( * ) SI_UNIT ( .MILLI., .METRE. ) );
#179 = CARTESIAN_POINT ( 'NONE',  ( -1.000000000000000000, 0.6852349955359816600, -0.3000000000000001600 ) ) ;
#180 =( GEOMETRIC_REPRESENTATION_CONTEXT ( 3 ) GLOBAL_UNCERTAINTY_ASSIGNED_CONTEXT ( ( #8564 ) ) GLOBAL_UNIT_ASSIGNED_CONTEXT ( ( #51, #2808, #17 ) ) REPRESENTATION_CONTEXT ( 'NONE', 'WORKASPACE' ) );
#181 = CARTESIAN_POINT ( 'NONE',  ( 1.000000000000000000, 0.6852349955359816600, 1.300000000000000000 ) ) ;
#182 = PLANE ( 'NONE',  #9064 ) ;
#183 = ORIENTED_EDGE ( 'NONE', *, *, #8654, .F. ) ;
#184 = CARTESIAN_POINT ( 'NONE',  ( 0.4499999999999998400, 0.0000000000000000000, 0.9000000000000000200 ) ) ;
#185 = ADVANCED_FACE ( 'NONE', ( #1350 ), #2502, .F. ) ;
#186 = SURFACE_SIDE_STYLE ('',( #3055 ) ) ;
#187 = VECTOR ( 'NONE', #8303, 1000.000000000000000 ) ;
#188 = ORIENTED_EDGE ( 'NONE', *, *, #1174, .F. ) ;
#189 = CARTESIAN_POINT ( 'NONE',  ( -1.000000000000000000, 0.04999999999999969700, 0.5000000000000000000 ) ) ;
#190 = AXIS2_PLACEMENT_3D ( 'NONE', #7480, #1115, #6742 ) ;
#191 = EDGE_CURVE ( 'NONE', #1776, #5290, #114, .T. ) ;
#192 = CARTESIAN_POINT ( 'NONE',  ( 0.4499999999999998400, 0.6852349955359816600, 0.1000000000000000500 ) ) ;
#193 = PLANE ( 'NONE',  #5491 ) ;
#194 = CARTESIAN_POINT ( 'NONE',  ( -0.7500000000000000000, 0.5000000000000000000, -1.625000000000000200 ) ) ;
#195 = ORIENTED_EDGE ( 'NONE', *, *, #6963, .T. ) ;
#196 = VECTOR ( 'NONE', #3449, 1000.000000000000000 ) ;
#197 = PRESENTATION_LAYER_ASSIGNMENT (  '', '', ( #8946 ) ) ;
#198 = DIRECTION ( 'NONE',  ( 0.0000000000000000000, -1.000000000000000000, 0.0000000000000000000 ) ) ;
#199 = ADVANCED_FACE ( 'NONE', ( #5974 ), #1126, .T. ) ;
#200 = MANIFOLD_SOLID_BREP ( 'LPattern4[18]', #1779 ) ;
#201 = EDGE_CURVE ( 'NONE', #4736, #5863, #8192, .T. ) ;
#202 = PRESENTATION_STYLE_ASSIGNMENT (( #7759 ) ) ;
#203 = FILL_AREA_STYLE_COLOUR ( '', #8426 ) ;
#204 = VERTEX_POINT ( 'NONE', #2000 ) ;
#205 = COLOUR_RGB ( '',0.2509803921568627400, 0.2509803921568627400, 0.2509803921568627400 ) ;
#206 = EDGE_CURVE ( 'NONE', #4953, #5117, #9206, .T. ) ;
#207 = EDGE_LOOP ( 'NONE', ( #687, #3199, #792, #2737 ) ) ;
#208 = CARTESIAN_POINT ( 'NONE',  ( 0.4499999999999999600, 0.6852349955359816600, 1.099999999999999900 ) ) ;
#209 = ORIENTED_EDGE ( 'NONE', *, *, #6195, .F. ) ;
#210 = CARTESIAN_POINT ( 'NONE',  ( -1.000000000000000000, 0.6852349955359816600, -0.4999999999999997800 ) ) ;
#211 = PLANE ( 'NONE',  #5619 ) ;
#212 = SURFACE_SIDE_STYLE ('',( #7088 ) ) ;
#213 = DIRECTION ( 'NONE',  ( -1.000000000000000000, 0.0000000000000000000, -3.942553354492742500E-016 ) ) ;
#214 = ORIENTED_EDGE ( 'NONE', *, *, #3279, .F. ) ;
#215 = VERTEX_POINT ( 'NONE', #7011 ) ;
#216 = LINE ( 'NONE', #508, #3412 ) ;
#217 = EDGE_CURVE ( 'NONE', #5336, #8299, #7717, .T. ) ;
#218 = FILL_AREA_STYLE ('',( #3698 ) ) ;
#219 = ORIENTED_EDGE ( 'NONE', *, *, #2562, .T. ) ;
#220 = DIRECTION ( 'NONE',  ( 0.0000000000000000000, -1.000000000000000000, 0.0000000000000000000 ) ) ;
#221 = DIRECTION ( 'NONE',  ( 0.0000000000000000000, 1.000000000000000000, 0.0000000000000000000 ) ) ;
#222 = ORIENTED_EDGE ( 'NONE', *, *, #2252, .T. ) ;
#223 = ORIENTED_EDGE ( 'NONE', *, *, #25, .T. ) ;
#224 = COLOUR_RGB ( '',0.7921568627450980000, 0.8196078431372548800, 0.9333333333333333500 ) ;
#225 = VECTOR ( 'NONE', #5747, 1000.000000000000000 ) ;
#226 = ORIENTED_EDGE ( 'NONE', *, *, #7774, .F. ) ;
#227 = FILL_AREA_STYLE ('',( #7212 ) ) ;
#228 = SURFACE_STYLE_FILL_AREA ( #4539 ) ;
#229 = ORIENTED_EDGE ( 'NONE', *, *, #6678, .T. ) ;
#230 = ORIENTED_EDGE ( 'NONE', *, *, #6136, .F. ) ;
#231 = FACE_OUTER_BOUND ( 'NONE', #1296, .T. ) ;
#232 = AXIS2_PLACEMENT_3D ( 'NONE', #1503, #5657, #6447 ) ;
#233 = ORIENTED_EDGE ( 'NONE', *, *, #6572, .F. ) ;
#234 = CARTESIAN_POINT ( 'NONE',  ( -0.09999999999999939500, 0.1000000000000000500, 1.450000000000000000 ) ) ;
#235 = COLOUR_RGB ( '',0.2509803921568627400, 0.2509803921568627400, 0.2509803921568627400 ) ;
#236 = ORIENTED_EDGE ( 'NONE', *, *, #3569, .F. ) ;
#237 = DIRECTION ( 'NONE',  ( -1.000000000000000000, 0.0000000000000000000, -5.421010862427526100E-016 ) ) ;
#238 = ORIENTED_EDGE ( 'NONE', *, *, #9141, .F. ) ;
#239 = ORIENTED_EDGE ( 'NONE', *, *, #9141, .T. ) ;
#240 = FACE_OUTER_BOUND ( 'NONE', #167, .T. ) ;
#241 = ORIENTED_EDGE ( 'NONE', *, *, #8251, .T. ) ;
#242 = DIRECTION ( 'NONE',  ( 0.0000000000000000000, 1.000000000000000000, 0.0000000000000000000 ) ) ;
#243 = EDGE_CURVE ( 'NONE', #5084, #7523, #5249, .T. ) ;
#244 = SURFACE_STYLE_USAGE ( .BOTH. , #2357 ) ;
#245 = SURFACE_SIDE_STYLE ('',( #1699 ) ) ;
#246 = VERTEX_POINT ( 'NONE', #9070 ) ;
#247 = COLOUR_RGB ( '',1.000000000000000000, 1.000000000000000000, 1.000000000000000000 ) ;
#248 = LINE ( 'NONE', #7466, #4196 ) ;
#249 = DIRECTION ( 'NONE',  ( 0.0000000000000000000, -1.000000000000000000, 0.0000000000000000000 ) ) ;
#250 = DIRECTION ( 'NONE',  ( 0.0000000000000000000, -0.0000000000000000000, 1.000000000000000000 ) ) ;
#251 = VERTEX_POINT ( 'NONE', #3414 ) ;
#252 = SURFACE_STYLE_USAGE ( .BOTH. , #5871 ) ;
#253 = CARTESIAN_POINT ( 'NONE',  ( -1.000000000000000000, 0.6852349955359816600, 1.900000000000000400 ) ) ;
#254 = EDGE_CURVE ( 'NONE', #6300, #3729, #2262, .T. ) ;
#255 = FILL_AREA_STYLE_COLOUR ( '', #2930 ) ;
#256 = VECTOR ( 'NONE', #8761, 1000.000000000000000 ) ;
#257 = MECHANICAL_DESIGN_GEOMETRIC_PRESENTATION_REPRESENTATION (  '', ( #7053 ), #8167 ) ;
#258 = LINE ( 'NONE', #6973, #7339 ) ;
#259 = LINE ( 'NONE', #2084, #9044 ) ;
#260 = EDGE_LOOP ( 'NONE', ( #7341, #4751, #1, #4724 ) ) ;
#261 = LINE ( 'NONE', #638, #5902 ) ;
#262 = VECTOR ( 'NONE', #362, 1000.000000000000000 ) ;
#263 = EDGE_CURVE ( 'NONE', #4166, #7469, #5363, .T. ) ;
#264 = EDGE_CURVE ( 'NONE', #823, #4747, #4916, .T. ) ;
#265 = FACE_OUTER_BOUND ( 'NONE', #6362, .T. ) ;
#266 = UNCERTAINTY_MEASURE_WITH_UNIT (LENGTH_MEASURE( 1.000000000000000100E-005 ), #889, 'distance_accuracy_value', 'NONE');
#267 = LINE ( 'NONE', #7185, #3765 ) ;
#268 = VECTOR ( 'NONE', #5382, 1000.000000000000000 ) ;
#269 = CARTESIAN_POINT ( 'NONE',  ( 0.3000000000000006000, 0.05000000000000000300, 1.450000000000000000 ) ) ;
#270 = PRESENTATION_LAYER_ASSIGNMENT (  '', '', ( #8119 ) ) ;
#271 = ORIENTED_EDGE ( 'NONE', *, *, #6295, .F. ) ;
#272 = CARTESIAN_POINT ( 'NONE',  ( 1.000000000000000000, 0.04999999999999969700, -1.500000000000000200 ) ) ;
#273 = CARTESIAN_POINT ( 'NONE',  ( 0.4499999999999998400, 0.1000000000000000500, -0.2999999999999999300 ) ) ;
#274 = AXIS2_PLACEMENT_3D ( 'NONE', #1122, #8188, #8153 ) ;
#275 = ORIENTED_EDGE ( 'NONE', *, *, #3893, .T. ) ;
#276 = CARTESIAN_POINT ( 'NONE',  ( 0.4499999999999991200, 0.05000000000000000300, -2.439454888092382000E-016 ) ) ;
#277 = VECTOR ( 'NONE', #4369, 1000.000000000000000 ) ;
#278 = CARTESIAN_POINT ( 'NONE',  ( -0.4499999999999999600, 0.0000000000000000000, 0.2999999999999999300 ) ) ;
#279 = UNCERTAINTY_MEASURE_WITH_UNIT (LENGTH_MEASURE( 1.000000000000000100E-005 ), #6019, 'distance_accuracy_value', 'NONE');
#280 = ADVANCED_FACE ( 'NONE', ( #5130 ), #4767, .F. ) ;
#281 = EDGE_CURVE ( 'NONE', #8452, #5057, #1640, .T. ) ;
#282 = PRESENTATION_STYLE_ASSIGNMENT (( #360 ) ) ;
#283 = LINE ( 'NONE', #4532, #6317 ) ;
#284 = ORIENTED_EDGE ( 'NONE', *, *, #9075, .F. ) ;
#285 =( NAMED_UNIT ( * ) PLANE_ANGLE_UNIT ( ) SI_UNIT ( $, .RADIAN. ) );
#286 = DIRECTION ( 'NONE',  ( -1.000000000000000000, 0.0000000000000000000, 0.0000000000000000000 ) ) ;
#287 = CARTESIAN_POINT ( 'NONE',  ( 1.000000000000000000, 0.1000000000000000500, 1.500000000000000000 ) ) ;
#288 = FACE_OUTER_BOUND ( 'NONE', #2186, .T. ) ;
#289 = FILL_AREA_STYLE_COLOUR ( '', #247 ) ;
#290 = ADVANCED_FACE ( 'NONE', ( #2739 ), #3560, .F. ) ;
#291 = AXIS2_PLACEMENT_3D ( 'NONE', #5166, #4499, #2402 ) ;
#292 = DIRECTION ( 'NONE',  ( -1.000000000000000000, 0.0000000000000000000, 3.942553354492742500E-016 ) ) ;
#293 = SURFACE_SIDE_STYLE ('',( #6866 ) ) ;
#294 = CARTESIAN_POINT ( 'NONE',  ( 0.1000000000000003100, 0.1000000000000000100, -1.450000000000000000 ) ) ;
#295 = EDGE_CURVE ( 'NONE', #5336, #6762, #858, .T. ) ;
#296 = ORIENTED_EDGE ( 'NONE', *, *, #1876, .T. ) ;
#297 = VECTOR ( 'NONE', #396, 1000.000000000000000 ) ;
#298 =( GEOMETRIC_REPRESENTATION_CONTEXT ( 3 ) GLOBAL_UNCERTAINTY_ASSIGNED_CONTEXT ( ( #939 ) ) GLOBAL_UNIT_ASSIGNED_CONTEXT ( ( #5038, #6344, #7039 ) ) REPRESENTATION_CONTEXT ( 'NONE', 'WORKASPACE' ) );
#299 = ADVANCED_FACE ( 'NONE', ( #5601 ), #688, .F. ) ;
#300 = FILL_AREA_STYLE ('',( #2348 ) ) ;
#301 = ORIENTED_EDGE ( 'NONE', *, *, #4802, .T. ) ;
#302 = CARTESIAN_POINT ( 'NONE',  ( -0.4499999999999999600, 0.1000000000000000500, 1.900000000000000100 ) ) ;
#303 = CARTESIAN_POINT ( 'NONE',  ( 0.4499999999999998400, 0.1000000000000000500, -0.2999999999999999300 ) ) ;
#304 = AXIS2_PLACEMENT_3D ( 'NONE', #5248, #8044, #8741 ) ;
#305 = CARTESIAN_POINT ( 'NONE',  ( -0.4499999999999999600, 0.6852349955359816600, -0.1000000000000000500 ) ) ;
#306 = SURFACE_STYLE_USAGE ( .BOTH. , #1112 ) ;
#307 =( NAMED_UNIT ( * ) SI_UNIT ( $, .STERADIAN. ) SOLID_ANGLE_UNIT ( ) );
#308 = ORIENTED_EDGE ( 'NONE', *, *, #4704, .F. ) ;
#309 =( LENGTH_UNIT ( ) NAMED_UNIT ( * ) SI_UNIT ( .MILLI., .METRE. ) );
#310 = CARTESIAN_POINT ( 'NONE',  ( 1.000000000000000000, 0.0000000000000000000, 1.900000000000000100 ) ) ;
#311 = SURFACE_STYLE_USAGE ( .BOTH. , #3764 ) ;
#312 = AXIS2_PLACEMENT_3D ( 'NONE', #7100, #4929, #4906 ) ;
#313 = ORIENTED_EDGE ( 'NONE', *, *, #243, .F. ) ;
#314 = LINE ( 'NONE', #9083, #750 ) ;
#315 =( NAMED_UNIT ( * ) SI_UNIT ( $, .STERADIAN. ) SOLID_ANGLE_UNIT ( ) );
#316 = MANIFOLD_SOLID_BREP ( 'Boss-Extrude6', #1330 ) ;
#317 = EDGE_CURVE ( 'NONE', #8108, #9108, #1959, .T. ) ;
#318 = SURFACE_SIDE_STYLE ('',( #2004 ) ) ;
#319 = ORIENTED_EDGE ( 'NONE', *, *, #6598, .F. ) ;
#320 = AXIS2_PLACEMENT_3D ( 'NONE', #1497, #7043, #4919 ) ;
#321 = ADVANCED_FACE ( 'NONE', ( #2157 ), #5700, .T. ) ;
#322 = ORIENTED_EDGE ( 'NONE', *, *, #1464, .F. ) ;
#323 = VECTOR ( 'NONE', #8175, 1000.000000000000000 ) ;
#324 = ORIENTED_EDGE ( 'NONE', *, *, #3606, .T. ) ;
#325 = DIRECTION ( 'NONE',  ( -1.000000000000000000, 0.0000000000000000000, 0.0000000000000000000 ) ) ;
#326 = EDGE_CURVE ( 'NONE', #5646, #5336, #5594, .T. ) ;
#327 = EDGE_CURVE ( 'NONE', #3627, #8099, #1952, .T. ) ;
#328 =( LENGTH_UNIT ( ) NAMED_UNIT ( * ) SI_UNIT ( .MILLI., .METRE. ) );
#329 = SURFACE_SIDE_STYLE ('',( #641 ) ) ;
#330 = ORIENTED_EDGE ( 'NONE', *, *, #7033, .F. ) ;
#331 = ORIENTED_EDGE ( 'NONE', *, *, #3088, .T. ) ;
#332 = LINE ( 'NONE', #4703, #4517 ) ;
#333 = CARTESIAN_POINT ( 'NONE',  ( -0.4499999999999998400, 0.1000000000000000500, 0.1000000000000000500 ) ) ;
#334 = ORIENTED_EDGE ( 'NONE', *, *, #2024, .F. ) ;
#335 = VERTEX_POINT ( 'NONE', #7105 ) ;
#336 = VERTEX_POINT ( 'NONE', #4233 ) ;
#337 = VECTOR ( 'NONE', #6534, 1000.000000000000000 ) ;
#338 = PRESENTATION_LAYER_ASSIGNMENT (  '', '', ( #4510 ) ) ;
#339 = EDGE_CURVE ( 'NONE', #6654, #2752, #7271, .T. ) ;
#340 = CARTESIAN_POINT ( 'NONE',  ( 0.4499999999999998400, 0.0000000000000000000, -1.899999999999999900 ) ) ;
#341 = CARTESIAN_POINT ( 'NONE',  ( 0.0000000000000000000, 0.1000000000000000100, 0.0000000000000000000 ) ) ;
#342 = VERTEX_POINT ( 'NONE', #1459 ) ;
#343 = DIRECTION ( 'NONE',  ( -0.0000000000000000000, 0.0000000000000000000, 1.000000000000000000 ) ) ;
#344 = VERTEX_POINT ( 'NONE', #1487 ) ;
#345 = SURFACE_SIDE_STYLE ('',( #5432 ) ) ;
#346 = ADVANCED_FACE ( 'NONE', ( #1854 ), #7798, .T. ) ;
#347 = VECTOR ( 'NONE', #5861, 1000.000000000000000 ) ;
#348 = CARTESIAN_POINT ( 'NONE',  ( 0.4499999999999998400, 0.6852349955359816600, -0.2999999999999999300 ) ) ;
#349 = DIRECTION ( 'NONE',  ( -0.0000000000000000000, -0.0000000000000000000, 1.000000000000000000 ) ) ;
#350 = ORIENTED_EDGE ( 'NONE', *, *, #4704, .T. ) ;
#351 = DIRECTION ( 'NONE',  ( 0.0000000000000000000, 0.0000000000000000000, 1.000000000000000000 ) ) ;
#352 = CARTESIAN_POINT ( 'NONE',  ( 1.000000000000000000, 0.1000000000000000500, -1.300000000000000300 ) ) ;
#353 =( LENGTH_UNIT ( ) NAMED_UNIT ( * ) SI_UNIT ( .MILLI., .METRE. ) );
#354 = ORIENTED_EDGE ( 'NONE', *, *, #8418, .T. ) ;
#355 = PRESENTATION_LAYER_ASSIGNMENT (  '', '', ( #4121 ) ) ;
#356 = ORIENTED_EDGE ( 'NONE', *, *, #1609, .F. ) ;
#357 = CYLINDRICAL_SURFACE ( 'NONE', #7609, 0.1249999999999998900 ) ;
#358 = LINE ( 'NONE', #7553, #3334 ) ;
#359 = ORIENTED_EDGE ( 'NONE', *, *, #5224, .T. ) ;
#360 = SURFACE_STYLE_USAGE ( .BOTH. , #4582 ) ;
#361 = VECTOR ( 'NONE', #4756, 1000.000000000000000 ) ;
#362 = DIRECTION ( 'NONE',  ( 1.000000000000000000, -0.0000000000000000000, -3.942553354492742500E-016 ) ) ;
#363 = CARTESIAN_POINT ( 'NONE',  ( -1.000000000000000000, 0.1000000000000000500, -0.09999999999999982500 ) ) ;
#364 = SURFACE_STYLE_USAGE ( .BOTH. , #8832 ) ;
#365 =( GEOMETRIC_REPRESENTATION_CONTEXT ( 3 ) GLOBAL_UNCERTAINTY_ASSIGNED_CONTEXT ( ( #9210 ) ) GLOBAL_UNIT_ASSIGNED_CONTEXT ( ( #8612, #5815, #7220 ) ) REPRESENTATION_CONTEXT ( 'NONE', 'WORKASPACE' ) );
#366 = DIRECTION ( 'NONE',  ( 1.000000000000000000, 0.0000000000000000000, -3.942553354492742500E-016 ) ) ;
#367 = PRESENTATION_STYLE_ASSIGNMENT (( #3979 ) ) ;
#368 = FACE_OUTER_BOUND ( 'NONE', #4269, .T. ) ;
#369 = ORIENTED_EDGE ( 'NONE', *, *, #3312, .T. ) ;
#370 = CARTESIAN_POINT ( 'NONE',  ( 0.4499999999999998400, 0.6852349955359816600, 1.700000000000000400 ) ) ;
#371 = LINE ( 'NONE', #1070, #262 ) ;
#372 = UNCERTAINTY_MEASURE_WITH_UNIT (LENGTH_MEASURE( 1.000000000000000100E-005 ), #2620, 'distance_accuracy_value', 'NONE');
#373 = PRESENTATION_LAYER_ASSIGNMENT (  '', '', ( #673 ) ) ;
#374 = EDGE_CURVE ( 'NONE', #3616, #6232, #4910, .T. ) ;
#375 = DIRECTION ( 'NONE',  ( -1.000000000000000000, 0.0000000000000000000, -5.421010862427526100E-016 ) ) ;
#376 =( LENGTH_UNIT ( ) NAMED_UNIT ( * ) SI_UNIT ( .MILLI., .METRE. ) );
#377 = VECTOR ( 'NONE', #2273, 1000.000000000000000 ) ;
#378 = LINE ( 'NONE', #3354, #5453 ) ;
#379 = ORIENTED_EDGE ( 'NONE', *, *, #206, .T. ) ;
#380 = ADVANCED_FACE ( 'NONE', ( #6717 ), #6518, .F. ) ;
#381 =( GEOMETRIC_REPRESENTATION_CONTEXT ( 3 ) GLOBAL_UNCERTAINTY_ASSIGNED_CONTEXT ( ( #7524 ) ) GLOBAL_UNIT_ASSIGNED_CONTEXT ( ( #9209, #5620, #6472 ) ) REPRESENTATION_CONTEXT ( 'NONE', 'WORKASPACE' ) );
#382 =( NAMED_UNIT ( * ) SI_UNIT ( $, .STERADIAN. ) SOLID_ANGLE_UNIT ( ) );
#383 = DIRECTION ( 'NONE',  ( -0.0000000000000000000, -0.0000000000000000000, 1.000000000000000000 ) ) ;
#384 = ORIENTED_EDGE ( 'NONE', *, *, #7503, .T. ) ;
#385 = FACE_OUTER_BOUND ( 'NONE', #139, .T. ) ;
#386 = CARTESIAN_POINT ( 'NONE',  ( 0.4499999999999998400, 0.6852349955359816600, 1.300000000000000300 ) ) ;
#387 =( LENGTH_UNIT ( ) NAMED_UNIT ( * ) SI_UNIT ( .MILLI., .METRE. ) );
#388 = DIRECTION ( 'NONE',  ( -3.942553354492742500E-016, 0.0000000000000000000, -1.000000000000000000 ) ) ;
#389 = ADVANCED_FACE ( 'NONE', ( #4699 ), #7922, .T. ) ;
#390 = EDGE_CURVE ( 'NONE', #2398, #2322, #2823, .T. ) ;
#391 = VECTOR ( 'NONE', #5210, 1000.000000000000000 ) ;
#392 = VECTOR ( 'NONE', #1315, 1000.000000000000000 ) ;
#393 = EDGE_LOOP ( 'NONE', ( #8917, #7554, #8996, #6291 ) ) ;
#394 = EDGE_CURVE ( 'NONE', #7306, #6874, #534, .T. ) ;
#395 = DIRECTION ( 'NONE',  ( -1.000000000000000000, 0.0000000000000000000, 3.942553354492742500E-016 ) ) ;
#396 = DIRECTION ( 'NONE',  ( -5.421010862427526100E-016, 0.0000000000000000000, -1.000000000000000000 ) ) ;
#397 = VECTOR ( 'NONE', #4598, 1000.000000000000000 ) ;
#398 = PLANE ( 'NONE',  #7138 ) ;
#399 = DIRECTION ( 'NONE',  ( 0.0000000000000000000, 1.000000000000000000, 0.0000000000000000000 ) ) ;
#400 = AXIS2_PLACEMENT_3D ( 'NONE', #3733, #8748, #5124 ) ;
#401 = FACE_OUTER_BOUND ( 'NONE', #967, .T. ) ;
#402 = CARTESIAN_POINT ( 'NONE',  ( 0.4499999999999999600, 0.1000000000000000500, -1.300000000000000300 ) ) ;
#403 = ORIENTED_EDGE ( 'NONE', *, *, #6607, .T. ) ;
#404 = CARTESIAN_POINT ( 'NONE',  ( -0.09999999999999971400, 0.6852349955359814400, -1.450000000000000000 ) ) ;
#405 = DIRECTION ( 'NONE',  ( 0.0000000000000000000, -1.000000000000000000, 0.0000000000000000000 ) ) ;
#406 = VECTOR ( 'NONE', #8929, 1000.000000000000000 ) ;
#407 = CARTESIAN_POINT ( 'NONE',  ( -0.5499999999999988200, 0.0000000000000000000, -1.900000000000000100 ) ) ;
#408 = CARTESIAN_POINT ( 'NONE',  ( 4.336808689942015300E-016, 0.05000000000000000300, -1.099999999999999600 ) ) ;
#409 = FACE_OUTER_BOUND ( 'NONE', #8283, .T. ) ;
#410 = CARTESIAN_POINT ( 'NONE',  ( 0.3000000000000003200, 0.6852349955359814400, -2.000000000000000000 ) ) ;
#411 = CARTESIAN_POINT ( 'NONE',  ( 0.0000000000000000000, 0.0000000000000000000, 0.0000000000000000000 ) ) ;
#412 = VERTEX_POINT ( 'NONE', #7321 ) ;
#413 = CARTESIAN_POINT ( 'NONE',  ( -1.000000000000000000, 0.0000000000000000000, 1.900000000000000400 ) ) ;
#414 = FACE_OUTER_BOUND ( 'NONE', #7289, .T. ) ;
#415 = AXIS2_PLACEMENT_3D ( 'NONE', #8373, #8579, #22 ) ;
#416 = CARTESIAN_POINT ( 'NONE',  ( 0.4499999999999999600, 0.1000000000000000500, 0.2999999999999999300 ) ) ;
#417 = FACE_OUTER_BOUND ( 'NONE', #8909, .T. ) ;
#418 = ORIENTED_EDGE ( 'NONE', *, *, #6527, .T. ) ;
#419 = CARTESIAN_POINT ( 'NONE',  ( -0.4499999999999999600, 0.05000000000000002400, 1.099999999999999900 ) ) ;
#420 = CARTESIAN_POINT ( 'NONE',  ( -0.4499999999999999600, 0.0000000000000000000, -0.5000000000000000000 ) ) ;
#421 = CARTESIAN_POINT ( 'NONE',  ( -0.4499999999999999600, 0.1000000000000000500, -1.300000000000000300 ) ) ;
#422 = CARTESIAN_POINT ( 'NONE',  ( 0.0000000000000000000, 0.1000000000000000100, 0.0000000000000000000 ) ) ;
#423 = ORIENTED_EDGE ( 'NONE', *, *, #1039, .T. ) ;
#424 = VECTOR ( 'NONE', #1946, 1000.000000000000000 ) ;
#425 =( LENGTH_UNIT ( ) NAMED_UNIT ( * ) SI_UNIT ( .MILLI., .METRE. ) );
#426 = LINE ( 'NONE', #3677, #2833 ) ;
#427 = SURFACE_SIDE_STYLE ('',( #1268 ) ) ;
#428 = ORIENTED_EDGE ( 'NONE', *, *, #2381, .T. ) ;
#429 = VECTOR ( 'NONE', #2865, 1000.000000000000000 ) ;
#430 = DIRECTION ( 'NONE',  ( 5.421010862427526100E-016, 0.0000000000000000000, -1.000000000000000000 ) ) ;
#431 = PRODUCT_RELATED_PRODUCT_CATEGORY ( 'part', '', ( #5726 ) ) ;
#432 = ORIENTED_EDGE ( 'NONE', *, *, #2145, .F. ) ;
#433 = CARTESIAN_POINT ( 'NONE',  ( 0.0000000000000000000, 0.05000000000000000300, 0.2999999999999999300 ) ) ;
#434 = PRESENTATION_LAYER_ASSIGNMENT (  '', '', ( #4073 ) ) ;
#435 = ADVANCED_FACE ( 'NONE', ( #957 ), #3668, .F. ) ;
#436 = ORIENTED_EDGE ( 'NONE', *, *, #6186, .T. ) ;
#437 =( LENGTH_UNIT ( ) NAMED_UNIT ( * ) SI_UNIT ( .MILLI., .METRE. ) );
#438 = CARTESIAN_POINT ( 'NONE',  ( -0.4499999999999999600, 0.0000000000000000000, -1.300000000000000300 ) ) ;
#439 = EDGE_LOOP ( 'NONE', ( #6894, #2529, #4081, #1325 ) ) ;
#440 = LINE ( 'NONE', #3986, #6524 ) ;
#441 = DIRECTION ( 'NONE',  ( -0.0000000000000000000, -1.000000000000000000, -0.0000000000000000000 ) ) ;
#442 = EDGE_CURVE ( 'NONE', #7641, #7232, #9079, .T. ) ;
#443 = VERTEX_POINT ( 'NONE', #2986 ) ;
#444 = VERTEX_POINT ( 'NONE', #3017 ) ;
#445 = SURFACE_SIDE_STYLE ('',( #2783 ) ) ;
#446 =( GEOMETRIC_REPRESENTATION_CONTEXT ( 3 ) GLOBAL_UNCERTAINTY_ASSIGNED_CONTEXT ( ( #7134 ) ) GLOBAL_UNIT_ASSIGNED_CONTEXT ( ( #4800, #4120, #3499 ) ) REPRESENTATION_CONTEXT ( 'NONE', 'WORKASPACE' ) );
#447 = CARTESIAN_POINT ( 'NONE',  ( -1.000000000000000000, 0.04999999999999969700, 1.700000000000000200 ) ) ;
#448 = CARTESIAN_POINT ( 'NONE',  ( 0.0000000000000000000, 0.1000000000000000100, 0.0000000000000000000 ) ) ;
#449 = LINE ( 'NONE', #7245, #7652 ) ;
#450 = ORIENTED_EDGE ( 'NONE', *, *, #5013, .F. ) ;
#451 = MECHANICAL_DESIGN_GEOMETRIC_PRESENTATION_REPRESENTATION (  '', ( #4514 ), #6913 ) ;
#452 = VECTOR ( 'NONE', #5774, 1000.000000000000000 ) ;
#453 = COLOUR_RGB ( '',0.2509803921568627400, 0.2509803921568627400, 0.2509803921568627400 ) ;
#454 = EDGE_CURVE ( 'NONE', #344, #443, #2623, .T. ) ;
#455 = EDGE_LOOP ( 'NONE', ( #4068, #5724, #7196, #7085 ) ) ;
#456 = SURFACE_SIDE_STYLE ('',( #2181 ) ) ;
#457 = ORIENTED_EDGE ( 'NONE', *, *, #2140, .F. ) ;
#458 = SURFACE_STYLE_USAGE ( .BOTH. , #6114 ) ;
#459 = PRESENTATION_STYLE_ASSIGNMENT (( #2755 ) ) ;
#460 = EDGE_CURVE ( 'NONE', #1155, #5966, #6276, .T. ) ;
#461 = FACE_OUTER_BOUND ( 'NONE', #2184, .T. ) ;
#462 = CARTESIAN_POINT ( 'NONE',  ( 0.4499999999999999600, 0.1000000000000000500, -1.300000000000000300 ) ) ;
#463 = DIRECTION ( 'NONE',  ( 1.000000000000000000, 0.0000000000000000000, 0.0000000000000000000 ) ) ;
#464 = ORIENTED_EDGE ( 'NONE', *, *, #4979, .F. ) ;
#465 = DIRECTION ( 'NONE',  ( -1.000000000000000000, 0.0000000000000000000, -0.0000000000000000000 ) ) ;
#466 = LINE ( 'NONE', #7753, #2096 ) ;
#467 = VERTEX_POINT ( 'NONE', #6490 ) ;
#468 = ORIENTED_EDGE ( 'NONE', *, *, #3796, .F. ) ;
#469 =( GEOMETRIC_REPRESENTATION_CONTEXT ( 3 ) GLOBAL_UNCERTAINTY_ASSIGNED_CONTEXT ( ( #7540 ) ) GLOBAL_UNIT_ASSIGNED_CONTEXT ( ( #9039, #6065, #4647 ) ) REPRESENTATION_CONTEXT ( 'NONE', 'WORKASPACE' ) );
#470 = CARTESIAN_POINT ( 'NONE',  ( 1.000000000000000000, 0.6852349955359816600, 1.500000000000000000 ) ) ;
#471 = ORIENTED_EDGE ( 'NONE', *, *, #6827, .T. ) ;
#472 = PRESENTATION_STYLE_ASSIGNMENT (( #6876 ) ) ;
#473 = DIRECTION ( 'NONE',  ( -5.421010862427526100E-016, 0.0000000000000000000, 1.000000000000000000 ) ) ;
#474 =( NAMED_UNIT ( * ) SI_UNIT ( $, .STERADIAN. ) SOLID_ANGLE_UNIT ( ) );
#475 = DIRECTION ( 'NONE',  ( 0.0000000000000000000, -1.000000000000000000, 0.0000000000000000000 ) ) ;
#476 = ORIENTED_EDGE ( 'NONE', *, *, #7887, .F. ) ;
#477 = DIRECTION ( 'NONE',  ( 0.0000000000000000000, -1.000000000000000000, 0.0000000000000000000 ) ) ;
#478 = ADVANCED_FACE ( 'NONE', ( #2389 ), #8041, .T. ) ;
#479 = ORIENTED_EDGE ( 'NONE', *, *, #8298, .F. ) ;
#480 = DIRECTION ( 'NONE',  ( -1.000000000000000000, 0.0000000000000000000, 3.942553354492742500E-016 ) ) ;
#481 = AXIS2_PLACEMENT_3D ( 'NONE', #4178, #7625, #8364 ) ;
#482 = DIRECTION ( 'NONE',  ( 0.0000000000000000000, 0.0000000000000000000, -1.000000000000000000 ) ) ;
#483 = LINE ( 'NONE', #5454, #1246 ) ;
#484 = VECTOR ( 'NONE', #7501, 1000.000000000000000 ) ;
#485 = ORIENTED_EDGE ( 'NONE', *, *, #808, .F. ) ;
#486 =( NAMED_UNIT ( * ) PLANE_ANGLE_UNIT ( ) SI_UNIT ( $, .RADIAN. ) );
#487 = FACE_OUTER_BOUND ( 'NONE', #1420, .T. ) ;
#488 = CARTESIAN_POINT ( 'NONE',  ( -0.5499999999999988200, 0.1000000000000000100, -1.900000000000000100 ) ) ;
#489 = LINE ( 'NONE', #613, #3988 ) ;
#490 = VECTOR ( 'NONE', #8567, 1000.000000000000000 ) ;
#491 = ORIENTED_EDGE ( 'NONE', *, *, #5373, .F. ) ;
#492 = PLANE ( 'NONE',  #1753 ) ;
#493 = EDGE_CURVE ( 'NONE', #578, #6684, #5085, .T. ) ;
#494 = ADVANCED_FACE ( 'NONE', ( #4868 ), #7385, .T. ) ;
#495 = UNCERTAINTY_MEASURE_WITH_UNIT (LENGTH_MEASURE( 1.000000000000000100E-005 ), #5063, 'distance_accuracy_value', 'NONE');
#496 =( GEOMETRIC_REPRESENTATION_CONTEXT ( 3 ) GLOBAL_UNCERTAINTY_ASSIGNED_CONTEXT ( ( #5170 ) ) GLOBAL_UNIT_ASSIGNED_CONTEXT ( ( #8837, #5998, #3882 ) ) REPRESENTATION_CONTEXT ( 'NONE', 'WORKASPACE' ) );
#497 = EDGE_LOOP ( 'NONE', ( #6190, #1769, #2217, #2584 ) ) ;
#498 = EDGE_CURVE ( 'NONE', #6639, #3617, #5655, .T. ) ;
#499 = CARTESIAN_POINT ( 'NONE',  ( -0.4499999999999999600, 0.6852349955359816600, -0.1000000000000000500 ) ) ;
#500 = LINE ( 'NONE', #5113, #5101 ) ;
#501 = FACE_OUTER_BOUND ( 'NONE', #3201, .T. ) ;
#502 = ORIENTED_EDGE ( 'NONE', *, *, #81, .T. ) ;
#503 = CARTESIAN_POINT ( 'NONE',  ( 0.3000000000000003200, 0.6852349955359814400, -1.450000000000000000 ) ) ;
#504 = AXIS2_PLACEMENT_3D ( 'NONE', #1880, #8968, #1799 ) ;
#505 = COLOUR_RGB ( '',0.2509803921568627400, 0.2509803921568627400, 0.2509803921568627400 ) ;
#506 = ORIENTED_EDGE ( 'NONE', *, *, #5224, .F. ) ;
#507 = CARTESIAN_POINT ( 'NONE',  ( -0.4499999999999999600, 0.0000000000000000000, 0.7000000000000000700 ) ) ;
#508 = CARTESIAN_POINT ( 'NONE',  ( 1.000000000000000000, 0.1000000000000000500, -0.1000000000000000500 ) ) ;
#509 = FACE_OUTER_BOUND ( 'NONE', #91, .T. ) ;
#510 = DIRECTION ( 'NONE',  ( -1.000000000000000000, 0.0000000000000000000, 0.0000000000000000000 ) ) ;
#511 = VECTOR ( 'NONE', #5231, 1000.000000000000000 ) ;
#512 = LINE ( 'NONE', #7685, #8496 ) ;
#513 = DIRECTION ( 'NONE',  ( 1.000000000000000000, -0.0000000000000000000, -0.0000000000000000000 ) ) ;
#514 = AXIS2_PLACEMENT_3D ( 'NONE', #6918, #5500, #2680 ) ;
#515 = ORIENTED_EDGE ( 'NONE', *, *, #5004, .F. ) ;
#516 = EDGE_CURVE ( 'NONE', #6187, #9025, #3545, .T. ) ;
#517 = CARTESIAN_POINT ( 'NONE',  ( -1.000000000000000000, 0.1000000000000000500, -1.700000000000000000 ) ) ;
#518 = CARTESIAN_POINT ( 'NONE',  ( 0.3000000000000006000, 0.1000000000000000100, 1.450000000000000000 ) ) ;
#519 = VECTOR ( 'NONE', #6076, 1000.000000000000000 ) ;
#520 = CARTESIAN_POINT ( 'NONE',  ( 0.0000000000000000000, 0.0000000000000000000, 2.400000000000000400 ) ) ;
#521 = SURFACE_STYLE_FILL_AREA ( #5045 ) ;
#522 = PRESENTATION_STYLE_ASSIGNMENT (( #6334 ) ) ;
#523 = DIRECTION ( 'NONE',  ( 0.0000000000000000000, -0.0000000000000000000, 1.000000000000000000 ) ) ;
#524 =( NAMED_UNIT ( * ) PLANE_ANGLE_UNIT ( ) SI_UNIT ( $, .RADIAN. ) );
#525 = ORIENTED_EDGE ( 'NONE', *, *, #4146, .T. ) ;
#526 = LINE ( 'NONE', #6396, #5933 ) ;
#527 = DIRECTION ( 'NONE',  ( 0.0000000000000000000, -1.000000000000000000, 0.0000000000000000000 ) ) ;
#528 = VECTOR ( 'NONE', #8962, 1000.000000000000000 ) ;
#529 = PLANE ( 'NONE',  #6945 ) ;
#530 = LINE ( 'NONE', #5562, #8512 ) ;
#531 = FACE_OUTER_BOUND ( 'NONE', #7424, .T. ) ;
#532 = ORIENTED_EDGE ( 'NONE', *, *, #4851, .T. ) ;
#533 = CARTESIAN_POINT ( 'NONE',  ( 0.4499999999999998400, 0.6852349955359816600, 0.5000000000000002200 ) ) ;
#534 = LINE ( 'NONE', #1578, #6603 ) ;
#535 = CARTESIAN_POINT ( 'NONE',  ( -0.4499999999999999600, 0.6852349955359816600, 1.099999999999999900 ) ) ;
#536 = DIRECTION ( 'NONE',  ( 0.0000000000000000000, -0.0000000000000000000, -1.000000000000000000 ) ) ;
#537 = CARTESIAN_POINT ( 'NONE',  ( 1.000000000000000000, 0.04999999999999969700, 0.8999999999999998000 ) ) ;
#538 = ORIENTED_EDGE ( 'NONE', *, *, #6527, .F. ) ;
#539 = DIRECTION ( 'NONE',  ( -5.421010862427526100E-016, 0.0000000000000000000, 1.000000000000000000 ) ) ;
#540 = AXIS2_PLACEMENT_3D ( 'NONE', #8454, #4100, #4865 ) ;
#541 = DIRECTION ( 'NONE',  ( -5.421010862427526100E-016, 0.0000000000000000000, -1.000000000000000000 ) ) ;
#542 = PRESENTATION_STYLE_ASSIGNMENT (( #1334 ) ) ;
#543 = CARTESIAN_POINT ( 'NONE',  ( 7.490851373536210400E-016, 0.05000000000000000300, 1.899999999999999900 ) ) ;
#544 = FILL_AREA_STYLE ('',( #1923 ) ) ;
#545 = CARTESIAN_POINT ( 'NONE',  ( -0.4499999999999999600, 0.0000000000000000000, -0.5000000000000000000 ) ) ;
#546 = ORIENTED_EDGE ( 'NONE', *, *, #5020, .F. ) ;
#547 = STYLED_ITEM ( 'NONE', ( #4575 ), #8100 ) ;
#548 = DIRECTION ( 'NONE',  ( 3.942553354492742500E-016, 0.0000000000000000000, 1.000000000000000000 ) ) ;
#549 =( LENGTH_UNIT ( ) NAMED_UNIT ( * ) SI_UNIT ( .MILLI., .METRE. ) );
#550 = ORIENTED_EDGE ( 'NONE', *, *, #6080, .T. ) ;
#551 = ORIENTED_EDGE ( 'NONE', *, *, #2926, .T. ) ;
#552 = DIRECTION ( 'NONE',  ( 0.0000000000000000000, -1.000000000000000000, 0.0000000000000000000 ) ) ;
#553 = MECHANICAL_DESIGN_GEOMETRIC_PRESENTATION_REPRESENTATION (  '', ( #3059 ), #2733 ) ;
#554 = DIRECTION ( 'NONE',  ( -0.0000000000000000000, -1.000000000000000000, -0.0000000000000000000 ) ) ;
#555 = ORIENTED_EDGE ( 'NONE', *, *, #206, .F. ) ;
#556 = SURFACE_STYLE_USAGE ( .BOTH. , #9159 ) ;
#557 = UNCERTAINTY_MEASURE_WITH_UNIT (LENGTH_MEASURE( 1.000000000000000100E-005 ), #309, 'distance_accuracy_value', 'NONE');
#558 = ADVANCED_FACE ( 'NONE', ( #4436 ), #7476, .F. ) ;
#559 = ORIENTED_EDGE ( 'NONE', *, *, #7376, .F. ) ;
#560 = SURFACE_STYLE_USAGE ( .BOTH. , #3326 ) ;
#561 = DIRECTION ( 'NONE',  ( -0.0000000000000000000, -1.000000000000000000, -0.0000000000000000000 ) ) ;
#562 = ORIENTED_EDGE ( 'NONE', *, *, #1380, .T. ) ;
#563 = AXIS2_PLACEMENT_3D ( 'NONE', #2577, #3276, #2536 ) ;
#564 = EDGE_LOOP ( 'NONE', ( #9077, #230, #3425, #2837 ) ) ;
#565 = ORIENTED_EDGE ( 'NONE', *, *, #5767, .T. ) ;
#566 = UNCERTAINTY_MEASURE_WITH_UNIT (LENGTH_MEASURE( 1.000000000000000100E-005 ), #5536, 'distance_accuracy_value', 'NONE');
#567 = ORIENTED_EDGE ( 'NONE', *, *, #5699, .F. ) ;
#568 = LINE ( 'NONE', #4296, #8335 ) ;
#569 = PLANE ( 'NONE',  #4385 ) ;
#570 = PRESENTATION_STYLE_ASSIGNMENT (( #7831 ) ) ;
#571 = VERTEX_POINT ( 'NONE', #7353 ) ;
#572 = EDGE_CURVE ( 'NONE', #725, #1750, #7670, .T. ) ;
#573 = AXIS2_PLACEMENT_3D ( 'NONE', #8561, #158, #5065 ) ;
#574 = CARTESIAN_POINT ( 'NONE',  ( -1.000000000000000000, 0.0000000000000000000, -0.8999999999999999100 ) ) ;
#575 = COLOUR_RGB ( '',0.2509803921568627400, 0.2509803921568627400, 0.2509803921568627400 ) ;
#576 = AXIS2_PLACEMENT_3D ( 'NONE', #2880, #1466, #100 ) ;
#577 = AXIS2_PLACEMENT_3D ( 'NONE', #4046, #2699, #1377 ) ;
#578 = VERTEX_POINT ( 'NONE', #6740 ) ;
#579 = CARTESIAN_POINT ( 'NONE',  ( -1.000000000000000000, 0.6852349955359816600, 1.100000000000000100 ) ) ;
#580 = CARTESIAN_POINT ( 'NONE',  ( 0.9999999999999995600, 0.1000000000000002600, -1.500000000000000000 ) ) ;
#581 = CARTESIAN_POINT ( 'NONE',  ( -1.000000000000000000, 0.1000000000000000500, 1.100000000000000100 ) ) ;
#582 = ADVANCED_FACE ( 'NONE', ( #799 ), #3315, .T. ) ;
#583 = CARTESIAN_POINT ( 'NONE',  ( -0.4499999999999998400, 0.1000000000000000500, -1.099999999999999900 ) ) ;
#584 = ORIENTED_EDGE ( 'NONE', *, *, #1621, .T. ) ;
#585 = SURFACE_STYLE_FILL_AREA ( #6275 ) ;
#586 =( NAMED_UNIT ( * ) SI_UNIT ( $, .STERADIAN. ) SOLID_ANGLE_UNIT ( ) );
#587 = VECTOR ( 'NONE', #4566, 1000.000000000000000 ) ;
#588 = DIRECTION ( 'NONE',  ( 0.0000000000000000000, -1.000000000000000000, 0.0000000000000000000 ) ) ;
#589 = ORIENTED_EDGE ( 'NONE', *, *, #2381, .F. ) ;
#590 = VECTOR ( 'NONE', #8211, 1000.000000000000000 ) ;
#591 = DIRECTION ( 'NONE',  ( 1.000000000000000000, 0.0000000000000000000, -3.942553354492742500E-016 ) ) ;
#592 = CARTESIAN_POINT ( 'NONE',  ( 0.4499999999999999600, 0.6852349955359816600, -1.700000000000000200 ) ) ;
#593 = CARTESIAN_POINT ( 'NONE',  ( 0.4499999999999999600, 0.6852349955359816600, -0.1000000000000000500 ) ) ;
#594 =( GEOMETRIC_REPRESENTATION_CONTEXT ( 3 ) GLOBAL_UNCERTAINTY_ASSIGNED_CONTEXT ( ( #1292 ) ) GLOBAL_UNIT_ASSIGNED_CONTEXT ( ( #1782, #8098, #1036 ) ) REPRESENTATION_CONTEXT ( 'NONE', 'WORKASPACE' ) );
#595 = VECTOR ( 'NONE', #7954, 1000.000000000000000 ) ;
#596 = VECTOR ( 'NONE', #554, 1000.000000000000000 ) ;
#597 = SURFACE_STYLE_FILL_AREA ( #8841 ) ;
#598 = ORIENTED_EDGE ( 'NONE', *, *, #8504, .T. ) ;
#599 = FILL_AREA_STYLE ('',( #8316 ) ) ;
#600 = EDGE_LOOP ( 'NONE', ( #5990, #1211, #3700, #2698 ) ) ;
#601 = EDGE_CURVE ( 'NONE', #6874, #8458, #8359, .T. ) ;
#602 = FILL_AREA_STYLE_COLOUR ( '', #4536 ) ;
#603 = COLOUR_RGB ( '',0.2509803921568627400, 0.2509803921568627400, 0.2509803921568627400 ) ;
#604 = FACE_OUTER_BOUND ( 'NONE', #4334, .T. ) ;
#605 = DIRECTION ( 'NONE',  ( -1.000000000000000000, 0.0000000000000000000, -0.0000000000000000000 ) ) ;
#606 = ORIENTED_EDGE ( 'NONE', *, *, #4966, .F. ) ;
#607 = UNCERTAINTY_MEASURE_WITH_UNIT (LENGTH_MEASURE( 1.000000000000000100E-005 ), #7825, 'distance_accuracy_value', 'NONE');
#608 = VERTEX_POINT ( 'NONE', #6115 ) ;
#609 = SURFACE_SIDE_STYLE ('',( #3385 ) ) ;
#610 = LINE ( 'NONE', #6025, #714 ) ;
#611 = CARTESIAN_POINT ( 'NONE',  ( 1.000000000000000000, 0.0000000000000000000, 0.2999999999999999300 ) ) ;
#612 = EDGE_CURVE ( 'NONE', #7858, #6038, #6002, .T. ) ;
#613 = CARTESIAN_POINT ( 'NONE',  ( 0.0000000000000000000, 0.05000000000000000300, -1.700000000000000200 ) ) ;
#614 = VERTEX_POINT ( 'NONE', #8252 ) ;
#615 = PRESENTATION_LAYER_ASSIGNMENT (  '', '', ( #6650 ) ) ;
#616 =( NAMED_UNIT ( * ) SI_UNIT ( $, .STERADIAN. ) SOLID_ANGLE_UNIT ( ) );
#617 =( LENGTH_UNIT ( ) NAMED_UNIT ( * ) SI_UNIT ( .MILLI., .METRE. ) );
#618 =( NAMED_UNIT ( * ) PLANE_ANGLE_UNIT ( ) SI_UNIT ( $, .RADIAN. ) );
#619 = CARTESIAN_POINT ( 'NONE',  ( -0.09999999999999922800, 0.1000000000000000500, 2.000000000000000000 ) ) ;
#620 = EDGE_CURVE ( 'NONE', #4048, #5910, #4311, .T. ) ;
#621 = VECTOR ( 'NONE', #919, 1000.000000000000000 ) ;
#622 = ORIENTED_EDGE ( 'NONE', *, *, #7984, .F. ) ;
#623 = LINE ( 'NONE', #8369, #528 ) ;
#624 = AXIS2_PLACEMENT_3D ( 'NONE', #3679, #6618, #8753 ) ;
#625 = AXIS2_PLACEMENT_3D ( 'NONE', #3311, #8931, #3972 ) ;
#626 = EDGE_CURVE ( 'NONE', #4542, #7632, #6445, .T. ) ;
#627 = EDGE_CURVE ( 'NONE', #8201, #3617, #7888, .T. ) ;
#628 = LINE ( 'NONE', #8416, #5689 ) ;
#629 = CARTESIAN_POINT ( 'NONE',  ( 0.3000000000000006000, 0.1000000000000000100, 1.450000000000000000 ) ) ;
#630 = VERTEX_POINT ( 'NONE', #2589 ) ;
#631 = DIRECTION ( 'NONE',  ( -1.000000000000000000, 0.0000000000000000000, 3.942553354492742500E-016 ) ) ;
#632 = CARTESIAN_POINT ( 'NONE',  ( 0.4499999999999999600, 0.1000000000000000500, 1.099999999999999900 ) ) ;
#633 = ADVANCED_FACE ( 'NONE', ( #2790 ), #4037, .T. ) ;
#634 = CARTESIAN_POINT ( 'NONE',  ( 0.1000000000000003100, 0.1000000000000000100, -1.450000000000000000 ) ) ;
#635 = CARTESIAN_POINT ( 'NONE',  ( -1.000000000000000000, 0.0000000000000000000, 1.100000000000000100 ) ) ;
#636 = EDGE_LOOP ( 'NONE', ( #3816, #4503, #6272, #4942 ) ) ;
#637 = PRESENTATION_LAYER_ASSIGNMENT (  '', '', ( #8830 ) ) ;
#638 = CARTESIAN_POINT ( 'NONE',  ( 0.9999999999999995600, 0.5500000000000001600, -2.000000000000000000 ) ) ;
#639 = DIRECTION ( 'NONE',  ( -1.000000000000000000, 0.0000000000000000000, -0.0000000000000000000 ) ) ;
#640 = DIRECTION ( 'NONE',  ( 1.000000000000000000, -0.0000000000000000000, 0.0000000000000000000 ) ) ;
#641 = SURFACE_STYLE_FILL_AREA ( #3750 ) ;
#642 = CARTESIAN_POINT ( 'NONE',  ( 0.3000000000000006000, 0.6852349955359814400, 1.450000000000000000 ) ) ;
#643 = VERTEX_POINT ( 'NONE', #6087 ) ;
#644 =( NAMED_UNIT ( * ) PLANE_ANGLE_UNIT ( ) SI_UNIT ( $, .RADIAN. ) );
#645 = COLOUR_RGB ( '',0.7921568627450980000, 0.8196078431372548800, 0.9333333333333333500 ) ;
#646 = DIRECTION ( 'NONE',  ( -1.000000000000000000, 0.0000000000000000000, 0.0000000000000000000 ) ) ;
#647 = PRESENTATION_LAYER_ASSIGNMENT (  '', '', ( #3298 ) ) ;
#648 = VECTOR ( 'NONE', #3699, 1000.000000000000000 ) ;
#649 =( NAMED_UNIT ( * ) PLANE_ANGLE_UNIT ( ) SI_UNIT ( $, .RADIAN. ) );
#650 = LINE ( 'NONE', #5665, #965 ) ;
#651 = AXIS2_PLACEMENT_3D ( 'NONE', #6053, #8273, #1821 ) ;
#652 = VERTEX_POINT ( 'NONE', #5447 ) ;
#653 = UNCERTAINTY_MEASURE_WITH_UNIT (LENGTH_MEASURE( 1.000000000000000100E-005 ), #549, 'distance_accuracy_value', 'NONE');
#654 = ORIENTED_EDGE ( 'NONE', *, *, #7435, .F. ) ;
#655 = CARTESIAN_POINT ( 'NONE',  ( 1.000000000000000000, 0.1000000000000000500, -0.5000000000000000000 ) ) ;
#656 = CARTESIAN_POINT ( 'NONE',  ( 0.4499999999999999600, 0.1000000000000000500, -0.1000000000000000500 ) ) ;
#657 = EDGE_CURVE ( 'NONE', #3062, #7646, #4321, .T. ) ;
#658 = COLOUR_RGB ( '',0.2509803921568627400, 0.2509803921568627400, 0.2509803921568627400 ) ;
#659 = VERTEX_POINT ( 'NONE', #1261 ) ;
#660 = VERTEX_POINT ( 'NONE', #1228 ) ;
#661 = FACE_OUTER_BOUND ( 'NONE', #6947, .T. ) ;
#662 = PRESENTATION_LAYER_ASSIGNMENT (  '', '', ( #547 ) ) ;
#663 = FILL_AREA_STYLE ('',( #2782 ) ) ;
#664 = EDGE_CURVE ( 'NONE', #4504, #7987, #1915, .T. ) ;
#665 = DIRECTION ( 'NONE',  ( -1.000000000000000000, 0.0000000000000000000, -3.942553354492742500E-016 ) ) ;
#666 = UNCERTAINTY_MEASURE_WITH_UNIT (LENGTH_MEASURE( 1.000000000000000100E-005 ), #2470, 'distance_accuracy_value', 'NONE');
#667 = ORIENTED_EDGE ( 'NONE', *, *, #4979, .T. ) ;
#668 = CARTESIAN_POINT ( 'NONE',  ( 0.4499999999999998400, 0.0000000000000000000, -0.6999999999999998400 ) ) ;
#669 = ORIENTED_EDGE ( 'NONE', *, *, #1348, .F. ) ;
#670 = VECTOR ( 'NONE', #8657, 1000.000000000000000 ) ;
#671 = ORIENTED_EDGE ( 'NONE', *, *, #3885, .F. ) ;
#672 = DIRECTION ( 'NONE',  ( -1.000000000000000000, 0.0000000000000000000, 3.942553354492742500E-016 ) ) ;
#673 = STYLED_ITEM ( 'NONE', ( #6557 ), #2569 ) ;
#674 = PLANE ( 'NONE',  #5000 ) ;
#675 = VECTOR ( 'NONE', #2430, 1000.000000000000000 ) ;
#676 = SURFACE_STYLE_USAGE ( .BOTH. , #4223 ) ;
#677 = ORIENTED_EDGE ( 'NONE', *, *, #7880, .T. ) ;
#678 =( NAMED_UNIT ( * ) PLANE_ANGLE_UNIT ( ) SI_UNIT ( $, .RADIAN. ) );
#679 = DIRECTION ( 'NONE',  ( 0.0000000000000000000, -0.0000000000000000000, 1.000000000000000000 ) ) ;
#680 =( GEOMETRIC_REPRESENTATION_CONTEXT ( 3 ) GLOBAL_UNCERTAINTY_ASSIGNED_CONTEXT ( ( #3528 ) ) GLOBAL_UNIT_ASSIGNED_CONTEXT ( ( #5245, #8065, #2448 ) ) REPRESENTATION_CONTEXT ( 'NONE', 'WORKASPACE' ) );
#681 = ORIENTED_EDGE ( 'NONE', *, *, #8104, .T. ) ;
#682 = CARTESIAN_POINT ( 'NONE',  ( 1.000000000000000000, 0.0000000000000000000, 1.099999999999999900 ) ) ;
#683 = COLOUR_RGB ( '',0.2509803921568627400, 0.2509803921568627400, 0.2509803921568627400 ) ;
#684 = CARTESIAN_POINT ( 'NONE',  ( -0.4499999999999999600, 0.6852349955359816600, -0.5000000000000000000 ) ) ;
#685 = ORIENTED_EDGE ( 'NONE', *, *, #6017, .T. ) ;
#686 = PRESENTATION_LAYER_ASSIGNMENT (  '', '', ( #6192 ) ) ;
#687 = ORIENTED_EDGE ( 'NONE', *, *, #3611, .F. ) ;
#688 = PLANE ( 'NONE',  #7893 ) ;
#689 = VERTEX_POINT ( 'NONE', #4667 ) ;
#690 = ORIENTED_EDGE ( 'NONE', *, *, #3759, .F. ) ;
#691 =( NAMED_UNIT ( * ) PLANE_ANGLE_UNIT ( ) SI_UNIT ( $, .RADIAN. ) );
#692 = EDGE_CURVE ( 'NONE', #4548, #1357, #2700, .T. ) ;
#693 = EDGE_CURVE ( 'NONE', #7646, #6531, #8585, .T. ) ;
#694 = ORIENTED_EDGE ( 'NONE', *, *, #2485, .F. ) ;
#695 = CARTESIAN_POINT ( 'NONE',  ( 0.4499999999999999600, 0.6852349955359816600, 0.7000000000000000700 ) ) ;
#696 = DIRECTION ( 'NONE',  ( 0.0000000000000000000, -0.0000000000000000000, 1.000000000000000000 ) ) ;
#697 = PLANE ( 'NONE',  #481 ) ;
#698 = ORIENTED_EDGE ( 'NONE', *, *, #8592, .T. ) ;
#699 =( GEOMETRIC_REPRESENTATION_CONTEXT ( 3 ) GLOBAL_UNCERTAINTY_ASSIGNED_CONTEXT ( ( #6787 ) ) GLOBAL_UNIT_ASSIGNED_CONTEXT ( ( #5911, #4492, #984 ) ) REPRESENTATION_CONTEXT ( 'NONE', 'WORKASPACE' ) );
#700 = EDGE_CURVE ( 'NONE', #7838, #7987, #45, .T. ) ;
#701 = SURFACE_SIDE_STYLE ('',( #3273 ) ) ;
#702 = EDGE_LOOP ( 'NONE', ( #4722, #3493, #369, #4535 ) ) ;
#703 = DIRECTION ( 'NONE',  ( -1.000000000000000000, 0.0000000000000000000, -0.0000000000000000000 ) ) ;
#704 = VECTOR ( 'NONE', #5935, 1000.000000000000000 ) ;
#705 = LINE ( 'NONE', #8478, #8013 ) ;
#706 = CARTESIAN_POINT ( 'NONE',  ( -0.4499999999999998400, 0.0000000000000000000, 1.300000000000000300 ) ) ;
#707 = ORIENTED_EDGE ( 'NONE', *, *, #5088, .F. ) ;
#708 = CARTESIAN_POINT ( 'NONE',  ( 1.000000000000000000, 0.6852349955359816600, -0.9000000000000001300 ) ) ;
#709 = PLANE ( 'NONE',  #31 ) ;
#710 = FACE_OUTER_BOUND ( 'NONE', #4402, .T. ) ;
#711 =( GEOMETRIC_REPRESENTATION_CONTEXT ( 3 ) GLOBAL_UNCERTAINTY_ASSIGNED_CONTEXT ( ( #1847 ) ) GLOBAL_UNIT_ASSIGNED_CONTEXT ( ( #2343, #934, #5204 ) ) REPRESENTATION_CONTEXT ( 'NONE', 'WORKASPACE' ) );
#712 = CARTESIAN_POINT ( 'NONE',  ( -1.000000000000000000, 0.04999999999999969700, -1.700000000000000000 ) ) ;
#713 = ORIENTED_EDGE ( 'NONE', *, *, #4636, .T. ) ;
#714 = VECTOR ( 'NONE', #2387, 1000.000000000000000 ) ;
#715 = LINE ( 'NONE', #210, #2027 ) ;
#716 = ADVANCED_FACE ( 'NONE', ( #1034 ), #2812, .F. ) ;
#717 = SURFACE_STYLE_USAGE ( .BOTH. , #9139 ) ;
#718 = VERTEX_POINT ( 'NONE', #611 ) ;
#719 = MANIFOLD_SOLID_BREP ( 'LPattern4[9]', #127 ) ;
#720 = DIRECTION ( 'NONE',  ( 0.0000000000000000000, -1.000000000000000000, 0.0000000000000000000 ) ) ;
#721 = LINE ( 'NONE', #5434, #3775 ) ;
#722 = AXIS2_PLACEMENT_3D ( 'NONE', #5995, #7414, #8149 ) ;
#723 = VECTOR ( 'NONE', #3119, 1000.000000000000000 ) ;
#724 = DIRECTION ( 'NONE',  ( -0.0000000000000000000, 0.0000000000000000000, 1.000000000000000000 ) ) ;
#725 = VERTEX_POINT ( 'NONE', #1327 ) ;
#726 = CARTESIAN_POINT ( 'NONE',  ( -5.913830031739112600E-016, 0.05000000000000000300, -1.499999999999999800 ) ) ;
#727 = FACE_OUTER_BOUND ( 'NONE', #7352, .T. ) ;
#728 = DIRECTION ( 'NONE',  ( 0.0000000000000000000, 1.000000000000000000, 0.0000000000000000000 ) ) ;
#729 =( LENGTH_UNIT ( ) NAMED_UNIT ( * ) SI_UNIT ( .MILLI., .METRE. ) );
#730 = VECTOR ( 'NONE', #3608, 1000.000000000000000 ) ;
#731 = AXIS2_PLACEMENT_3D ( 'NONE', #5830, #7170, #7234 ) ;
#732 = ORIENTED_EDGE ( 'NONE', *, *, #8697, .F. ) ;
#733 = DIRECTION ( 'NONE',  ( 0.0000000000000000000, 1.000000000000000000, 0.0000000000000000000 ) ) ;
#734 = DIRECTION ( 'NONE',  ( 5.421010862427526100E-016, 0.0000000000000000000, -1.000000000000000000 ) ) ;
#735 = CARTESIAN_POINT ( 'NONE',  ( -0.2999999999999997100, 0.1000000000000000100, -2.000000000000000000 ) ) ;
#736 = EDGE_CURVE ( 'NONE', #7694, #7306, #261, .T. ) ;
#737 = LINE ( 'NONE', #107, #6931 ) ;
#738 = DIRECTION ( 'NONE',  ( 0.0000000000000000000, -1.000000000000000000, 0.0000000000000000000 ) ) ;
#739 = ORIENTED_EDGE ( 'NONE', *, *, #3015, .F. ) ;
#740 = DIRECTION ( 'NONE',  ( 0.0000000000000000000, 1.000000000000000000, 0.0000000000000000000 ) ) ;
#741 = AXIS2_PLACEMENT_3D ( 'NONE', #140, #8635, #899 ) ;
#742 =( NAMED_UNIT ( * ) PLANE_ANGLE_UNIT ( ) SI_UNIT ( $, .RADIAN. ) );
#743 = ORIENTED_EDGE ( 'NONE', *, *, #3726, .F. ) ;
#744 = EDGE_CURVE ( 'NONE', #2156, #6784, #4210, .T. ) ;
#745 =( NAMED_UNIT ( * ) SI_UNIT ( $, .STERADIAN. ) SOLID_ANGLE_UNIT ( ) );
#746 = DIRECTION ( 'NONE',  ( -0.0000000000000000000, -1.000000000000000000, -0.0000000000000000000 ) ) ;
#747 = VECTOR ( 'NONE', #7823, 1000.000000000000000 ) ;
#748 = ORIENTED_EDGE ( 'NONE', *, *, #1765, .F. ) ;
#749 = PRESENTATION_LAYER_ASSIGNMENT (  '', '', ( #9038 ) ) ;
#750 = VECTOR ( 'NONE', #1295, 1000.000000000000000 ) ;
#751 = CARTESIAN_POINT ( 'NONE',  ( 0.4499999999999999600, 0.6852349955359816600, 0.7000000000000000700 ) ) ;
#752 = EDGE_CURVE ( 'NONE', #3906, #467, #920, .T. ) ;
#753 = CARTESIAN_POINT ( 'NONE',  ( 0.0000000000000000000, 0.5500000000000000400, 0.0000000000000000000 ) ) ;
#754 = FACE_OUTER_BOUND ( 'NONE', #4170, .T. ) ;
#755 = VERTEX_POINT ( 'NONE', #583 ) ;
#756 = ORIENTED_EDGE ( 'NONE', *, *, #1819, .T. ) ;
#757 = FACE_OUTER_BOUND ( 'NONE', #7875, .T. ) ;
#758 = UNCERTAINTY_MEASURE_WITH_UNIT (LENGTH_MEASURE( 1.000000000000000100E-005 ), #8072, 'distance_accuracy_value', 'NONE');
#759 = ORIENTED_EDGE ( 'NONE', *, *, #3390, .F. ) ;
#760 = CARTESIAN_POINT ( 'NONE',  ( 0.3000000000000003200, 0.1000000000000000500, -1.450000000000000000 ) ) ;
#761 = ORIENTED_EDGE ( 'NONE', *, *, #5611, .F. ) ;
#762 = FILL_AREA_STYLE_COLOUR ( '', #7703 ) ;
#763 = PRESENTATION_STYLE_ASSIGNMENT (( #4941 ) ) ;
#764 = ORIENTED_EDGE ( 'NONE', *, *, #7142, .F. ) ;
#765 = ORIENTED_EDGE ( 'NONE', *, *, #6402, .T. ) ;
#766 = LINE ( 'NONE', #5872, #3418 ) ;
#767 =( LENGTH_UNIT ( ) NAMED_UNIT ( * ) SI_UNIT ( .MILLI., .METRE. ) );
#768 = ORIENTED_EDGE ( 'NONE', *, *, #7286, .F. ) ;
#769 =( NAMED_UNIT ( * ) SI_UNIT ( $, .STERADIAN. ) SOLID_ANGLE_UNIT ( ) );
#770 = ORIENTED_EDGE ( 'NONE', *, *, #9043, .F. ) ;
#771 = EDGE_CURVE ( 'NONE', #872, #124, #8132, .T. ) ;
#772 = ORIENTED_EDGE ( 'NONE', *, *, #6194, .T. ) ;
#773 = VECTOR ( 'NONE', #4035, 1000.000000000000000 ) ;
#774 = VERTEX_POINT ( 'NONE', #6265 ) ;
#775 = STYLED_ITEM ( 'NONE', ( #8920 ), #8590 ) ;
#776 = EDGE_CURVE ( 'NONE', #1338, #6854, #8372, .T. ) ;
#777 = CARTESIAN_POINT ( 'NONE',  ( -0.4499999999999998400, 0.6852349955359816600, -1.500000000000000000 ) ) ;
#778 = ORIENTED_EDGE ( 'NONE', *, *, #700, .T. ) ;
#779 = CARTESIAN_POINT ( 'NONE',  ( -0.4499999999999999600, 0.6852349955359816600, 0.2999999999999999300 ) ) ;
#780 = ORIENTED_EDGE ( 'NONE', *, *, #693, .T. ) ;
#781 = DIRECTION ( 'NONE',  ( 0.0000000000000000000, 0.0000000000000000000, -1.000000000000000000 ) ) ;
#782 = ORIENTED_EDGE ( 'NONE', *, *, #1498, .F. ) ;
#783 = VECTOR ( 'NONE', #6949, 1000.000000000000000 ) ;
#784 =( NAMED_UNIT ( * ) PLANE_ANGLE_UNIT ( ) SI_UNIT ( $, .RADIAN. ) );
#785 = ORIENTED_EDGE ( 'NONE', *, *, #1165, .T. ) ;
#786 = CARTESIAN_POINT ( 'NONE',  ( -0.4499999999999999600, 0.1000000000000000500, -0.1000000000000000500 ) ) ;
#787 = CARTESIAN_POINT ( 'NONE',  ( 1.000000000000000000, 0.1000000000000000500, 0.2999999999999999300 ) ) ;
#788 = SURFACE_STYLE_FILL_AREA ( #6925 ) ;
#789 = MECHANICAL_DESIGN_GEOMETRIC_PRESENTATION_REPRESENTATION (  '', ( #8097 ), #2028 ) ;
#790 = ADVANCED_FACE ( 'NONE', ( #1696 ), #4107, .T. ) ;
#791 = DIRECTION ( 'NONE',  ( 1.000000000000000000, -0.0000000000000000000, -0.0000000000000000000 ) ) ;
#792 = ORIENTED_EDGE ( 'NONE', *, *, #5168, .T. ) ;
#793 = LINE ( 'NONE', #8781, #5302 ) ;
#794 = PRESENTATION_LAYER_ASSIGNMENT (  '', '', ( #2192 ) ) ;
#795 = VECTOR ( 'NONE', #3294, 1000.000000000000000 ) ;
#796 = EDGE_CURVE ( 'NONE', #7299, #1064, #3740, .T. ) ;
#797 = ORIENTED_EDGE ( 'NONE', *, *, #2107, .T. ) ;
#798 = EDGE_CURVE ( 'NONE', #4697, #8434, #1007, .T. ) ;
#799 = FACE_OUTER_BOUND ( 'NONE', #7851, .T. ) ;
#800 = DIRECTION ( 'NONE',  ( 5.421010862427526100E-016, -0.0000000000000000000, 1.000000000000000000 ) ) ;
#801 = FACE_OUTER_BOUND ( 'NONE', #1500, .T. ) ;
#802 = ORIENTED_EDGE ( 'NONE', *, *, #9043, .T. ) ;
#803 = LINE ( 'NONE', #3809, #256 ) ;
#804 = LINE ( 'NONE', #402, #1481 ) ;
#805 = CARTESIAN_POINT ( 'NONE',  ( -0.4499999999999999600, 0.1000000000000000500, 0.7000000000000000700 ) ) ;
#806 = ORIENTED_EDGE ( 'NONE', *, *, #1210, .T. ) ;
#807 = SURFACE_STYLE_USAGE ( .BOTH. , #3589 ) ;
#808 = EDGE_CURVE ( 'NONE', #8661, #8961, #2432, .T. ) ;
#809 = DIRECTION ( 'NONE',  ( -1.000000000000000000, 0.0000000000000000000, 3.942553354492742500E-016 ) ) ;
#810 = CARTESIAN_POINT ( 'NONE',  ( -1.000000000000000000, 0.04999999999999969700, -1.500000000000000200 ) ) ;
#811 = DIRECTION ( 'NONE',  ( 0.0000000000000000000, 1.000000000000000000, 0.0000000000000000000 ) ) ;
#812 = PRESENTATION_STYLE_ASSIGNMENT (( #7891 ) ) ;
#813 = ORIENTED_EDGE ( 'NONE', *, *, #3703, .T. ) ;
#814 = CARTESIAN_POINT ( 'NONE',  ( -0.4499999999999999600, 0.1000000000000000500, -1.300000000000000300 ) ) ;
#815 = CARTESIAN_POINT ( 'NONE',  ( -0.2999999999999993200, 0.0000000000000000000, 1.450000000000000000 ) ) ;
#816 = VERTEX_POINT ( 'NONE', #3574 ) ;
#817 = SURFACE_STYLE_USAGE ( .BOTH. , #145 ) ;
#818 = DIRECTION ( 'NONE',  ( 0.0000000000000000000, 1.000000000000000000, 0.0000000000000000000 ) ) ;
#819 = LINE ( 'NONE', #8144, #2477 ) ;
#820 = SURFACE_SIDE_STYLE ('',( #2510 ) ) ;
#821 = AXIS2_PLACEMENT_3D ( 'NONE', #2933, #8626, #7171 ) ;
#822 = LINE ( 'NONE', #4710, #2597 ) ;
#823 = VERTEX_POINT ( 'NONE', #4349 ) ;
#824 = DIRECTION ( 'NONE',  ( 1.000000000000000000, 0.0000000000000000000, -3.942553354492742500E-016 ) ) ;
#825 = VECTOR ( 'NONE', #6880, 1000.000000000000000 ) ;
#826 = DIRECTION ( 'NONE',  ( 0.0000000000000000000, -0.0000000000000000000, 1.000000000000000000 ) ) ;
#827 = PLANE ( 'NONE',  #6720 ) ;
#828 = FACE_OUTER_BOUND ( 'NONE', #1394, .T. ) ;
#829 = CARTESIAN_POINT ( 'NONE',  ( 0.4499999999999998400, 0.6852349955359816600, 0.5000000000000002200 ) ) ;
#830 = CARTESIAN_POINT ( 'NONE',  ( -0.7500000000000000000, 0.5000000000000000000, -1.875000000000000000 ) ) ;
#831 = ORIENTED_EDGE ( 'NONE', *, *, #3390, .T. ) ;
#832 = PLANE ( 'NONE',  #6075 ) ;
#833 = CARTESIAN_POINT ( 'NONE',  ( -0.4499999999999999000, 0.1000000000000000100, -1.800000000000000300 ) ) ;
#834 = LINE ( 'NONE', #2512, #3374 ) ;
#835 = DIRECTION ( 'NONE',  ( 0.0000000000000000000, -1.000000000000000000, 0.0000000000000000000 ) ) ;
#836 = ADVANCED_FACE ( 'NONE', ( #1356 ), #7840, .F. ) ;
#837 =( GEOMETRIC_REPRESENTATION_CONTEXT ( 3 ) GLOBAL_UNCERTAINTY_ASSIGNED_CONTEXT ( ( #8337 ) ) GLOBAL_UNIT_ASSIGNED_CONTEXT ( ( #89, #784, #6449 ) ) REPRESENTATION_CONTEXT ( 'NONE', 'WORKASPACE' ) );
#838 = CARTESIAN_POINT ( 'NONE',  ( -0.09999999999999982500, 0.05000000000000000300, -1.999999999999999600 ) ) ;
#839 = ORIENTED_EDGE ( 'NONE', *, *, #5168, .F. ) ;
#840 = COLOUR_RGB ( '',0.2509803921568627400, 0.2509803921568627400, 0.2509803921568627400 ) ;
#841 =( GEOMETRIC_REPRESENTATION_CONTEXT ( 3 ) GLOBAL_UNCERTAINTY_ASSIGNED_CONTEXT ( ( #566 ) ) GLOBAL_UNIT_ASSIGNED_CONTEXT ( ( #5536, #3428, #5589 ) ) REPRESENTATION_CONTEXT ( 'NONE', 'WORKASPACE' ) );
#842 = DIRECTION ( 'NONE',  ( 5.421010862427526100E-016, 0.0000000000000000000, -1.000000000000000000 ) ) ;
#843 =( LENGTH_UNIT ( ) NAMED_UNIT ( * ) SI_UNIT ( .MILLI., .METRE. ) );
#844 = ADVANCED_FACE ( 'NONE', ( #9134 ), #2178, .F. ) ;
#845 = DIRECTION ( 'NONE',  ( -3.942553354492742500E-016, 0.0000000000000000000, -1.000000000000000000 ) ) ;
#846 = LINE ( 'NONE', #3932, #5814 ) ;
#847 = VECTOR ( 'NONE', #8411, 1000.000000000000000 ) ;
#848 = DIRECTION ( 'NONE',  ( 0.0000000000000000000, 0.0000000000000000000, 1.000000000000000000 ) ) ;
#849 = ORIENTED_EDGE ( 'NONE', *, *, #969, .T. ) ;
#850 = CARTESIAN_POINT ( 'NONE',  ( -0.4499999999999998400, 0.6852349955359816600, 0.9000000000000000200 ) ) ;
#851 =( LENGTH_UNIT ( ) NAMED_UNIT ( * ) SI_UNIT ( .MILLI., .METRE. ) );
#852 = ADVANCED_FACE ( 'NONE', ( #4080 ), #2123, .T. ) ;
#853 = EDGE_CURVE ( 'NONE', #246, #4548, #2769, .T. ) ;
#854 = EDGE_CURVE ( 'NONE', #1224, #3970, #7079, .T. ) ;
#855 = VECTOR ( 'NONE', #1698, 1000.000000000000000 ) ;
#856 = CARTESIAN_POINT ( 'NONE',  ( 0.1000000000000003100, 0.05000000000000000300, 0.0000000000000000000 ) ) ;
#857 = ORIENTED_EDGE ( 'NONE', *, *, #4725, .T. ) ;
#858 = LINE ( 'NONE', #760, #1426 ) ;
#859 = FILL_AREA_STYLE ('',( #2006 ) ) ;
#860 = CARTESIAN_POINT ( 'NONE',  ( 1.000000000000000000, 0.1000000000000000500, -0.9000000000000001300 ) ) ;
#861 = SURFACE_STYLE_USAGE ( .BOTH. , #5071 ) ;
#862 = DIRECTION ( 'NONE',  ( 1.000000000000000000, 0.0000000000000000000, -3.942553354492742500E-016 ) ) ;
#863 =( NAMED_UNIT ( * ) SI_UNIT ( $, .STERADIAN. ) SOLID_ANGLE_UNIT ( ) );
#864 = EDGE_LOOP ( 'NONE', ( #7556, #6084, #6460, #3466 ) ) ;
#865 = VECTOR ( 'NONE', #2040, 1000.000000000000000 ) ;
#866 = VERTEX_POINT ( 'NONE', #3546 ) ;
#867 = DIRECTION ( 'NONE',  ( 0.0000000000000000000, -1.000000000000000000, 0.0000000000000000000 ) ) ;
#868 = ORIENTED_EDGE ( 'NONE', *, *, #5713, .F. ) ;
#869 = ORIENTED_EDGE ( 'NONE', *, *, #4198, .F. ) ;
#870 = CARTESIAN_POINT ( 'NONE',  ( 0.4499999999999999600, 0.6852349955359816600, 1.900000000000000100 ) ) ;
#871 = CARTESIAN_POINT ( 'NONE',  ( -0.2999999999999992100, 0.1000000000000000100, 2.000000000000000000 ) ) ;
#872 = VERTEX_POINT ( 'NONE', #814 ) ;
#873 = EDGE_LOOP ( 'NONE', ( #8983, #6126, #3416, #5677 ) ) ;
#874 = PLANE ( 'NONE',  #5576 ) ;
#875 = LINE ( 'NONE', #8668, #2191 ) ;
#876 = ORIENTED_EDGE ( 'NONE', *, *, #4272, .T. ) ;
#877 = LINE ( 'NONE', #5777, #2081 ) ;
#878 = EDGE_CURVE ( 'NONE', #8201, #6300, #7542, .T. ) ;
#879 = ORIENTED_EDGE ( 'NONE', *, *, #3230, .F. ) ;
#880 = PLANE ( 'NONE',  #1214 ) ;
#881 = DIRECTION ( 'NONE',  ( 1.000000000000000000, 0.0000000000000000000, -3.942553354492742500E-016 ) ) ;
#882 = CARTESIAN_POINT ( 'NONE',  ( -0.4499999999999999600, 0.1000000000000000500, 1.900000000000000100 ) ) ;
#883 = ORIENTED_EDGE ( 'NONE', *, *, #317, .T. ) ;
#884 = LINE ( 'NONE', #2082, #1237 ) ;
#885 = ADVANCED_FACE ( 'NONE', ( #461 ), #5781, .T. ) ;
#886 = VECTOR ( 'NONE', #1794, 1000.000000000000000 ) ;
#887 = SURFACE_STYLE_FILL_AREA ( #1561 ) ;
#888 = ORIENTED_EDGE ( 'NONE', *, *, #7680, .T. ) ;
#889 =( LENGTH_UNIT ( ) NAMED_UNIT ( * ) SI_UNIT ( .MILLI., .METRE. ) );
#890 = DIRECTION ( 'NONE',  ( -5.421010862427526100E-016, 0.0000000000000000000, 1.000000000000000000 ) ) ;
#891 = VECTOR ( 'NONE', #7723, 1000.000000000000000 ) ;
#892 = EDGE_LOOP ( 'NONE', ( #3817, #5141, #3938, #8818 ) ) ;
#893 =( LENGTH_UNIT ( ) NAMED_UNIT ( * ) SI_UNIT ( .MILLI., .METRE. ) );
#894 = ORIENTED_EDGE ( 'NONE', *, *, #2747, .T. ) ;
#895 = DIRECTION ( 'NONE',  ( 3.942553354492742500E-016, 0.0000000000000000000, 1.000000000000000000 ) ) ;
#896 = EDGE_CURVE ( 'NONE', #2951, #5296, #4872, .T. ) ;
#897 = VECTOR ( 'NONE', #8315, 1000.000000000000000 ) ;
#898 = CLOSED_SHELL ( 'NONE', ( #1602, #5913, #7373, #5608, #64, #3827 ) ) ;
#899 = DIRECTION ( 'NONE',  ( -1.000000000000000000, 0.0000000000000000000, -0.0000000000000000000 ) ) ;
#900 = AXIS2_PLACEMENT_3D ( 'NONE', #1623, #7462, #1738 ) ;
#901 = VECTOR ( 'NONE', #5184, 1000.000000000000000 ) ;
#902 = COLOUR_RGB ( '',0.2509803921568627400, 0.2509803921568627400, 0.2509803921568627400 ) ;
#903 = EDGE_CURVE ( 'NONE', #6611, #2752, #4977, .T. ) ;
#904 = VECTOR ( 'NONE', #3872, 1000.000000000000000 ) ;
#905 = EDGE_CURVE ( 'NONE', #1049, #4176, #4319, .T. ) ;
#906 = DIRECTION ( 'NONE',  ( 0.0000000000000000000, 0.0000000000000000000, -1.000000000000000000 ) ) ;
#907 = ORIENTED_EDGE ( 'NONE', *, *, #8580, .T. ) ;
#908 = SURFACE_STYLE_FILL_AREA ( #1702 ) ;
#909 = STYLED_ITEM ( 'NONE', ( #8958 ), #6144 ) ;
#910 = CARTESIAN_POINT ( 'NONE',  ( -1.000000000000000000, 0.6852349955359816600, -0.09999999999999982500 ) ) ;
#911 = ORIENTED_EDGE ( 'NONE', *, *, #6800, .T. ) ;
#912 = STYLED_ITEM ( 'NONE', ( #570 ), #4861 ) ;
#913 = EDGE_CURVE ( 'NONE', #2923, #7428, #1707, .T. ) ;
#914 = FILL_AREA_STYLE ('',( #3637 ) ) ;
#915 = LINE ( 'NONE', #4475, #704 ) ;
#916 = PLANE ( 'NONE',  #5686 ) ;
#917 = LINE ( 'NONE', #3676, #5662 ) ;
#918 = ORIENTED_EDGE ( 'NONE', *, *, #5889, .F. ) ;
#919 = DIRECTION ( 'NONE',  ( -0.0000000000000000000, -1.000000000000000000, -0.0000000000000000000 ) ) ;
#920 = LINE ( 'NONE', #4896, #4562 ) ;
#921 = EDGE_CURVE ( 'NONE', #4048, #1694, #3114, .T. ) ;
#922 = FILL_AREA_STYLE ('',( #3136 ) ) ;
#923 = FACE_OUTER_BOUND ( 'NONE', #1212, .T. ) ;
#924 = VECTOR ( 'NONE', #366, 1000.000000000000000 ) ;
#925 = CARTESIAN_POINT ( 'NONE',  ( -0.4499999999999999600, 0.1000000000000000500, -1.300000000000000300 ) ) ;
#926 = ADVANCED_FACE ( 'NONE', ( #6670 ), #2405, .T. ) ;
#927 = UNCERTAINTY_MEASURE_WITH_UNIT (LENGTH_MEASURE( 1.000000000000000100E-005 ), #7478, 'distance_accuracy_value', 'NONE');
#928 = VECTOR ( 'NONE', #2791, 1000.000000000000000 ) ;
#929 = DIRECTION ( 'NONE',  ( -1.000000000000000000, 0.0000000000000000000, 0.0000000000000000000 ) ) ;
#930 = CARTESIAN_POINT ( 'NONE',  ( -1.971276677246372000E-016, 0.05000000000000000300, -0.5000000000000002200 ) ) ;
#931 = ORIENTED_EDGE ( 'NONE', *, *, #374, .F. ) ;
#932 =( LENGTH_UNIT ( ) NAMED_UNIT ( * ) SI_UNIT ( .MILLI., .METRE. ) );
#933 = VECTOR ( 'NONE', #3836, 1000.000000000000000 ) ;
#934 =( NAMED_UNIT ( * ) PLANE_ANGLE_UNIT ( ) SI_UNIT ( $, .RADIAN. ) );
#935 = AXIS2_PLACEMENT_3D ( 'NONE', #520, #4632, #5436 ) ;
#936 = LINE ( 'NONE', #2992, #2491 ) ;
#937 = ORIENTED_EDGE ( 'NONE', *, *, #3903, .T. ) ;
#938 = PLANE ( 'NONE',  #7477 ) ;
#939 = UNCERTAINTY_MEASURE_WITH_UNIT (LENGTH_MEASURE( 1.000000000000000100E-005 ), #5038, 'distance_accuracy_value', 'NONE');
#940 =( NAMED_UNIT ( * ) SI_UNIT ( $, .STERADIAN. ) SOLID_ANGLE_UNIT ( ) );
#941 = DIRECTION ( 'NONE',  ( 0.0000000000000000000, 1.000000000000000000, 0.0000000000000000000 ) ) ;
#942 = AXIS2_PLACEMENT_3D ( 'NONE', #348, #2401, #1029 ) ;
#943 = CARTESIAN_POINT ( 'NONE',  ( 0.4499999999999999600, 0.6852349955359816600, 1.099999999999999900 ) ) ;
#944 = DIRECTION ( 'NONE',  ( -0.0000000000000000000, -1.000000000000000000, -0.0000000000000000000 ) ) ;
#945 = DIRECTION ( 'NONE',  ( 2.956915015869556800E-016, -0.0000000000000000000, 1.000000000000000000 ) ) ;
#946 = VERTEX_POINT ( 'NONE', #5266 ) ;
#947 = DIRECTION ( 'NONE',  ( -5.421010862427526100E-016, 0.0000000000000000000, -1.000000000000000000 ) ) ;
#948 = DIRECTION ( 'NONE',  ( 0.0000000000000000000, 0.0000000000000000000, -1.000000000000000000 ) ) ;
#949 = EDGE_CURVE ( 'NONE', #1662, #5397, #5304, .T. ) ;
#950 = FILL_AREA_STYLE_COLOUR ( '', #6124 ) ;
#951 = UNCERTAINTY_MEASURE_WITH_UNIT (LENGTH_MEASURE( 1.000000000000000100E-005 ), #7713, 'distance_accuracy_value', 'NONE');
#952 = AXIS2_PLACEMENT_3D ( 'NONE', #7208, #132, #7932 ) ;
#953 =( NAMED_UNIT ( * ) PLANE_ANGLE_UNIT ( ) SI_UNIT ( $, .RADIAN. ) );
#954 = LINE ( 'NONE', #7628, #5698 ) ;
#955 = CARTESIAN_POINT ( 'NONE',  ( 0.4499999999999998400, 0.6852349955359816600, 0.1000000000000000500 ) ) ;
#956 = ORIENTED_EDGE ( 'NONE', *, *, #6663, .F. ) ;
#957 = FACE_OUTER_BOUND ( 'NONE', #3561, .T. ) ;
#958 = MECHANICAL_DESIGN_GEOMETRIC_PRESENTATION_REPRESENTATION (  '', ( #3202 ), #3648 ) ;
#959 = LINE ( 'NONE', #1059, #3512 ) ;
#960 = DIRECTION ( 'NONE',  ( -1.000000000000000000, 0.0000000000000000000, 3.942553354492742500E-016 ) ) ;
#961 = ORIENTED_EDGE ( 'NONE', *, *, #3895, .T. ) ;
#962 = AXIS2_PLACEMENT_3D ( 'NONE', #1370, #8523, #5634 ) ;
#963 = ADVANCED_FACE ( 'NONE', ( #8680 ), #6728, .T. ) ;
#964 = AXIS2_PLACEMENT_3D ( 'NONE', #6969, #6886, #2731 ) ;
#965 = VECTOR ( 'NONE', #4963, 1000.000000000000000 ) ;
#966 = CARTESIAN_POINT ( 'NONE',  ( -0.09999999999999939500, 0.1000000000000000500, 1.450000000000000000 ) ) ;
#967 = EDGE_LOOP ( 'NONE', ( #8059, #1098, #907, #4787 ) ) ;
#968 = DIRECTION ( 'NONE',  ( 0.0000000000000000000, 0.0000000000000000000, -1.000000000000000000 ) ) ;
#969 = EDGE_CURVE ( 'NONE', #4573, #6874, #4988, .T. ) ;
#970 = DIRECTION ( 'NONE',  ( -0.0000000000000000000, 0.0000000000000000000, 1.000000000000000000 ) ) ;
#971 = DIRECTION ( 'NONE',  ( 0.0000000000000000000, -0.0000000000000000000, 1.000000000000000000 ) ) ;
#972 = DIRECTION ( 'NONE',  ( 1.000000000000000000, 0.0000000000000000000, -5.421010862427526100E-016 ) ) ;
#973 = DIRECTION ( 'NONE',  ( 5.421010862427526100E-016, -0.0000000000000000000, 1.000000000000000000 ) ) ;
#974 = VECTOR ( 'NONE', #4595, 1000.000000000000000 ) ;
#975 = ORIENTED_EDGE ( 'NONE', *, *, #4527, .F. ) ;
#976 = ADVANCED_FACE ( 'NONE', ( #6912 ), #2436, .T. ) ;
#977 = ORIENTED_EDGE ( 'NONE', *, *, #6906, .F. ) ;
#978 = CARTESIAN_POINT ( 'NONE',  ( -0.4499999999999998400, 0.1000000000000000500, 0.5000000000000002200 ) ) ;
#979 = ORIENTED_EDGE ( 'NONE', *, *, #4326, .T. ) ;
#980 = CARTESIAN_POINT ( 'NONE',  ( 0.4499999999999999600, 0.0000000000000000000, 0.2999999999999999300 ) ) ;
#981 = FILL_AREA_STYLE ('',( #5192 ) ) ;
#982 = EDGE_LOOP ( 'NONE', ( #7221, #8440, #6409, #1404 ) ) ;
#983 = CARTESIAN_POINT ( 'NONE',  ( -1.000000000000000000, 0.0000000000000000000, 1.500000000000000200 ) ) ;
#984 =( NAMED_UNIT ( * ) SI_UNIT ( $, .STERADIAN. ) SOLID_ANGLE_UNIT ( ) );
#985 = VECTOR ( 'NONE', #40, 1000.000000000000000 ) ;
#986 = ADVANCED_FACE ( 'NONE', ( #5920 ), #6048, .T. ) ;
#987 = VERTEX_POINT ( 'NONE', #447 ) ;
#988 = CARTESIAN_POINT ( 'NONE',  ( 0.1000000000000007000, 0.05000000000000000300, 1.450000000000000000 ) ) ;
#989 = ORIENTED_EDGE ( 'NONE', *, *, #5582, .T. ) ;
#990 = LINE ( 'NONE', #8021, #6294 ) ;
#991 = UNCERTAINTY_MEASURE_WITH_UNIT (LENGTH_MEASURE( 1.000000000000000100E-005 ), #7938, 'distance_accuracy_value', 'NONE');
#992 = ORIENTED_EDGE ( 'NONE', *, *, #4677, .F. ) ;
#993 = ORIENTED_EDGE ( 'NONE', *, *, #1321, .F. ) ;
#994 = VERTEX_POINT ( 'NONE', #419 ) ;
#995 = LINE ( 'NONE', #7046, #8229 ) ;
#996 = STYLED_ITEM ( 'NONE', ( #5392 ), #1786 ) ;
#997 = FACE_OUTER_BOUND ( 'NONE', #2406, .T. ) ;
#998 = ORIENTED_EDGE ( 'NONE', *, *, #1140, .F. ) ;
#999 = PLANE ( 'NONE',  #2106 ) ;
#1000 = CARTESIAN_POINT ( 'NONE',  ( -0.4499999999999998400, 0.6852349955359816600, -1.500000000000000000 ) ) ;
#1001 = CARTESIAN_POINT ( 'NONE',  ( -1.000000000000000000, 0.0000000000000000000, -1.300000000000000000 ) ) ;
#1002 = DIRECTION ( 'NONE',  ( -5.421010862427526100E-016, 0.0000000000000000000, -1.000000000000000000 ) ) ;
#1003 = CARTESIAN_POINT ( 'NONE',  ( 1.000000000000000000, 0.0000000000000000000, 0.2999999999999999300 ) ) ;
#1004 = ORIENTED_EDGE ( 'NONE', *, *, #7508, .F. ) ;
#1005 = FACE_OUTER_BOUND ( 'NONE', #3413, .T. ) ;
#1006 = LINE ( 'NONE', #7618, #783 ) ;
#1007 = LINE ( 'NONE', #9186, #7433 ) ;
#1008 = ORIENTED_EDGE ( 'NONE', *, *, #7092, .T. ) ;
#1009 = STYLED_ITEM ( 'NONE', ( #1275 ), #8161 ) ;
#1010 = EDGE_CURVE ( 'NONE', #7863, #2156, #8941, .T. ) ;
#1011 = DIRECTION ( 'NONE',  ( 1.000000000000000000, 0.0000000000000000000, -3.942553354492742500E-016 ) ) ;
#1012 =( LENGTH_UNIT ( ) NAMED_UNIT ( * ) SI_UNIT ( .MILLI., .METRE. ) );
#1013 = DIRECTION ( 'NONE',  ( 0.0000000000000000000, 0.0000000000000000000, -1.000000000000000000 ) ) ;
#1014 = FACE_OUTER_BOUND ( 'NONE', #7626, .T. ) ;
#1015 = PLANE ( 'NONE',  #1262 ) ;
#1016 = ADVANCED_FACE ( 'NONE', ( #8154 ), #8269, .F. ) ;
#1017 = VERTEX_POINT ( 'NONE', #3927 ) ;
#1018 = LINE ( 'NONE', #6597, #5761 ) ;
#1019 = STYLED_ITEM ( 'NONE', ( #5311 ), #2558 ) ;
#1020 = PLANE ( 'NONE',  #274 ) ;
#1021 = VECTOR ( 'NONE', #5229, 1000.000000000000000 ) ;
#1022 = CARTESIAN_POINT ( 'NONE',  ( 1.000000000000000000, 0.1000000000000000500, 0.8999999999999998000 ) ) ;
#1023 = ORIENTED_EDGE ( 'NONE', *, *, #903, .F. ) ;
#1024 = VECTOR ( 'NONE', #5375, 1000.000000000000000 ) ;
#1025 = CARTESIAN_POINT ( 'NONE',  ( -0.2999999999999997100, 0.0000000000000000000, -2.000000000000000000 ) ) ;
#1026 =( NAMED_UNIT ( * ) PLANE_ANGLE_UNIT ( ) SI_UNIT ( $, .RADIAN. ) );
#1027 = VECTOR ( 'NONE', #7558, 1000.000000000000000 ) ;
#1028 = MECHANICAL_DESIGN_GEOMETRIC_PRESENTATION_REPRESENTATION (  '', ( #9001 ), #1680 ) ;
#1029 = DIRECTION ( 'NONE',  ( 1.000000000000000000, 0.0000000000000000000, -3.942553354492742500E-016 ) ) ;
#1030 =( NAMED_UNIT ( * ) SI_UNIT ( $, .STERADIAN. ) SOLID_ANGLE_UNIT ( ) );
#1031 = PRESENTATION_LAYER_ASSIGNMENT (  '', '', ( #4018 ) ) ;
#1032 = LINE ( 'NONE', #8254, #5660 ) ;
#1033 = VERTEX_POINT ( 'NONE', #2705 ) ;
#1034 = FACE_OUTER_BOUND ( 'NONE', #2356, .T. ) ;
#1035 = FILL_AREA_STYLE_COLOUR ( '', #4433 ) ;
#1036 =( NAMED_UNIT ( * ) SI_UNIT ( $, .STERADIAN. ) SOLID_ANGLE_UNIT ( ) );
#1037 =( NAMED_UNIT ( * ) PLANE_ANGLE_UNIT ( ) SI_UNIT ( $, .RADIAN. ) );
#1038 = EDGE_CURVE ( 'NONE', #5910, #6654, #8710, .T. ) ;
#1039 = EDGE_CURVE ( 'NONE', #7317, #5017, #8824, .T. ) ;
#1040 = DIRECTION ( 'NONE',  ( -1.000000000000000000, -0.0000000000000000000, 3.942553354492742500E-016 ) ) ;
#1041 = COLOUR_RGB ( '',0.2509803921568627400, 0.2509803921568627400, 0.2509803921568627400 ) ;
#1042 = LINE ( 'NONE', #1856, #7347 ) ;
#1043 = CARTESIAN_POINT ( 'NONE',  ( 0.4499999999999999600, 0.1000000000000000500, 1.099999999999999900 ) ) ;
#1044 = DIRECTION ( 'NONE',  ( -3.942553354492742500E-016, 0.0000000000000000000, 1.000000000000000000 ) ) ;
#1045 = ORIENTED_EDGE ( 'NONE', *, *, #6491, .T. ) ;
#1046 = DIRECTION ( 'NONE',  ( 0.0000000000000000000, 0.0000000000000000000, 1.000000000000000000 ) ) ;
#1047 = ADVANCED_FACE ( 'NONE', ( #5002 ), #2634, .T. ) ;
#1048 = AXIS2_PLACEMENT_3D ( 'NONE', #4464, #4489, #7233 ) ;
#1049 = VERTEX_POINT ( 'NONE', #1287 ) ;
#1050 =( LENGTH_UNIT ( ) NAMED_UNIT ( * ) SI_UNIT ( .MILLI., .METRE. ) );
#1051 = CARTESIAN_POINT ( 'NONE',  ( -1.000000000000000000, 0.04999999999999969700, -0.3000000000000001600 ) ) ;
#1052 = COLOUR_RGB ( '',0.2509803921568627400, 0.2509803921568627400, 0.2509803921568627400 ) ;
#1053 = CARTESIAN_POINT ( 'NONE',  ( -0.7500000000000000000, 0.5500000000000000400, -1.750000000000000000 ) ) ;
#1054 = PRESENTATION_STYLE_ASSIGNMENT (( #6228 ) ) ;
#1055 = UNCERTAINTY_MEASURE_WITH_UNIT (LENGTH_MEASURE( 1.000000000000000100E-005 ), #1050, 'distance_accuracy_value', 'NONE');
#1056 = VECTOR ( 'NONE', #6672, 1000.000000000000000 ) ;
#1057 = ORIENTED_EDGE ( 'NONE', *, *, #3507, .T. ) ;
#1058 = DIRECTION ( 'NONE',  ( 0.0000000000000000000, -0.0000000000000000000, 1.000000000000000000 ) ) ;
#1059 = CARTESIAN_POINT ( 'NONE',  ( 0.0000000000000000000, 0.05000000000000000300, 0.7000000000000000700 ) ) ;
#1060 = LINE ( 'NONE', #7658, #5925 ) ;
#1061 = PRESENTATION_LAYER_ASSIGNMENT (  '', '', ( #1238 ) ) ;
#1062 = DIRECTION ( 'NONE',  ( -5.421010862427526100E-016, 0.0000000000000000000, 1.000000000000000000 ) ) ;
#1063 = FILL_AREA_STYLE ('',( #3178 ) ) ;
#1064 = VERTEX_POINT ( 'NONE', #6909 ) ;
#1065 = VECTOR ( 'NONE', #6885, 1000.000000000000000 ) ;
#1066 =( NAMED_UNIT ( * ) SI_UNIT ( $, .STERADIAN. ) SOLID_ANGLE_UNIT ( ) );
#1067 = VECTOR ( 'NONE', #80, 1000.000000000000000 ) ;
#1068 = DIRECTION ( 'NONE',  ( 5.421010862427526100E-016, -0.0000000000000000000, 1.000000000000000000 ) ) ;
#1069 = EDGE_CURVE ( 'NONE', #5084, #9030, #7242, .T. ) ;
#1070 = CARTESIAN_POINT ( 'NONE',  ( -0.4499999999999999600, 0.0000000000000000000, -0.5000000000000000000 ) ) ;
#1071 = ORIENTED_EDGE ( 'NONE', *, *, #6657, .F. ) ;
#1072 = CARTESIAN_POINT ( 'NONE',  ( -0.4499999999999998400, 0.6852349955359816600, -0.2999999999999999300 ) ) ;
#1073 = ADVANCED_FACE ( 'NONE', ( #165 ), #7598, .F. ) ;
#1074 = DIRECTION ( 'NONE',  ( 0.0000000000000000000, 0.0000000000000000000, -1.000000000000000000 ) ) ;
#1075 = CARTESIAN_POINT ( 'NONE',  ( -1.000000000000000000, 0.6852349955359816600, -0.4999999999999997800 ) ) ;
#1076 = FACE_OUTER_BOUND ( 'NONE', #4798, .T. ) ;
#1077 = DIRECTION ( 'NONE',  ( 0.0000000000000000000, 0.0000000000000000000, -1.000000000000000000 ) ) ;
#1078 = DIRECTION ( 'NONE',  ( -0.0000000000000000000, -1.000000000000000000, -0.0000000000000000000 ) ) ;
#1079 = ORIENTED_EDGE ( 'NONE', *, *, #2330, .F. ) ;
#1080 = VECTOR ( 'NONE', #2905, 1000.000000000000000 ) ;
#1081 = EDGE_CURVE ( 'NONE', #7405, #5857, #822, .T. ) ;
#1082 = CARTESIAN_POINT ( 'NONE',  ( 5.913830031739112600E-016, 0.05000000000000000300, 1.499999999999999800 ) ) ;
#1083 = FILL_AREA_STYLE_COLOUR ( '', #2289 ) ;
#1084 = MECHANICAL_DESIGN_GEOMETRIC_PRESENTATION_REPRESENTATION (  '', ( #4568 ), #5508 ) ;
#1085 = DIRECTION ( 'NONE',  ( -1.000000000000000000, 0.0000000000000000000, 3.942553354492742500E-016 ) ) ;
#1086 = CARTESIAN_POINT ( 'NONE',  ( 1.000000000000000000, 0.6852349955359816600, -0.5000000000000000000 ) ) ;
#1087 = VERTEX_POINT ( 'NONE', #7527 ) ;
#1088 = VECTOR ( 'NONE', #3705, 1000.000000000000000 ) ;
#1089 =( NAMED_UNIT ( * ) SI_UNIT ( $, .STERADIAN. ) SOLID_ANGLE_UNIT ( ) );
#1090 = EDGE_CURVE ( 'NONE', #1458, #5213, #1604, .T. ) ;
#1091 = CARTESIAN_POINT ( 'NONE',  ( -1.000000000000000000, 0.5500000000000001600, -1.999999999999999600 ) ) ;
#1092 = EDGE_CURVE ( 'NONE', #6784, #4960, #3250, .T. ) ;
#1093 = DIRECTION ( 'NONE',  ( 0.0000000000000000000, -1.000000000000000000, 0.0000000000000000000 ) ) ;
#1094 = FILL_AREA_STYLE_COLOUR ( '', #1907 ) ;
#1095 = ORIENTED_EDGE ( 'NONE', *, *, #8400, .T. ) ;
#1096 = PRESENTATION_LAYER_ASSIGNMENT (  '', '', ( #6604 ) ) ;
#1097 = CARTESIAN_POINT ( 'NONE',  ( 0.9999999999999995600, 0.05000000000000000300, -2.000000000000000000 ) ) ;
#1098 = ORIENTED_EDGE ( 'NONE', *, *, #1975, .T. ) ;
#1099 = FACE_OUTER_BOUND ( 'NONE', #7369, .T. ) ;
#1100 =( GEOMETRIC_REPRESENTATION_CONTEXT ( 3 ) GLOBAL_UNCERTAINTY_ASSIGNED_CONTEXT ( ( #2265 ) ) GLOBAL_UNIT_ASSIGNED_CONTEXT ( ( #5340, #7506, #7571 ) ) REPRESENTATION_CONTEXT ( 'NONE', 'WORKASPACE' ) );
#1101 = VERTEX_POINT ( 'NONE', #574 ) ;
#1102 = EDGE_CURVE ( 'NONE', #7428, #6332, #3134, .T. ) ;
#1103 = DIRECTION ( 'NONE',  ( 0.0000000000000000000, -1.000000000000000000, 0.0000000000000000000 ) ) ;
#1104 = DIRECTION ( 'NONE',  ( 1.000000000000000000, -0.0000000000000000000, 0.0000000000000000000 ) ) ;
#1105 =( NAMED_UNIT ( * ) SI_UNIT ( $, .STERADIAN. ) SOLID_ANGLE_UNIT ( ) );
#1106 = SURFACE_STYLE_FILL_AREA ( #5070 ) ;
#1107 = PLANE ( 'NONE',  #6454 ) ;
#1108 = ORIENTED_EDGE ( 'NONE', *, *, #6943, .T. ) ;
#1109 = EDGE_CURVE ( 'NONE', #2316, #4964, #1729, .T. ) ;
#1110 = VERTEX_POINT ( 'NONE', #7686 ) ;
#1111 = PRESENTATION_STYLE_ASSIGNMENT (( #8246 ) ) ;
#1112 = SURFACE_SIDE_STYLE ('',( #908 ) ) ;
#1113 =( NAMED_UNIT ( * ) SI_UNIT ( $, .STERADIAN. ) SOLID_ANGLE_UNIT ( ) );
#1114 = ORIENTED_EDGE ( 'NONE', *, *, #4025, .F. ) ;
#1115 = DIRECTION ( 'NONE',  ( 1.000000000000000000, 0.0000000000000000000, -1.971276677246371500E-016 ) ) ;
#1116 = ORIENTED_EDGE ( 'NONE', *, *, #626, .T. ) ;
#1117 = DIRECTION ( 'NONE',  ( 1.000000000000000000, -0.0000000000000000000, 0.0000000000000000000 ) ) ;
#1118 = EDGE_LOOP ( 'NONE', ( #5292, #3940, #7561, #1669 ) ) ;
#1119 =( GEOMETRIC_REPRESENTATION_CONTEXT ( 3 ) GLOBAL_UNCERTAINTY_ASSIGNED_CONTEXT ( ( #3728 ) ) GLOBAL_UNIT_ASSIGNED_CONTEXT ( ( #8383, #4852, #3478 ) ) REPRESENTATION_CONTEXT ( 'NONE', 'WORKASPACE' ) );
#1120 = SURFACE_STYLE_FILL_AREA ( #4218 ) ;
#1121 = CARTESIAN_POINT ( 'NONE',  ( -0.09999999999999971400, 0.1000000000000000100, -1.450000000000000000 ) ) ;
#1122 = CARTESIAN_POINT ( 'NONE',  ( -0.09999999999999939500, 0.1000000000000000100, 1.450000000000000000 ) ) ;
#1123 = DIRECTION ( 'NONE',  ( 0.0000000000000000000, -0.0000000000000000000, -1.000000000000000000 ) ) ;
#1124 = ORIENTED_EDGE ( 'NONE', *, *, #5297, .T. ) ;
#1125 = AXIS2_PLACEMENT_3D ( 'NONE', #2683, #5481, #8339 ) ;
#1126 = PLANE ( 'NONE',  #577 ) ;
#1127 = CARTESIAN_POINT ( 'NONE',  ( 0.4499999999999999600, 0.1000000000000000500, -1.700000000000000200 ) ) ;
#1128 = ORIENTED_EDGE ( 'NONE', *, *, #1281, .F. ) ;
#1129 = LINE ( 'NONE', #581, #3526 ) ;
#1130 = PLANE ( 'NONE',  #2 ) ;
#1131 = CARTESIAN_POINT ( 'NONE',  ( -0.4499999999999999600, 0.6852349955359816600, -0.9000000000000001300 ) ) ;
#1132 = EDGE_LOOP ( 'NONE', ( #2222, #5162, #3834, #8563 ) ) ;
#1133 = DIRECTION ( 'NONE',  ( 1.000000000000000000, 0.0000000000000000000, -3.942553354492742500E-016 ) ) ;
#1134 = FILL_AREA_STYLE_COLOUR ( '', #4308 ) ;
#1135 = EDGE_LOOP ( 'NONE', ( #8521, #3879, #2918, #7227 ) ) ;
#1136 = LINE ( 'NONE', #3204, #8573 ) ;
#1137 = ORIENTED_EDGE ( 'NONE', *, *, #6067, .F. ) ;
#1138 = CARTESIAN_POINT ( 'NONE',  ( 0.3000000000000003200, 0.1000000000000000500, -2.000000000000000000 ) ) ;
#1139 = LINE ( 'NONE', #5858, #901 ) ;
#1140 = EDGE_CURVE ( 'NONE', #1155, #1662, #2903, .T. ) ;
#1141 = DIRECTION ( 'NONE',  ( 1.000000000000000000, 0.0000000000000000000, -1.971276677246371500E-016 ) ) ;
#1142 = SURFACE_SIDE_STYLE ('',( #5773 ) ) ;
#1143 = PRESENTATION_LAYER_ASSIGNMENT (  '', '', ( #8328 ) ) ;
#1144 = VECTOR ( 'NONE', #4112, 1000.000000000000000 ) ;
#1145 =( NAMED_UNIT ( * ) PLANE_ANGLE_UNIT ( ) SI_UNIT ( $, .RADIAN. ) );
#1146 = FILL_AREA_STYLE_COLOUR ( '', #5078 ) ;
#1147 = VERTEX_POINT ( 'NONE', #8449 ) ;
#1148 = VECTOR ( 'NONE', #3299, 1000.000000000000000 ) ;
#1149 = PLANE ( 'NONE',  #7748 ) ;
#1150 = VERTEX_POINT ( 'NONE', #8421 ) ;
#1151 = PLANE ( 'NONE',  #7856 ) ;
#1152 = PLANE ( 'NONE',  #4255 ) ;
#1153 = CARTESIAN_POINT ( 'NONE',  ( 0.4499999999999998400, 0.1000000000000000500, 1.300000000000000300 ) ) ;
#1154 = LINE ( 'NONE', #5558, #6125 ) ;
#1155 = VERTEX_POINT ( 'NONE', #632 ) ;
#1156 = CARTESIAN_POINT ( 'NONE',  ( 0.4499999999999998400, 0.6852349955359816600, -1.099999999999999900 ) ) ;
#1157 = VECTOR ( 'NONE', #3977, 1000.000000000000000 ) ;
#1158 =( NAMED_UNIT ( * ) SI_UNIT ( $, .STERADIAN. ) SOLID_ANGLE_UNIT ( ) );
#1159 = CARTESIAN_POINT ( 'NONE',  ( -1.000000000000000000, 0.6852349955359816600, -0.7000000000000000700 ) ) ;
#1160 = EDGE_LOOP ( 'NONE', ( #485, #2849, #5483, #6427 ) ) ;
#1161 =( GEOMETRIC_REPRESENTATION_CONTEXT ( 3 ) GLOBAL_UNCERTAINTY_ASSIGNED_CONTEXT ( ( #3361 ) ) GLOBAL_UNIT_ASSIGNED_CONTEXT ( ( #8178, #4666, #4640 ) ) REPRESENTATION_CONTEXT ( 'NONE', 'WORKASPACE' ) );
#1162 = VECTOR ( 'NONE', #2034, 1000.000000000000000 ) ;
#1163 = CARTESIAN_POINT ( 'NONE',  ( 1.000000000000000000, 0.6852349955359816600, 1.099999999999999900 ) ) ;
#1164 = DIRECTION ( 'NONE',  ( 0.0000000000000000000, 1.000000000000000000, 0.0000000000000000000 ) ) ;
#1165 = EDGE_CURVE ( 'NONE', #1357, #9138, #5914, .T. ) ;
#1166 = FACE_OUTER_BOUND ( 'NONE', #1439, .T. ) ;
#1167 = ORIENTED_EDGE ( 'NONE', *, *, #1634, .T. ) ;
#1168 = FACE_OUTER_BOUND ( 'NONE', #8142, .T. ) ;
#1169 = FILL_AREA_STYLE_COLOUR ( '', #2075 ) ;
#1170 = LINE ( 'NONE', #8128, #7472 ) ;
#1171 = ADVANCED_FACE ( 'NONE', ( #1926 ), #8174, .F. ) ;
#1172 = DIRECTION ( 'NONE',  ( 0.0000000000000000000, 1.000000000000000000, 0.0000000000000000000 ) ) ;
#1173 =( GEOMETRIC_REPRESENTATION_CONTEXT ( 3 ) GLOBAL_UNCERTAINTY_ASSIGNED_CONTEXT ( ( #8729 ) ) GLOBAL_UNIT_ASSIGNED_CONTEXT ( ( #6904, #649, #2720 ) ) REPRESENTATION_CONTEXT ( 'NONE', 'WORKASPACE' ) );
#1174 = EDGE_CURVE ( 'NONE', #7434, #251, #3905, .T. ) ;
#1175 = MANIFOLD_SOLID_BREP ( 'LPattern4[10]', #6024 ) ;
#1176 = FACE_OUTER_BOUND ( 'NONE', #1160, .T. ) ;
#1177 = CARTESIAN_POINT ( 'NONE',  ( 0.3000000000000006000, 0.6852349955359814400, 1.450000000000000000 ) ) ;
#1178 = ORIENTED_EDGE ( 'NONE', *, *, #5637, .T. ) ;
#1179 = DIRECTION ( 'NONE',  ( -3.942553354492742500E-016, 0.0000000000000000000, -1.000000000000000000 ) ) ;
#1180 = LINE ( 'NONE', #8024, #7486 ) ;
#1181 = DIRECTION ( 'NONE',  ( -1.000000000000000000, 0.0000000000000000000, -0.0000000000000000000 ) ) ;
#1182 = PLANE ( 'NONE',  #6871 ) ;
#1183 = LINE ( 'NONE', #4202, #4361 ) ;
#1184 = EDGE_LOOP ( 'NONE', ( #2615, #2306, #8538, #6541 ) ) ;
#1185 = LINE ( 'NONE', #5848, #5934 ) ;
#1186 = ADVANCED_FACE ( 'NONE', ( #1410 ), #43, .T. ) ;
#1187 = CARTESIAN_POINT ( 'NONE',  ( 0.3000000000000003200, 0.6852349955359814400, -2.000000000000000000 ) ) ;
#1188 = MECHANICAL_DESIGN_GEOMETRIC_PRESENTATION_REPRESENTATION (  '', ( #5604 ), #2151 ) ;
#1189 = DIRECTION ( 'NONE',  ( -1.000000000000000000, 0.0000000000000000000, -3.942553354492742500E-016 ) ) ;
#1190 = PLANE ( 'NONE',  #7035 ) ;
#1191 = FACE_OUTER_BOUND ( 'NONE', #439, .T. ) ;
#1192 = ORIENTED_EDGE ( 'NONE', *, *, #921, .T. ) ;
#1193 = DIRECTION ( 'NONE',  ( 0.0000000000000000000, -0.0000000000000000000, 1.000000000000000000 ) ) ;
#1194 = VECTOR ( 'NONE', #1732, 1000.000000000000000 ) ;
#1195 = DIRECTION ( 'NONE',  ( 0.0000000000000000000, -1.000000000000000000, 0.0000000000000000000 ) ) ;
#1196 = ORIENTED_EDGE ( 'NONE', *, *, #3153, .F. ) ;
#1197 = DIRECTION ( 'NONE',  ( 0.0000000000000000000, 0.0000000000000000000, 1.000000000000000000 ) ) ;
#1198 = FILL_AREA_STYLE ('',( #1146 ) ) ;
#1199 = ORIENTED_EDGE ( 'NONE', *, *, #2504, .T. ) ;
#1200 = FILL_AREA_STYLE_COLOUR ( '', #4328 ) ;
#1201 =( GEOMETRIC_REPRESENTATION_CONTEXT ( 3 ) GLOBAL_UNCERTAINTY_ASSIGNED_CONTEXT ( ( #7417 ) ) GLOBAL_UNIT_ASSIGNED_CONTEXT ( ( #7719, #9212, #2095 ) ) REPRESENTATION_CONTEXT ( 'NONE', 'WORKASPACE' ) );
#1202 = ORIENTED_EDGE ( 'NONE', *, *, #2995, .T. ) ;
#1203 = DIRECTION ( 'NONE',  ( 1.000000000000000000, 0.0000000000000000000, 0.0000000000000000000 ) ) ;
#1204 = MECHANICAL_DESIGN_GEOMETRIC_PRESENTATION_REPRESENTATION (  '', ( #4797 ), #7970 ) ;
#1205 = EDGE_LOOP ( 'NONE', ( #589, #993, #5345, #6868 ) ) ;
#1206 = FILL_AREA_STYLE ('',( #4049 ) ) ;
#1207 = SURFACE_STYLE_USAGE ( .BOTH. , #2531 ) ;
#1208 = ORIENTED_EDGE ( 'NONE', *, *, #6957, .T. ) ;
#1209 = FACE_OUTER_BOUND ( 'NONE', #564, .T. ) ;
#1210 = EDGE_CURVE ( 'NONE', #7641, #4289, #6595, .T. ) ;
#1211 = ORIENTED_EDGE ( 'NONE', *, *, #2179, .T. ) ;
#1212 = EDGE_LOOP ( 'NONE', ( #3523, #3922, #5277, #3045 ) ) ;
#1213 = CARTESIAN_POINT ( 'NONE',  ( 1.000000000000000000, 0.04999999999999969700, -0.7000000000000000700 ) ) ;
#1214 = AXIS2_PLACEMENT_3D ( 'NONE', #6519, #1013, #7262 ) ;
#1215 =( LENGTH_UNIT ( ) NAMED_UNIT ( * ) SI_UNIT ( .MILLI., .METRE. ) );
#1216 = CARTESIAN_POINT ( 'NONE',  ( -0.09999999999999971400, 0.1000000000000000500, -1.450000000000000000 ) ) ;
#1217 = LINE ( 'NONE', #3029, #5275 ) ;
#1218 = VERTEX_POINT ( 'NONE', #6341 ) ;
#1219 = AXIS2_PLACEMENT_3D ( 'NONE', #6713, #375, #473 ) ;
#1220 = VECTOR ( 'NONE', #7149, 1000.000000000000000 ) ;
#1221 = DIRECTION ( 'NONE',  ( 1.000000000000000000, 0.0000000000000000000, -0.0000000000000000000 ) ) ;
#1222 = VERTEX_POINT ( 'NONE', #5615 ) ;
#1223 = DIRECTION ( 'NONE',  ( -0.0000000000000000000, -1.000000000000000000, -0.0000000000000000000 ) ) ;
#1224 = VERTEX_POINT ( 'NONE', #2085 ) ;
#1225 = DIRECTION ( 'NONE',  ( 1.000000000000000000, 0.0000000000000000000, -3.942553354492742500E-016 ) ) ;
#1226 = VERTEX_POINT ( 'NONE', #1413 ) ;
#1227 = FACE_OUTER_BOUND ( 'NONE', #3500, .T. ) ;
#1228 = CARTESIAN_POINT ( 'NONE',  ( -0.9999999999999997800, 0.1000000000000000500, -0.7000000000000000700 ) ) ;
#1229 = SURFACE_STYLE_USAGE ( .BOTH. , #427 ) ;
#1230 = ORIENTED_EDGE ( 'NONE', *, *, #7401, .T. ) ;
#1231 = UNCERTAINTY_MEASURE_WITH_UNIT (LENGTH_MEASURE( 1.000000000000000100E-005 ), #3245, 'distance_accuracy_value', 'NONE');
#1232 = CLOSED_SHELL ( 'NONE', ( #8982, #6373, #1828, #3864, #5495, #852 ) ) ;
#1233 = DIRECTION ( 'NONE',  ( -1.000000000000000000, 0.0000000000000000000, 2.168404344971008900E-016 ) ) ;
#1234 = AXIS2_PLACEMENT_3D ( 'NONE', #592, #5547, #3407 ) ;
#1235 = DIRECTION ( 'NONE',  ( 0.0000000000000000000, 0.0000000000000000000, 1.000000000000000000 ) ) ;
#1236 = ORIENTED_EDGE ( 'NONE', *, *, #6544, .T. ) ;
#1237 = VECTOR ( 'NONE', #835, 1000.000000000000000 ) ;
#1238 = STYLED_ITEM ( 'NONE', ( #6148 ), #986 ) ;
#1239 = DIRECTION ( 'NONE',  ( -3.942553354492742500E-016, 0.0000000000000000000, 1.000000000000000000 ) ) ;
#1240 = ORIENTED_EDGE ( 'NONE', *, *, #5828, .F. ) ;
#1241 = UNCERTAINTY_MEASURE_WITH_UNIT (LENGTH_MEASURE( 1.000000000000000100E-005 ), #5837, 'distance_accuracy_value', 'NONE');
#1242 = ORIENTED_EDGE ( 'NONE', *, *, #2254, .F. ) ;
#1243 = FILL_AREA_STYLE_COLOUR ( '', #7156 ) ;
#1244 = STYLED_ITEM ( 'NONE', ( #5917 ), #7741 ) ;
#1245 = VERTEX_POINT ( 'NONE', #7 ) ;
#1246 = VECTOR ( 'NONE', #3983, 1000.000000000000000 ) ;
#1247 = LINE ( 'NONE', #410, #7103 ) ;
#1248 = ORIENTED_EDGE ( 'NONE', *, *, #3223, .T. ) ;
#1249 = DIRECTION ( 'NONE',  ( -3.942553354492742500E-016, 0.0000000000000000000, 1.000000000000000000 ) ) ;
#1250 = DIRECTION ( 'NONE',  ( 1.000000000000000000, -0.0000000000000000000, 0.0000000000000000000 ) ) ;
#1251 = CARTESIAN_POINT ( 'NONE',  ( 1.000000000000000000, 0.6852349955359816600, 0.5000000000000000000 ) ) ;
#1252 = AXIS2_PLACEMENT_3D ( 'NONE', #5898, #1637, #3052 ) ;
#1253 = LINE ( 'NONE', #7407, #4556 ) ;
#1254 = PRESENTATION_STYLE_ASSIGNMENT (( #4070 ) ) ;
#1255 = DIRECTION ( 'NONE',  ( -1.000000000000000000, 0.0000000000000000000, 3.942553354492742500E-016 ) ) ;
#1256 = VECTOR ( 'NONE', #5171, 1000.000000000000000 ) ;
#1257 = ORIENTED_EDGE ( 'NONE', *, *, #2037, .T. ) ;
#1258 =( NAMED_UNIT ( * ) SI_UNIT ( $, .STERADIAN. ) SOLID_ANGLE_UNIT ( ) );
#1259 = EDGE_CURVE ( 'NONE', #4546, #2636, #4689, .T. ) ;
#1260 = FACE_OUTER_BOUND ( 'NONE', #1491, .T. ) ;
#1261 = CARTESIAN_POINT ( 'NONE',  ( -1.000000000000000000, 0.04999999999999969700, 0.7000000000000002900 ) ) ;
#1262 = AXIS2_PLACEMENT_3D ( 'NONE', #4563, #4592, #6064 ) ;
#1263 = ORIENTED_EDGE ( 'NONE', *, *, #7144, .T. ) ;
#1264 = EDGE_CURVE ( 'NONE', #8644, #6889, #526, .T. ) ;
#1265 = CARTESIAN_POINT ( 'NONE',  ( 0.9999999999999995600, 0.05000000000000000300, -2.000000000000000000 ) ) ;
#1266 = DIRECTION ( 'NONE',  ( 0.0000000000000000000, 0.0000000000000000000, 1.000000000000000000 ) ) ;
#1267 = AXIS2_PLACEMENT_3D ( 'NONE', #2960, #3019, #8469 ) ;
#1268 = SURFACE_STYLE_FILL_AREA ( #2554 ) ;
#1269 = SURFACE_STYLE_FILL_AREA ( #859 ) ;
#1270 = ORIENTED_EDGE ( 'NONE', *, *, #7830, .F. ) ;
#1271 = FILL_AREA_STYLE ('',( #5485 ) ) ;
#1272 = DIRECTION ( 'NONE',  ( 1.000000000000000000, 0.0000000000000000000, -5.421010862427526100E-016 ) ) ;
#1273 = VERTEX_POINT ( 'NONE', #7806 ) ;
#1274 = EDGE_CURVE ( 'NONE', #7421, #3982, #8177, .T. ) ;
#1275 = PRESENTATION_STYLE_ASSIGNMENT (( #8551 ) ) ;
#1276 = PRESENTATION_LAYER_ASSIGNMENT (  '', '', ( #4201 ) ) ;
#1277 = CARTESIAN_POINT ( 'NONE',  ( 0.4499999999999998400, 0.0000000000000000000, 1.700000000000000400 ) ) ;
#1278 = VECTOR ( 'NONE', #1661, 1000.000000000000000 ) ;
#1279 = VECTOR ( 'NONE', #4774, 1000.000000000000000 ) ;
#1280 = ORIENTED_EDGE ( 'NONE', *, *, #8311, .F. ) ;
#1281 = EDGE_CURVE ( 'NONE', #1761, #4993, #6368, .T. ) ;
#1282 = CARTESIAN_POINT ( 'NONE',  ( 0.9999999999999995600, 0.1000000000000002600, 1.700000000000000200 ) ) ;
#1283 = EDGE_CURVE ( 'NONE', #1376, #2706, #5692, .T. ) ;
#1284 = COLOUR_RGB ( '',0.2509803921568627400, 0.2509803921568627400, 0.2509803921568627400 ) ;
#1285 =( NAMED_UNIT ( * ) PLANE_ANGLE_UNIT ( ) SI_UNIT ( $, .RADIAN. ) );
#1286 = CARTESIAN_POINT ( 'NONE',  ( 1.000000000000000000, 0.1000000000000000500, 1.300000000000000000 ) ) ;
#1287 = CARTESIAN_POINT ( 'NONE',  ( -1.000000000000000000, 0.1000000000000000500, 0.7000000000000002900 ) ) ;
#1288 = FACE_OUTER_BOUND ( 'NONE', #2883, .T. ) ;
#1289 = DIRECTION ( 'NONE',  ( -0.0000000000000000000, -0.0000000000000000000, 1.000000000000000000 ) ) ;
#1290 = SURFACE_STYLE_FILL_AREA ( #6189 ) ;
#1291 = EDGE_CURVE ( 'NONE', #4485, #2972, #3581, .T. ) ;
#1292 = UNCERTAINTY_MEASURE_WITH_UNIT (LENGTH_MEASURE( 1.000000000000000100E-005 ), #1782, 'distance_accuracy_value', 'NONE');
#1293 = LINE ( 'NONE', #7228, #1735 ) ;
#1294 = CARTESIAN_POINT ( 'NONE',  ( -1.000000000000000000, 0.6852349955359816600, 1.300000000000000000 ) ) ;
#1295 = DIRECTION ( 'NONE',  ( -1.000000000000000000, 0.0000000000000000000, 3.942553354492742500E-016 ) ) ;
#1296 = EDGE_LOOP ( 'NONE', ( #2070, #5282, #8438, #7649 ) ) ;
#1297 =( GEOMETRIC_REPRESENTATION_CONTEXT ( 3 ) GLOBAL_UNCERTAINTY_ASSIGNED_CONTEXT ( ( #4212 ) ) GLOBAL_UNIT_ASSIGNED_CONTEXT ( ( #2228, #3641, #1586 ) ) REPRESENTATION_CONTEXT ( 'NONE', 'WORKASPACE' ) );
#1298 = EDGE_CURVE ( 'NONE', #5055, #5641, #7370, .T. ) ;
#1299 =( NAMED_UNIT ( * ) SI_UNIT ( $, .STERADIAN. ) SOLID_ANGLE_UNIT ( ) );
#1300 = CARTESIAN_POINT ( 'NONE',  ( 1.000000000000000000, 0.6852349955359816600, -1.500000000000000200 ) ) ;
#1301 = DIRECTION ( 'NONE',  ( -1.000000000000000000, 0.0000000000000000000, 0.0000000000000000000 ) ) ;
#1302 = PRESENTATION_STYLE_ASSIGNMENT (( #6721 ) ) ;
#1303 = ORIENTED_EDGE ( 'NONE', *, *, #1755, .F. ) ;
#1304 = FACE_OUTER_BOUND ( 'NONE', #1791, .T. ) ;
#1305 = ADVANCED_FACE ( 'NONE', ( #4021 ), #1521, .F. ) ;
#1306 =( NAMED_UNIT ( * ) SI_UNIT ( $, .STERADIAN. ) SOLID_ANGLE_UNIT ( ) );
#1307 = CARTESIAN_POINT ( 'NONE',  ( -1.000000000000000000, 0.0000000000000000000, -0.3000000000000001600 ) ) ;
#1308 = SURFACE_STYLE_USAGE ( .BOTH. , #2663 ) ;
#1309 = ORIENTED_EDGE ( 'NONE', *, *, #4378, .F. ) ;
#1310 = VECTOR ( 'NONE', #4265, 1000.000000000000000 ) ;
#1311 = PLANE ( 'NONE',  #6470 ) ;
#1312 = PRESENTATION_STYLE_ASSIGNMENT (( #8588 ) ) ;
#1313 = FILL_AREA_STYLE_COLOUR ( '', #1933 ) ;
#1314 = DIRECTION ( 'NONE',  ( 0.0000000000000000000, 0.0000000000000000000, -1.000000000000000000 ) ) ;
#1315 = DIRECTION ( 'NONE',  ( 5.421010862427526100E-016, 0.0000000000000000000, -1.000000000000000000 ) ) ;
#1316 =( NAMED_UNIT ( * ) PLANE_ANGLE_UNIT ( ) SI_UNIT ( $, .RADIAN. ) );
#1317 = ORIENTED_EDGE ( 'NONE', *, *, #8822, .T. ) ;
#1318 = LINE ( 'NONE', #1591, #4817 ) ;
#1319 = STYLED_ITEM ( 'NONE', ( #6018 ), #8242 ) ;
#1320 = DIRECTION ( 'NONE',  ( 1.000000000000000000, -0.0000000000000000000, 0.0000000000000000000 ) ) ;
#1321 = EDGE_CURVE ( 'NONE', #1338, #630, #6175, .T. ) ;
#1322 = DIRECTION ( 'NONE',  ( -2.956915015869556800E-016, -0.0000000000000000000, -1.000000000000000000 ) ) ;
#1323 = CARTESIAN_POINT ( 'NONE',  ( 0.9999999999999995600, 0.05000000000000000300, 2.000000000000000000 ) ) ;
#1324 = ORIENTED_EDGE ( 'NONE', *, *, #5511, .T. ) ;
#1325 = ORIENTED_EDGE ( 'NONE', *, *, #612, .F. ) ;
#1326 = LINE ( 'NONE', #1843, #7061 ) ;
#1327 = CARTESIAN_POINT ( 'NONE',  ( -0.4499999999999999600, 0.05000000000000002400, -1.300000000000000300 ) ) ;
#1328 = STYLED_ITEM ( 'NONE', ( #5446 ), #2913 ) ;
#1329 = PLANE ( 'NONE',  #8225 ) ;
#1330 = CLOSED_SHELL ( 'NONE', ( #3761, #8622, #633, #8792 ) ) ;
#1331 = DIRECTION ( 'NONE',  ( 0.0000000000000000000, 0.0000000000000000000, -1.000000000000000000 ) ) ;
#1332 = CARTESIAN_POINT ( 'NONE',  ( 1.000000000000000000, 0.0000000000000000000, -1.700000000000000200 ) ) ;
#1333 = AXIS2_PLACEMENT_3D ( 'NONE', #125, #242, #5791 ) ;
#1334 = SURFACE_STYLE_USAGE ( .BOTH. , #6290 ) ;
#1335 = ORIENTED_EDGE ( 'NONE', *, *, #3434, .F. ) ;
#1336 = MECHANICAL_DESIGN_GEOMETRIC_PRESENTATION_REPRESENTATION (  '', ( #8946 ), #5259 ) ;
#1337 = CARTESIAN_POINT ( 'NONE',  ( -0.2999999999999993200, 0.1000000000000000500, 1.450000000000000000 ) ) ;
#1338 = VERTEX_POINT ( 'NONE', #76 ) ;
#1339 = VECTOR ( 'NONE', #4674, 1000.000000000000000 ) ;
#1340 = AXIS2_PLACEMENT_3D ( 'NONE', #4806, #3423, #605 ) ;
#1341 = ORIENTED_EDGE ( 'NONE', *, *, #1861, .F. ) ;
#1342 = CARTESIAN_POINT ( 'NONE',  ( 0.4499999999999999600, 0.0000000000000000000, 0.2999999999999999300 ) ) ;
#1343 = ORIENTED_EDGE ( 'NONE', *, *, #4564, .T. ) ;
#1344 = ORIENTED_EDGE ( 'NONE', *, *, #5813, .F. ) ;
#1345 = CARTESIAN_POINT ( 'NONE',  ( -1.000000000000000000, 0.04999999999999969700, 0.09999999999999982500 ) ) ;
#1346 = UNCERTAINTY_MEASURE_WITH_UNIT (LENGTH_MEASURE( 1.000000000000000100E-005 ), #8691, 'distance_accuracy_value', 'NONE');
#1347 = ORIENTED_EDGE ( 'NONE', *, *, #7774, .T. ) ;
#1348 = EDGE_CURVE ( 'NONE', #8312, #6187, #4920, .T. ) ;
#1349 = EDGE_CURVE ( 'NONE', #3502, #5816, #5126, .T. ) ;
#1350 = FACE_OUTER_BOUND ( 'NONE', #5721, .T. ) ;
#1351 = FACE_OUTER_BOUND ( 'NONE', #10, .T. ) ;
#1352 = ORIENTED_EDGE ( 'NONE', *, *, #736, .F. ) ;
#1353 = FILL_AREA_STYLE_COLOUR ( '', #1383 ) ;
#1354 =( NAMED_UNIT ( * ) PLANE_ANGLE_UNIT ( ) SI_UNIT ( $, .RADIAN. ) );
#1355 = ORIENTED_EDGE ( 'NONE', *, *, #5020, .T. ) ;
#1356 = FACE_OUTER_BOUND ( 'NONE', #8004, .T. ) ;
#1357 = VERTEX_POINT ( 'NONE', #833 ) ;
#1358 = FILL_AREA_STYLE_COLOUR ( '', #205 ) ;
#1359 = PLANE ( 'NONE',  #1869 ) ;
#1360 = PRESENTATION_STYLE_ASSIGNMENT (( #6238 ) ) ;
#1361 = LINE ( 'NONE', #4804, #4189 ) ;
#1362 = DIRECTION ( 'NONE',  ( -1.000000000000000000, 0.0000000000000000000, 3.942553354492742500E-016 ) ) ;
#1363 = ORIENTED_EDGE ( 'NONE', *, *, #7508, .T. ) ;
#1364 =( NAMED_UNIT ( * ) PLANE_ANGLE_UNIT ( ) SI_UNIT ( $, .RADIAN. ) );
#1365 = VECTOR ( 'NONE', #1909, 1000.000000000000000 ) ;
#1366 = CARTESIAN_POINT ( 'NONE',  ( 1.000000000000000000, 0.0000000000000000000, 0.8999999999999998000 ) ) ;
#1367 = DIRECTION ( 'NONE',  ( 0.0000000000000000000, -1.000000000000000000, 0.0000000000000000000 ) ) ;
#1369 = ADVANCED_FACE ( 'NONE', ( #3036 ), #4367, .F. ) ;
#1368 = VERTEX_POINT ( 'NONE', #1550 ) ;
#1370 = CARTESIAN_POINT ( 'NONE',  ( 0.0000000000000000000, 0.1000000000000000100, 0.0000000000000000000 ) ) ;
#1371 = MECHANICAL_DESIGN_GEOMETRIC_PRESENTATION_REPRESENTATION (  '', ( #7215 ), #2920 ) ;
#1372 = DIRECTION ( 'NONE',  ( -1.000000000000000000, 0.0000000000000000000, 0.0000000000000000000 ) ) ;
#1373 = VECTOR ( 'NONE', #5484, 1000.000000000000000 ) ;
#1374 = VECTOR ( 'NONE', #4630, 1000.000000000000000 ) ;
#1375 = COLOUR_RGB ( '',0.7921568627450980000, 0.8196078431372548800, 0.9333333333333333500 ) ;
#1376 = VERTEX_POINT ( 'NONE', #5011 ) ;
#1377 = DIRECTION ( 'NONE',  ( -1.000000000000000000, 0.0000000000000000000, -0.0000000000000000000 ) ) ;
#1378 = FACE_OUTER_BOUND ( 'NONE', #2443, .T. ) ;
#1379 = COLOUR_RGB ( '',0.2509803921568627400, 0.2509803921568627400, 0.2509803921568627400 ) ;
#1380 = EDGE_CURVE ( 'NONE', #1788, #2909, #4169, .T. ) ;
#1381 = PLANE ( 'NONE',  #952 ) ;
#1382 = LINE ( 'NONE', #6802, #8700 ) ;
#1383 = COLOUR_RGB ( '',0.2509803921568627400, 0.2509803921568627400, 0.2509803921568627400 ) ;
#1384 = PLANE ( 'NONE',  #2434 ) ;
#1385 = SURFACE_STYLE_USAGE ( .BOTH. , #3483 ) ;
#1386 = ORIENTED_EDGE ( 'NONE', *, *, #3869, .T. ) ;
#1387 = ORIENTED_EDGE ( 'NONE', *, *, #264, .T. ) ;
#1388 = CARTESIAN_POINT ( 'NONE',  ( 1.000000000000000000, 0.0000000000000000000, -0.9000000000000001300 ) ) ;
#1389 = SURFACE_STYLE_USAGE ( .BOTH. , #8395 ) ;
#1390 = CARTESIAN_POINT ( 'NONE',  ( -0.7500000000000000000, 0.5000000000000000000, -1.750000000000000000 ) ) ;
#1391 =( LENGTH_UNIT ( ) NAMED_UNIT ( * ) SI_UNIT ( .MILLI., .METRE. ) );
#1392 = VECTOR ( 'NONE', #2155, 1000.000000000000000 ) ;
#1393 = EDGE_CURVE ( 'NONE', #4071, #8237, #4500, .T. ) ;
#1394 = EDGE_LOOP ( 'NONE', ( #2598, #457, #772, #598 ) ) ;
#1395 = FILL_AREA_STYLE_COLOUR ( '', #9017 ) ;
#1396 = VECTOR ( 'NONE', #349, 1000.000000000000000 ) ;
#1397 = CARTESIAN_POINT ( 'NONE',  ( -0.4499999999999998400, 0.6852349955359816600, 0.1000000000000000500 ) ) ;
#1398 = FILL_AREA_STYLE ('',( #8464 ) ) ;
#1399 = VECTOR ( 'NONE', #6469, 1000.000000000000000 ) ;
#1400 = LINE ( 'NONE', #3246, #4782 ) ;
#1401 = CARTESIAN_POINT ( 'NONE',  ( 0.1000000000000007000, 0.1000000000000000100, 1.450000000000000000 ) ) ;
#1402 = EDGE_CURVE ( 'NONE', #659, #4615, #3496, .T. ) ;
#1403 = PRESENTATION_STYLE_ASSIGNMENT (( #1579 ) ) ;
#1404 = ORIENTED_EDGE ( 'NONE', *, *, #6016, .T. ) ;
#1405 =( NAMED_UNIT ( * ) PLANE_ANGLE_UNIT ( ) SI_UNIT ( $, .RADIAN. ) );
#1406 = PRESENTATION_LAYER_ASSIGNMENT (  '', '', ( #909 ) ) ;
#1407 = PRESENTATION_LAYER_ASSIGNMENT (  '', '', ( #2957 ) ) ;
#1408 = EDGE_CURVE ( 'NONE', #7306, #1920, #426, .T. ) ;
#1409 = SURFACE_SIDE_STYLE ('',( #6772 ) ) ;
#1410 = FACE_OUTER_BOUND ( 'NONE', #4850, .T. ) ;
#1411 = ORIENTED_EDGE ( 'NONE', *, *, #6058, .F. ) ;
#1412 = CARTESIAN_POINT ( 'NONE',  ( -1.000000000000000200, 0.05000000000000000300, 2.000000000000000900 ) ) ;
#1413 = CARTESIAN_POINT ( 'NONE',  ( 0.4499999999999999600, 0.0000000000000000000, -0.1000000000000000500 ) ) ;
#1414 = LINE ( 'NONE', #5890, #6057 ) ;
#1415 = CARTESIAN_POINT ( 'NONE',  ( -1.000000000000000000, 0.0000000000000000000, -1.300000000000000000 ) ) ;
#1416 = DIRECTION ( 'NONE',  ( -5.421010862427526100E-016, 0.0000000000000000000, 1.000000000000000000 ) ) ;
#1417 = VECTOR ( 'NONE', #1416, 1000.000000000000000 ) ;
#1418 = SURFACE_STYLE_USAGE ( .BOTH. , #7177 ) ;
#1419 = DIRECTION ( 'NONE',  ( 0.0000000000000000000, 0.0000000000000000000, 1.000000000000000000 ) ) ;
#1420 = EDGE_LOOP ( 'NONE', ( #8505, #7444, #3344, #918 ) ) ;
#1421 = MECHANICAL_DESIGN_GEOMETRIC_PRESENTATION_REPRESENTATION (  '', ( #3573 ), #1883 ) ;
#1422 = VECTOR ( 'NONE', #7930, 1000.000000000000000 ) ;
#1423 = DIRECTION ( 'NONE',  ( 0.0000000000000000000, -1.000000000000000000, 0.0000000000000000000 ) ) ;
#1424 = COLOUR_RGB ( '',0.7921568627450980000, 0.8196078431372548800, 0.9333333333333333500 ) ;
#1425 = ORIENTED_EDGE ( 'NONE', *, *, #8105, .F. ) ;
#1426 = VECTOR ( 'NONE', #3607, 1000.000000000000000 ) ;
#1427 =( GEOMETRIC_REPRESENTATION_CONTEXT ( 3 ) GLOBAL_UNCERTAINTY_ASSIGNED_CONTEXT ( ( #5583 ) ) GLOBAL_UNIT_ASSIGNED_CONTEXT ( ( #843, #7940, #3657 ) ) REPRESENTATION_CONTEXT ( 'NONE', 'WORKASPACE' ) );
#1428 = CARTESIAN_POINT ( 'NONE',  ( 0.4499999999999999600, 0.1000000000000000500, 1.500000000000000000 ) ) ;
#1429 = FACE_OUTER_BOUND ( 'NONE', #8427, .T. ) ;
#1430 = CARTESIAN_POINT ( 'NONE',  ( -0.09999999999999939500, 0.1000000000000000100, 1.450000000000000000 ) ) ;
#1431 = ORIENTED_EDGE ( 'NONE', *, *, #6251, .T. ) ;
#1432 = FACE_OUTER_BOUND ( 'NONE', #8476, .T. ) ;
#1433 = CARTESIAN_POINT ( 'NONE',  ( -0.4499999999999998400, 0.1000000000000000500, 0.9000000000000000200 ) ) ;
#1434 = ORIENTED_EDGE ( 'NONE', *, *, #6080, .F. ) ;
#1435 = VERTEX_POINT ( 'NONE', #6614 ) ;
#1436 = AXIS2_PLACEMENT_3D ( 'NONE', #7036, #4437, #1589 ) ;
#1437 = DIRECTION ( 'NONE',  ( 0.0000000000000000000, -0.0000000000000000000, 1.000000000000000000 ) ) ;
#1438 = EDGE_CURVE ( 'NONE', #1694, #5618, #959, .T. ) ;
#1439 = EDGE_LOOP ( 'NONE', ( #3757, #9007, #677, #6656 ) ) ;
#1440 = VERTEX_POINT ( 'NONE', #3823 ) ;
#1441 = DIRECTION ( 'NONE',  ( -5.421010862427526100E-016, 0.0000000000000000000, 1.000000000000000000 ) ) ;
#1442 = LINE ( 'NONE', #7169, #2411 ) ;
#1443 = FILL_AREA_STYLE_COLOUR ( '', #1895 ) ;
#1444 = STYLED_ITEM ( 'NONE', ( #1360 ), #2692 ) ;
#1445 = EDGE_CURVE ( 'NONE', #3033, #2099, #6393, .T. ) ;
#1446 = LINE ( 'NONE', #6811, #4728 ) ;
#1447 = CARTESIAN_POINT ( 'NONE',  ( 0.0000000000000000000, 0.05000000000000000300, 1.450000000000000000 ) ) ;
#1448 = ORIENTED_EDGE ( 'NONE', *, *, #8697, .T. ) ;
#1449 = CARTESIAN_POINT ( 'NONE',  ( 1.000000000000000000, 0.6852349955359816600, 0.09999999999999982500 ) ) ;
#1450 = SURFACE_STYLE_USAGE ( .BOTH. , #4226 ) ;
#1451 = ORIENTED_EDGE ( 'NONE', *, *, #6607, .F. ) ;
#1452 = AXIS2_PLACEMENT_3D ( 'NONE', #3409, #7617, #9095 ) ;
#1453 = ORIENTED_EDGE ( 'NONE', *, *, #1513, .F. ) ;
#1454 = VECTOR ( 'NONE', #8385, 1000.000000000000000 ) ;
#1455 = ADVANCED_FACE ( 'NONE', ( #4155 ), #8777, .F. ) ;
#1456 =( NAMED_UNIT ( * ) SI_UNIT ( $, .STERADIAN. ) SOLID_ANGLE_UNIT ( ) );
#1457 = UNCERTAINTY_MEASURE_WITH_UNIT (LENGTH_MEASURE( 1.000000000000000100E-005 ), #1936, 'distance_accuracy_value', 'NONE');
#1458 = VERTEX_POINT ( 'NONE', #8719 ) ;
#1459 = CARTESIAN_POINT ( 'NONE',  ( 0.1000000000000007000, 0.0000000000000000000, 1.450000000000000000 ) ) ;
#1460 = ORIENTED_EDGE ( 'NONE', *, *, #5805, .F. ) ;
#1461 = CARTESIAN_POINT ( 'NONE',  ( -0.7500000000000000000, 0.5500000000000000400, -1.750000000000000000 ) ) ;
#1462 = VERTEX_POINT ( 'NONE', #1645 ) ;
#1463 = SURFACE_STYLE_FILL_AREA ( #2704 ) ;
#1464 = EDGE_CURVE ( 'NONE', #8434, #643, #283, .T. ) ;
#1465 = VERTEX_POINT ( 'NONE', #1022 ) ;
#1466 = DIRECTION ( 'NONE',  ( 1.000000000000000000, 0.0000000000000000000, -5.421010862427526100E-016 ) ) ;
#1467 = PLANE ( 'NONE',  #7844 ) ;
#1468 = DIRECTION ( 'NONE',  ( 0.0000000000000000000, 1.000000000000000000, 0.0000000000000000000 ) ) ;
#1469 = ORIENTED_EDGE ( 'NONE', *, *, #693, .F. ) ;
#1470 = EDGE_CURVE ( 'NONE', #4220, #6149, #1937, .T. ) ;
#1471 = ORIENTED_EDGE ( 'NONE', *, *, #6856, .T. ) ;
#1472 = FACE_OUTER_BOUND ( 'NONE', #2789, .T. ) ;
#1473 = DIRECTION ( 'NONE',  ( 0.0000000000000000000, 0.0000000000000000000, -1.000000000000000000 ) ) ;
#1474 = LINE ( 'NONE', #433, #6781 ) ;
#1475 = SURFACE_STYLE_USAGE ( .BOTH. , #2887 ) ;
#1476 = ORIENTED_EDGE ( 'NONE', *, *, #201, .T. ) ;
#1477 = DIRECTION ( 'NONE',  ( 0.0000000000000000000, -1.000000000000000000, 0.0000000000000000000 ) ) ;
#1478 = PRESENTATION_STYLE_ASSIGNMENT (( #3720 ) ) ;
#1479 = CARTESIAN_POINT ( 'NONE',  ( 0.0000000000000000000, 0.1000000000000000100, 0.0000000000000000000 ) ) ;
#1480 = DIRECTION ( 'NONE',  ( -0.0000000000000000000, -1.000000000000000000, -0.0000000000000000000 ) ) ;
#1481 = VECTOR ( 'NONE', #8342, 1000.000000000000000 ) ;
#1482 = VECTOR ( 'NONE', #4857, 1000.000000000000000 ) ;
#1483 = DIRECTION ( 'NONE',  ( -0.0000000000000000000, -1.000000000000000000, -0.0000000000000000000 ) ) ;
#1484 = VECTOR ( 'NONE', #7276, 1000.000000000000000 ) ;
#1485 = ORIENTED_EDGE ( 'NONE', *, *, #2179, .F. ) ;
#1486 = ORIENTED_EDGE ( 'NONE', *, *, #913, .F. ) ;
#1487 = CARTESIAN_POINT ( 'NONE',  ( 0.4499999999999998400, 0.05000000000000002400, 0.1000000000000000500 ) ) ;
#1488 = VECTOR ( 'NONE', #119, 1000.000000000000000 ) ;
#1489 = LINE ( 'NONE', #1851, #4110 ) ;
#1490 = FACE_OUTER_BOUND ( 'NONE', #7541, .T. ) ;
#1491 = EDGE_LOOP ( 'NONE', ( #9121, #3165, #4414, #8926 ) ) ;
#1492 = ORIENTED_EDGE ( 'NONE', *, *, #7408, .T. ) ;
#1493 =( NAMED_UNIT ( * ) PLANE_ANGLE_UNIT ( ) SI_UNIT ( $, .RADIAN. ) );
#1494 = CARTESIAN_POINT ( 'NONE',  ( -1.000000000000000000, 0.6852349955359816600, 1.500000000000000200 ) ) ;
#1495 = DIRECTION ( 'NONE',  ( 0.0000000000000000000, -1.000000000000000000, 0.0000000000000000000 ) ) ;
#1496 = AXIS2_PLACEMENT_3D ( 'NONE', #7818, #5658, #8518 ) ;
#1497 = CARTESIAN_POINT ( 'NONE',  ( 0.0000000000000000000, 0.1000000000000000100, 0.0000000000000000000 ) ) ;
#1498 = EDGE_CURVE ( 'NONE', #7274, #4504, #1947, .T. ) ;
#1499 = DIRECTION ( 'NONE',  ( 0.0000000000000000000, -0.0000000000000000000, 1.000000000000000000 ) ) ;
#1500 = EDGE_LOOP ( 'NONE', ( #3103, #2649, #7754, #2391 ) ) ;
#1501 = COLOUR_RGB ( '',0.2509803921568627400, 0.2509803921568627400, 0.2509803921568627400 ) ;
#1502 = VECTOR ( 'NONE', #6819, 1000.000000000000000 ) ;
#1503 = CARTESIAN_POINT ( 'NONE',  ( 0.0000000000000000000, 0.1000000000000000100, 0.0000000000000000000 ) ) ;
#1504 = STYLED_ITEM ( 'NONE', ( #6333 ), #494 ) ;
#1505 = LINE ( 'NONE', #3829, #5014 ) ;
#1506 = FILL_AREA_STYLE ('',( #4283 ) ) ;
#1507 = ORIENTED_EDGE ( 'NONE', *, *, #7374, .F. ) ;
#1508 = CARTESIAN_POINT ( 'NONE',  ( 0.4499999999999999600, 0.0000000000000000000, -0.5000000000000000000 ) ) ;
#1509 = VECTOR ( 'NONE', #2410, 1000.000000000000000 ) ;
#1510 = PLANE ( 'NONE',  #7308 ) ;
#1511 = DIRECTION ( 'NONE',  ( 0.0000000000000000000, -1.000000000000000000, 0.0000000000000000000 ) ) ;
#1512 = EDGE_CURVE ( 'NONE', #2201, #3, #990, .T. ) ;
#1513 = EDGE_CURVE ( 'NONE', #8961, #8, #2533, .T. ) ;
#1514 = CARTESIAN_POINT ( 'NONE',  ( 0.4499999999999999600, 0.6852349955359816600, -1.700000000000000200 ) ) ;
#1515 = UNCERTAINTY_MEASURE_WITH_UNIT (LENGTH_MEASURE( 1.000000000000000100E-005 ), #7164, 'distance_accuracy_value', 'NONE');
#1516 = ORIENTED_EDGE ( 'NONE', *, *, #4840, .T. ) ;
#1517 = DIRECTION ( 'NONE',  ( -1.000000000000000000, 0.0000000000000000000, 3.942553354492742500E-016 ) ) ;
#1518 = AXIS2_PLACEMENT_3D ( 'NONE', #3652, #811, #3682 ) ;
#1519 = VECTOR ( 'NONE', #8986, 1000.000000000000000 ) ;
#1520 = DIRECTION ( 'NONE',  ( 5.421010862427526100E-016, 0.0000000000000000000, -1.000000000000000000 ) ) ;
#1521 = PLANE ( 'NONE',  #821 ) ;
#1522 = CARTESIAN_POINT ( 'NONE',  ( 1.000000000000000000, 0.6852349955359816600, -1.300000000000000300 ) ) ;
#1523 = EDGE_LOOP ( 'NONE', ( #8620, #7349, #3675, #4074 ) ) ;
#1524 = COLOUR_RGB ( '',0.2509803921568627400, 0.2509803921568627400, 0.2509803921568627400 ) ;
#1525 = DIRECTION ( 'NONE',  ( 1.000000000000000000, 0.0000000000000000000, -3.942553354492742500E-016 ) ) ;
#1526 = DIRECTION ( 'NONE',  ( 0.0000000000000000000, 1.000000000000000000, 0.0000000000000000000 ) ) ;
#1527 = DIRECTION ( 'NONE',  ( -0.0000000000000000000, -0.0000000000000000000, 1.000000000000000000 ) ) ;
#1528 = CARTESIAN_POINT ( 'NONE',  ( 0.4499999999999999600, 0.0000000000000000000, 1.500000000000000000 ) ) ;
#1529 = LINE ( 'NONE', #5059, #3280 ) ;
#1530 = VERTEX_POINT ( 'NONE', #1153 ) ;
#1531 = AXIS2_PLACEMENT_3D ( 'NONE', #1841, #3247, #8240 ) ;
#1532 = EDGE_CURVE ( 'NONE', #1218, #994, #440, .T. ) ;
#1533 = FILL_AREA_STYLE ('',( #8583 ) ) ;
#1534 = DIRECTION ( 'NONE',  ( 0.0000000000000000000, 0.0000000000000000000, -1.000000000000000000 ) ) ;
#1535 = LINE ( 'NONE', #4614, #6951 ) ;
#1536 = EDGE_LOOP ( 'NONE', ( #5956, #9168, #3610, #239 ) ) ;
#1537 = DIRECTION ( 'NONE',  ( 5.421010862427526100E-016, 0.0000000000000000000, -1.000000000000000000 ) ) ;
#1538 = ORIENTED_EDGE ( 'NONE', *, *, #4755, .F. ) ;
#1539 = LINE ( 'NONE', #8988, #5965 ) ;
#1540 = VERTEX_POINT ( 'NONE', #2464 ) ;
#1541 = CARTESIAN_POINT ( 'NONE',  ( 0.4499999999999998400, 0.6852349955359816600, -0.2999999999999999300 ) ) ;
#1542 = EDGE_CURVE ( 'NONE', #6366, #7960, #115, .T. ) ;
#1543 = DIRECTION ( 'NONE',  ( -1.000000000000000000, 0.0000000000000000000, 3.942553354492742500E-016 ) ) ;
#1544 = ORIENTED_EDGE ( 'NONE', *, *, #3936, .T. ) ;
#1545 = ADVANCED_FACE ( 'NONE', ( #661 ), #1182, .F. ) ;
#1546 = ORIENTED_EDGE ( 'NONE', *, *, #8592, .F. ) ;
#1547 = PRESENTATION_LAYER_ASSIGNMENT (  '', '', ( #8159 ) ) ;
#1548 = SURFACE_SIDE_STYLE ('',( #7068 ) ) ;
#1549 = DIRECTION ( 'NONE',  ( 0.0000000000000000000, 1.000000000000000000, 0.0000000000000000000 ) ) ;
#1550 = CARTESIAN_POINT ( 'NONE',  ( -1.000000000000000000, 0.1000000000000000500, 1.100000000000000100 ) ) ;
#1551 = EDGE_LOOP ( 'NONE', ( #1583, #3517, #3115, #1839 ) ) ;
#1552 = ORIENTED_EDGE ( 'NONE', *, *, #2033, .F. ) ;
#1553 = VECTOR ( 'NONE', #2241, 1000.000000000000000 ) ;
#1554 = CLOSED_SHELL ( 'NONE', ( #8009, #5044, #8706, #7714, #9008, #3026 ) ) ;
#1555 = PLANE ( 'NONE',  #7563 ) ;
#1556 = EDGE_CURVE ( 'NONE', #1101, #816, #4060, .T. ) ;
#1557 = CARTESIAN_POINT ( 'NONE',  ( 0.4499999999999998400, 0.05000000000000002400, -0.6999999999999998400 ) ) ;
#1558 = FACE_OUTER_BOUND ( 'NONE', #1205, .T. ) ;
#1559 = AXIS2_PLACEMENT_3D ( 'NONE', #4557, #8071, #2453 ) ;
#1560 = ORIENTED_EDGE ( 'NONE', *, *, #295, .F. ) ;
#1561 = FILL_AREA_STYLE ('',( #1443 ) ) ;
#1562 = ORIENTED_EDGE ( 'NONE', *, *, #6480, .T. ) ;
#1563 = VECTOR ( 'NONE', #3723, 1000.000000000000000 ) ;
#1564 = LINE ( 'NONE', #5444, #886 ) ;
#1565 =( NAMED_UNIT ( * ) PLANE_ANGLE_UNIT ( ) SI_UNIT ( $, .RADIAN. ) );
#1566 = MANIFOLD_SOLID_BREP ( 'LPattern4[6]', #8942 ) ;
#1567 = ORIENTED_EDGE ( 'NONE', *, *, #1393, .F. ) ;
#1568 = EDGE_CURVE ( 'NONE', #9108, #8758, #216, .T. ) ;
#1569 = FILL_AREA_STYLE_COLOUR ( '', #1379 ) ;
#1570 = LINE ( 'NONE', #6830, #8236 ) ;
#1571 = DIRECTION ( 'NONE',  ( -5.421010862427526100E-016, 0.0000000000000000000, 1.000000000000000000 ) ) ;
#1572 = CARTESIAN_POINT ( 'NONE',  ( -6.702340702637664900E-016, 0.05000000000000000300, 1.700000000000000600 ) ) ;
#1573 = VERTEX_POINT ( 'NONE', #3268 ) ;
#1574 = STYLED_ITEM ( 'NONE', ( #459 ), #4554 ) ;
#1575 = LINE ( 'NONE', #4763, #3222 ) ;
#1576 = EDGE_CURVE ( 'NONE', #4508, #6011, #332, .T. ) ;
#1577 = ORIENTED_EDGE ( 'NONE', *, *, #1081, .T. ) ;
#1578 = CARTESIAN_POINT ( 'NONE',  ( -1.000000000000000200, 5.572135954999580100, -1.999999999999999600 ) ) ;
#1579 = SURFACE_STYLE_USAGE ( .BOTH. , #5794 ) ;
#1580 = DIRECTION ( 'NONE',  ( 0.0000000000000000000, -1.000000000000000000, 0.0000000000000000000 ) ) ;
#1581 = COLOUR_RGB ( '',0.2509803921568627400, 0.2509803921568627400, 0.2509803921568627400 ) ;
#1582 = SURFACE_STYLE_USAGE ( .BOTH. , #3760 ) ;
#1583 = ORIENTED_EDGE ( 'NONE', *, *, #1568, .F. ) ;
#1584 = ADVANCED_FACE ( 'NONE', ( #6965 ), #1805, .T. ) ;
#1585 = EDGE_CURVE ( 'NONE', #8126, #8201, #6086, .T. ) ;
#1586 =( NAMED_UNIT ( * ) SI_UNIT ( $, .STERADIAN. ) SOLID_ANGLE_UNIT ( ) );
#1587 = VECTOR ( 'NONE', #1879, 1000.000000000000000 ) ;
#1588 = ORIENTED_EDGE ( 'NONE', *, *, #327, .T. ) ;
#1589 = DIRECTION ( 'NONE',  ( 0.0000000000000000000, -0.0000000000000000000, 1.000000000000000000 ) ) ;
#1590 =( GEOMETRIC_REPRESENTATION_CONTEXT ( 3 ) GLOBAL_UNCERTAINTY_ASSIGNED_CONTEXT ( ( #6452 ) ) GLOBAL_UNIT_ASSIGNED_CONTEXT ( ( #6184, #1967, #9165 ) ) REPRESENTATION_CONTEXT ( 'NONE', 'WORKASPACE' ) );
#1591 = CARTESIAN_POINT ( 'NONE',  ( 0.4499999999999999600, 0.1000000000000000500, 1.099999999999999900 ) ) ;
#1592 = CARTESIAN_POINT ( 'NONE',  ( 0.4499999999999999600, 0.05000000000000002400, 1.500000000000000000 ) ) ;
#1593 = ORIENTED_EDGE ( 'NONE', *, *, #1876, .F. ) ;
#1594 = AXIS2_PLACEMENT_3D ( 'NONE', #2893, #6539, #2977 ) ;
#1595 = DIRECTION ( 'NONE',  ( -5.421010862427526100E-016, 0.0000000000000000000, -1.000000000000000000 ) ) ;
#1596 = PLANE ( 'NONE',  #1954 ) ;
#1597 = VECTOR ( 'NONE', #5725, 1000.000000000000000 ) ;
#1598 = SURFACE_SIDE_STYLE ('',( #4471 ) ) ;
#1599 = CARTESIAN_POINT ( 'NONE',  ( 0.0000000000000000000, 0.0000000000000000000, 2.400000000000000400 ) ) ;
#1600 = STYLED_ITEM ( 'NONE', ( #5610 ), #1953 ) ;
#1601 = CARTESIAN_POINT ( 'NONE',  ( 1.000000000000000000, 0.0000000000000000000, -0.7000000000000000700 ) ) ;
#1602 = ADVANCED_FACE ( 'NONE', ( #7645 ), #4617, .T. ) ;
#1603 = VECTOR ( 'NONE', #8069, 1000.000000000000000 ) ;
#1604 = LINE ( 'NONE', #2673, #7015 ) ;
#1605 = VERTEX_POINT ( 'NONE', #7488 ) ;
#1606 = CARTESIAN_POINT ( 'NONE',  ( -0.4499999999999999600, 0.1000000000000000500, -0.1000000000000000500 ) ) ;
#1607 = VECTOR ( 'NONE', #2944, 1000.000000000000000 ) ;
#1608 = PRESENTATION_STYLE_ASSIGNMENT (( #9104 ) ) ;
#1609 = EDGE_CURVE ( 'NONE', #6538, #6615, #2853, .T. ) ;
#1610 =( NAMED_UNIT ( * ) SI_UNIT ( $, .STERADIAN. ) SOLID_ANGLE_UNIT ( ) );
#1611 = AXIS2_PLACEMENT_3D ( 'NONE', #3522, #5663, #9163 ) ;
#1612 = COLOUR_RGB ( '',0.7921568627450980000, 0.8196078431372548800, 0.9333333333333333500 ) ;
#1613 = DIRECTION ( 'NONE',  ( -1.000000000000000000, 0.0000000000000000000, -3.942553354492742500E-016 ) ) ;
#1614 = VERTEX_POINT ( 'NONE', #8224 ) ;
#1615 = SURFACE_STYLE_USAGE ( .BOTH. , #2231 ) ;
#1616 = DIRECTION ( 'NONE',  ( -1.000000000000000000, 0.0000000000000000000, -3.942553354492742500E-016 ) ) ;
#1617 = MECHANICAL_DESIGN_GEOMETRIC_PRESENTATION_REPRESENTATION (  '', ( #6178 ), #5368 ) ;
#1618 = VECTOR ( 'NONE', #2546, 1000.000000000000000 ) ;
#1619 = UNCERTAINTY_MEASURE_WITH_UNIT (LENGTH_MEASURE( 1.000000000000000100E-005 ), #8431, 'distance_accuracy_value', 'NONE');
#1620 = AXIS2_PLACEMENT_3D ( 'NONE', #2895, #845, #8829 ) ;
#1621 = EDGE_CURVE ( 'NONE', #5073, #5756, #6759, .T. ) ;
#1622 = VECTOR ( 'NONE', #4467, 1000.000000000000000 ) ;
#1623 = CARTESIAN_POINT ( 'NONE',  ( -0.4499999999999998400, 0.6852349955359816600, -0.6999999999999998400 ) ) ;
#1624 = LINE ( 'NONE', #7925, #72 ) ;
#1625 = ORIENTED_EDGE ( 'NONE', *, *, #8420, .T. ) ;
#1626 = LINE ( 'NONE', #2924, #2257 ) ;
#1627 =( NAMED_UNIT ( * ) PLANE_ANGLE_UNIT ( ) SI_UNIT ( $, .RADIAN. ) );
#1628 = MECHANICAL_DESIGN_GEOMETRIC_PRESENTATION_REPRESENTATION (  '', ( #7181 ), #8162 ) ;
#1629 = ADVANCED_FACE ( 'NONE', ( #6203 ), #1764, .F. ) ;
#1630 = AXIS2_PLACEMENT_3D ( 'NONE', #6736, #8249, #6850 ) ;
#1631 = DIRECTION ( 'NONE',  ( 0.0000000000000000000, -1.000000000000000000, 0.0000000000000000000 ) ) ;
#1632 = UNCERTAINTY_MEASURE_WITH_UNIT (LENGTH_MEASURE( 1.000000000000000100E-005 ), #328, 'distance_accuracy_value', 'NONE');
#1633 = EDGE_LOOP ( 'NONE', ( #3943, #2366, #8769, #6089 ) ) ;
#1634 = EDGE_CURVE ( 'NONE', #6412, #6695, #2660, .T. ) ;
#1635 = SURFACE_STYLE_FILL_AREA ( #981 ) ;
#1636 = CARTESIAN_POINT ( 'NONE',  ( 0.0000000000000000000, 0.1000000000000000100, 0.0000000000000000000 ) ) ;
#1637 = DIRECTION ( 'NONE',  ( 0.0000000000000000000, 1.000000000000000000, 0.0000000000000000000 ) ) ;
#1638 = ORIENTED_EDGE ( 'NONE', *, *, #7126, .T. ) ;
#1639 =( NAMED_UNIT ( * ) PLANE_ANGLE_UNIT ( ) SI_UNIT ( $, .RADIAN. ) );
#1640 = LINE ( 'NONE', #6456, #4908 ) ;
#1641 = STYLED_ITEM ( 'NONE', ( #2269 ), #200 ) ;
#1642 = MECHANICAL_DESIGN_GEOMETRIC_PRESENTATION_REPRESENTATION (  '', ( #4270 ), #6371 ) ;
#1643 = EDGE_CURVE ( 'NONE', #3631, #3766, #2947, .T. ) ;
#1644 = PLANE ( 'NONE',  #1048 ) ;
#1645 = CARTESIAN_POINT ( 'NONE',  ( -0.7500000000000000000, 0.5500000000000000400, -1.875000000000000000 ) ) ;
#1646 = PLANE ( 'NONE',  #4333 ) ;
#1647 =( NAMED_UNIT ( * ) SI_UNIT ( $, .STERADIAN. ) SOLID_ANGLE_UNIT ( ) );
#1648 = VERTEX_POINT ( 'NONE', #7393 ) ;
#1649 = ORIENTED_EDGE ( 'NONE', *, *, #4809, .T. ) ;
#1650 = ORIENTED_EDGE ( 'NONE', *, *, #4642, .T. ) ;
#1651 = VECTOR ( 'NONE', #5937, 1000.000000000000000 ) ;
#1652 = VERTEX_POINT ( 'NONE', #8915 ) ;
#1653 = CARTESIAN_POINT ( 'NONE',  ( 0.3000000000000007700, 0.1000000000000000500, 2.000000000000000000 ) ) ;
#1654 = AXIS2_PLACEMENT_3D ( 'NONE', #87, #56, #781 ) ;
#1655 = PLANE ( 'NONE',  #8555 ) ;
#1656 = ORIENTED_EDGE ( 'NONE', *, *, #81, .F. ) ;
#1657 = LINE ( 'NONE', #6770, #5150 ) ;
#1658 = ORIENTED_EDGE ( 'NONE', *, *, #6131, .T. ) ;
#1659 = DIRECTION ( 'NONE',  ( -1.000000000000000000, 0.0000000000000000000, 3.942553354492742500E-016 ) ) ;
#1660 = ORIENTED_EDGE ( 'NONE', *, *, #5997, .F. ) ;
#1661 = DIRECTION ( 'NONE',  ( -0.0000000000000000000, -1.000000000000000000, -0.0000000000000000000 ) ) ;
#1662 = VERTEX_POINT ( 'NONE', #8844 ) ;
#1663 = DIRECTION ( 'NONE',  ( 5.421010862427526100E-016, -0.0000000000000000000, 1.000000000000000000 ) ) ;
#1664 = LINE ( 'NONE', #5706, #5060 ) ;
#1665 = DIRECTION ( 'NONE',  ( -1.000000000000000000, 0.0000000000000000000, 3.942553354492742500E-016 ) ) ;
#1666 = VERTEX_POINT ( 'NONE', #1342 ) ;
#1667 = ORIENTED_EDGE ( 'NONE', *, *, #454, .F. ) ;
#1668 = FILL_AREA_STYLE ('',( #2325 ) ) ;
#1669 = ORIENTED_EDGE ( 'NONE', *, *, #2999, .F. ) ;
#1670 = FILL_AREA_STYLE ('',( #2284 ) ) ;
#1671 = FACE_OUTER_BOUND ( 'NONE', #3061, .T. ) ;
#1672 = ADVANCED_FACE ( 'NONE', ( #3191 ), #6849, .F. ) ;
#1673 = ORIENTED_EDGE ( 'NONE', *, *, #6990, .T. ) ;
#1674 = AXIS2_PLACEMENT_3D ( 'NONE', #8014, #6583, #7285 ) ;
#1675 = CARTESIAN_POINT ( 'NONE',  ( -0.4499999999999999600, 0.1000000000000000500, -0.9000000000000001300 ) ) ;
#1676 = DIRECTION ( 'NONE',  ( 5.421010862427526100E-016, -0.0000000000000000000, 1.000000000000000000 ) ) ;
#1677 = VERTEX_POINT ( 'NONE', #4713 ) ;
#1678 = ADVANCED_FACE ( 'NONE', ( #3711 ), #7504, .T. ) ;
#1679 = EDGE_LOOP ( 'NONE', ( #2055, #1476, #219, #3709 ) ) ;
#1680 =( GEOMETRIC_REPRESENTATION_CONTEXT ( 3 ) GLOBAL_UNCERTAINTY_ASSIGNED_CONTEXT ( ( #2060 ) ) GLOBAL_UNIT_ASSIGNED_CONTEXT ( ( #851, #4386, #7254 ) ) REPRESENTATION_CONTEXT ( 'NONE', 'WORKASPACE' ) );
#1681 = CARTESIAN_POINT ( 'NONE',  ( -0.09999999999999971400, 0.0000000000000000000, -2.000000000000000000 ) ) ;
#1682 = SURFACE_STYLE_USAGE ( .BOTH. , #3680 ) ;
#1683 = UNCERTAINTY_MEASURE_WITH_UNIT (LENGTH_MEASURE( 1.000000000000000100E-005 ), #5559, 'distance_accuracy_value', 'NONE');
#1684 = VERTEX_POINT ( 'NONE', #6797 ) ;
#1685 =( GEOMETRIC_REPRESENTATION_CONTEXT ( 3 ) GLOBAL_UNCERTAINTY_ASSIGNED_CONTEXT ( ( #4024 ) ) GLOBAL_UNIT_ASSIGNED_CONTEXT ( ( #7423, #8083, #5153 ) ) REPRESENTATION_CONTEXT ( 'NONE', 'WORKASPACE' ) );
#1686 = SURFACE_STYLE_FILL_AREA ( #3351 ) ;
#1687 = DIRECTION ( 'NONE',  ( 0.0000000000000000000, 0.0000000000000000000, -1.000000000000000000 ) ) ;
#1688 = ORIENTED_EDGE ( 'NONE', *, *, #4809, .F. ) ;
#1689 = SURFACE_SIDE_STYLE ('',( #3572 ) ) ;
#1690 = ORIENTED_EDGE ( 'NONE', *, *, #3717, .T. ) ;
#1691 = EDGE_CURVE ( 'NONE', #6207, #1573, #3401, .T. ) ;
#1692 = VECTOR ( 'NONE', #5320, 1000.000000000000000 ) ;
#1693 = CARTESIAN_POINT ( 'NONE',  ( 1.000000000000000000, 0.6852349955359816600, 1.900000000000000100 ) ) ;
#1694 = VERTEX_POINT ( 'NONE', #5442 ) ;
#1695 = CARTESIAN_POINT ( 'NONE',  ( 0.3000000000000003200, 0.1000000000000000100, -1.450000000000000000 ) ) ;
#1696 = FACE_OUTER_BOUND ( 'NONE', #4775, .T. ) ;
#1697 = AXIS2_PLACEMENT_3D ( 'NONE', #6731, #3154, #5923 ) ;
#1698 = DIRECTION ( 'NONE',  ( -1.000000000000000000, 0.0000000000000000000, -3.942553354492742500E-016 ) ) ;
#1699 = SURFACE_STYLE_FILL_AREA ( #1668 ) ;
#1700 = ADVANCED_FACE ( 'NONE', ( #8078 ), #3878, .F. ) ;
#1701 = MECHANICAL_DESIGN_GEOMETRIC_PRESENTATION_REPRESENTATION (  '', ( #5334 ), #3563 ) ;
#1702 = FILL_AREA_STYLE ('',( #1734 ) ) ;
#1703 = VECTOR ( 'NONE', #1631, 1000.000000000000000 ) ;
#1704 = PLANE ( 'NONE',  #3707 ) ;
#1705 = FACE_OUTER_BOUND ( 'NONE', #6379, .T. ) ;
#1706 = FACE_OUTER_BOUND ( 'NONE', #4465, .T. ) ;
#1707 = LINE ( 'NONE', #1653, #1484 ) ;
#1708 = ORIENTED_EDGE ( 'NONE', *, *, #5649, .F. ) ;
#1709 = FILL_AREA_STYLE ('',( #5860 ) ) ;
#1710 = VECTOR ( 'NONE', #2246, 1000.000000000000000 ) ;
#1711 = ORIENTED_EDGE ( 'NONE', *, *, #5489, .F. ) ;
#1712 = DIRECTION ( 'NONE',  ( -0.0000000000000000000, -1.000000000000000000, -0.0000000000000000000 ) ) ;
#1713 = LINE ( 'NONE', #175, #1488 ) ;
#1714 = CARTESIAN_POINT ( 'NONE',  ( 1.000000000000000000, 0.1000000000000000500, 1.500000000000000000 ) ) ;
#1715 = LINE ( 'NONE', #6987, #3995 ) ;
#1716 = VERTEX_POINT ( 'NONE', #2511 ) ;
#1717 = DIRECTION ( 'NONE',  ( 0.0000000000000000000, -1.000000000000000000, 0.0000000000000000000 ) ) ;
#1718 = SURFACE_STYLE_USAGE ( .BOTH. , #345 ) ;
#1719 = MECHANICAL_DESIGN_GEOMETRIC_PRESENTATION_REPRESENTATION (  '', ( #8830 ), #469 ) ;
#1720 = MECHANICAL_DESIGN_GEOMETRIC_PRESENTATION_REPRESENTATION (  '', ( #3866 ), #4350 ) ;
#1721 =( NAMED_UNIT ( * ) SI_UNIT ( $, .STERADIAN. ) SOLID_ANGLE_UNIT ( ) );
#1722 = VERTEX_POINT ( 'NONE', #6113 ) ;
#1723 = EDGE_CURVE ( 'NONE', #6493, #1222, #1539, .T. ) ;
#1724 = PRESENTATION_STYLE_ASSIGNMENT (( #807 ) ) ;
#1725 = PLANE ( 'NONE',  #3131 ) ;
#1726 =( GEOMETRIC_REPRESENTATION_CONTEXT ( 3 ) GLOBAL_UNCERTAINTY_ASSIGNED_CONTEXT ( ( #2848 ) ) GLOBAL_UNIT_ASSIGNED_CONTEXT ( ( #4540, #8026, #2474 ) ) REPRESENTATION_CONTEXT ( 'NONE', 'WORKASPACE' ) );
#1727 = ADVANCED_FACE ( 'NONE', ( #1099 ), #3933, .F. ) ;
#1728 = FACE_OUTER_BOUND ( 'NONE', #5632, .T. ) ;
#1729 = LINE ( 'NONE', #7657, #5227 ) ;
#1730 = ORIENTED_EDGE ( 'NONE', *, *, #8057, .F. ) ;
#1731 = PLANE ( 'NONE',  #2393 ) ;
#1732 = DIRECTION ( 'NONE',  ( -1.000000000000000000, 0.0000000000000000000, 3.942553354492742500E-016 ) ) ;
#1733 = LINE ( 'NONE', #6043, #8393 ) ;
#1734 = FILL_AREA_STYLE_COLOUR ( '', #8922 ) ;
#1735 = VECTOR ( 'NONE', #973, 1000.000000000000000 ) ;
#1736 = DIRECTION ( 'NONE',  ( -0.0000000000000000000, -1.000000000000000000, -0.0000000000000000000 ) ) ;
#1737 = ORIENTED_EDGE ( 'NONE', *, *, #339, .F. ) ;
#1738 = DIRECTION ( 'NONE',  ( 1.000000000000000000, 0.0000000000000000000, 3.942553354492742500E-016 ) ) ;
#1739 = VECTOR ( 'NONE', #7447, 1000.000000000000000 ) ;
#1740 =( GEOMETRIC_REPRESENTATION_CONTEXT ( 3 ) GLOBAL_UNCERTAINTY_ASSIGNED_CONTEXT ( ( #8106 ) ) GLOBAL_UNIT_ASSIGNED_CONTEXT ( ( #8287, #1965, #8998 ) ) REPRESENTATION_CONTEXT ( 'NONE', 'WORKASPACE' ) );
#1741 = CARTESIAN_POINT ( 'NONE',  ( 0.1000000000000008100, 0.0000000000000000000, 2.000000000000000000 ) ) ;
#1742 = DIRECTION ( 'NONE',  ( 1.000000000000000000, 0.0000000000000000000, -3.942553354492742500E-016 ) ) ;
#1743 = ORIENTED_EDGE ( 'NONE', *, *, #7071, .F. ) ;
#1744 = CARTESIAN_POINT ( 'NONE',  ( -0.7500000000000000000, 0.1464466094067264100, -1.750000000000000000 ) ) ;
#1745 = EDGE_CURVE ( 'NONE', #4813, #7404, #1657, .T. ) ;
#1746 = FILL_AREA_STYLE_COLOUR ( '', #8767 ) ;
#1747 = EDGE_CURVE ( 'NONE', #3616, #1530, #9226, .T. ) ;
#1748 = VECTOR ( 'NONE', #1872, 1000.000000000000000 ) ;
#1749 = DIRECTION ( 'NONE',  ( 5.421010862427526100E-016, -0.0000000000000000000, 1.000000000000000000 ) ) ;
#1750 = VERTEX_POINT ( 'NONE', #4687 ) ;
#1751 = PLANE ( 'NONE',  #563 ) ;
#1752 = AXIS2_PLACEMENT_3D ( 'NONE', #3991, #5358, #8230 ) ;
#1753 = AXIS2_PLACEMENT_3D ( 'NONE', #3227, #3255, #2547 ) ;
#1754 = CARTESIAN_POINT ( 'NONE',  ( -0.4500000000000001800, 0.05000000000000000300, -2.439454888092387900E-016 ) ) ;
#1755 = EDGE_CURVE ( 'NONE', #2665, #1101, #4271, .T. ) ;
#1756 = EDGE_CURVE ( 'NONE', #2923, #5641, #8869, .T. ) ;
#1757 = PLANE ( 'NONE',  #4917 ) ;
#1758 = VECTOR ( 'NONE', #1663, 1000.000000000000000 ) ;
#1759 = CARTESIAN_POINT ( 'NONE',  ( -0.4499999999999999000, 0.1000000000000000100, -1.800000000000000300 ) ) ;
#1760 = CARTESIAN_POINT ( 'NONE',  ( -0.4499999999999998400, 0.1000000000000000500, 1.700000000000000400 ) ) ;
#1761 = VERTEX_POINT ( 'NONE', #8928 ) ;
#1762 = SURFACE_STYLE_FILL_AREA ( #6592 ) ;
#1763 = DIRECTION ( 'NONE',  ( 1.000000000000000000, -0.0000000000000000000, 0.0000000000000000000 ) ) ;
#1764 = PLANE ( 'NONE',  #3479 ) ;
#1765 = EDGE_CURVE ( 'NONE', #6207, #755, #1326, .T. ) ;
#1766 = DIRECTION ( 'NONE',  ( -0.0000000000000000000, 0.0000000000000000000, 1.000000000000000000 ) ) ;
#1767 = FILL_AREA_STYLE ('',( #5994 ) ) ;
#1768 = CARTESIAN_POINT ( 'NONE',  ( 1.000000000000000000, 0.6852349955359816600, -0.7000000000000000700 ) ) ;
#1769 = ORIENTED_EDGE ( 'NONE', *, *, #2995, .F. ) ;
#1770 = ADVANCED_FACE ( 'NONE', ( #6748 ), #2642, .T. ) ;
#1771 = ORIENTED_EDGE ( 'NONE', *, *, #1585, .F. ) ;
#1772 = EDGE_LOOP ( 'NONE', ( #550, #7578, #3251, #1658 ) ) ;
#1773 = VECTOR ( 'NONE', #2908, 1000.000000000000000 ) ;
#1774 = ORIENTED_EDGE ( 'NONE', *, *, #2282, .F. ) ;
#1775 = FILL_AREA_STYLE ('',( #5946 ) ) ;
#1776 = VERTEX_POINT ( 'NONE', #580 ) ;
#1777 = SURFACE_STYLE_FILL_AREA ( #3889 ) ;
#1778 = ORIENTED_EDGE ( 'NONE', *, *, #5505, .F. ) ;
#1779 = CLOSED_SHELL ( 'NONE', ( #8861, #8916, #8264, #8187, #1584, #6168 ) ) ;
#1780 = CARTESIAN_POINT ( 'NONE',  ( 1.000000000000000000, 0.1000000000000000500, -0.3000000000000001600 ) ) ;
#1781 = FILL_AREA_STYLE ('',( #1094 ) ) ;
#1782 =( LENGTH_UNIT ( ) NAMED_UNIT ( * ) SI_UNIT ( .MILLI., .METRE. ) );
#1783 = ORIENTED_EDGE ( 'NONE', *, *, #2194, .T. ) ;
#1784 = LINE ( 'NONE', #3022, #6208 ) ;
#1785 = STYLED_ITEM ( 'NONE', ( #6400 ), #1770 ) ;
#1786 = ADVANCED_FACE ( 'NONE', ( #1209 ), #7690, .T. ) ;
#1787 = ORIENTED_EDGE ( 'NONE', *, *, #2092, .T. ) ;
#1788 = VERTEX_POINT ( 'NONE', #3310 ) ;
#1789 = LINE ( 'NONE', #5260, #3419 ) ;
#1790 = CARTESIAN_POINT ( 'NONE',  ( 0.4499999999999998400, 0.6852349955359816600, -1.500000000000000000 ) ) ;
#1791 = EDGE_LOOP ( 'NONE', ( #743, #6481, #301, #5844 ) ) ;
#1792 = FILL_AREA_STYLE_COLOUR ( '', #6570 ) ;
#1793 = PLANE ( 'NONE',  #8907 ) ;
#1794 = DIRECTION ( 'NONE',  ( 0.0000000000000000000, -1.000000000000000000, 0.0000000000000000000 ) ) ;
#1795 = VECTOR ( 'NONE', #2658, 1000.000000000000000 ) ;
#1796 = ORIENTED_EDGE ( 'NONE', *, *, #5328, .T. ) ;
#1797 = AXIS2_PLACEMENT_3D ( 'NONE', #753, #818, #7160 ) ;
#1798 = CARTESIAN_POINT ( 'NONE',  ( -0.4499999999999999600, 0.1000000000000000500, 1.900000000000000100 ) ) ;
#1799 = DIRECTION ( 'NONE',  ( -5.421010862427526100E-016, 0.0000000000000000000, -1.000000000000000000 ) ) ;
#1800 = CARTESIAN_POINT ( 'NONE',  ( 0.4499999999999999600, 0.6852349955359816600, -1.300000000000000300 ) ) ;
#1801 = VERTEX_POINT ( 'NONE', #4156 ) ;
#1802 = ORIENTED_EDGE ( 'NONE', *, *, #5705, .F. ) ;
#1803 = MECHANICAL_DESIGN_GEOMETRIC_PRESENTATION_REPRESENTATION (  '', ( #1328 ), #2235 ) ;
#1804 = CARTESIAN_POINT ( 'NONE',  ( -0.4499999999999999600, 0.6852349955359816600, -0.9000000000000001300 ) ) ;
#1805 = PLANE ( 'NONE',  #8136 ) ;
#1806 = VERTEX_POINT ( 'NONE', #3371 ) ;
#1807 = CARTESIAN_POINT ( 'NONE',  ( -1.000000000000000000, 0.6852349955359816600, -0.8999999999999999100 ) ) ;
#1808 = AXIS2_PLACEMENT_3D ( 'NONE', #4426, #7979, #8010 ) ;
#1809 = CARTESIAN_POINT ( 'NONE',  ( 0.4499999999999999600, 0.6852349955359816600, 1.900000000000000100 ) ) ;
#1810 = LINE ( 'NONE', #4590, #4858 ) ;
#1811 = STYLED_ITEM ( 'NONE', ( #1312 ), #5428 ) ;
#1812 = DIRECTION ( 'NONE',  ( 0.0000000000000000000, -0.0000000000000000000, 1.000000000000000000 ) ) ;
#1813 = FILL_AREA_STYLE ('',( #4498 ) ) ;
#1814 = LINE ( 'NONE', #3379, #8253 ) ;
#1815 = ORIENTED_EDGE ( 'NONE', *, *, #1756, .T. ) ;
#1816 = DIRECTION ( 'NONE',  ( 1.000000000000000000, 0.0000000000000000000, -3.942553354492742500E-016 ) ) ;
#1817 = SURFACE_STYLE_USAGE ( .BOTH. , #4659 ) ;
#1818 = EDGE_CURVE ( 'NONE', #8758, #9045, #8539, .T. ) ;
#1819 = EDGE_CURVE ( 'NONE', #5296, #7317, #2846, .T. ) ;
#1820 = LINE ( 'NONE', #805, #2990 ) ;
#1821 = DIRECTION ( 'NONE',  ( 1.000000000000000000, 0.0000000000000000000, -2.168404344971008900E-016 ) ) ;
#1822 = CARTESIAN_POINT ( 'NONE',  ( 0.3000000000000003200, 0.1000000000000000100, -1.450000000000000000 ) ) ;
#1823 = VERTEX_POINT ( 'NONE', #5475 ) ;
#1824 =( LENGTH_UNIT ( ) NAMED_UNIT ( * ) SI_UNIT ( .MILLI., .METRE. ) );
#1825 = CARTESIAN_POINT ( 'NONE',  ( 0.3000000000000003200, 0.05000000000000000300, -1.450000000000000000 ) ) ;
#1826 = FACE_OUTER_BOUND ( 'NONE', #5089, .T. ) ;
#1827 = SURFACE_STYLE_FILL_AREA ( #6581 ) ;
#1828 = ADVANCED_FACE ( 'NONE', ( #757 ), #9055, .F. ) ;
#1829 = CARTESIAN_POINT ( 'NONE',  ( 0.4499999999999999600, 0.0000000000000000000, -0.1000000000000000500 ) ) ;
#1830 = VECTOR ( 'NONE', #4549, 1000.000000000000000 ) ;
#1831 = VECTOR ( 'NONE', #2035, 1000.000000000000000 ) ;
#1832 = ORIENTED_EDGE ( 'NONE', *, *, #8581, .F. ) ;
#1833 =( NAMED_UNIT ( * ) PLANE_ANGLE_UNIT ( ) SI_UNIT ( $, .RADIAN. ) );
#1834 = LINE ( 'NONE', #4625, #8944 ) ;
#1835 = LINE ( 'NONE', #7364, #3891 ) ;
#1836 = AXIS2_PLACEMENT_3D ( 'NONE', #8030, #5108, #1687 ) ;
#1837 = DIRECTION ( 'NONE',  ( -1.000000000000000000, 0.0000000000000000000, 3.942553354492742500E-016 ) ) ;
#1838 = DIRECTION ( 'NONE',  ( -0.0000000000000000000, -1.000000000000000000, -0.0000000000000000000 ) ) ;
#1839 = ORIENTED_EDGE ( 'NONE', *, *, #1818, .F. ) ;
#1840 = PLANE ( 'NONE',  #5461 ) ;
#1841 = CARTESIAN_POINT ( 'NONE',  ( 0.4499999999999999600, 0.6852349955359816600, -0.5000000000000000000 ) ) ;
#1842 = EDGE_CURVE ( 'NONE', #1722, #5690, #2171, .T. ) ;
#1843 = CARTESIAN_POINT ( 'NONE',  ( -0.4499999999999999600, 0.1000000000000000500, -0.9000000000000001300 ) ) ;
#1844 = ORIENTED_EDGE ( 'NONE', *, *, #1445, .T. ) ;
#1845 = DIRECTION ( 'NONE',  ( -0.0000000000000000000, 0.0000000000000000000, 1.000000000000000000 ) ) ;
#1846 = CARTESIAN_POINT ( 'NONE',  ( -1.000000000000000200, 0.1000000000000002600, 0.7000000000000002900 ) ) ;
#1847 = UNCERTAINTY_MEASURE_WITH_UNIT (LENGTH_MEASURE( 1.000000000000000100E-005 ), #2343, 'distance_accuracy_value', 'NONE');
#1848 = CARTESIAN_POINT ( 'NONE',  ( -0.4499999999999999000, 0.0000000000000000000, -1.800000000000000300 ) ) ;
#1849 =( GEOMETRIC_REPRESENTATION_CONTEXT ( 3 ) GLOBAL_UNCERTAINTY_ASSIGNED_CONTEXT ( ( #7917 ) ) GLOBAL_UNIT_ASSIGNED_CONTEXT ( ( #2941, #7934, #7243 ) ) REPRESENTATION_CONTEXT ( 'NONE', 'WORKASPACE' ) );
#1850 =( GEOMETRIC_REPRESENTATION_CONTEXT ( 3 ) GLOBAL_UNCERTAINTY_ASSIGNED_CONTEXT ( ( #2101 ) ) GLOBAL_UNIT_ASSIGNED_CONTEXT ( ( #4877, #1405, #69 ) ) REPRESENTATION_CONTEXT ( 'NONE', 'WORKASPACE' ) );
#1851 = CARTESIAN_POINT ( 'NONE',  ( -1.971276677246373000E-016, 0.05000000000000000300, 0.5000000000000004400 ) ) ;
#1852 = COLOUR_RGB ( '',0.2509803921568627400, 0.2509803921568627400, 0.2509803921568627400 ) ;
#1853 = ORIENTED_EDGE ( 'NONE', *, *, #317, .F. ) ;
#1854 = FACE_OUTER_BOUND ( 'NONE', #7051, .T. ) ;
#1855 = ADVANCED_FACE ( 'NONE', ( #6191 ), #6206, .F. ) ;
#1856 = CARTESIAN_POINT ( 'NONE',  ( -0.4499999999999998400, 0.1000000000000000500, -0.6999999999999998400 ) ) ;
#1857 = EDGE_CURVE ( 'NONE', #124, #4953, #2744, .T. ) ;
#1858 =( GEOMETRIC_REPRESENTATION_CONTEXT ( 3 ) GLOBAL_UNCERTAINTY_ASSIGNED_CONTEXT ( ( #4301 ) ) GLOBAL_UNIT_ASSIGNED_CONTEXT ( ( #8682, #4231, #33 ) ) REPRESENTATION_CONTEXT ( 'NONE', 'WORKASPACE' ) );
#1859 = EDGE_LOOP ( 'NONE', ( #6108, #2743, #4902, #5743 ) ) ;
#1860 = CARTESIAN_POINT ( 'NONE',  ( -1.000000000000000000, 0.6852349955359816600, 1.700000000000000200 ) ) ;
#1861 = EDGE_CURVE ( 'NONE', #3403, #3906, #2838, .T. ) ;
#1862 = EDGE_CURVE ( 'NONE', #6118, #3033, #314, .T. ) ;
#1863 = LINE ( 'NONE', #7098, #6281 ) ;
#1864 =( LENGTH_UNIT ( ) NAMED_UNIT ( * ) SI_UNIT ( .MILLI., .METRE. ) );
#1865 = MECHANICAL_DESIGN_GEOMETRIC_PRESENTATION_REPRESENTATION (  '', ( #909 ), #2318 ) ;
#1866 = CARTESIAN_POINT ( 'NONE',  ( 0.4499999999999999600, 0.0000000000000000000, 1.900000000000000100 ) ) ;
#1867 = ORIENTED_EDGE ( 'NONE', *, *, #1102, .T. ) ;
#1868 = LINE ( 'NONE', #2146, #5138 ) ;
#1869 = AXIS2_PLACEMENT_3D ( 'NONE', #8608, #4983, #7816 ) ;
#1870 = CLOSED_SHELL ( 'NONE', ( #8143, #1369, #1855, #1727, #3282, #6098 ) ) ;
#1871 = EDGE_CURVE ( 'NONE', #4389, #5490, #4043, .T. ) ;
#1872 = DIRECTION ( 'NONE',  ( 1.000000000000000000, -0.0000000000000000000, 0.0000000000000000000 ) ) ;
#1873 = DIRECTION ( 'NONE',  ( 1.000000000000000000, 0.0000000000000000000, -0.0000000000000000000 ) ) ;
#1874 = VECTOR ( 'NONE', #9131, 1000.000000000000000 ) ;
#1875 = EDGE_LOOP ( 'NONE', ( #1897, #120, #1178, #6882 ) ) ;
#1876 = EDGE_CURVE ( 'NONE', #1716, #5976, #5836, .T. ) ;
#1877 = ORIENTED_EDGE ( 'NONE', *, *, #905, .F. ) ;
#1878 = CARTESIAN_POINT ( 'NONE',  ( 1.000000000000000000, 0.1000000000000000500, 0.7000000000000000700 ) ) ;
#1879 = DIRECTION ( 'NONE',  ( 5.421010862427526100E-016, -0.0000000000000000000, 1.000000000000000000 ) ) ;
#1880 = CARTESIAN_POINT ( 'NONE',  ( 0.4499999999999999600, 0.6852349955359816600, -1.300000000000000300 ) ) ;
#1881 = ORIENTED_EDGE ( 'NONE', *, *, #8754, .T. ) ;
#1882 = LINE ( 'NONE', #8543, #5981 ) ;
#1883 =( GEOMETRIC_REPRESENTATION_CONTEXT ( 3 ) GLOBAL_UNCERTAINTY_ASSIGNED_CONTEXT ( ( #2592 ) ) GLOBAL_UNIT_ASSIGNED_CONTEXT ( ( #5179, #6577, #7278 ) ) REPRESENTATION_CONTEXT ( 'NONE', 'WORKASPACE' ) );
#1884 = DIRECTION ( 'NONE',  ( 0.0000000000000000000, 1.000000000000000000, 0.0000000000000000000 ) ) ;
#1885 = ORIENTED_EDGE ( 'NONE', *, *, #2450, .T. ) ;
#1886 = SURFACE_SIDE_STYLE ('',( #8074 ) ) ;
#1887 = DIRECTION ( 'NONE',  ( -0.0000000000000000000, -1.000000000000000000, -0.0000000000000000000 ) ) ;
#1888 = ORIENTED_EDGE ( 'NONE', *, *, #243, .T. ) ;
#1889 = EDGE_LOOP ( 'NONE', ( #9140, #8653, #296, #3633 ) ) ;
#1890 = ORIENTED_EDGE ( 'NONE', *, *, #281, .T. ) ;
#1891 = LINE ( 'NONE', #4075, #5742 ) ;
#1892 = DIRECTION ( 'NONE',  ( 0.0000000000000000000, -1.000000000000000000, 0.0000000000000000000 ) ) ;
#1893 = CARTESIAN_POINT ( 'NONE',  ( 1.000000000000000000, 0.1000000000000000500, 0.09999999999999982500 ) ) ;
#1894 = CARTESIAN_POINT ( 'NONE',  ( -1.000000000000000000, 0.1000000000000000500, -0.4999999999999997800 ) ) ;
#1895 = COLOUR_RGB ( '',0.2509803921568627400, 0.2509803921568627400, 0.2509803921568627400 ) ;
#1896 = ORIENTED_EDGE ( 'NONE', *, *, #8197, .F. ) ;
#1897 = ORIENTED_EDGE ( 'NONE', *, *, #7443, .T. ) ;
#1898 = CARTESIAN_POINT ( 'NONE',  ( 0.4499999999999999600, 0.1000000000000000500, -0.5000000000000000000 ) ) ;
#1899 = STYLED_ITEM ( 'NONE', ( #5087 ), #2339 ) ;
#1900 = ORIENTED_EDGE ( 'NONE', *, *, #1438, .F. ) ;
#1901 = ORIENTED_EDGE ( 'NONE', *, *, #3569, .T. ) ;
#1902 = EDGE_CURVE ( 'NONE', #3871, #5433, #8530, .T. ) ;
#1903 = FILL_AREA_STYLE_COLOUR ( '', #8481 ) ;
#1904 = AXIS2_PLACEMENT_3D ( 'NONE', #8684, #6495, #4428 ) ;
#1905 = LINE ( 'NONE', #7336, #3643 ) ;
#1906 = DIRECTION ( 'NONE',  ( -0.0000000000000000000, 0.0000000000000000000, 1.000000000000000000 ) ) ;
#1907 = COLOUR_RGB ( '',0.7921568627450980000, 0.8196078431372548800, 0.9333333333333333500 ) ;
#1908 = COLOUR_RGB ( '',0.2509803921568627400, 0.2509803921568627400, 0.2509803921568627400 ) ;
#1909 = DIRECTION ( 'NONE',  ( -1.000000000000000000, 0.0000000000000000000, 3.942553354492742500E-016 ) ) ;
#1910 = VERTEX_POINT ( 'NONE', #4890 ) ;
#1911 = UNCERTAINTY_MEASURE_WITH_UNIT (LENGTH_MEASURE( 1.000000000000000100E-005 ), #7304, 'distance_accuracy_value', 'NONE');
#1912 = PLANE ( 'NONE',  #2831 ) ;
#1913 = FACE_OUTER_BOUND ( 'NONE', #8077, .T. ) ;
#1914 = ORIENTED_EDGE ( 'NONE', *, *, #4851, .F. ) ;
#1915 = LINE ( 'NONE', #6888, #6673 ) ;
#1916 = UNCERTAINTY_MEASURE_WITH_UNIT (LENGTH_MEASURE( 1.000000000000000100E-005 ), #3695, 'distance_accuracy_value', 'NONE');
#1917 =( GEOMETRIC_REPRESENTATION_CONTEXT ( 3 ) GLOBAL_UNCERTAINTY_ASSIGNED_CONTEXT ( ( #4878 ) ) GLOBAL_UNIT_ASSIGNED_CONTEXT ( ( #6453, #2982, #5024 ) ) REPRESENTATION_CONTEXT ( 'NONE', 'WORKASPACE' ) );
#1918 = SURFACE_STYLE_USAGE ( .BOTH. , #6159 ) ;
#1919 = PLANE ( 'NONE',  #5675 ) ;
#1920 = VERTEX_POINT ( 'NONE', #8574 ) ;
#1921 = MECHANICAL_DESIGN_GEOMETRIC_PRESENTATION_REPRESENTATION (  '', ( #8890 ), #1100 ) ;
#1922 = PLANE ( 'NONE',  #5262 ) ;
#1923 = FILL_AREA_STYLE_COLOUR ( '', #5335 ) ;
#1924 = ORIENTED_EDGE ( 'NONE', *, *, #2902, .F. ) ;
#1925 = VECTOR ( 'NONE', #4603, 1000.000000000000000 ) ;
#1926 = FACE_OUTER_BOUND ( 'NONE', #5525, .T. ) ;
#1927 = ORIENTED_EDGE ( 'NONE', *, *, #3086, .T. ) ;
#1928 = CARTESIAN_POINT ( 'NONE',  ( 0.4499999999999999600, 0.05000000000000002400, 0.7000000000000000700 ) ) ;
#1929 = VECTOR ( 'NONE', #7055, 1000.000000000000000 ) ;
#1930 = CARTESIAN_POINT ( 'NONE',  ( -1.000000000000000000, 0.0000000000000000000, -0.8999999999999999100 ) ) ;
#1931 = COLOUR_RGB ( '',0.7921568627450980000, 0.8196078431372548800, 0.9333333333333333500 ) ;
#1932 = PLANE ( 'NONE',  #964 ) ;
#1933 = COLOUR_RGB ( '',0.2509803921568627400, 0.2509803921568627400, 0.2509803921568627400 ) ;
#1934 = EDGE_CURVE ( 'NONE', #7405, #9000, #3930, .T. ) ;
#1935 = VECTOR ( 'NONE', #1078, 1000.000000000000000 ) ;
#1936 =( LENGTH_UNIT ( ) NAMED_UNIT ( * ) SI_UNIT ( .MILLI., .METRE. ) );
#1937 = LINE ( 'NONE', #5230, #67 ) ;
#1938 = EDGE_LOOP ( 'NONE', ( #3511, #2576, #2438, #5149 ) ) ;
#1939 = FACE_OUTER_BOUND ( 'NONE', #7725, .T. ) ;
#1940 = ADVANCED_FACE ( 'NONE', ( #6617 ), #6441, .F. ) ;
#1941 = FILL_AREA_STYLE_COLOUR ( '', #658 ) ;
#1942 = FACE_OUTER_BOUND ( 'NONE', #4531, .T. ) ;
#1943 = DIRECTION ( 'NONE',  ( -1.000000000000000000, 0.0000000000000000000, 3.942553354492742500E-016 ) ) ;
#1944 = SURFACE_STYLE_FILL_AREA ( #4970 ) ;
#1945 = ORIENTED_EDGE ( 'NONE', *, *, #3152, .F. ) ;
#1946 = DIRECTION ( 'NONE',  ( -1.000000000000000000, 0.0000000000000000000, 0.0000000000000000000 ) ) ;
#1947 = LINE ( 'NONE', #3137, #7593 ) ;
#1948 = SURFACE_STYLE_USAGE ( .BOTH. , #2572 ) ;
#1949 = LINE ( 'NONE', #4810, #3150 ) ;
#1950 =( LENGTH_UNIT ( ) NAMED_UNIT ( * ) SI_UNIT ( .MILLI., .METRE. ) );
#1951 = VERTEX_POINT ( 'NONE', #7716 ) ;
#1952 = LINE ( 'NONE', #4932, #6166 ) ;
#1953 = MANIFOLD_SOLID_BREP ( 'LPattern4[1]', #7309 ) ;
#1954 = AXIS2_PLACEMENT_3D ( 'NONE', #7253, #6543, #7881 ) ;
#1955 = SURFACE_STYLE_USAGE ( .BOTH. , #4154 ) ;
#1956 = VECTOR ( 'NONE', #4118, 1000.000000000000000 ) ;
#1957 = DIRECTION ( 'NONE',  ( -1.000000000000000000, 0.0000000000000000000, -3.942553354492742500E-016 ) ) ;
#1958 = EDGE_LOOP ( 'NONE', ( #7945, #5854, #1263, #4290 ) ) ;
#1959 = LINE ( 'NONE', #2795, #1080 ) ;
#1960 = DIRECTION ( 'NONE',  ( 5.421010862427526100E-016, 0.0000000000000000000, -1.000000000000000000 ) ) ;
#1961 =( GEOMETRIC_REPRESENTATION_CONTEXT ( 3 ) GLOBAL_UNCERTAINTY_ASSIGNED_CONTEXT ( ( #6264 ) ) GLOBAL_UNIT_ASSIGNED_CONTEXT ( ( #7510, #4645, #2555 ) ) REPRESENTATION_CONTEXT ( 'NONE', 'WORKASPACE' ) );
#1962 = PLANE ( 'NONE',  #6542 ) ;
#1963 = SURFACE_SIDE_STYLE ('',( #1686 ) ) ;
#1964 = CIRCLE ( 'NONE', #5203, 0.1249999999999998900 ) ;
#1965 =( NAMED_UNIT ( * ) PLANE_ANGLE_UNIT ( ) SI_UNIT ( $, .RADIAN. ) );
#1966 = ORIENTED_EDGE ( 'NONE', *, *, #3903, .F. ) ;
#1967 =( NAMED_UNIT ( * ) PLANE_ANGLE_UNIT ( ) SI_UNIT ( $, .RADIAN. ) );
#1968 = CARTESIAN_POINT ( 'NONE',  ( 1.000000000000000000, 0.1000000000000000500, 1.900000000000000100 ) ) ;
#1969 = MECHANICAL_DESIGN_GEOMETRIC_PRESENTATION_REPRESENTATION (  '', ( #5579 ), #3659 ) ;
#1970 = CARTESIAN_POINT ( 'NONE',  ( -0.09999999999999939500, 0.0000000000000000000, 1.450000000000000000 ) ) ;
#1971 = FACE_OUTER_BOUND ( 'NONE', #7906, .T. ) ;
#1972 = ORIENTED_EDGE ( 'NONE', *, *, #664, .T. ) ;
#1973 = ORIENTED_EDGE ( 'NONE', *, *, #5416, .F. ) ;
#1974 = VECTOR ( 'NONE', #1255, 1000.000000000000000 ) ;
#1975 = EDGE_CURVE ( 'NONE', #6104, #1368, #7395, .T. ) ;
#1976 = ORIENTED_EDGE ( 'NONE', *, *, #9208, .F. ) ;
#1977 = EDGE_CURVE ( 'NONE', #1049, #7028, #2278, .T. ) ;
#1978 = CARTESIAN_POINT ( 'NONE',  ( 1.000000000000000000, 0.04999999999999969700, 0.5000000000000000000 ) ) ;
#1979 = EDGE_LOOP ( 'NONE', ( #3952, #491, #3828, #4370 ) ) ;
#1980 = CARTESIAN_POINT ( 'NONE',  ( -0.4499999999999998400, 0.6852349955359816600, -1.099999999999999900 ) ) ;
#1981 = DIRECTION ( 'NONE',  ( 0.0000000000000000000, 1.000000000000000000, 0.0000000000000000000 ) ) ;
#1982 = SURFACE_STYLE_FILL_AREA ( #218 ) ;
#1983 = ORIENTED_EDGE ( 'NONE', *, *, #5874, .F. ) ;
#1984 = AXIS2_PLACEMENT_3D ( 'NONE', #593, #1272, #6242 ) ;
#1985 = ORIENTED_EDGE ( 'NONE', *, *, #4147, .T. ) ;
#1986 = DIRECTION ( 'NONE',  ( 0.0000000000000000000, 0.0000000000000000000, -1.000000000000000000 ) ) ;
#1987 = ORIENTED_EDGE ( 'NONE', *, *, #4397, .T. ) ;
#1988 =( NAMED_UNIT ( * ) SI_UNIT ( $, .STERADIAN. ) SOLID_ANGLE_UNIT ( ) );
#1989 = DIRECTION ( 'NONE',  ( 1.000000000000000000, -0.0000000000000000000, -3.942553354492742500E-016 ) ) ;
#1990 = ORIENTED_EDGE ( 'NONE', *, *, #2686, .T. ) ;
#1991 = DIRECTION ( 'NONE',  ( 0.0000000000000000000, -0.0000000000000000000, 1.000000000000000000 ) ) ;
#1992 = CARTESIAN_POINT ( 'NONE',  ( -0.4499999999999999600, 0.1000000000000000500, -1.300000000000000300 ) ) ;
#1993 = CARTESIAN_POINT ( 'NONE',  ( -0.4499999999999999600, 0.1000000000000000500, -1.700000000000000200 ) ) ;
#1994 = ORIENTED_EDGE ( 'NONE', *, *, #326, .T. ) ;
#1995 = ORIENTED_EDGE ( 'NONE', *, *, #7078, .T. ) ;
#1996 = ORIENTED_EDGE ( 'NONE', *, *, #8593, .F. ) ;
#1997 = LINE ( 'NONE', #3474, #8112 ) ;
#1998 = FILL_AREA_STYLE_COLOUR ( '', #3327 ) ;
#1999 = ORIENTED_EDGE ( 'NONE', *, *, #7430, .F. ) ;
#2000 = CARTESIAN_POINT ( 'NONE',  ( -0.4499999999999998400, 0.1000000000000000500, 1.300000000000000300 ) ) ;
#2001 = PRESENTATION_STYLE_ASSIGNMENT (( #4759 ) ) ;
#2002 = ORIENTED_EDGE ( 'NONE', *, *, #7408, .F. ) ;
#2003 = UNCERTAINTY_MEASURE_WITH_UNIT (LENGTH_MEASURE( 1.000000000000000100E-005 ), #8184, 'distance_accuracy_value', 'NONE');
#2004 = SURFACE_STYLE_FILL_AREA ( #5128 ) ;
#2005 = VECTOR ( 'NONE', #1203, 1000.000000000000000 ) ;
#2006 = FILL_AREA_STYLE_COLOUR ( '', #2121 ) ;
#2007 = ORIENTED_EDGE ( 'NONE', *, *, #5297, .F. ) ;
#2008 = SURFACE_STYLE_USAGE ( .BOTH. , #5492 ) ;
#2009 = CARTESIAN_POINT ( 'NONE',  ( 0.9999999999999995600, 0.05000000000000000300, 2.000000000000000000 ) ) ;
#2010 = SURFACE_STYLE_FILL_AREA ( #8903 ) ;
#2011 = DIRECTION ( 'NONE',  ( 1.000000000000000000, 0.0000000000000000000, 0.0000000000000000000 ) ) ;
#2012 = DIRECTION ( 'NONE',  ( 1.971276677246371300E-016, 0.0000000000000000000, 1.000000000000000000 ) ) ;
#2013 = LINE ( 'NONE', #3402, #148 ) ;
#2014 = VERTEX_POINT ( 'NONE', #7836 ) ;
#2015 = DIRECTION ( 'NONE',  ( -1.000000000000000000, 0.0000000000000000000, -5.421010862427526100E-016 ) ) ;
#2016 = COLOUR_RGB ( '',0.2509803921568627400, 0.2509803921568627400, 0.2509803921568627400 ) ;
#2017 = AXIS2_PLACEMENT_3D ( 'NONE', #9145, #3365, #8388 ) ;
#2018 = CARTESIAN_POINT ( 'NONE',  ( 0.3000000000000006000, 0.1000000000000000100, 1.450000000000000000 ) ) ;
#2019 =( GEOMETRIC_REPRESENTATION_CONTEXT ( 3 ) GLOBAL_UNCERTAINTY_ASSIGNED_CONTEXT ( ( #1457 ) ) GLOBAL_UNIT_ASSIGNED_CONTEXT ( ( #1936, #3232, #5377 ) ) REPRESENTATION_CONTEXT ( 'NONE', 'WORKASPACE' ) );
#2020 = LINE ( 'NONE', #8834, #9161 ) ;
#2021 = LINE ( 'NONE', #3236, #5779 ) ;
#2022 = ORIENTED_EDGE ( 'NONE', *, *, #8965, .F. ) ;
#2023 = SURFACE_SIDE_STYLE ('',( #5175 ) ) ;
#2024 = EDGE_CURVE ( 'NONE', #5727, #2764, #2399, .T. ) ;
#2025 = CARTESIAN_POINT ( 'NONE',  ( -1.000000000000000000, 0.6852349955359816600, 0.3000000000000001600 ) ) ;
#2026 = FACE_OUTER_BOUND ( 'NONE', #4830, .T. ) ;
#2027 = VECTOR ( 'NONE', #8012, 1000.000000000000000 ) ;
#2028 =( GEOMETRIC_REPRESENTATION_CONTEXT ( 3 ) GLOBAL_UNCERTAINTY_ASSIGNED_CONTEXT ( ( #666 ) ) GLOBAL_UNIT_ASSIGNED_CONTEXT ( ( #2470, #9012, #1158 ) ) REPRESENTATION_CONTEXT ( 'NONE', 'WORKASPACE' ) );
#2029 = CARTESIAN_POINT ( 'NONE',  ( 0.4499999999999998400, 0.1000000000000000500, 0.9000000000000000200 ) ) ;
#2030 = LINE ( 'NONE', #8828, #5570 ) ;
#2031 = PRESENTATION_LAYER_ASSIGNMENT (  '', '', ( #7313 ) ) ;
#2032 = ORIENTED_EDGE ( 'NONE', *, *, #4146, .F. ) ;
#2033 = EDGE_CURVE ( 'NONE', #6320, #1684, #1868, .T. ) ;
#2034 = DIRECTION ( 'NONE',  ( 0.0000000000000000000, -1.000000000000000000, 0.0000000000000000000 ) ) ;
#2035 = DIRECTION ( 'NONE',  ( 1.000000000000000000, -0.0000000000000000000, 0.0000000000000000000 ) ) ;
#2036 = SURFACE_STYLE_FILL_AREA ( #8509 ) ;
#2037 = EDGE_CURVE ( 'NONE', #7232, #5951, #7049, .T. ) ;
#2038 = FACE_OUTER_BOUND ( 'NONE', #8413, .T. ) ;
#2039 =( LENGTH_UNIT ( ) NAMED_UNIT ( * ) SI_UNIT ( .MILLI., .METRE. ) );
#2040 = DIRECTION ( 'NONE',  ( 0.0000000000000000000, -1.000000000000000000, 0.0000000000000000000 ) ) ;
#2041 = ORIENTED_EDGE ( 'NONE', *, *, #5088, .T. ) ;
#2042 = DIRECTION ( 'NONE',  ( -5.421010862427526100E-016, 0.0000000000000000000, 1.000000000000000000 ) ) ;
#2043 = SURFACE_STYLE_FILL_AREA ( #4085 ) ;
#2044 = ORIENTED_EDGE ( 'NONE', *, *, #5090, .T. ) ;
#2045 = DIRECTION ( 'NONE',  ( 0.0000000000000000000, -0.0000000000000000000, 1.000000000000000000 ) ) ;
#2046 = LINE ( 'NONE', #4477, #7492 ) ;
#2047 = CARTESIAN_POINT ( 'NONE',  ( -0.4499999999999999600, 0.1000000000000000500, 1.500000000000000000 ) ) ;
#2048 = MECHANICAL_DESIGN_GEOMETRIC_PRESENTATION_REPRESENTATION (  '', ( #6329 ), #8266 ) ;
#2049 = CARTESIAN_POINT ( 'NONE',  ( -0.4499999999999999600, 0.1000000000000000500, -1.700000000000000200 ) ) ;
#2050 = VECTOR ( 'NONE', #6936, 1000.000000000000000 ) ;
#2051 = DIRECTION ( 'NONE',  ( -0.0000000000000000000, -1.000000000000000000, -0.0000000000000000000 ) ) ;
#2052 = CLOSED_SHELL ( 'NONE', ( #3923, #4454, #8208, #380, #2259, #346 ) ) ;
#2053 = AXIS2_PLACEMENT_3D ( 'NONE', #4275, #6377, #3510 ) ;
#2054 = EDGE_CURVE ( 'NONE', #866, #8658, #7839, .T. ) ;
#2055 = ORIENTED_EDGE ( 'NONE', *, *, #4004, .F. ) ;
#2056 = PRESENTATION_LAYER_ASSIGNMENT (  '', '', ( #1009 ) ) ;
#2057 = CARTESIAN_POINT ( 'NONE',  ( -0.4499999999999999600, 0.1000000000000000500, -1.300000000000000300 ) ) ;
#2058 = DIRECTION ( 'NONE',  ( 1.000000000000000000, 0.0000000000000000000, -3.942553354492742500E-016 ) ) ;
#2059 = CARTESIAN_POINT ( 'NONE',  ( 0.9999999999999995600, 5.572135954999580100, 2.000000000000000000 ) ) ;
#2060 = UNCERTAINTY_MEASURE_WITH_UNIT (LENGTH_MEASURE( 1.000000000000000100E-005 ), #851, 'distance_accuracy_value', 'NONE');
#2061 = ORIENTED_EDGE ( 'NONE', *, *, #9068, .T. ) ;
#2062 = VECTOR ( 'NONE', #4217, 1000.000000000000000 ) ;
#2063 =( LENGTH_UNIT ( ) NAMED_UNIT ( * ) SI_UNIT ( .MILLI., .METRE. ) );
#2064 = STYLED_ITEM ( 'NONE', ( #5640 ), #2728 ) ;
#2065 = EDGE_LOOP ( 'NONE', ( #3506, #7125 ) ) ;
#2066 = CARTESIAN_POINT ( 'NONE',  ( 1.000000000000000000, 0.04999999999999969700, 0.2999999999999999300 ) ) ;
#2067 = DIRECTION ( 'NONE',  ( -3.942553354492742500E-016, 0.0000000000000000000, 1.000000000000000000 ) ) ;
#2068 = SURFACE_STYLE_FILL_AREA ( #5423 ) ;
#2069 = DIRECTION ( 'NONE',  ( 3.942553354492742500E-016, 0.0000000000000000000, 1.000000000000000000 ) ) ;
#2070 = ORIENTED_EDGE ( 'NONE', *, *, #4564, .F. ) ;
#2071 = STYLED_ITEM ( 'NONE', ( #8747 ), #5394 ) ;
#2072 = FILL_AREA_STYLE_COLOUR ( '', #4039 ) ;
#2073 = SURFACE_SIDE_STYLE ('',( #5452 ) ) ;
#2074 = EDGE_LOOP ( 'NONE', ( #6431, #1095, #1236, #8881 ) ) ;
#2075 = COLOUR_RGB ( '',0.2509803921568627400, 0.2509803921568627400, 0.2509803921568627400 ) ;
#2076 = AXIS2_PLACEMENT_3D ( 'NONE', #3822, #6588, #1742 ) ;
#2077 = FILL_AREA_STYLE_COLOUR ( '', #645 ) ;
#2078 = ORIENTED_EDGE ( 'NONE', *, *, #7141, .F. ) ;
#2079 = LINE ( 'NONE', #168, #1553 ) ;
#2080 = ORIENTED_EDGE ( 'NONE', *, *, #6195, .T. ) ;
#2081 = VECTOR ( 'NONE', #5838, 1000.000000000000000 ) ;
#2082 = CARTESIAN_POINT ( 'NONE',  ( -0.4499999999999999600, 0.6852349955359816600, -1.700000000000000200 ) ) ;
#2083 = EDGE_LOOP ( 'NONE', ( #7535, #5772, #7439, #4951 ) ) ;
#2084 = CARTESIAN_POINT ( 'NONE',  ( 1.182766006347821600E-016, 0.05000000000000000300, 0.2999999999999997700 ) ) ;
#2085 = CARTESIAN_POINT ( 'NONE',  ( -1.000000000000000000, 0.0000000000000000000, 0.09999999999999982500 ) ) ;
#2086 = ORIENTED_EDGE ( 'NONE', *, *, #7850, .T. ) ;
#2087 = APPLICATION_CONTEXT ( 'automotive_design' ) ;
#2088 = EDGE_LOOP ( 'NONE', ( #1208, #6308, #2556, #5748 ) ) ;
#2089 = LINE ( 'NONE', #141, #5522 ) ;
#2090 = VECTOR ( 'NONE', #1957, 1000.000000000000000 ) ;
#2091 = AXIS2_PLACEMENT_3D ( 'NONE', #3091, #8803, #8073 ) ;
#2092 = EDGE_CURVE ( 'NONE', #3020, #4036, #4924, .T. ) ;
#2093 = CARTESIAN_POINT ( 'NONE',  ( -1.000000000000000000, 0.6852349955359816600, 0.7000000000000002900 ) ) ;
#2094 =( NAMED_UNIT ( * ) SI_UNIT ( $, .STERADIAN. ) SOLID_ANGLE_UNIT ( ) );
#2095 =( NAMED_UNIT ( * ) SI_UNIT ( $, .STERADIAN. ) SOLID_ANGLE_UNIT ( ) );
#2096 = VECTOR ( 'NONE', #2182, 1000.000000000000000 ) ;
#2097 = DIRECTION ( 'NONE',  ( 0.0000000000000000000, -0.0000000000000000000, 1.000000000000000000 ) ) ;
#2098 = CARTESIAN_POINT ( 'NONE',  ( 0.0000000000000000000, 0.0000000000000000000, 3.200000000000000200 ) ) ;
#2099 = VERTEX_POINT ( 'NONE', #810 ) ;
#2100 = LINE ( 'NONE', #8284, #3228 ) ;
#2101 = UNCERTAINTY_MEASURE_WITH_UNIT (LENGTH_MEASURE( 1.000000000000000100E-005 ), #4877, 'distance_accuracy_value', 'NONE');
#2102 = VECTOR ( 'NONE', #591, 1000.000000000000000 ) ;
#2103 = ORIENTED_EDGE ( 'NONE', *, *, #1165, .F. ) ;
#2104 = SURFACE_STYLE_USAGE ( .BOTH. , #5606 ) ;
#2105 = PLANE ( 'NONE',  #573 ) ;
#2106 = AXIS2_PLACEMENT_3D ( 'NONE', #3118, #8731, #906 ) ;
#2107 = EDGE_CURVE ( 'NONE', #8312, #7297, #2637, .T. ) ;
#2108 = SURFACE_STYLE_FILL_AREA ( #5100 ) ;
#2109 = DIRECTION ( 'NONE',  ( -5.421010862427526100E-016, 0.0000000000000000000, 1.000000000000000000 ) ) ;
#2110 = DIRECTION ( 'NONE',  ( -0.0000000000000000000, 1.000000000000000000, -0.0000000000000000000 ) ) ;
#2111 = EDGE_LOOP ( 'NONE', ( #4191, #8103, #6939, #782 ) ) ;
#2112 = CARTESIAN_POINT ( 'NONE',  ( 0.4499999999999998400, 0.1000000000000000500, -0.2999999999999999300 ) ) ;
#2113 = ADVANCED_FACE ( 'NONE', ( #1432 ), #4950, .F. ) ;
#2114 = AXIS2_PLACEMENT_3D ( 'NONE', #499, #8256, #5420 ) ;
#2115 = EDGE_LOOP ( 'NONE', ( #2770, #3220, #6910, #2142 ) ) ;
#2116 = CARTESIAN_POINT ( 'NONE',  ( 0.4499999999999998400, 0.1000000000000000500, 0.9000000000000000200 ) ) ;
#2117 = DIRECTION ( 'NONE',  ( -0.0000000000000000000, -1.000000000000000000, -0.0000000000000000000 ) ) ;
#2118 = LINE ( 'NONE', #5985, #7459 ) ;
#2119 = SURFACE_STYLE_USAGE ( .BOTH. , #7780 ) ;
#2120 = PRESENTATION_STYLE_ASSIGNMENT (( #2324 ) ) ;
#2121 = COLOUR_RGB ( '',0.2509803921568627400, 0.2509803921568627400, 0.2509803921568627400 ) ;
#2122 = ORIENTED_EDGE ( 'NONE', *, *, #4326, .F. ) ;
#2123 = PLANE ( 'NONE',  #232 ) ;
#2124 = PRODUCT_DEFINITION ( 'UNKNOWN', '', #6896, #2697 ) ;
#2125 = ORIENTED_EDGE ( 'NONE', *, *, #4519, .F. ) ;
#2126 =( NAMED_UNIT ( * ) SI_UNIT ( $, .STERADIAN. ) SOLID_ANGLE_UNIT ( ) );
#2127 = LINE ( 'NONE', #3229, #3670 ) ;
#2128 = CARTESIAN_POINT ( 'NONE',  ( -1.000000000000000200, 0.1000000000000002600, -0.09999999999999982500 ) ) ;
#2129 = LINE ( 'NONE', #6792, #933 ) ;
#2130 = CARTESIAN_POINT ( 'NONE',  ( -0.4499999999999999600, 0.1000000000000000500, 1.099999999999999900 ) ) ;
#2131 = PLANE ( 'NONE',  #8577 ) ;
#2132 = EDGE_CURVE ( 'NONE', #6384, #8034, #4494, .T. ) ;
#2133 = LINE ( 'NONE', #7378, #6922 ) ;
#2134 = ORIENTED_EDGE ( 'NONE', *, *, #7908, .F. ) ;
#2135 =( NAMED_UNIT ( * ) SI_UNIT ( $, .STERADIAN. ) SOLID_ANGLE_UNIT ( ) );
#2136 = COLOUR_RGB ( '',0.2509803921568627400, 0.2509803921568627400, 0.2509803921568627400 ) ;
#2137 = MECHANICAL_DESIGN_GEOMETRIC_PRESENTATION_REPRESENTATION (  '', ( #8119 ), #6855 ) ;
#2138 = LINE ( 'NONE', #3304, #825 ) ;
#2139 = AXIS2_PLACEMENT_3D ( 'NONE', #6394, #7803, #6528 ) ;
#2140 = EDGE_CURVE ( 'NONE', #5117, #1750, #8859, .T. ) ;
#2141 = VECTOR ( 'NONE', #4880, 1000.000000000000000 ) ;
#2142 = ORIENTED_EDGE ( 'NONE', *, *, #6058, .T. ) ;
#2143 = DIRECTION ( 'NONE',  ( -0.0000000000000000000, -1.000000000000000000, -0.0000000000000000000 ) ) ;
#2144 = VECTOR ( 'NONE', #7957, 1000.000000000000000 ) ;
#2145 = EDGE_CURVE ( 'NONE', #5017, #8930, #5033, .T. ) ;
#2146 = CARTESIAN_POINT ( 'NONE',  ( 0.4499999999999999600, 0.6852349955359816600, -0.9000000000000001300 ) ) ;
#2147 = DIRECTION ( 'NONE',  ( 0.0000000000000000000, 0.0000000000000000000, 1.000000000000000000 ) ) ;
#2148 = ORIENTED_EDGE ( 'NONE', *, *, #5952, .F. ) ;
#2149 = STYLED_ITEM ( 'NONE', ( #53 ), #6820 ) ;
#2150 = CARTESIAN_POINT ( 'NONE',  ( -1.000000000000000000, 0.6852349955359816600, -0.4999999999999997800 ) ) ;
#2151 =( GEOMETRIC_REPRESENTATION_CONTEXT ( 3 ) GLOBAL_UNCERTAINTY_ASSIGNED_CONTEXT ( ( #8293 ) ) GLOBAL_UNIT_ASSIGNED_CONTEXT ( ( #353, #6015, #1066 ) ) REPRESENTATION_CONTEXT ( 'NONE', 'WORKASPACE' ) );
#2152 = SURFACE_SIDE_STYLE ('',( #6345 ) ) ;
#2153 = EDGE_CURVE ( 'NONE', #6881, #7801, #7953, .T. ) ;
#2154 = DIRECTION ( 'NONE',  ( 0.0000000000000000000, 0.0000000000000000000, -1.000000000000000000 ) ) ;
#2155 = DIRECTION ( 'NONE',  ( 1.000000000000000000, 0.0000000000000000000, -3.942553354492742500E-016 ) ) ;
#2156 = VERTEX_POINT ( 'NONE', #3625 ) ;
#2157 = FACE_OUTER_BOUND ( 'NONE', #1633, .T. ) ;
#2158 = FILL_AREA_STYLE ('',( #6514 ) ) ;
#2159 = AXIS2_PLACEMENT_3D ( 'NONE', #7497, #3833, #2534 ) ;
#2160 = CARTESIAN_POINT ( 'NONE',  ( -0.4499999999999999600, 0.6852349955359816600, 0.7000000000000000700 ) ) ;
#2161 = UNCERTAINTY_MEASURE_WITH_UNIT (LENGTH_MEASURE( 1.000000000000000100E-005 ), #4250, 'distance_accuracy_value', 'NONE');
#2162 = CARTESIAN_POINT ( 'NONE',  ( 1.000000000000000000, 0.0000000000000000000, 1.300000000000000000 ) ) ;
#2163 = EDGE_LOOP ( 'NONE', ( #8681, #1708, #432, #7865 ) ) ;
#2164 = ADVANCED_FACE ( 'NONE', ( #8637 ), #8634, .F. ) ;
#2165 =( NAMED_UNIT ( * ) PLANE_ANGLE_UNIT ( ) SI_UNIT ( $, .RADIAN. ) );
#2166 = EDGE_CURVE ( 'NONE', #1823, #7361, #4610, .T. ) ;
#2167 = DIRECTION ( 'NONE',  ( -1.000000000000000000, 0.0000000000000000000, 3.942553354492742500E-016 ) ) ;
#2168 = UNCERTAINTY_MEASURE_WITH_UNIT (LENGTH_MEASURE( 1.000000000000000100E-005 ), #2656, 'distance_accuracy_value', 'NONE');
#2169 = ORIENTED_EDGE ( 'NONE', *, *, #8717, .T. ) ;
#2170 = ORIENTED_EDGE ( 'NONE', *, *, #4581, .F. ) ;
#2171 = LINE ( 'NONE', #8368, #1974 ) ;
#2172 =( LENGTH_UNIT ( ) NAMED_UNIT ( * ) SI_UNIT ( .MILLI., .METRE. ) );
#2173 = ORIENTED_EDGE ( 'NONE', *, *, #9, .F. ) ;
#2174 = SURFACE_SIDE_STYLE ('',( #5864 ) ) ;
#2175 = MECHANICAL_DESIGN_GEOMETRIC_PRESENTATION_REPRESENTATION (  '', ( #6179 ), #2690 ) ;
#2176 = VECTOR ( 'NONE', #3797, 1000.000000000000000 ) ;
#2177 = EDGE_LOOP ( 'NONE', ( #5105, #4668, #3302, #8628 ) ) ;
#2178 = PLANE ( 'NONE',  #1654 ) ;
#2179 = EDGE_CURVE ( 'NONE', #6130, #1155, #1318, .T. ) ;
#2180 = ORIENTED_EDGE ( 'NONE', *, *, #4718, .F. ) ;
#2181 = SURFACE_STYLE_FILL_AREA ( #3971 ) ;
#2182 = DIRECTION ( 'NONE',  ( -1.000000000000000000, 0.0000000000000000000, 3.942553354492742500E-016 ) ) ;
#2183 = EDGE_CURVE ( 'NONE', #6531, #774, #3394, .T. ) ;
#2184 = EDGE_LOOP ( 'NONE', ( #6085, #3189, #8257, #7296 ) ) ;
#2185 = CARTESIAN_POINT ( 'NONE',  ( -0.4499999999999999600, 0.6852349955359816600, 1.500000000000000000 ) ) ;
#2186 = EDGE_LOOP ( 'NONE', ( #319, #7270, #5521, #5278 ) ) ;
#2187 = MECHANICAL_DESIGN_GEOMETRIC_PRESENTATION_REPRESENTATION (  '', ( #4578 ), #6793 ) ;
#2188 = EDGE_LOOP ( 'NONE', ( #2822, #3710, #3654, #4456 ) ) ;
#2189 = FACE_OUTER_BOUND ( 'NONE', #7060, .T. ) ;
#2190 = SURFACE_STYLE_USAGE ( .BOTH. , #7883 ) ;
#2191 = VECTOR ( 'NONE', #4374, 1000.000000000000000 ) ;
#2192 = STYLED_ITEM ( 'NONE', ( #6220 ), #4473 ) ;
#2193 = ORIENTED_EDGE ( 'NONE', *, *, #3703, .F. ) ;
#2194 = EDGE_CURVE ( 'NONE', #6791, #1666, #4377, .T. ) ;
#2195 = DIRECTION ( 'NONE',  ( 0.0000000000000000000, 0.0000000000000000000, -1.000000000000000000 ) ) ;
#2196 = EDGE_CURVE ( 'NONE', #4425, #8210, #6738, .T. ) ;
#2197 = ORIENTED_EDGE ( 'NONE', *, *, #1576, .T. ) ;
#2198 = CARTESIAN_POINT ( 'NONE',  ( -1.000000000000000000, 0.6852349955359816600, -0.8999999999999999100 ) ) ;
#2199 = LINE ( 'NONE', #5901, #347 ) ;
#2200 = EDGE_CURVE ( 'NONE', #6088, #7317, #7166, .T. ) ;
#2201 = VERTEX_POINT ( 'NONE', #3037 ) ;
#2203 = ADVANCED_FACE ( 'NONE', ( #5825 ), #6620, .F. ) ;
#2202 = ORIENTED_EDGE ( 'NONE', *, *, #4390, .T. ) ;
#2204 =( GEOMETRIC_REPRESENTATION_CONTEXT ( 3 ) GLOBAL_UNCERTAINTY_ASSIGNED_CONTEXT ( ( #8116 ) ) GLOBAL_UNIT_ASSIGNED_CONTEXT ( ( #6555, #5118, #8683 ) ) REPRESENTATION_CONTEXT ( 'NONE', 'WORKASPACE' ) );
#2205 = EDGE_CURVE ( 'NONE', #8043, #8993, #877, .T. ) ;
#2206 = LINE ( 'NONE', #3274, #6779 ) ;
#2207 = PLANE ( 'NONE',  #320 ) ;
#2208 = FACE_OUTER_BOUND ( 'NONE', #6873, .T. ) ;
#2209 = FILL_AREA_STYLE_COLOUR ( '', #3598 ) ;
#2210 = ORIENTED_EDGE ( 'NONE', *, *, #7117, .F. ) ;
#2211 = VECTOR ( 'NONE', #3193, 1000.000000000000000 ) ;
#2212 = CARTESIAN_POINT ( 'NONE',  ( -0.4499999999999998400, 0.0000000000000000000, -1.899999999999999900 ) ) ;
#2213 = PLANE ( 'NONE',  #4247 ) ;
#2214 = MANIFOLD_SOLID_BREP ( 'LPattern4[13]', #134 ) ;
#2215 = LINE ( 'NONE', #278, #3987 ) ;
#2216 = SURFACE_SIDE_STYLE ('',( #4567 ) ) ;
#2217 = ORIENTED_EDGE ( 'NONE', *, *, #1542, .F. ) ;
#2218 = CARTESIAN_POINT ( 'NONE',  ( 0.4499999999999999600, 0.05000000000000002400, -1.700000000000000200 ) ) ;
#2219 = DIRECTION ( 'NONE',  ( -1.000000000000000000, 0.0000000000000000000, -0.0000000000000000000 ) ) ;
#2220 = AXIS2_PLACEMENT_3D ( 'NONE', #5537, #6314, #7022 ) ;
#2221 = ADVANCED_FACE ( 'NONE', ( #1351 ), #5806, .T. ) ;
#2222 = ORIENTED_EDGE ( 'NONE', *, *, #4692, .T. ) ;
#2223 = FACE_OUTER_BOUND ( 'NONE', #260, .T. ) ;
#2224 = FACE_OUTER_BOUND ( 'NONE', #1859, .T. ) ;
#2225 = VERTEX_POINT ( 'NONE', #1557 ) ;
#2226 = CARTESIAN_POINT ( 'NONE',  ( 0.4499999999999999600, 0.1000000000000000500, -0.5000000000000000000 ) ) ;
#2227 = FILL_AREA_STYLE ('',( #4460 ) ) ;
#2228 =( LENGTH_UNIT ( ) NAMED_UNIT ( * ) SI_UNIT ( .MILLI., .METRE. ) );
#2229 = AXIS2_PLACEMENT_3D ( 'NONE', #1075, #1763, #968 ) ;
#2230 = DIRECTION ( 'NONE',  ( -0.0000000000000000000, 1.000000000000000000, -0.0000000000000000000 ) ) ;
#2231 = SURFACE_SIDE_STYLE ('',( #2108 ) ) ;
#2232 = CARTESIAN_POINT ( 'NONE',  ( -0.4499999999999998400, 0.1000000000000000500, -1.500000000000000000 ) ) ;
#2233 = CARTESIAN_POINT ( 'NONE',  ( -1.000000000000000000, 0.0000000000000000000, 1.300000000000000000 ) ) ;
#2234 = DIRECTION ( 'NONE',  ( 1.000000000000000000, -0.0000000000000000000, 0.0000000000000000000 ) ) ;
#2235 =( GEOMETRIC_REPRESENTATION_CONTEXT ( 3 ) GLOBAL_UNCERTAINTY_ASSIGNED_CONTEXT ( ( #7633 ) ) GLOBAL_UNIT_ASSIGNED_CONTEXT ( ( #8609, #1565, #8675 ) ) REPRESENTATION_CONTEXT ( 'NONE', 'WORKASPACE' ) );
#2236 = LINE ( 'NONE', #3781, #391 ) ;
#2237 =( NAMED_UNIT ( * ) SI_UNIT ( $, .STERADIAN. ) SOLID_ANGLE_UNIT ( ) );
#2238 = CARTESIAN_POINT ( 'NONE',  ( 1.000000000000000000, 0.0000000000000000000, 1.900000000000000100 ) ) ;
#2239 = ORIENTED_EDGE ( 'NONE', *, *, #2863, .T. ) ;
#2240 = SURFACE_SIDE_STYLE ('',( #8286 ) ) ;
#2241 = DIRECTION ( 'NONE',  ( 0.0000000000000000000, 0.0000000000000000000, -1.000000000000000000 ) ) ;
#2242 = VECTOR ( 'NONE', #2466, 1000.000000000000000 ) ;
#2243 = CARTESIAN_POINT ( 'NONE',  ( 1.000000000000000000, 0.6852349955359816600, 0.2999999999999999300 ) ) ;
#2244 = CARTESIAN_POINT ( 'NONE',  ( 0.4499999999999999600, 0.1000000000000000500, 0.7000000000000000700 ) ) ;
#2245 = ADVANCED_FACE ( 'NONE', ( #7752 ), #1130, .T. ) ;
#2246 = DIRECTION ( 'NONE',  ( 5.421010862427526100E-016, 0.0000000000000000000, -1.000000000000000000 ) ) ;
#2247 = VECTOR ( 'NONE', #4330, 1000.000000000000000 ) ;
#2248 = ORIENTED_EDGE ( 'NONE', *, *, #1871, .T. ) ;
#2249 = CARTESIAN_POINT ( 'NONE',  ( -0.4499999999999999600, 0.6852349955359816600, 1.099999999999999900 ) ) ;
#2250 = FILL_AREA_STYLE_COLOUR ( '', #7931 ) ;
#2251 =( LENGTH_UNIT ( ) NAMED_UNIT ( * ) SI_UNIT ( .MILLI., .METRE. ) );
#2252 = EDGE_CURVE ( 'NONE', #1910, #3411, #1789, .T. ) ;
#2253 = VECTOR ( 'NONE', #7301, 1000.000000000000000 ) ;
#2254 = EDGE_CURVE ( 'NONE', #5841, #4609, #5406, .T. ) ;
#2255 = VERTEX_POINT ( 'NONE', #988 ) ;
#2256 = CARTESIAN_POINT ( 'NONE',  ( -0.4499999999999998400, 0.1000000000000000500, -0.2999999999999999300 ) ) ;
#2257 = VECTOR ( 'NONE', #4384, 1000.000000000000000 ) ;
#2258 =( NAMED_UNIT ( * ) SI_UNIT ( $, .STERADIAN. ) SOLID_ANGLE_UNIT ( ) );
#2259 = ADVANCED_FACE ( 'NONE', ( #4842 ), #2472, .F. ) ;
#2260 = DIRECTION ( 'NONE',  ( 1.000000000000000000, 0.0000000000000000000, -3.942553354492742500E-016 ) ) ;
#2261 = CIRCLE ( 'NONE', #6188, 0.1249999999999998900 ) ;
#2262 = LINE ( 'NONE', #5551, #1956 ) ;
#2263 = ORIENTED_EDGE ( 'NONE', *, *, #4527, .T. ) ;
#2264 = CARTESIAN_POINT ( 'NONE',  ( -0.4499999999999998400, 0.0000000000000000000, -0.2999999999999999300 ) ) ;
#2265 = UNCERTAINTY_MEASURE_WITH_UNIT (LENGTH_MEASURE( 1.000000000000000100E-005 ), #5340, 'distance_accuracy_value', 'NONE');
#2266 =( LENGTH_UNIT ( ) NAMED_UNIT ( * ) SI_UNIT ( .MILLI., .METRE. ) );
#2267 = CARTESIAN_POINT ( 'NONE',  ( -0.09999999999999971400, 0.1000000000000000500, -1.450000000000000000 ) ) ;
#2268 = VECTOR ( 'NONE', #6423, 1000.000000000000000 ) ;
#2269 = PRESENTATION_STYLE_ASSIGNMENT (( #1308 ) ) ;
#2270 = ORIENTED_EDGE ( 'NONE', *, *, #7880, .F. ) ;
#2271 = VECTOR ( 'NONE', #7273, 1000.000000000000000 ) ;
#2272 = AXIS2_PLACEMENT_3D ( 'NONE', #2480, #388, #2537 ) ;
#2273 = DIRECTION ( 'NONE',  ( 5.421010862427526100E-016, -0.0000000000000000000, 1.000000000000000000 ) ) ;
#2274 = UNCERTAINTY_MEASURE_WITH_UNIT (LENGTH_MEASURE( 1.000000000000000100E-005 ), #3820, 'distance_accuracy_value', 'NONE');
#2275 = CARTESIAN_POINT ( 'NONE',  ( 0.3000000000000006000, 0.1000000000000000100, 1.450000000000000000 ) ) ;
#2276 = DIRECTION ( 'NONE',  ( 0.0000000000000000000, -0.0000000000000000000, 1.000000000000000000 ) ) ;
#2277 = ORIENTED_EDGE ( 'NONE', *, *, #8826, .F. ) ;
#2278 = LINE ( 'NONE', #2093, #429 ) ;
#2279 = ORIENTED_EDGE ( 'NONE', *, *, #5148, .T. ) ;
#2280 = CARTESIAN_POINT ( 'NONE',  ( 3.942553354492751300E-017, 0.05000000000000000300, 0.1000000000000002300 ) ) ;
#2281 = ORIENTED_EDGE ( 'NONE', *, *, #796, .T. ) ;
#2282 = EDGE_CURVE ( 'NONE', #7849, #1573, #8223, .T. ) ;
#2283 = CARTESIAN_POINT ( 'NONE',  ( -1.000000000000000200, 5.572135954999580100, 2.000000000000000900 ) ) ;
#2284 = FILL_AREA_STYLE_COLOUR ( '', #6586 ) ;
#2285 = CARTESIAN_POINT ( 'NONE',  ( -1.000000000000000000, 0.6852349955359816600, 0.7000000000000002900 ) ) ;
#2286 = VECTOR ( 'NONE', #6036, 1000.000000000000000 ) ;
#2287 = VERTEX_POINT ( 'NONE', #8847 ) ;
#2288 = VERTEX_POINT ( 'NONE', #3065 ) ;
#2289 = COLOUR_RGB ( '',0.2509803921568627400, 0.2509803921568627400, 0.2509803921568627400 ) ;
#2290 = PRESENTATION_LAYER_ASSIGNMENT (  '', '', ( #8510 ) ) ;
#2291 = CARTESIAN_POINT ( 'NONE',  ( 0.4499999999999998400, 0.1000000000000000500, 1.700000000000000400 ) ) ;
#2292 = ORIENTED_EDGE ( 'NONE', *, *, #6789, .T. ) ;
#2293 = PLANE ( 'NONE',  #2742 ) ;
#2294 = PLANE ( 'NONE',  #3547 ) ;
#2295 = ORIENTED_EDGE ( 'NONE', *, *, #5893, .T. ) ;
#2296 = DIRECTION ( 'NONE',  ( 1.000000000000000000, 0.0000000000000000000, -5.421010862427526100E-016 ) ) ;
#2297 = ADVANCED_FACE ( 'NONE', ( #2958 ), #6073, .F. ) ;
#2298 = VECTOR ( 'NONE', #4277, 1000.000000000000000 ) ;
#2299 = EDGE_LOOP ( 'NONE', ( #36, #3050, #979, #7855 ) ) ;
#2300 = CARTESIAN_POINT ( 'NONE',  ( -0.5499999999999988200, 0.0000000000000000000, -1.900000000000000100 ) ) ;
#2301 = EDGE_CURVE ( 'NONE', #8, #1017, #4410, .T. ) ;
#2302 = DIRECTION ( 'NONE',  ( -1.000000000000000000, 0.0000000000000000000, 3.942553354492742500E-016 ) ) ;
#2303 = LINE ( 'NONE', #3618, #6413 ) ;
#2304 = COLOUR_RGB ( '',0.7921568627450980000, 0.8196078431372548800, 0.9333333333333333500 ) ;
#2305 = MECHANICAL_DESIGN_GEOMETRIC_PRESENTATION_REPRESENTATION (  '', ( #4073 ), #1858 ) ;
#2306 = ORIENTED_EDGE ( 'NONE', *, *, #5997, .T. ) ;
#2307 = ORIENTED_EDGE ( 'NONE', *, *, #5893, .F. ) ;
#2308 = ORIENTED_EDGE ( 'NONE', *, *, #7474, .F. ) ;
#2309 = ADVANCED_FACE ( 'NONE', ( #8446 ), #5948, .T. ) ;
#2310 = LINE ( 'NONE', #7539, #7985 ) ;
#2311 = EDGE_CURVE ( 'NONE', #4542, #987, #8007, .T. ) ;
#2312 = EDGE_CURVE ( 'NONE', #5560, #8532, #4971, .T. ) ;
#2313 = ORIENTED_EDGE ( 'NONE', *, *, #5384, .F. ) ;
#2314 = SURFACE_STYLE_USAGE ( .BOTH. , #5847 ) ;
#2315 = FACE_OUTER_BOUND ( 'NONE', #7406, .T. ) ;
#2316 = VERTEX_POINT ( 'NONE', #6128 ) ;
#2317 = CARTESIAN_POINT ( 'NONE',  ( 0.0000000000000000000, 0.1000000000000000100, 0.0000000000000000000 ) ) ;
#2318 =( GEOMETRIC_REPRESENTATION_CONTEXT ( 3 ) GLOBAL_UNCERTAINTY_ASSIGNED_CONTEXT ( ( #3138 ) ) GLOBAL_UNIT_ASSIGNED_CONTEXT ( ( #4823, #691, #8501 ) ) REPRESENTATION_CONTEXT ( 'NONE', 'WORKASPACE' ) );
#2319 = ORIENTED_EDGE ( 'NONE', *, *, #2711, .T. ) ;
#2320 = LINE ( 'NONE', #2631, #8679 ) ;
#2321 = EDGE_CURVE ( 'NONE', #2764, #7297, #3106, .T. ) ;
#2322 = VERTEX_POINT ( 'NONE', #6840 ) ;
#2323 = DIRECTION ( 'NONE',  ( -3.942553354492742500E-016, 0.0000000000000000000, -1.000000000000000000 ) ) ;
#2324 = SURFACE_STYLE_USAGE ( .BOTH. , #2821 ) ;
#2325 = FILL_AREA_STYLE_COLOUR ( '', #7223 ) ;
#2326 = DIRECTION ( 'NONE',  ( -0.0000000000000000000, -1.000000000000000000, -0.0000000000000000000 ) ) ;
#2327 = DIRECTION ( 'NONE',  ( 0.0000000000000000000, 0.0000000000000000000, -1.000000000000000000 ) ) ;
#2328 = DIRECTION ( 'NONE',  ( 1.000000000000000000, -0.0000000000000000000, -3.942553354492742500E-016 ) ) ;
#2329 = ORIENTED_EDGE ( 'NONE', *, *, #3664, .F. ) ;
#2330 = EDGE_CURVE ( 'NONE', #4993, #1801, #2983, .T. ) ;
#2331 = LINE ( 'NONE', #6860, #2102 ) ;
#2332 = CARTESIAN_POINT ( 'NONE',  ( 0.4000000000000000200, 0.0000000000000000000, 0.0000000000000000000 ) ) ;
#2333 = PRESENTATION_STYLE_ASSIGNMENT (( #3217 ) ) ;
#2334 = SURFACE_SIDE_STYLE ('',( #4651 ) ) ;
#2335 = CARTESIAN_POINT ( 'NONE',  ( 0.0000000000000000000, 0.1000000000000000100, 0.0000000000000000000 ) ) ;
#2336 = VERTEX_POINT ( 'NONE', #5360 ) ;
#2337 = STYLED_ITEM ( 'NONE', ( #7265 ), #6911 ) ;
#2338 = DIRECTION ( 'NONE',  ( 1.000000000000000000, 0.0000000000000000000, 0.0000000000000000000 ) ) ;
#2339 = MANIFOLD_SOLID_BREP ( 'LPattern4[14]', #1554 ) ;
#2340 = PRESENTATION_STYLE_ASSIGNMENT (( #1582 ) ) ;
#2341 = SURFACE_STYLE_FILL_AREA ( #4719 ) ;
#2342 = ORIENTED_EDGE ( 'NONE', *, *, #4463, .T. ) ;
#2343 =( LENGTH_UNIT ( ) NAMED_UNIT ( * ) SI_UNIT ( .MILLI., .METRE. ) );
#2344 =( GEOMETRIC_REPRESENTATION_CONTEXT ( 3 ) GLOBAL_UNCERTAINTY_ASSIGNED_CONTEXT ( ( #7235 ) ) GLOBAL_UNIT_ASSIGNED_CONTEXT ( ( #4411, #3706, #5198 ) ) REPRESENTATION_CONTEXT ( 'NONE', 'WORKASPACE' ) );
#2345 = ADVANCED_FACE ( 'NONE', ( #1378 ), #1919, .T. ) ;
#2346 = CARTESIAN_POINT ( 'NONE',  ( 0.3000000000000003200, 0.0000000000000000000, -1.450000000000000000 ) ) ;
#2347 = VECTOR ( 'NONE', #7093, 1000.000000000000000 ) ;
#2348 = FILL_AREA_STYLE_COLOUR ( '', #6694 ) ;
#2349 = VECTOR ( 'NONE', #5930, 1000.000000000000000 ) ;
#2350 = SURFACE_SIDE_STYLE ('',( #4591 ) ) ;
#2351 = ORIENTED_EDGE ( 'NONE', *, *, #1349, .T. ) ;
#2352 = ADVANCED_FACE ( 'NONE', ( #487 ), #8978, .F. ) ;
#2353 = CARTESIAN_POINT ( 'NONE',  ( 0.4499999999999999600, 0.1000000000000000500, 0.7000000000000000700 ) ) ;
#2354 =( GEOMETRIC_REPRESENTATION_CONTEXT ( 3 ) GLOBAL_UNCERTAINTY_ASSIGNED_CONTEXT ( ( #3248 ) ) GLOBAL_UNIT_ASSIGNED_CONTEXT ( ( #2573, #6872, #6161 ) ) REPRESENTATION_CONTEXT ( 'NONE', 'WORKASPACE' ) );
#2355 = CARTESIAN_POINT ( 'NONE',  ( 1.000000000000000000, 0.04999999999999969700, 1.700000000000000200 ) ) ;
#2356 = EDGE_LOOP ( 'NONE', ( #9190, #989, #5093, #1730 ) ) ;
#2357 = SURFACE_SIDE_STYLE ('',( #5557 ) ) ;
#2358 = FACE_OUTER_BOUND ( 'NONE', #393, .T. ) ;
#2359 = FILL_AREA_STYLE ('',( #6638 ) ) ;
#2360 = SURFACE_SIDE_STYLE ('',( #173 ) ) ;
#2361 = CARTESIAN_POINT ( 'NONE',  ( -0.4499999999999999600, 0.1000000000000000500, 0.2999999999999999300 ) ) ;
#2362 = VECTOR ( 'NONE', #1250, 1000.000000000000000 ) ;
#2363 = EDGE_CURVE ( 'NONE', #8658, #6933, #8363, .T. ) ;
#2364 =( GEOMETRIC_REPRESENTATION_CONTEXT ( 3 ) GLOBAL_UNCERTAINTY_ASSIGNED_CONTEXT ( ( #4200 ) ) GLOBAL_UNIT_ASSIGNED_CONTEXT ( ( #932, #1627, #8757 ) ) REPRESENTATION_CONTEXT ( 'NONE', 'WORKASPACE' ) );
#2365 = EDGE_CURVE ( 'NONE', #1087, #7863, #6335, .T. ) ;
#2366 = ORIENTED_EDGE ( 'NONE', *, *, #3252, .F. ) ;
#2367 = FILL_AREA_STYLE ('',( #8020 ) ) ;
#2368 = PRESENTATION_STYLE_ASSIGNMENT (( #3739 ) ) ;
#2369 =( LENGTH_UNIT ( ) NAMED_UNIT ( * ) SI_UNIT ( .MILLI., .METRE. ) );
#2370 = SURFACE_SIDE_STYLE ('',( #7303 ) ) ;
#2371 = COLOUR_RGB ( '',0.2509803921568627400, 0.2509803921568627400, 0.2509803921568627400 ) ;
#2372 = SURFACE_SIDE_STYLE ('',( #521 ) ) ;
#2373 = DIRECTION ( 'NONE',  ( 0.0000000000000000000, 0.0000000000000000000, -1.000000000000000000 ) ) ;
#2374 = SURFACE_SIDE_STYLE ('',( #2716 ) ) ;
#2375 = ORIENTED_EDGE ( 'NONE', *, *, #493, .F. ) ;
#2376 = DIRECTION ( 'NONE',  ( 0.0000000000000000000, -0.0000000000000000000, 1.000000000000000000 ) ) ;
#2377 = AXIS2_PLACEMENT_3D ( 'NONE', #910, #2925, #92 ) ;
#2378 = FILL_AREA_STYLE_COLOUR ( '', #3553 ) ;
#2379 =( GEOMETRIC_REPRESENTATION_CONTEXT ( 3 ) GLOBAL_UNCERTAINTY_ASSIGNED_CONTEXT ( ( #4980 ) ) GLOBAL_UNIT_ASSIGNED_CONTEXT ( ( #5906, #6039, #474 ) ) REPRESENTATION_CONTEXT ( 'NONE', 'WORKASPACE' ) );
#2380 = DIRECTION ( 'NONE',  ( -0.0000000000000000000, -1.000000000000000000, -0.0000000000000000000 ) ) ;
#2381 = EDGE_CURVE ( 'NONE', #630, #133, #9036, .T. ) ;
#2382 = VECTOR ( 'NONE', #539, 1000.000000000000000 ) ;
#2383 = DIRECTION ( 'NONE',  ( -1.000000000000000000, 0.0000000000000000000, 0.0000000000000000000 ) ) ;
#2384 = VERTEX_POINT ( 'NONE', #1051 ) ;
#2385 = DIRECTION ( 'NONE',  ( 0.0000000000000000000, 1.000000000000000000, 0.0000000000000000000 ) ) ;
#2386 = CARTESIAN_POINT ( 'NONE',  ( 1.000000000000000000, 0.1000000000000000500, -1.700000000000000200 ) ) ;
#2387 = DIRECTION ( 'NONE',  ( -0.0000000000000000000, -1.000000000000000000, -0.0000000000000000000 ) ) ;
#2388 = CARTESIAN_POINT ( 'NONE',  ( -0.4499999999999998400, 0.6852349955359816600, -1.099999999999999900 ) ) ;
#2389 = FACE_OUTER_BOUND ( 'NONE', #3743, .T. ) ;
#2390 = DIRECTION ( 'NONE',  ( 0.7071067811865513500, 0.0000000000000000000, -0.7071067811865438000 ) ) ;
#2391 = ORIENTED_EDGE ( 'NONE', *, *, #1512, .F. ) ;
#2392 = ADVANCED_FACE ( 'NONE', ( #2579 ), #3856, .T. ) ;
#2393 = AXIS2_PLACEMENT_3D ( 'NONE', #8732, #8854, #7346 ) ;
#2394 = EDGE_CURVE ( 'NONE', #755, #7849, #8578, .T. ) ;
#2395 = CARTESIAN_POINT ( 'NONE',  ( 0.1000000000000003700, 0.1000000000000002600, -2.000000000000000000 ) ) ;
#2396 =( NAMED_UNIT ( * ) SI_UNIT ( $, .STERADIAN. ) SOLID_ANGLE_UNIT ( ) );
#2397 = CARTESIAN_POINT ( 'NONE',  ( 0.4499999999999998400, 0.1000000000000000500, -1.899999999999999900 ) ) ;
#2398 = VERTEX_POINT ( 'NONE', #7387 ) ;
#2399 = LINE ( 'NONE', #7744, #5497 ) ;
#2400 = CARTESIAN_POINT ( 'NONE',  ( 0.4499999999999999600, 0.0000000000000000000, 1.099999999999999900 ) ) ;
#2401 = DIRECTION ( 'NONE',  ( 3.942553354492742500E-016, -0.0000000000000000000, 1.000000000000000000 ) ) ;
#2402 = DIRECTION ( 'NONE',  ( 0.0000000000000000000, -0.0000000000000000000, 1.000000000000000000 ) ) ;
#2403 = LINE ( 'NONE', #5349, #5145 ) ;
#2404 = VERTEX_POINT ( 'NONE', #3791 ) ;
#2405 = PLANE ( 'NONE',  #7876 ) ;
#2406 = EDGE_LOOP ( 'NONE', ( #6587, #7091, #883, #8228 ) ) ;
#2407 = ORIENTED_EDGE ( 'NONE', *, *, #4195, .T. ) ;
#2408 = PLANE ( 'NONE',  #7354 ) ;
#2409 = DIRECTION ( 'NONE',  ( 0.0000000000000000000, -1.000000000000000000, 0.0000000000000000000 ) ) ;
#2410 = DIRECTION ( 'NONE',  ( 0.0000000000000000000, 0.0000000000000000000, -1.000000000000000000 ) ) ;
#2411 = VECTOR ( 'NONE', #3614, 1000.000000000000000 ) ;
#2412 = ORIENTED_EDGE ( 'NONE', *, *, #7126, .F. ) ;
#2413 = VERTEX_POINT ( 'NONE', #1893 ) ;
#2414 = MECHANICAL_DESIGN_GEOMETRIC_PRESENTATION_REPRESENTATION (  '', ( #1009 ), #8146 ) ;
#2415 = PLANE ( 'NONE',  #1674 ) ;
#2416 = ORIENTED_EDGE ( 'NONE', *, *, #9066, .T. ) ;
#2417 = SURFACE_SIDE_STYLE ('',( #4657 ) ) ;
#2418 = ORIENTED_EDGE ( 'NONE', *, *, #3742, .F. ) ;
#2419 = VECTOR ( 'NONE', #5614, 1000.000000000000000 ) ;
#2420 = LINE ( 'NONE', #8576, #2298 ) ;
#2421 = ORIENTED_EDGE ( 'NONE', *, *, #1069, .T. ) ;
#2422 = SURFACE_STYLE_USAGE ( .BOTH. , #1886 ) ;
#2423 = EDGE_LOOP ( 'NONE', ( #6027, #538, #7453, #8203 ) ) ;
#2424 = CARTESIAN_POINT ( 'NONE',  ( -1.000000000000000000, 0.1000000000000000500, -1.700000000000000000 ) ) ;
#2425 = CLOSED_SHELL ( 'NONE', ( #4545, #6511, #9194, #2541, #4660, #5566 ) ) ;
#2426 = DIRECTION ( 'NONE',  ( 0.0000000000000000000, 0.0000000000000000000, 1.000000000000000000 ) ) ;
#2427 = ORIENTED_EDGE ( 'NONE', *, *, #1321, .T. ) ;
#2428 = LINE ( 'NONE', #2361, #8348 ) ;
#2429 = CARTESIAN_POINT ( 'NONE',  ( -1.000000000000000000, 0.0000000000000000000, -1.700000000000000000 ) ) ;
#2430 = DIRECTION ( 'NONE',  ( -0.0000000000000000000, 0.0000000000000000000, 1.000000000000000000 ) ) ;
#2431 = SURFACE_STYLE_USAGE ( .BOTH. , #2374 ) ;
#2432 = LINE ( 'NONE', #5687, #4541 ) ;
#2433 = ORIENTED_EDGE ( 'NONE', *, *, #4996, .F. ) ;
#2434 = AXIS2_PLACEMENT_3D ( 'NONE', #3535, #2749, #4913 ) ;
#2435 =( NAMED_UNIT ( * ) SI_UNIT ( $, .STERADIAN. ) SOLID_ANGLE_UNIT ( ) );
#2436 = PLANE ( 'NONE',  #3041 ) ;
#2437 = ADVANCED_FACE ( 'NONE', ( #8258 ), #3756, .T. ) ;
#2438 = ORIENTED_EDGE ( 'NONE', *, *, #2630, .T. ) ;
#2439 = FACE_OUTER_BOUND ( 'NONE', #2065, .T. ) ;
#2440 = EDGE_CURVE ( 'NONE', #4058, #5863, #6668, .T. ) ;
#2441 = PLANE ( 'NONE',  #7955 ) ;
#2442 = SURFACE_STYLE_FILL_AREA ( #4544 ) ;
#2443 = EDGE_LOOP ( 'NONE', ( #8768, #1248, #3687, #1990 ) ) ;
#2444 = VECTOR ( 'NONE', #3259, 1000.000000000000000 ) ;
#2445 = CARTESIAN_POINT ( 'NONE',  ( -1.000000000000000000, 0.1000000000000000500, 0.3000000000000001600 ) ) ;
#2446 = CARTESIAN_POINT ( 'NONE',  ( 0.4499999999999999600, 0.1000000000000000500, 1.900000000000000100 ) ) ;
#2447 = ADVANCED_FACE ( 'NONE', ( #7108 ), #211, .T. ) ;
#2448 =( NAMED_UNIT ( * ) SI_UNIT ( $, .STERADIAN. ) SOLID_ANGLE_UNIT ( ) );
#2449 = MECHANICAL_DESIGN_GEOMETRIC_PRESENTATION_REPRESENTATION (  '', ( #912 ), #3453 ) ;
#2450 = EDGE_CURVE ( 'NONE', #6332, #7564, #143, .T. ) ;
#2451 = DIRECTION ( 'NONE',  ( -3.942553354492742500E-016, 0.0000000000000000000, 1.000000000000000000 ) ) ;
#2452 = LINE ( 'NONE', #8003, #7892 ) ;
#2453 = DIRECTION ( 'NONE',  ( -1.000000000000000000, 0.0000000000000000000, -0.0000000000000000000 ) ) ;
#2454 = FACE_OUTER_BOUND ( 'NONE', #9207, .T. ) ;
#2455 = LINE ( 'NONE', #955, #4099 ) ;
#2456 =( NAMED_UNIT ( * ) PLANE_ANGLE_UNIT ( ) SI_UNIT ( $, .RADIAN. ) );
#2457 = ORIENTED_EDGE ( 'NONE', *, *, #1081, .F. ) ;
#2458 = CARTESIAN_POINT ( 'NONE',  ( 0.9999999999999995600, 0.05000000000000000300, 2.000000000000000000 ) ) ;
#2459 = VECTOR ( 'NONE', #5627, 1000.000000000000000 ) ;
#2460 = CARTESIAN_POINT ( 'NONE',  ( -0.4499999999999999600, 0.6852349955359816600, -1.300000000000000300 ) ) ;
#2461 = ORIENTED_EDGE ( 'NONE', *, *, #6112, .T. ) ;
#2462 = CARTESIAN_POINT ( 'NONE',  ( 0.4499999999999999600, 0.0000000000000000000, -0.5000000000000000000 ) ) ;
#2463 = CARTESIAN_POINT ( 'NONE',  ( 0.4000000000000000200, 0.1000000000000000100, 0.0000000000000000000 ) ) ;
#2464 = CARTESIAN_POINT ( 'NONE',  ( -1.000000000000000000, 0.0000000000000000000, -1.900000000000000100 ) ) ;
#2465 = LINE ( 'NONE', #1508, #377 ) ;
#2466 = DIRECTION ( 'NONE',  ( -1.000000000000000000, 0.0000000000000000000, 3.942553354492742500E-016 ) ) ;
#2467 = COLOUR_RGB ( '',0.2509803921568627400, 0.2509803921568627400, 0.2509803921568627400 ) ;
#2468 = ORIENTED_EDGE ( 'NONE', *, *, #6480, .F. ) ;
#2469 = ADVANCED_FACE ( 'NONE', ( #6004 ), #4559, .F. ) ;
#2470 =( LENGTH_UNIT ( ) NAMED_UNIT ( * ) SI_UNIT ( .MILLI., .METRE. ) );
#2471 = MECHANICAL_DESIGN_GEOMETRIC_PRESENTATION_REPRESENTATION (  '', ( #6928 ), #7398 ) ;
#2472 = PLANE ( 'NONE',  #6818 ) ;
#2473 = ORIENTED_EDGE ( 'NONE', *, *, #3454, .F. ) ;
#2474 =( NAMED_UNIT ( * ) SI_UNIT ( $, .STERADIAN. ) SOLID_ANGLE_UNIT ( ) );
#2475 = ORIENTED_EDGE ( 'NONE', *, *, #7130, .F. ) ;
#2476 = FACE_OUTER_BOUND ( 'NONE', #5288, .T. ) ;
#2477 = VECTOR ( 'NONE', #7350, 1000.000000000000000 ) ;
#2478 = VECTOR ( 'NONE', #945, 1000.000000000000000 ) ;
#2479 = DIRECTION ( 'NONE',  ( 0.0000000000000000000, 1.000000000000000000, 0.0000000000000000000 ) ) ;
#2480 = CARTESIAN_POINT ( 'NONE',  ( -0.4499999999999999600, 0.6852349955359816600, -1.700000000000000200 ) ) ;
#2481 = FACE_OUTER_BOUND ( 'NONE', #8075, .T. ) ;
#2482 = VECTOR ( 'NONE', #6879, 1000.000000000000000 ) ;
#2483 = EDGE_LOOP ( 'NONE', ( #183, #8874, #3501, #4883 ) ) ;
#2484 = PLANE ( 'NONE',  #9087 ) ;
#2485 = EDGE_CURVE ( 'NONE', #866, #6859, #1139, .T. ) ;
#2486 = VECTOR ( 'NONE', #3958, 1000.000000000000000 ) ;
#2487 = CARTESIAN_POINT ( 'NONE',  ( -1.000000000000000200, 0.05000000000000000300, 2.000000000000000900 ) ) ;
#2488 = DIRECTION ( 'NONE',  ( 2.956915015869556800E-016, -0.0000000000000000000, 1.000000000000000000 ) ) ;
#2489 = LINE ( 'NONE', #7557, #8050 ) ;
#2490 = CARTESIAN_POINT ( 'NONE',  ( -5.125319360840567100E-016, 0.05000000000000000300, -1.300000000000000300 ) ) ;
#2491 = VECTOR ( 'NONE', #3053, 1000.000000000000000 ) ;
#2492 =( GEOMETRIC_REPRESENTATION_CONTEXT ( 3 ) GLOBAL_UNCERTAINTY_ASSIGNED_CONTEXT ( ( #607 ) ) GLOBAL_UNIT_ASSIGNED_CONTEXT ( ( #7825, #5639, #2135 ) ) REPRESENTATION_CONTEXT ( 'NONE', 'WORKASPACE' ) );
#2493 = ORIENTED_EDGE ( 'NONE', *, *, #771, .T. ) ;
#2494 = CARTESIAN_POINT ( 'NONE',  ( 0.3000000000000003200, 0.1000000000000000100, -2.000000000000000000 ) ) ;
#2495 = DIRECTION ( 'NONE',  ( -5.421010862427526100E-016, 0.0000000000000000000, -1.000000000000000000 ) ) ;
#2496 = ADVANCED_FACE ( 'NONE', ( #3865 ), #2415, .F. ) ;
#2497 = PRESENTATION_LAYER_ASSIGNMENT (  '', '', ( #5866 ) ) ;
#2498 = EDGE_CURVE ( 'NONE', #4760, #1951, #8129, .T. ) ;
#2499 = SURFACE_SIDE_STYLE ('',( #8656 ) ) ;
#2500 = VECTOR ( 'NONE', #3530, 1000.000000000000000 ) ;
#2501 = VERTEX_POINT ( 'NONE', #4483 ) ;
#2502 = PLANE ( 'NONE',  #6434 ) ;
#2503 = ADVANCED_FACE ( 'NONE', ( #801 ), #4458, .F. ) ;
#2504 = EDGE_CURVE ( 'NONE', #9098, #2870, #2100, .T. ) ;
#2505 = PLANE ( 'NONE',  #2017 ) ;
#2506 = EDGE_LOOP ( 'NONE', ( #2775, #3848, #2307, #5257 ) ) ;
#2507 = SURFACE_STYLE_USAGE ( .BOTH. , #6692 ) ;
#2508 = MECHANICAL_DESIGN_GEOMETRIC_PRESENTATION_REPRESENTATION (  '', ( #8038 ), #8527 ) ;
#2509 = EDGE_CURVE ( 'NONE', #8686, #5841, #3640, .T. ) ;
#2510 = SURFACE_STYLE_FILL_AREA ( #2158 ) ;
#2511 = CARTESIAN_POINT ( 'NONE',  ( -1.000000000000000000, 0.0000000000000000000, 0.8999999999999998000 ) ) ;
#2512 = CARTESIAN_POINT ( 'NONE',  ( -0.4499999999999999600, 0.0000000000000000000, 1.900000000000000100 ) ) ;
#2513 = COLOUR_RGB ( '',0.7921568627450980000, 0.8196078431372548800, 0.9333333333333333500 ) ;
#2514 = ORIENTED_EDGE ( 'NONE', *, *, #5414, .F. ) ;
#2515 = EDGE_CURVE ( 'NONE', #342, #5055, #1810, .T. ) ;
#2516 = MANIFOLD_SOLID_BREP ( 'LPattern4[15]', #2052 ) ;
#2517 = DIRECTION ( 'NONE',  ( -1.000000000000000000, 0.0000000000000000000, -0.0000000000000000000 ) ) ;
#2518 = CARTESIAN_POINT ( 'NONE',  ( 0.0000000000000000000, 0.1000000000000000100, 0.0000000000000000000 ) ) ;
#2519 =( NAMED_UNIT ( * ) PLANE_ANGLE_UNIT ( ) SI_UNIT ( $, .RADIAN. ) );
#2520 = FACE_OUTER_BOUND ( 'NONE', #8233, .T. ) ;
#2521 = ORIENTED_EDGE ( 'NONE', *, *, #2515, .F. ) ;
#2522 = MECHANICAL_DESIGN_GEOMETRIC_PRESENTATION_REPRESENTATION (  '', ( #6972 ), #9215 ) ;
#2523 = VECTOR ( 'NONE', #7155, 1000.000000000000000 ) ;
#2524 = CARTESIAN_POINT ( 'NONE',  ( 0.4499999999999999600, 0.1000000000000000500, 0.2999999999999999300 ) ) ;
#2525 = EDGE_LOOP ( 'NONE', ( #8921, #4281, #3329, #4053 ) ) ;
#2526 = CARTESIAN_POINT ( 'NONE',  ( -0.4499999999999999600, 0.0000000000000000000, -0.9000000000000001300 ) ) ;
#2527 = CARTESIAN_POINT ( 'NONE',  ( -0.4499999999999998400, 0.1000000000000000500, -1.500000000000000000 ) ) ;
#2528 = DIRECTION ( 'NONE',  ( 0.0000000000000000000, -1.000000000000000000, 0.0000000000000000000 ) ) ;
#2529 = ORIENTED_EDGE ( 'NONE', *, *, #6641, .T. ) ;
#2530 = CARTESIAN_POINT ( 'NONE',  ( -0.4499999999999999600, 0.6852349955359816600, -1.300000000000000300 ) ) ;
#2531 = SURFACE_SIDE_STYLE ('',( #8924 ) ) ;
#2532 = ORIENTED_EDGE ( 'NONE', *, *, #3460, .T. ) ;
#2533 = LINE ( 'NONE', #8811, #3832 ) ;
#2534 = DIRECTION ( 'NONE',  ( 1.000000000000000000, 0.0000000000000000000, 3.942553354492742500E-016 ) ) ;
#2535 = ORIENTED_EDGE ( 'NONE', *, *, #7622, .T. ) ;
#2536 = DIRECTION ( 'NONE',  ( -5.421010862427526100E-016, 0.0000000000000000000, -1.000000000000000000 ) ) ;
#2537 = DIRECTION ( 'NONE',  ( -1.000000000000000000, 0.0000000000000000000, 3.942553354492742500E-016 ) ) ;
#2538 = ORIENTED_EDGE ( 'NONE', *, *, #5595, .T. ) ;
#2539 =( GEOMETRIC_REPRESENTATION_CONTEXT ( 3 ) GLOBAL_UNCERTAINTY_ASSIGNED_CONTEXT ( ( #7167 ) ) GLOBAL_UNIT_ASSIGNED_CONTEXT ( ( #376, #1833, #4653 ) ) REPRESENTATION_CONTEXT ( 'NONE', 'WORKASPACE' ) );
#2540 = LINE ( 'NONE', #7936, #225 ) ;
#2541 = ADVANCED_FACE ( 'NONE', ( #4312 ), #3913, .F. ) ;
#2542 = EDGE_LOOP ( 'NONE', ( #7016, #1994, #9023, #5147 ) ) ;
#2543 = CARTESIAN_POINT ( 'NONE',  ( 0.4499999999999999600, 0.1000000000000000500, -0.5000000000000000000 ) ) ;
#2544 = EDGE_LOOP ( 'NONE', ( #1128, #4300, #1538, #6633 ) ) ;
#2545 =( LENGTH_UNIT ( ) NAMED_UNIT ( * ) SI_UNIT ( .MILLI., .METRE. ) );
#2546 = DIRECTION ( 'NONE',  ( -0.0000000000000000000, -0.0000000000000000000, 1.000000000000000000 ) ) ;
#2547 = DIRECTION ( 'NONE',  ( -1.000000000000000000, 0.0000000000000000000, 3.942553354492742500E-016 ) ) ;
#2548 = EDGE_CURVE ( 'NONE', #6648, #987, #2976, .T. ) ;
#2549 = CARTESIAN_POINT ( 'NONE',  ( -1.000000000000000000, 0.0000000000000000000, -0.4999999999999997800 ) ) ;
#2550 = VECTOR ( 'NONE', #19, 1000.000000000000000 ) ;
#2551 = EDGE_LOOP ( 'NONE', ( #6293, #6182, #6579, #768 ) ) ;
#2552 = FILL_AREA_STYLE ('',( #1903 ) ) ;
#2553 = MECHANICAL_DESIGN_GEOMETRIC_PRESENTATION_REPRESENTATION (  '', ( #71 ), #6883 ) ;
#2554 = FILL_AREA_STYLE ('',( #2590 ) ) ;
#2555 =( NAMED_UNIT ( * ) SI_UNIT ( $, .STERADIAN. ) SOLID_ANGLE_UNIT ( ) );
#2556 = ORIENTED_EDGE ( 'NONE', *, *, #3667, .T. ) ;
#2557 = ORIENTED_EDGE ( 'NONE', *, *, #137, .F. ) ;
#2558 = ADVANCED_FACE ( 'NONE', ( #6446 ), #8309, .T. ) ;
#2559 = DIRECTION ( 'NONE',  ( 0.0000000000000000000, 1.000000000000000000, 0.0000000000000000000 ) ) ;
#2560 = ORIENTED_EDGE ( 'NONE', *, *, #7192, .T. ) ;
#2561 =( GEOMETRIC_REPRESENTATION_CONTEXT ( 3 ) GLOBAL_UNCERTAINTY_ASSIGNED_CONTEXT ( ( #8908 ) ) GLOBAL_UNIT_ASSIGNED_CONTEXT ( ( #729, #4959, #2126 ) ) REPRESENTATION_CONTEXT ( 'NONE', 'WORKASPACE' ) );
#2562 = EDGE_CURVE ( 'NONE', #5863, #8034, #30, .T. ) ;
#2563 = CARTESIAN_POINT ( 'NONE',  ( 1.000000000000000000, 0.0000000000000000000, -1.100000000000000300 ) ) ;
#2564 = DIRECTION ( 'NONE',  ( 0.0000000000000000000, -1.000000000000000000, 0.0000000000000000000 ) ) ;
#2565 = CARTESIAN_POINT ( 'NONE',  ( 0.0000000000000000000, 0.0000000000000000000, 3.600000000000000500 ) ) ;
#2566 = ORIENTED_EDGE ( 'NONE', *, *, #4580, .F. ) ;
#2567 = FILL_AREA_STYLE ('',( #6752 ) ) ;
#2568 = FILL_AREA_STYLE_COLOUR ( '', #7859 ) ;
#2569 = ADVANCED_FACE ( 'NONE', ( #3442 ), #5378, .T. ) ;
#2570 = PRESENTATION_LAYER_ASSIGNMENT (  '', '', ( #2071 ) ) ;
#2571 = ORIENTED_EDGE ( 'NONE', *, *, #2440, .T. ) ;
#2572 = SURFACE_SIDE_STYLE ('',( #1290 ) ) ;
#2573 =( LENGTH_UNIT ( ) NAMED_UNIT ( * ) SI_UNIT ( .MILLI., .METRE. ) );
#2574 = PRESENTATION_STYLE_ASSIGNMENT (( #2507 ) ) ;
#2575 = COLOUR_RGB ( '',0.2509803921568627400, 0.2509803921568627400, 0.2509803921568627400 ) ;
#2576 = ORIENTED_EDGE ( 'NONE', *, *, #8366, .F. ) ;
#2577 = CARTESIAN_POINT ( 'NONE',  ( 0.4499999999999999600, 0.6852349955359816600, -1.700000000000000200 ) ) ;
#2578 = DIRECTION ( 'NONE',  ( 1.000000000000000000, 0.0000000000000000000, -3.942553354492742500E-016 ) ) ;
#2579 = FACE_OUTER_BOUND ( 'NONE', #4051, .T. ) ;
#2580 = UNCERTAINTY_MEASURE_WITH_UNIT (LENGTH_MEASURE( 1.000000000000000100E-005 ), #6636, 'distance_accuracy_value', 'NONE');
#2581 = FACE_OUTER_BOUND ( 'NONE', #8480, .T. ) ;
#2582 = DIRECTION ( 'NONE',  ( 0.0000000000000000000, 0.0000000000000000000, -1.000000000000000000 ) ) ;
#2583 = CARTESIAN_POINT ( 'NONE',  ( -0.4499999999999999600, 0.0000000000000000000, -1.300000000000000300 ) ) ;
#2584 = ORIENTED_EDGE ( 'NONE', *, *, #5090, .F. ) ;
#2585 = DIRECTION ( 'NONE',  ( 0.0000000000000000000, -0.0000000000000000000, 1.000000000000000000 ) ) ;
#2586 = PRESENTATION_LAYER_ASSIGNMENT (  '', '', ( #1641 ) ) ;
#2587 = AXIS2_PLACEMENT_3D ( 'NONE', #4484, #3792, #7951 ) ;
#2588 = EDGE_CURVE ( 'NONE', #7801, #9217, #3430, .T. ) ;
#2589 = CARTESIAN_POINT ( 'NONE',  ( -0.4499999999999998400, 0.1000000000000000500, 1.300000000000000300 ) ) ;
#2590 = FILL_AREA_STYLE_COLOUR ( '', #603 ) ;
#2591 = VECTOR ( 'NONE', #1511, 1000.000000000000000 ) ;
#2592 = UNCERTAINTY_MEASURE_WITH_UNIT (LENGTH_MEASURE( 1.000000000000000100E-005 ), #5179, 'distance_accuracy_value', 'NONE');
#2593 = FACE_OUTER_BOUND ( 'NONE', #600, .T. ) ;
#2594 = SURFACE_STYLE_USAGE ( .BOTH. , #6832 ) ;
#2595 = ADVANCED_FACE ( 'NONE', ( #1014 ), #9091, .T. ) ;
#2596 = DIRECTION ( 'NONE',  ( -1.000000000000000000, 0.0000000000000000000, 0.0000000000000000000 ) ) ;
#2597 = VECTOR ( 'NONE', #3965, 1000.000000000000000 ) ;
#2598 = ORIENTED_EDGE ( 'NONE', *, *, #572, .T. ) ;
#2599 = CARTESIAN_POINT ( 'NONE',  ( -1.000000000000000000, 0.6852349955359816600, 0.09999999999999982500 ) ) ;
#2600 = DIRECTION ( 'NONE',  ( -1.000000000000000000, 0.0000000000000000000, 0.0000000000000000000 ) ) ;
#2601 = DIRECTION ( 'NONE',  ( -0.0000000000000000000, -1.000000000000000000, -0.0000000000000000000 ) ) ;
#2602 = VECTOR ( 'NONE', #3257, 1000.000000000000000 ) ;
#2603 = PRESENTATION_STYLE_ASSIGNMENT (( #8589 ) ) ;
#2604 = UNCERTAINTY_MEASURE_WITH_UNIT (LENGTH_MEASURE( 1.000000000000000100E-005 ), #617, 'distance_accuracy_value', 'NONE');
#2605 = CARTESIAN_POINT ( 'NONE',  ( -1.000000000000000000, 0.6852349955359816600, 0.8999999999999998000 ) ) ;
#2606 = MECHANICAL_DESIGN_GEOMETRIC_PRESENTATION_REPRESENTATION (  '', ( #4045 ), #594 ) ;
#2607 = DIRECTION ( 'NONE',  ( 0.0000000000000000000, -1.000000000000000000, 0.0000000000000000000 ) ) ;
#2608 = VECTOR ( 'NONE', #6062, 1000.000000000000000 ) ;
#2609 = VERTEX_POINT ( 'NONE', #5346 ) ;
#2610 = SURFACE_STYLE_FILL_AREA ( #7400 ) ;
#2611 = CARTESIAN_POINT ( 'NONE',  ( -0.4499999999999999600, 0.1000000000000000500, -0.5000000000000000000 ) ) ;
#2612 = COLOUR_RGB ( '',0.2509803921568627400, 0.2509803921568627400, 0.2509803921568627400 ) ;
#2613 = FACE_OUTER_BOUND ( 'NONE', #7115, .T. ) ;
#2614 = DIRECTION ( 'NONE',  ( 0.0000000000000000000, -1.000000000000000000, 0.0000000000000000000 ) ) ;
#2615 = ORIENTED_EDGE ( 'NONE', *, *, #6730, .F. ) ;
#2616 = FILL_AREA_STYLE_COLOUR ( '', #4749 ) ;
#2617 =( GEOMETRIC_REPRESENTATION_CONTEXT ( 3 ) GLOBAL_UNCERTAINTY_ASSIGNED_CONTEXT ( ( #5982 ) ) GLOBAL_UNIT_ASSIGNED_CONTEXT ( ( #1012, #7323, #6709 ) ) REPRESENTATION_CONTEXT ( 'NONE', 'WORKASPACE' ) );
#2618 =( NAMED_UNIT ( * ) PLANE_ANGLE_UNIT ( ) SI_UNIT ( $, .RADIAN. ) );
#2619 = VECTOR ( 'NONE', #5745, 1000.000000000000000 ) ;
#2620 =( LENGTH_UNIT ( ) NAMED_UNIT ( * ) SI_UNIT ( .MILLI., .METRE. ) );
#2621 = VERTEX_POINT ( 'NONE', #5451 ) ;
#2622 = CARTESIAN_POINT ( 'NONE',  ( 1.000000000000000000, 0.04999999999999969700, -1.700000000000000200 ) ) ;
#2623 = LINE ( 'NONE', #2280, #6494 ) ;
#2624 = DIRECTION ( 'NONE',  ( -1.000000000000000000, 0.0000000000000000000, 0.0000000000000000000 ) ) ;
#2625 = MECHANICAL_DESIGN_GEOMETRIC_PRESENTATION_REPRESENTATION (  '', ( #4018 ), #6416 ) ;
#2626 = FACE_OUTER_BOUND ( 'NONE', #1979, .T. ) ;
#2627 = EDGE_LOOP ( 'NONE', ( #2125, #4923, #4829, #8117 ) ) ;
#2628 = PRESENTATION_STYLE_ASSIGNMENT (( #4969 ) ) ;
#2629 = EDGE_CURVE ( 'NONE', #5510, #6412, #9029, .T. ) ;
#2630 = EDGE_CURVE ( 'NONE', #6077, #6758, #1570, .T. ) ;
#2631 = CARTESIAN_POINT ( 'NONE',  ( 0.4499999999999999600, 0.0000000000000000000, 1.099999999999999900 ) ) ;
#2632 = DIRECTION ( 'NONE',  ( -1.000000000000000000, 0.0000000000000000000, -5.421010862427526100E-016 ) ) ;
#2633 = STYLED_ITEM ( 'NONE', ( #282 ), #6540 ) ;
#2634 = PLANE ( 'NONE',  #3108 ) ;
#2635 = ADVANCED_FACE ( 'NONE', ( #4083 ), #2735, .F. ) ;
#2636 = VERTEX_POINT ( 'NONE', #9126 ) ;
#2637 = LINE ( 'NONE', #777, #7731 ) ;
#2638 = MECHANICAL_DESIGN_GEOMETRIC_PRESENTATION_REPRESENTATION (  '', ( #8531 ), #4684 ) ;
#2639 = EDGE_CURVE ( 'NONE', #6332, #342, #2681, .T. ) ;
#2640 = MANIFOLD_SOLID_BREP ( 'LPattern4[16]', #3014 ) ;
#2641 = CARTESIAN_POINT ( 'NONE',  ( 0.3000000000000007700, 0.0000000000000000000, 2.000000000000000000 ) ) ;
#2642 = PLANE ( 'NONE',  #2722 ) ;
#2643 = LINE ( 'NONE', #7514, #9220 ) ;
#2644 = ORIENTED_EDGE ( 'NONE', *, *, #7585, .F. ) ;
#2645 = EDGE_CURVE ( 'NONE', #1530, #3666, #6545, .T. ) ;
#2646 = VERTEX_POINT ( 'NONE', #9063 ) ;
#2647 = VECTOR ( 'NONE', #8331, 1000.000000000000000 ) ;
#2648 = FILL_AREA_STYLE_COLOUR ( '', #3754 ) ;
#2649 = ORIENTED_EDGE ( 'NONE', *, *, #8057, .T. ) ;
#2650 = DIRECTION ( 'NONE',  ( 1.000000000000000000, 0.0000000000000000000, 3.942553354492742500E-016 ) ) ;
#2651 = EDGE_LOOP ( 'NONE', ( #2714, #471, #2044, #2671 ) ) ;
#2652 = COLOUR_RGB ( '',0.2509803921568627400, 0.2509803921568627400, 0.2509803921568627400 ) ;
#2653 = PRESENTATION_LAYER_ASSIGNMENT (  '', '', ( #2149 ) ) ;
#2654 = SURFACE_SIDE_STYLE ('',( #7124 ) ) ;
#2655 = ORIENTED_EDGE ( 'NONE', *, *, #5713, .T. ) ;
#2656 =( LENGTH_UNIT ( ) NAMED_UNIT ( * ) SI_UNIT ( .MILLI., .METRE. ) );
#2657 = AXIS2_PLACEMENT_3D ( 'NONE', #3997, #6934, #5399 ) ;
#2658 = DIRECTION ( 'NONE',  ( 0.0000000000000000000, -1.000000000000000000, 0.0000000000000000000 ) ) ;
#2659 = ORIENTED_EDGE ( 'NONE', *, *, #9075, .T. ) ;
#2660 = LINE ( 'NONE', #3437, #8092 ) ;
#2661 = ORIENTED_EDGE ( 'NONE', *, *, #3484, .T. ) ;
#2662 = EDGE_CURVE ( 'NONE', #5951, #5433, #2772, .T. ) ;
#2663 = SURFACE_SIDE_STYLE ('',( #6735 ) ) ;
#2664 = ORIENTED_EDGE ( 'NONE', *, *, #49, .F. ) ;
#2665 = VERTEX_POINT ( 'NONE', #4072 ) ;
#2666 = VECTOR ( 'NONE', #6420, 1000.000000000000000 ) ;
#2667 =( NAMED_UNIT ( * ) SI_UNIT ( $, .STERADIAN. ) SOLID_ANGLE_UNIT ( ) );
#2668 = STYLED_ITEM ( 'NONE', ( #6689 ), #7589 ) ;
#2669 = LINE ( 'NONE', #3429, #773 ) ;
#2670 = ORIENTED_EDGE ( 'NONE', *, *, #6729, .F. ) ;
#2671 = ORIENTED_EDGE ( 'NONE', *, *, #7260, .F. ) ;
#2672 = CARTESIAN_POINT ( 'NONE',  ( 0.4499999999999999600, 0.1000000000000000500, -0.9000000000000001300 ) ) ;
#2673 = CARTESIAN_POINT ( 'NONE',  ( 1.000000000000000000, 0.6852349955359816600, -1.100000000000000300 ) ) ;
#2674 = ORIENTED_EDGE ( 'NONE', *, *, #137, .T. ) ;
#2675 = FACE_OUTER_BOUND ( 'NONE', #2074, .T. ) ;
#2676 = PRESENTATION_STYLE_ASSIGNMENT (( #3001 ) ) ;
#2677 = ORIENTED_EDGE ( 'NONE', *, *, #9113, .T. ) ;
#2678 = DIRECTION ( 'NONE',  ( -1.000000000000000000, 0.0000000000000000000, 3.942553354492742500E-016 ) ) ;
#2679 =( LENGTH_UNIT ( ) NAMED_UNIT ( * ) SI_UNIT ( .MILLI., .METRE. ) );
#2680 = DIRECTION ( 'NONE',  ( 0.0000000000000000000, -0.0000000000000000000, 1.000000000000000000 ) ) ;
#2681 = LINE ( 'NONE', #7001, #3215 ) ;
#2682 = EDGE_CURVE ( 'NONE', #18, #6629, #9137, .T. ) ;
#2683 = CARTESIAN_POINT ( 'NONE',  ( -0.7500000000000000000, 0.5500000000000000400, -1.750000000000000000 ) ) ;
#2684 = AXIS2_PLACEMENT_3D ( 'NONE', #1809, #6690, #5263 ) ;
#2685 = VECTOR ( 'NONE', #8322, 1000.000000000000000 ) ;
#2686 = EDGE_CURVE ( 'NONE', #7057, #7654, #6982, .T. ) ;
#2687 = LINE ( 'NONE', #8222, #7442 ) ;
#2688 = ORIENTED_EDGE ( 'NONE', *, *, #8410, .F. ) ;
#2689 = SURFACE_STYLE_FILL_AREA ( #9157 ) ;
#2690 =( GEOMETRIC_REPRESENTATION_CONTEXT ( 3 ) GLOBAL_UNCERTAINTY_ASSIGNED_CONTEXT ( ( #2580 ) ) GLOBAL_UNIT_ASSIGNED_CONTEXT ( ( #6636, #3127, #4588 ) ) REPRESENTATION_CONTEXT ( 'NONE', 'WORKASPACE' ) );
#2691 = CARTESIAN_POINT ( 'NONE',  ( 0.4499999999999999600, 0.0000000000000000000, 0.7000000000000000700 ) ) ;
#2692 = ADVANCED_FACE ( 'NONE', ( #5298 ), #2715, .T. ) ;
#2693 = PLANE ( 'NONE',  #3621 ) ;
#2694 = VECTOR ( 'NONE', #5826, 1000.000000000000000 ) ;
#2695 = EDGE_CURVE ( 'NONE', #2891, #578, #4741, .T. ) ;
#2696 = SURFACE_STYLE_FILL_AREA ( #3435 ) ;
#2697 = PRODUCT_DEFINITION_CONTEXT ( 'detailed design', #2087, 'design' ) ;
#2698 = ORIENTED_EDGE ( 'NONE', *, *, #2702, .T. ) ;
#2699 = DIRECTION ( 'NONE',  ( 0.0000000000000000000, 0.0000000000000000000, -1.000000000000000000 ) ) ;
#2700 = LINE ( 'NONE', #1848, #4104 ) ;
#2701 = AXIS2_PLACEMENT_3D ( 'NONE', #2530, #6870, #8947 ) ;
#2702 = EDGE_CURVE ( 'NONE', #1662, #1465, #8778, .T. ) ;
#2703 = EDGE_CURVE ( 'NONE', #1573, #5653, #466, .T. ) ;
#2704 = FILL_AREA_STYLE ('',( #1998 ) ) ;
#2705 = CARTESIAN_POINT ( 'NONE',  ( -0.4499999999999999600, 0.05000000000000002400, 0.2999999999999999300 ) ) ;
#2706 = VERTEX_POINT ( 'NONE', #3491 ) ;
#2707 = ORIENTED_EDGE ( 'NONE', *, *, #3420, .T. ) ;
#2708 = CARTESIAN_POINT ( 'NONE',  ( -0.09999999999999939500, 0.1000000000000000100, 1.450000000000000000 ) ) ;
#2709 = CARTESIAN_POINT ( 'NONE',  ( -0.2999999999999993200, 0.05000000000000000300, 1.450000000000000000 ) ) ;
#2710 = LINE ( 'NONE', #3996, #7358 ) ;
#2711 = EDGE_CURVE ( 'NONE', #18, #59, #3078, .T. ) ;
#2712 = CIRCLE ( 'NONE', #3347, 0.1249999999999998900 ) ;
#2713 = SURFACE_SIDE_STYLE ('',( #2696 ) ) ;
#2714 = ORIENTED_EDGE ( 'NONE', *, *, #3717, .F. ) ;
#2715 = PLANE ( 'NONE',  #5569 ) ;
#2716 = SURFACE_STYLE_FILL_AREA ( #7998 ) ;
#2717 = DIRECTION ( 'NONE',  ( 3.942553354492742500E-016, -0.0000000000000000000, 1.000000000000000000 ) ) ;
#2718 = VECTOR ( 'NONE', #1495, 1000.000000000000000 ) ;
#2719 = ORIENTED_EDGE ( 'NONE', *, *, #4966, .T. ) ;
#2720 =( NAMED_UNIT ( * ) SI_UNIT ( $, .STERADIAN. ) SOLID_ANGLE_UNIT ( ) );
#2721 = FILL_AREA_STYLE_COLOUR ( '', #5116 ) ;
#2722 = AXIS2_PLACEMENT_3D ( 'NONE', #4780, #548, #9182 ) ;
#2723 = CARTESIAN_POINT ( 'NONE',  ( 0.4499999999999999600, 0.6852349955359816600, -0.1000000000000000500 ) ) ;
#2724 = VERTEX_POINT ( 'NONE', #5628 ) ;
#2725 = DIRECTION ( 'NONE',  ( -0.0000000000000000000, 0.0000000000000000000, 1.000000000000000000 ) ) ;
#2726 = CARTESIAN_POINT ( 'NONE',  ( 1.000000000000000000, 0.6852349955359816600, 0.7000000000000000700 ) ) ;
#2727 = CARTESIAN_POINT ( 'NONE',  ( -0.2999999999999997100, 0.1000000000000000100, -1.450000000000000000 ) ) ;
#2728 = ADVANCED_FACE ( 'NONE', ( #3321 ), #4869, .T. ) ;
#2729 = FILL_AREA_STYLE_COLOUR ( '', #3818 ) ;
#2730 = VECTOR ( 'NONE', #4143, 1000.000000000000000 ) ;
#2731 = DIRECTION ( 'NONE',  ( 0.0000000000000000000, -0.0000000000000000000, 1.000000000000000000 ) ) ;
#2732 = VERTEX_POINT ( 'NONE', #4160 ) ;
#2733 =( GEOMETRIC_REPRESENTATION_CONTEXT ( 3 ) GLOBAL_UNCERTAINTY_ASSIGNED_CONTEXT ( ( #2003 ) ) GLOBAL_UNIT_ASSIGNED_CONTEXT ( ( #8184, #2519, #3233 ) ) REPRESENTATION_CONTEXT ( 'NONE', 'WORKASPACE' ) );
#2734 = DIRECTION ( 'NONE',  ( -0.0000000000000000000, -0.0000000000000000000, 1.000000000000000000 ) ) ;
#2735 = PLANE ( 'NONE',  #7783 ) ;
#2736 =( NAMED_UNIT ( * ) SI_UNIT ( $, .STERADIAN. ) SOLID_ANGLE_UNIT ( ) );
#2737 = ORIENTED_EDGE ( 'NONE', *, *, #263, .T. ) ;
#2738 = PRESENTATION_STYLE_ASSIGNMENT (( #1682 ) ) ;
#2739 = FACE_OUTER_BOUND ( 'NONE', #2483, .T. ) ;
#2740 = DIRECTION ( 'NONE',  ( -0.0000000000000000000, -1.000000000000000000, -0.0000000000000000000 ) ) ;
#2741 = CARTESIAN_POINT ( 'NONE',  ( 1.000000000000000000, 0.6852349955359816600, -1.500000000000000200 ) ) ;
#2742 = AXIS2_PLACEMENT_3D ( 'NONE', #75, #7269, #890 ) ;
#2743 = ORIENTED_EDGE ( 'NONE', *, *, #5511, .F. ) ;
#2744 = LINE ( 'NONE', #9115, #6846 ) ;
#2745 = EDGE_CURVE ( 'NONE', #1087, #6970, #4952, .T. ) ;
#2746 = ORIENTED_EDGE ( 'NONE', *, *, #1643, .F. ) ;
#2747 = EDGE_CURVE ( 'NONE', #2255, #6955, #3529, .T. ) ;
#2748 =( NAMED_UNIT ( * ) PLANE_ANGLE_UNIT ( ) SI_UNIT ( $, .RADIAN. ) );
#2749 = DIRECTION ( 'NONE',  ( -1.000000000000000000, 0.0000000000000000000, -5.421010862427526100E-016 ) ) ;
#2750 = CARTESIAN_POINT ( 'NONE',  ( -0.7500000000000000000, 0.5000000000000000000, -1.750000000000000000 ) ) ;
#2751 = ORIENTED_EDGE ( 'NONE', *, *, #7384, .F. ) ;
#2752 = VERTEX_POINT ( 'NONE', #2066 ) ;
#2753 = ADVANCED_FACE ( 'NONE', ( #6105 ), #7843, .T. ) ;
#2754 = ORIENTED_EDGE ( 'NONE', *, *, #601, .T. ) ;
#2755 = SURFACE_STYLE_USAGE ( .BOTH. , #9056 ) ;
#2756 = SURFACE_STYLE_USAGE ( .BOTH. , #6996 ) ;
#2757 = ORIENTED_EDGE ( 'NONE', *, *, #8290, .T. ) ;
#2758 = VECTOR ( 'NONE', #867, 1000.000000000000000 ) ;
#2759 = ORIENTED_EDGE ( 'NONE', *, *, #390, .F. ) ;
#2760 = LINE ( 'NONE', #4371, #4516 ) ;
#2761 = CARTESIAN_POINT ( 'NONE',  ( 1.000000000000000000, 0.6852349955359816600, -0.1000000000000000500 ) ) ;
#2762 = ORIENTED_EDGE ( 'NONE', *, *, #8654, .T. ) ;
#2763 = DIRECTION ( 'NONE',  ( 1.000000000000000000, 0.0000000000000000000, 0.0000000000000000000 ) ) ;
#2764 = VERTEX_POINT ( 'NONE', #5598 ) ;
#2765 = VECTOR ( 'NONE', #7959, 1000.000000000000000 ) ;
#2766 = CARTESIAN_POINT ( 'NONE',  ( -0.4499999999999999600, 0.0000000000000000000, -0.1000000000000000500 ) ) ;
#2767 = VECTOR ( 'NONE', #7663, 1000.000000000000000 ) ;
#2768 = DIRECTION ( 'NONE',  ( 0.0000000000000000000, 1.000000000000000000, 0.0000000000000000000 ) ) ;
#2769 = LINE ( 'NONE', #7158, #4947 ) ;
#2770 = ORIENTED_EDGE ( 'NONE', *, *, #5142, .T. ) ;
#2771 = CARTESIAN_POINT ( 'NONE',  ( -1.000000000000000000, 0.1000000000000000500, -1.300000000000000000 ) ) ;
#2772 = LINE ( 'NONE', #8375, #7095 ) ;
#2773 = DIRECTION ( 'NONE',  ( -0.0000000000000000000, -1.000000000000000000, -0.0000000000000000000 ) ) ;
#2774 = VECTOR ( 'NONE', #1093, 1000.000000000000000 ) ;
#2775 = ORIENTED_EDGE ( 'NONE', *, *, #4918, .F. ) ;
#2776 = DIRECTION ( 'NONE',  ( 0.0000000000000000000, -0.0000000000000000000, -1.000000000000000000 ) ) ;
#2777 = DIRECTION ( 'NONE',  ( 1.000000000000000000, 0.0000000000000000000, 0.0000000000000000000 ) ) ;
#2778 = SURFACE_STYLE_FILL_AREA ( #1198 ) ;
#2780 = ADVANCED_FACE ( 'NONE', ( #2315 ), #8493, .T. ) ;
#2779 = ORIENTED_EDGE ( 'NONE', *, *, #4860, .T. ) ;
#2781 = AXIS2_PLACEMENT_3D ( 'NONE', #7399, #5197, #3177 ) ;
#2782 = FILL_AREA_STYLE_COLOUR ( '', #6499 ) ;
#2783 = SURFACE_STYLE_FILL_AREA ( #1781 ) ;
#2784 = EDGE_LOOP ( 'NONE', ( #5459, #6535, #5849, #4222 ) ) ;
#2785 = FILL_AREA_STYLE ('',( #8371 ) ) ;
#2786 = ADVANCED_FACE ( 'NONE', ( #3346 ), #6415, .T. ) ;
#2787 = SURFACE_SIDE_STYLE ('',( #2689 ) ) ;
#2788 = SURFACE_STYLE_USAGE ( .BOTH. , #4249 ) ;
#2789 = EDGE_LOOP ( 'NONE', ( #5176, #3399, #4286, #4444 ) ) ;
#2790 = FACE_OUTER_BOUND ( 'NONE', #5636, .T. ) ;
#2791 = DIRECTION ( 'NONE',  ( -0.0000000000000000000, -1.000000000000000000, -0.0000000000000000000 ) ) ;
#2792 = CARTESIAN_POINT ( 'NONE',  ( -1.000000000000000000, 0.1000000000000000500, 1.500000000000000200 ) ) ;
#2793 = LINE ( 'NONE', #8856, #1710 ) ;
#2794 =( LENGTH_UNIT ( ) NAMED_UNIT ( * ) SI_UNIT ( .MILLI., .METRE. ) );
#2795 = CARTESIAN_POINT ( 'NONE',  ( 0.4499999999999999600, 0.1000000000000000500, -0.1000000000000000500 ) ) ;
#2796 = LINE ( 'NONE', #706, #4448 ) ;
#2797 = LINE ( 'NONE', #1798, #924 ) ;
#2798 = VECTOR ( 'NONE', #6152, 1000.000000000000000 ) ;
#2799 = DIRECTION ( 'NONE',  ( 0.0000000000000000000, -1.000000000000000000, 0.0000000000000000000 ) ) ;
#2800 = STYLED_ITEM ( 'NONE', ( #8544 ), #5023 ) ;
#2801 = ORIENTED_EDGE ( 'NONE', *, *, #7811, .F. ) ;
#2802 = EDGE_CURVE ( 'NONE', #2621, #4059, #8806, .T. ) ;
#2803 =( LENGTH_UNIT ( ) NAMED_UNIT ( * ) SI_UNIT ( .MILLI., .METRE. ) );
#2804 =( NAMED_UNIT ( * ) PLANE_ANGLE_UNIT ( ) SI_UNIT ( $, .RADIAN. ) );
#2805 = CARTESIAN_POINT ( 'NONE',  ( -0.4499999999999998400, 0.1000000000000000500, 0.1000000000000000500 ) ) ;
#2806 = EDGE_CURVE ( 'NONE', #1110, #1357, #2793, .T. ) ;
#2807 = FILL_AREA_STYLE ('',( #8605 ) ) ;
#2808 =( NAMED_UNIT ( * ) PLANE_ANGLE_UNIT ( ) SI_UNIT ( $, .RADIAN. ) );
#2809 = EDGE_LOOP ( 'NONE', ( #223, #515, #1995, #4130 ) ) ;
#2810 = FILL_AREA_STYLE_COLOUR ( '', #5625 ) ;
#2811 = PRESENTATION_LAYER_ASSIGNMENT (  '', '', ( #2337 ) ) ;
#2812 = PLANE ( 'NONE',  #8285 ) ;
#2813 = LINE ( 'NONE', #8665, #3016 ) ;
#2814 = CARTESIAN_POINT ( 'NONE',  ( -1.000000000000000000, 0.0000000000000000000, -0.7000000000000000700 ) ) ;
#2815 = DIRECTION ( 'NONE',  ( -0.0000000000000000000, -1.000000000000000000, -0.0000000000000000000 ) ) ;
#2816 = ORIENTED_EDGE ( 'NONE', *, *, #913, .T. ) ;
#2817 = CARTESIAN_POINT ( 'NONE',  ( -1.000000000000000000, 0.04999999999999969700, -0.4999999999999997800 ) ) ;
#2818 = VECTOR ( 'NONE', #2777, 1000.000000000000000 ) ;
#2819 = VECTOR ( 'NONE', #1367, 1000.000000000000000 ) ;
#2820 = CARTESIAN_POINT ( 'NONE',  ( 0.0000000000000000000, 0.1000000000000000100, 0.0000000000000000000 ) ) ;
#2821 = SURFACE_SIDE_STYLE ('',( #1827 ) ) ;
#2822 = ORIENTED_EDGE ( 'NONE', *, *, #7860, .F. ) ;
#2823 = LINE ( 'NONE', #5820, #86 ) ;
#2824 =( NAMED_UNIT ( * ) PLANE_ANGLE_UNIT ( ) SI_UNIT ( $, .RADIAN. ) );
#2825 =( GEOMETRIC_REPRESENTATION_CONTEXT ( 3 ) GLOBAL_UNCERTAINTY_ASSIGNED_CONTEXT ( ( #5567 ) ) GLOBAL_UNIT_ASSIGNED_CONTEXT ( ( #6757, #5329, #8090 ) ) REPRESENTATION_CONTEXT ( 'NONE', 'WORKASPACE' ) );
#2826 = CARTESIAN_POINT ( 'NONE',  ( 0.4499999999999999600, 0.0000000000000000000, 0.7000000000000000700 ) ) ;
#2827 = FACE_OUTER_BOUND ( 'NONE', #207, .T. ) ;
#2828 = CARTESIAN_POINT ( 'NONE',  ( 0.4499999999999999600, 0.1000000000000000500, 0.2999999999999999300 ) ) ;
#2829 =( NAMED_UNIT ( * ) SI_UNIT ( $, .STERADIAN. ) SOLID_ANGLE_UNIT ( ) );
#2830 = ORIENTED_EDGE ( 'NONE', *, *, #6155, .T. ) ;
#2831 = AXIS2_PLACEMENT_3D ( 'NONE', #533, #2717, #7637 ) ;
#2832 = CARTESIAN_POINT ( 'NONE',  ( -0.4499999999999991200, 0.05000000000000000300, -2.439454888092382000E-016 ) ) ;
#2833 = VECTOR ( 'NONE', #343, 1000.000000000000000 ) ;
#2834 =( NAMED_UNIT ( * ) SI_UNIT ( $, .STERADIAN. ) SOLID_ANGLE_UNIT ( ) );
#2835 = FILL_AREA_STYLE ('',( #7083 ) ) ;
#2836 = VECTOR ( 'NONE', #6385, 1000.000000000000000 ) ;
#2837 = ORIENTED_EDGE ( 'NONE', *, *, #6212, .T. ) ;
#2838 = LINE ( 'NONE', #4062, #865 ) ;
#2839 = SURFACE_STYLE_USAGE ( .BOTH. , #7087 ) ;
#2840 = VECTOR ( 'NONE', #862, 1000.000000000000000 ) ;
#2841 = FACE_OUTER_BOUND ( 'NONE', #5421, .T. ) ;
#2842 = PLANE ( 'NONE',  #6411 ) ;
#2843 = EDGE_LOOP ( 'NONE', ( #6869, #3612, #3301, #780 ) ) ;
#2844 =( GEOMETRIC_REPRESENTATION_CONTEXT ( 3 ) GLOBAL_UNCERTAINTY_ASSIGNED_CONTEXT ( ( #4491 ) ) GLOBAL_UNIT_ASSIGNED_CONTEXT ( ( #2251, #7256, #5817 ) ) REPRESENTATION_CONTEXT ( 'NONE', 'WORKASPACE' ) );
#2845 = ORIENTED_EDGE ( 'NONE', *, *, #8047, .F. ) ;
#2846 = LINE ( 'NONE', #4833, #2647 ) ;
#2847 = EDGE_LOOP ( 'NONE', ( #6952, #9102, #5737, #4936 ) ) ;
#2848 = UNCERTAINTY_MEASURE_WITH_UNIT (LENGTH_MEASURE( 1.000000000000000100E-005 ), #4540, 'distance_accuracy_value', 'NONE');
#2849 = ORIENTED_EDGE ( 'NONE', *, *, #7266, .T. ) ;
#2850 = FILL_AREA_STYLE_COLOUR ( '', #3018 ) ;
#2851 = ORIENTED_EDGE ( 'NONE', *, *, #5318, .F. ) ;
#2852 = ORIENTED_EDGE ( 'NONE', *, *, #5595, .F. ) ;
#2853 = LINE ( 'NONE', #3206, #4167 ) ;
#2854 = DIRECTION ( 'NONE',  ( -5.421010862427526100E-016, 0.0000000000000000000, 1.000000000000000000 ) ) ;
#2855 = ORIENTED_EDGE ( 'NONE', *, *, #8483, .T. ) ;
#2856 = CARTESIAN_POINT ( 'NONE',  ( 0.3000000000000006000, 0.0000000000000000000, 1.450000000000000000 ) ) ;
#2857 = EDGE_LOOP ( 'NONE', ( #4925, #6746, #428, #5207 ) ) ;
#2858 = UNCERTAINTY_MEASURE_WITH_UNIT (LENGTH_MEASURE( 1.000000000000000100E-005 ), #767, 'distance_accuracy_value', 'NONE');
#2859 = ORIENTED_EDGE ( 'NONE', *, *, #3498, .T. ) ;
#2860 = PRESENTATION_STYLE_ASSIGNMENT (( #2756 ) ) ;
#2861 = FACE_OUTER_BOUND ( 'NONE', #1889, .T. ) ;
#2862 = PRESENTATION_LAYER_ASSIGNMENT (  '', '', ( #3081 ) ) ;
#2863 = EDGE_CURVE ( 'NONE', #1064, #7523, #371, .T. ) ;
#2864 = ORIENTED_EDGE ( 'NONE', *, *, #7443, .F. ) ;
#2865 = DIRECTION ( 'NONE',  ( -0.0000000000000000000, -1.000000000000000000, -0.0000000000000000000 ) ) ;
#2866 = ORIENTED_EDGE ( 'NONE', *, *, #8120, .T. ) ;
#2867 = ORIENTED_EDGE ( 'NONE', *, *, #4750, .T. ) ;
#2868 = CARTESIAN_POINT ( 'NONE',  ( -0.4499999999999999600, 0.6852349955359816600, 0.7000000000000000700 ) ) ;
#2869 = COLOUR_RGB ( '',0.2509803921568627400, 0.2509803921568627400, 0.2509803921568627400 ) ;
#2870 = VERTEX_POINT ( 'NONE', #7379 ) ;
#2871 = DIRECTION ( 'NONE',  ( -5.421010862427526100E-016, 0.0000000000000000000, -1.000000000000000000 ) ) ;
#2872 = AXIS2_PLACEMENT_3D ( 'NONE', #8601, #7894, #102 ) ;
#2873 = ORIENTED_EDGE ( 'NONE', *, *, #2183, .F. ) ;
#2874 = PRESENTATION_STYLE_ASSIGNMENT (( #3031 ) ) ;
#2875 = ORIENTED_EDGE ( 'NONE', *, *, #16, .T. ) ;
#2876 = CARTESIAN_POINT ( 'NONE',  ( 0.9999999999999995600, 0.05000000000000000300, 2.000000000000000000 ) ) ;
#2877 = CARTESIAN_POINT ( 'NONE',  ( -0.4499999999999999000, 0.0000000000000000000, -1.800000000000000300 ) ) ;
#2878 = VECTOR ( 'NONE', #1189, 1000.000000000000000 ) ;
#2879 = AXIS2_PLACEMENT_3D ( 'NONE', #8495, #2067, #3441 ) ;
#2880 = CARTESIAN_POINT ( 'NONE',  ( 0.4499999999999999600, 0.6852349955359816600, 1.099999999999999900 ) ) ;
#2881 = VECTOR ( 'NONE', #9090, 1000.000000000000000 ) ;
#2882 = DIRECTION ( 'NONE',  ( 0.0000000000000000000, -0.0000000000000000000, 1.000000000000000000 ) ) ;
#2883 = EDGE_LOOP ( 'NONE', ( #606, #3194, #7335, #8378 ) ) ;
#2884 = CARTESIAN_POINT ( 'NONE',  ( 0.4499999999999998400, 0.6852349955359816600, 0.9000000000000000200 ) ) ;
#2885 = CARTESIAN_POINT ( 'NONE',  ( 0.4499999999999999600, 0.1000000000000000500, -0.1000000000000000500 ) ) ;
#2886 =( GEOMETRIC_REPRESENTATION_CONTEXT ( 3 ) GLOBAL_UNCERTAINTY_ASSIGNED_CONTEXT ( ( #4605 ) ) GLOBAL_UNIT_ASSIGNED_CONTEXT ( ( #3467, #8402, #4814 ) ) REPRESENTATION_CONTEXT ( 'NONE', 'WORKASPACE' ) );
#2887 = SURFACE_SIDE_STYLE ('',( #7627 ) ) ;
#2888 = LINE ( 'NONE', #642, #6795 ) ;
#2889 = CARTESIAN_POINT ( 'NONE',  ( 1.000000000000000000, 0.0000000000000000000, 1.099999999999999900 ) ) ;
#2890 = PRESENTATION_STYLE_ASSIGNMENT (( #8288 ) ) ;
#2891 = VERTEX_POINT ( 'NONE', #3658 ) ;
#2892 =( GEOMETRIC_REPRESENTATION_CONTEXT ( 3 ) GLOBAL_UNCERTAINTY_ASSIGNED_CONTEXT ( ( #8031 ) ) GLOBAL_UNIT_ASSIGNED_CONTEXT ( ( #8114, #8181, #8070 ) ) REPRESENTATION_CONTEXT ( 'NONE', 'WORKASPACE' ) );
#2893 = CARTESIAN_POINT ( 'NONE',  ( -0.4499999999999998400, 0.6852349955359816600, 1.700000000000000400 ) ) ;
#2894 = ORIENTED_EDGE ( 'NONE', *, *, #1747, .T. ) ;
#2895 = CARTESIAN_POINT ( 'NONE',  ( -0.4499999999999999600, 0.6852349955359816600, 0.7000000000000000700 ) ) ;
#2896 = UNCERTAINTY_MEASURE_WITH_UNIT (LENGTH_MEASURE( 1.000000000000000100E-005 ), #1391, 'distance_accuracy_value', 'NONE');
#2897 = STYLED_ITEM ( 'NONE', ( #4976 ), #3907 ) ;
#2898 = CARTESIAN_POINT ( 'NONE',  ( -1.000000000000000000, 0.0000000000000000000, 1.700000000000000200 ) ) ;
#2899 = VECTOR ( 'NONE', #2488, 1000.000000000000000 ) ;
#2900 = LINE ( 'NONE', #517, #8716 ) ;
#2901 = DIRECTION ( 'NONE',  ( -0.0000000000000000000, -0.0000000000000000000, 1.000000000000000000 ) ) ;
#2902 = EDGE_CURVE ( 'NONE', #5531, #8584, #7572, .T. ) ;
#2903 = LINE ( 'NONE', #4032, #1831 ) ;
#2904 = ORIENTED_EDGE ( 'NONE', *, *, #4580, .T. ) ;
#2905 = DIRECTION ( 'NONE',  ( 1.000000000000000000, -0.0000000000000000000, 0.0000000000000000000 ) ) ;
#2906 = PRESENTATION_LAYER_ASSIGNMENT (  '', '', ( #4514 ) ) ;
#2907 = LINE ( 'NONE', #7461, #5241 ) ;
#2908 = DIRECTION ( 'NONE',  ( 5.421010862427526100E-016, -0.0000000000000000000, 1.000000000000000000 ) ) ;
#2909 = VERTEX_POINT ( 'NONE', #5053 ) ;
#2910 = DIRECTION ( 'NONE',  ( -1.000000000000000000, 0.0000000000000000000, -3.942553354492742500E-016 ) ) ;
#2911 = VECTOR ( 'NONE', #1104, 1000.000000000000000 ) ;
#2912 = PLANE ( 'NONE',  #3850 ) ;
#2913 = ADVANCED_FACE ( 'NONE', ( #1260 ), #116, .T. ) ;
#2914 = CARTESIAN_POINT ( 'NONE',  ( -0.4499999999999998400, 0.6852349955359816600, -1.899999999999999900 ) ) ;
#2915 = VECTOR ( 'NONE', #4768, 1000.000000000000000 ) ;
#2916 = PLANE ( 'NONE',  #7258 ) ;
#2917 = DIRECTION ( 'NONE',  ( -0.0000000000000000000, -1.000000000000000000, -0.0000000000000000000 ) ) ;
#2918 = ORIENTED_EDGE ( 'NONE', *, *, #1755, .T. ) ;
#2919 = VECTOR ( 'NONE', #8791, 1000.000000000000000 ) ;
#2920 =( GEOMETRIC_REPRESENTATION_CONTEXT ( 3 ) GLOBAL_UNCERTAINTY_ASSIGNED_CONTEXT ( ( #7283 ) ) GLOBAL_UNIT_ASSIGNED_CONTEXT ( ( #7907, #4954, #3518 ) ) REPRESENTATION_CONTEXT ( 'NONE', 'WORKASPACE' ) );
#2921 = DIRECTION ( 'NONE',  ( 1.000000000000000000, 0.0000000000000000000, 3.942553354492742500E-016 ) ) ;
#2922 = DIRECTION ( 'NONE',  ( -5.421010862427526100E-016, 0.0000000000000000000, 1.000000000000000000 ) ) ;
#2923 = VERTEX_POINT ( 'NONE', #5812 ) ;
#2924 = CARTESIAN_POINT ( 'NONE',  ( 6.702340702637664900E-016, 0.05000000000000000300, 1.700000000000000600 ) ) ;
#2925 = DIRECTION ( 'NONE',  ( 1.000000000000000000, -0.0000000000000000000, 0.0000000000000000000 ) ) ;
#2926 = EDGE_CURVE ( 'NONE', #2404, #5017, #4769, .T. ) ;
#2927 = DIRECTION ( 'NONE',  ( 0.0000000000000000000, 1.000000000000000000, 0.0000000000000000000 ) ) ;
#2928 = DIRECTION ( 'NONE',  ( -5.421010862427526100E-016, 0.0000000000000000000, -1.000000000000000000 ) ) ;
#2929 = ORIENTED_EDGE ( 'NONE', *, *, #295, .T. ) ;
#2930 = COLOUR_RGB ( '',0.2509803921568627400, 0.2509803921568627400, 0.2509803921568627400 ) ;
#2931 = CARTESIAN_POINT ( 'NONE',  ( -1.000000000000000000, 0.04999999999999969700, -1.100000000000000300 ) ) ;
#2932 = FILL_AREA_STYLE_COLOUR ( '', #6339 ) ;
#2933 = CARTESIAN_POINT ( 'NONE',  ( -0.4499999999999998400, 0.6852349955359816600, -1.899999999999999900 ) ) ;
#2934 = VECTOR ( 'NONE', #7793, 1000.000000000000000 ) ;
#2935 = ORIENTED_EDGE ( 'NONE', *, *, #8633, .F. ) ;
#2936 = VERTEX_POINT ( 'NONE', #4316 ) ;
#2937 = VECTOR ( 'NONE', #1103, 1000.000000000000000 ) ;
#2938 = UNCERTAINTY_MEASURE_WITH_UNIT (LENGTH_MEASURE( 1.000000000000000100E-005 ), #7509, 'distance_accuracy_value', 'NONE');
#2939 = PLANE ( 'NONE',  #624 ) ;
#2940 = VERTEX_POINT ( 'NONE', #5783 ) ;
#2941 =( LENGTH_UNIT ( ) NAMED_UNIT ( * ) SI_UNIT ( .MILLI., .METRE. ) );
#2942 = CARTESIAN_POINT ( 'NONE',  ( 0.4499999999999999600, 0.6852349955359816600, 0.2999999999999999300 ) ) ;
#2943 = VERTEX_POINT ( 'NONE', #7217 ) ;
#2944 = DIRECTION ( 'NONE',  ( 5.421010862427526100E-016, -0.0000000000000000000, 1.000000000000000000 ) ) ;
#2945 = ADVANCED_FACE ( 'NONE', ( #710 ), #2213, .T. ) ;
#2946 = ORIENTED_EDGE ( 'NONE', *, *, #7192, .F. ) ;
#2947 = LINE ( 'NONE', #8401, #8439 ) ;
#2948 =( LENGTH_UNIT ( ) NAMED_UNIT ( * ) SI_UNIT ( .MILLI., .METRE. ) );
#2949 = ORIENTED_EDGE ( 'NONE', *, *, #5216, .F. ) ;
#2950 = DIRECTION ( 'NONE',  ( -1.000000000000000000, 0.0000000000000000000, -5.421010862427526100E-016 ) ) ;
#2951 = VERTEX_POINT ( 'NONE', #5988 ) ;
#2952 = FILL_AREA_STYLE ('',( #2250 ) ) ;
#2953 = VERTEX_POINT ( 'NONE', #2445 ) ;
#2954 = DIRECTION ( 'NONE',  ( -0.0000000000000000000, 1.000000000000000000, -0.0000000000000000000 ) ) ;
#2955 = VECTOR ( 'NONE', #1477, 1000.000000000000000 ) ;
#2956 = VERTEX_POINT ( 'NONE', #7409 ) ;
#2957 = STYLED_ITEM ( 'NONE', ( #9120 ), #4665 ) ;
#2958 = FACE_OUTER_BOUND ( 'NONE', #6135, .T. ) ;
#2959 = EDGE_CURVE ( 'NONE', #6232, #3666, #267, .T. ) ;
#2960 = CARTESIAN_POINT ( 'NONE',  ( 0.0000000000000000000, 0.1000000000000000100, 0.0000000000000000000 ) ) ;
#2961 = VERTEX_POINT ( 'NONE', #3155 ) ;
#2962 = DIRECTION ( 'NONE',  ( -1.000000000000000000, -0.0000000000000000000, 3.942553354492742500E-016 ) ) ;
#2963 = ORIENTED_EDGE ( 'NONE', *, *, #7994, .T. ) ;
#2964 = VECTOR ( 'NONE', #5556, 1000.000000000000000 ) ;
#2965 = FACE_OUTER_BOUND ( 'NONE', #7710, .T. ) ;
#2966 = EDGE_CURVE ( 'NONE', #3403, #7901, #8488, .T. ) ;
#2967 = SURFACE_SIDE_STYLE ('',( #1269 ) ) ;
#2968 = ORIENTED_EDGE ( 'NONE', *, *, #4628, .T. ) ;
#2969 = DIRECTION ( 'NONE',  ( 1.000000000000000000, -0.0000000000000000000, -0.0000000000000000000 ) ) ;
#2970 = CARTESIAN_POINT ( 'NONE',  ( -0.4499999999999998400, 0.05000000000000002400, -0.6999999999999998400 ) ) ;
#2971 =( NAMED_UNIT ( * ) SI_UNIT ( $, .STERADIAN. ) SOLID_ANGLE_UNIT ( ) );
#2972 = VERTEX_POINT ( 'NONE', #8140 ) ;
#2973 = VECTOR ( 'NONE', #8058, 1000.000000000000000 ) ;
#2974 = LINE ( 'NONE', #8292, #1692 ) ;
#2975 = EDGE_LOOP ( 'NONE', ( #3443, #6475, #6297, #7202 ) ) ;
#2976 = LINE ( 'NONE', #3981, #9148 ) ;
#2977 = DIRECTION ( 'NONE',  ( 1.000000000000000000, 0.0000000000000000000, 3.942553354492742500E-016 ) ) ;
#2978 = LINE ( 'NONE', #4698, #1144 ) ;
#2979 = SURFACE_STYLE_FILL_AREA ( #6613 ) ;
#2980 = CARTESIAN_POINT ( 'NONE',  ( -1.000000000000000000, 0.6852349955359816600, 0.3000000000000001600 ) ) ;
#2981 = ORIENTED_EDGE ( 'NONE', *, *, #7013, .F. ) ;
#2982 =( NAMED_UNIT ( * ) PLANE_ANGLE_UNIT ( ) SI_UNIT ( $, .RADIAN. ) );
#2983 = LINE ( 'NONE', #1159, #5891 ) ;
#2984 =( GEOMETRIC_REPRESENTATION_CONTEXT ( 3 ) GLOBAL_UNCERTAINTY_ASSIGNED_CONTEXT ( ( #5927 ) ) GLOBAL_UNIT_ASSIGNED_CONTEXT ( ( #7458, #5386, #5321 ) ) REPRESENTATION_CONTEXT ( 'NONE', 'WORKASPACE' ) );
#2985 = ORIENTED_EDGE ( 'NONE', *, *, #1298, .F. ) ;
#2986 = CARTESIAN_POINT ( 'NONE',  ( 1.000000000000000000, 0.04999999999999969700, 0.09999999999999982500 ) ) ;
#2987 = COLOUR_RGB ( '',0.2509803921568627400, 0.2509803921568627400, 0.2509803921568627400 ) ;
#2988 = CARTESIAN_POINT ( 'NONE',  ( 0.4499999999999999600, 0.1000000000000000500, -1.300000000000000300 ) ) ;
#2989 = COLOUR_RGB ( '',0.2509803921568627400, 0.2509803921568627400, 0.2509803921568627400 ) ;
#2990 = VECTOR ( 'NONE', #1520, 1000.000000000000000 ) ;
#2991 = VERTEX_POINT ( 'NONE', #5273 ) ;
#2992 = CARTESIAN_POINT ( 'NONE',  ( 0.4499999999999999600, 0.1000000000000000500, -0.9000000000000001300 ) ) ;
#2994 = PRESENTATION_STYLE_ASSIGNMENT (( #4644 ) ) ;
#2993 = DIRECTION ( 'NONE',  ( -1.000000000000000000, 0.0000000000000000000, 0.0000000000000000000 ) ) ;
#2995 = EDGE_CURVE ( 'NONE', #7960, #4620, #7465, .T. ) ;
#2996 = CARTESIAN_POINT ( 'NONE',  ( -1.000000000000000000, 0.6852349955359816600, 1.500000000000000200 ) ) ;
#2997 = ADVANCED_FACE ( 'NONE', ( #5671 ), #5746, .F. ) ;
#2998 = STYLED_ITEM ( 'NONE', ( #2603 ), #7910 ) ;
#2999 = EDGE_CURVE ( 'NONE', #4679, #4071, #5332, .T. ) ;
#3000 = DIRECTION ( 'NONE',  ( -1.000000000000000000, 0.0000000000000000000, 3.942553354492742500E-016 ) ) ;
#3001 = SURFACE_STYLE_USAGE ( .BOTH. , #7805 ) ;
#3002 = DIRECTION ( 'NONE',  ( -0.0000000000000000000, -0.0000000000000000000, 1.000000000000000000 ) ) ;
#3003 = VECTOR ( 'NONE', #6733, 1000.000000000000000 ) ;
#3004 = FILL_AREA_STYLE_COLOUR ( '', #1931 ) ;
#3005 = PRESENTATION_LAYER_ASSIGNMENT (  '', '', ( #1328 ) ) ;
#3006 = VECTOR ( 'NONE', #4512, 1000.000000000000000 ) ;
#3007 = CARTESIAN_POINT ( 'NONE',  ( 0.4499999999999998400, 0.6852349955359816600, 1.300000000000000300 ) ) ;
#3008 = ORIENTED_EDGE ( 'NONE', *, *, #7619, .T. ) ;
#3009 = VECTOR ( 'NONE', #7216, 1000.000000000000000 ) ;
#3010 = VECTOR ( 'NONE', #4569, 1000.000000000000000 ) ;
#3011 = PLANE ( 'NONE',  #7591 ) ;
#3012 = FACE_OUTER_BOUND ( 'NONE', #5630, .T. ) ;
#3013 = PRESENTATION_LAYER_ASSIGNMENT (  '', '', ( #1574 ) ) ;
#3014 = CLOSED_SHELL ( 'NONE', ( #7518, #8956, #6686, #2496, #2753, #3953 ) ) ;
#3015 = EDGE_CURVE ( 'NONE', #1605, #7361, #715, .T. ) ;
#3016 = VECTOR ( 'NONE', #929, 1000.000000000000000 ) ;
#3017 = CARTESIAN_POINT ( 'NONE',  ( -0.4499999999999998400, 0.05000000000000002400, 0.5000000000000002200 ) ) ;
#3018 = COLOUR_RGB ( '',0.2509803921568627400, 0.2509803921568627400, 0.2509803921568627400 ) ;
#3019 = DIRECTION ( 'NONE',  ( 0.0000000000000000000, 1.000000000000000000, 0.0000000000000000000 ) ) ;
#3020 = VERTEX_POINT ( 'NONE', #1428 ) ;
#3021 = CARTESIAN_POINT ( 'NONE',  ( 0.4499999999999999600, 0.1000000000000000500, -0.9000000000000001300 ) ) ;
#3022 = CARTESIAN_POINT ( 'NONE',  ( -0.09999999999999971400, 0.0000000000000000000, -1.450000000000000000 ) ) ;
#3023 = VECTOR ( 'NONE', #8705, 1000.000000000000000 ) ;
#3024 = CARTESIAN_POINT ( 'NONE',  ( -0.4499999999999998400, 0.0000000000000000000, -0.6999999999999998400 ) ) ;
#3025 = MECHANICAL_DESIGN_GEOMETRIC_PRESENTATION_REPRESENTATION (  '', ( #1641 ), #1119 ) ;
#3026 = ADVANCED_FACE ( 'NONE', ( #2593 ), #4165, .T. ) ;
#3027 = STYLED_ITEM ( 'NONE', ( #8281 ), #6374 ) ;
#3028 = EDGE_CURVE ( 'NONE', #1920, #7434, #7236, .T. ) ;
#3029 = CARTESIAN_POINT ( 'NONE',  ( -0.4499999999999999000, 0.0000000000000000000, -1.800000000000000300 ) ) ;
#3030 = VECTOR ( 'NONE', #809, 1000.000000000000000 ) ;
#3031 = SURFACE_STYLE_USAGE ( .BOTH. , #2334 ) ;
#3032 = DIRECTION ( 'NONE',  ( 0.0000000000000000000, -0.0000000000000000000, 1.000000000000000000 ) ) ;
#3033 = VERTEX_POINT ( 'NONE', #712 ) ;
#3034 = ADVANCED_FACE ( 'NONE', ( #8023 ), #916, .T. ) ;
#3035 = CARTESIAN_POINT ( 'NONE',  ( -1.000000000000000000, 0.0000000000000000000, 1.100000000000000100 ) ) ;
#3036 = FACE_OUTER_BOUND ( 'NONE', #3386, .T. ) ;
#3037 = CARTESIAN_POINT ( 'NONE',  ( -0.4499999999999998400, 0.1000000000000000500, -0.2999999999999999300 ) ) ;
#3038 = LINE ( 'NONE', #303, #1194 ) ;
#3039 = VECTOR ( 'NONE', #5115, 1000.000000000000000 ) ;
#3040 = ORIENTED_EDGE ( 'NONE', *, *, #9202, .F. ) ;
#3041 = AXIS2_PLACEMENT_3D ( 'NONE', #3873, #8821, #5300 ) ;
#3042 = CARTESIAN_POINT ( 'NONE',  ( 0.4499999999999998400, 0.1000000000000000500, -0.2999999999999999300 ) ) ;
#3043 = PLANE ( 'NONE',  #1697 ) ;
#3044 = CARTESIAN_POINT ( 'NONE',  ( 0.4499999999999999600, 0.1000000000000000500, -0.9000000000000001300 ) ) ;
#3045 = ORIENTED_EDGE ( 'NONE', *, *, #6363, .F. ) ;
#3046 = VECTOR ( 'NONE', #5684, 1000.000000000000000 ) ;
#3047 = ADVANCED_FACE ( 'NONE', ( #3464 ), #7795, .F. ) ;
#3048 = ORIENTED_EDGE ( 'NONE', *, *, #8883, .F. ) ;
#3049 = PRESENTATION_LAYER_ASSIGNMENT (  '', '', ( #1319 ) ) ;
#3050 = ORIENTED_EDGE ( 'NONE', *, *, #5681, .F. ) ;
#3051 = CARTESIAN_POINT ( 'NONE',  ( -0.09999999999999982500, 0.05000000000000000300, 2.956915015869551600E-017 ) ) ;
#3052 = DIRECTION ( 'NONE',  ( 0.0000000000000000000, -0.0000000000000000000, 1.000000000000000000 ) ) ;
#3053 = DIRECTION ( 'NONE',  ( 5.421010862427526100E-016, -0.0000000000000000000, 1.000000000000000000 ) ) ;
#3054 = PLANE ( 'NONE',  #4793 ) ;
#3055 = SURFACE_STYLE_FILL_AREA ( #6679 ) ;
#3056 = EDGE_LOOP ( 'NONE', ( #9135, #7740, #2851, #2759 ) ) ;
#3057 = ORIENTED_EDGE ( 'NONE', *, *, #6559, .F. ) ;
#3058 = UNCERTAINTY_MEASURE_WITH_UNIT (LENGTH_MEASURE( 1.000000000000000100E-005 ), #4900, 'distance_accuracy_value', 'NONE');
#3059 = STYLED_ITEM ( 'NONE', ( #8465 ), #2516 ) ;
#3060 = DIRECTION ( 'NONE',  ( 0.0000000000000000000, -0.0000000000000000000, 1.000000000000000000 ) ) ;
#3061 = EDGE_LOOP ( 'NONE', ( #3209, #7119, #2538, #5052 ) ) ;
#3062 = VERTEX_POINT ( 'NONE', #2988 ) ;
#3063 = VECTOR ( 'NONE', #7360, 1000.000000000000000 ) ;
#3064 = ORIENTED_EDGE ( 'NONE', *, *, #3348, .F. ) ;
#3065 = CARTESIAN_POINT ( 'NONE',  ( -0.4499999999999998400, 0.1000000000000000500, 0.5000000000000002200 ) ) ;
#3066 = VECTOR ( 'NONE', #5972, 1000.000000000000000 ) ;
#3067 = FILL_AREA_STYLE_COLOUR ( '', #9065 ) ;
#3068 = MECHANICAL_DESIGN_GEOMETRIC_PRESENTATION_REPRESENTATION (  '', ( #8471 ), #8027 ) ;
#3069 = ORIENTED_EDGE ( 'NONE', *, *, #9113, .F. ) ;
#3070 = ORIENTED_EDGE ( 'NONE', *, *, #4860, .F. ) ;
#3071 = LINE ( 'NONE', #779, #2550 ) ;
#3072 = ADVANCED_FACE ( 'NONE', ( #9171 ), #182, .F. ) ;
#3073 = VECTOR ( 'NONE', #6380, 1000.000000000000000 ) ;
#3074 = ORIENTED_EDGE ( 'NONE', *, *, #3096, .F. ) ;
#3075 = EDGE_CURVE ( 'NONE', #8387, #1087, #6348, .T. ) ;
#3076 = EDGE_LOOP ( 'NONE', ( #546, #8636, #4403, #1240 ) ) ;
#3077 = CARTESIAN_POINT ( 'NONE',  ( 0.0000000000000000000, 0.05000000000000000300, -0.9000000000000001300 ) ) ;
#3078 = LINE ( 'NONE', #7052, #6875 ) ;
#3079 = ORIENTED_EDGE ( 'NONE', *, *, #9088, .F. ) ;
#3080 = FILL_AREA_STYLE_COLOUR ( '', #840 ) ;
#3081 = STYLED_ITEM ( 'NONE', ( #8033 ), #6606 ) ;
#3082 = ADVANCED_FACE ( 'NONE', ( #6805 ), #2131, .T. ) ;
#3083 = CARTESIAN_POINT ( 'NONE',  ( 1.000000000000000000, 0.04999999999999969700, -0.1000000000000000500 ) ) ;
#3084 = ORIENTED_EDGE ( 'NONE', *, *, #6789, .F. ) ;
#3085 = PRESENTATION_LAYER_ASSIGNMENT (  '', '', ( #2800 ) ) ;
#3086 = EDGE_CURVE ( 'NONE', #5057, #4573, #5211, .T. ) ;
#3087 = LINE ( 'NONE', #3383, #8350 ) ;
#3088 = EDGE_CURVE ( 'NONE', #2636, #104, #5786, .T. ) ;
#3089 = EDGE_LOOP ( 'NONE', ( #8087, #3477, #584, #2535 ) ) ;
#3090 = CARTESIAN_POINT ( 'NONE',  ( 0.4499999999999999600, 0.6852349955359816600, 0.7000000000000000700 ) ) ;
#3091 = CARTESIAN_POINT ( 'NONE',  ( 1.000000000000000000, 0.6852349955359816600, 0.2999999999999999300 ) ) ;
#3092 = COLOUR_RGB ( '',0.7921568627450980000, 0.8196078431372548800, 0.9333333333333333500 ) ;
#3093 = CARTESIAN_POINT ( 'NONE',  ( 0.0000000000000000000, 0.1000000000000000100, 0.0000000000000000000 ) ) ;
#3094 = ORIENTED_EDGE ( 'NONE', *, *, #2024, .T. ) ;
#3095 = ADVANCED_FACE ( 'NONE', ( #501 ), #8148, .F. ) ;
#3096 = EDGE_CURVE ( 'NONE', #1465, #9114, #4879, .T. ) ;
#3097 = CARTESIAN_POINT ( 'NONE',  ( 0.0000000000000000000, 0.1000000000000000100, 0.0000000000000000000 ) ) ;
#3098 = ORIENTED_EDGE ( 'NONE', *, *, #3910, .F. ) ;
#3099 = DIRECTION ( 'NONE',  ( -0.7071067811865436900, 0.0000000000000000000, -0.7071067811865513500 ) ) ;
#3100 = VECTOR ( 'NONE', #2768, 1000.000000000000000 ) ;
#3101 = CARTESIAN_POINT ( 'NONE',  ( 0.0000000000000000000, 0.0000000000000000000, 0.8000000000000000400 ) ) ;
#3102 = SURFACE_STYLE_USAGE ( .BOTH. , #7334 ) ;
#3103 = ORIENTED_EDGE ( 'NONE', *, *, #7850, .F. ) ;
#3104 = FILL_AREA_STYLE_COLOUR ( '', #5463 ) ;
#3105 = CARTESIAN_POINT ( 'NONE',  ( 0.4499999999999998400, 0.6852349955359816600, 0.5000000000000002200 ) ) ;
#3106 = LINE ( 'NONE', #438, #5195 ) ;
#3107 = STYLED_ITEM ( 'NONE', ( #542 ), #6825 ) ;
#3108 = AXIS2_PLACEMENT_3D ( 'NONE', #518, #6132, #8362 ) ;
#3109 = DIRECTION ( 'NONE',  ( -1.000000000000000000, -0.0000000000000000000, 3.942553354492742500E-016 ) ) ;
#3110 = PLANE ( 'NONE',  #2159 ) ;
#3111 = VECTOR ( 'NONE', #6642, 1000.000000000000000 ) ;
#3112 = EDGE_CURVE ( 'NONE', #8814, #2724, #7915, .T. ) ;
#3113 = VECTOR ( 'NONE', #101, 1000.000000000000000 ) ;
#3114 = LINE ( 'NONE', #6625, #1256 ) ;
#3115 = ORIENTED_EDGE ( 'NONE', *, *, #5999, .T. ) ;
#3116 = SURFACE_SIDE_STYLE ('',( #2442 ) ) ;
#3117 = AXIS2_PLACEMENT_3D ( 'NONE', #5647, #7207, #3032 ) ;
#3118 = CARTESIAN_POINT ( 'NONE',  ( 0.0000000000000000000, 0.0000000000000000000, 0.4000000000000000200 ) ) ;
#3119 = DIRECTION ( 'NONE',  ( 0.0000000000000000000, -1.000000000000000000, 0.0000000000000000000 ) ) ;
#3120 = PRESENTATION_STYLE_ASSIGNMENT (( #244 ) ) ;
#3121 = LINE ( 'NONE', #3984, #7576 ) ;
#3122 = DIRECTION ( 'NONE',  ( -0.0000000000000000000, 0.0000000000000000000, 1.000000000000000000 ) ) ;
#3123 = SURFACE_STYLE_USAGE ( .BOTH. , #3157 ) ;
#3124 = ORIENTED_EDGE ( 'NONE', *, *, #1871, .F. ) ;
#3125 = CARTESIAN_POINT ( 'NONE',  ( 1.000000000000000000, 0.04999999999999969700, 1.500000000000000000 ) ) ;
#3126 = ORIENTED_EDGE ( 'NONE', *, *, #3712, .F. ) ;
#3127 =( NAMED_UNIT ( * ) PLANE_ANGLE_UNIT ( ) SI_UNIT ( $, .RADIAN. ) );
#3128 = SURFACE_STYLE_FILL_AREA ( #4225 ) ;
#3129 = PLANE ( 'NONE',  #8602 ) ;
#3130 = EDGE_CURVE ( 'NONE', #5664, #5213, #4669, .T. ) ;
#3131 = AXIS2_PLACEMENT_3D ( 'NONE', #4543, #3835, #8784 ) ;
#3132 = COLOUR_RGB ( '',0.2509803921568627400, 0.2509803921568627400, 0.2509803921568627400 ) ;
#3133 = FILL_AREA_STYLE ('',( #6094 ) ) ;
#3134 = LINE ( 'NONE', #5435, #1279 ) ;
#3135 = ORIENTED_EDGE ( 'NONE', *, *, #4887, .T. ) ;
#3136 = FILL_AREA_STYLE_COLOUR ( '', #6986 ) ;
#3137 = CARTESIAN_POINT ( 'NONE',  ( -0.4499999999999999600, 0.6852349955359816600, 1.099999999999999900 ) ) ;
#3138 = UNCERTAINTY_MEASURE_WITH_UNIT (LENGTH_MEASURE( 1.000000000000000100E-005 ), #4823, 'distance_accuracy_value', 'NONE');
#3139 = STYLED_ITEM ( 'NONE', ( #8595 ), #3187 ) ;
#3140 = LINE ( 'NONE', #6935, #4585 ) ;
#3141 = DIRECTION ( 'NONE',  ( 1.000000000000000000, 0.0000000000000000000, -3.942553354492742500E-016 ) ) ;
#3142 = SURFACE_STYLE_USAGE ( .BOTH. , #293 ) ;
#3143 = ORIENTED_EDGE ( 'NONE', *, *, #3395, .F. ) ;
#3144 = LINE ( 'NONE', #302, #6711 ) ;
#3145 = CARTESIAN_POINT ( 'NONE',  ( -0.7500000000000000000, 0.5500000000000000400, -1.750000000000000000 ) ) ;
#3146 = DIRECTION ( 'NONE',  ( 1.000000000000000000, -0.0000000000000000000, -3.942553354492742500E-016 ) ) ;
#3147 = AXIS2_PLACEMENT_3D ( 'NONE', #1187, #4654, #4706 ) ;
#3148 = FILL_AREA_STYLE ('',( #5978 ) ) ;
#3149 = AXIS2_PLACEMENT_3D ( 'NONE', #5538, #6280, #1991 ) ;
#3150 = VECTOR ( 'NONE', #2012, 1000.000000000000000 ) ;
#3151 = DIRECTION ( 'NONE',  ( -1.000000000000000000, 0.0000000000000000000, 0.0000000000000000000 ) ) ;
#3152 = EDGE_CURVE ( 'NONE', #4059, #8914, #2797, .T. ) ;
#3153 = EDGE_CURVE ( 'NONE', #608, #5941, #5908, .T. ) ;
#3154 = DIRECTION ( 'NONE',  ( 0.0000000000000000000, -0.0000000000000000000, 1.000000000000000000 ) ) ;
#3155 = CARTESIAN_POINT ( 'NONE',  ( 0.1000000000000003100, 0.0000000000000000000, -2.000000000000000000 ) ) ;
#3156 = EDGE_LOOP ( 'NONE', ( #7290, #308, #8025, #5626 ) ) ;
#3157 = SURFACE_SIDE_STYLE ('',( #4131 ) ) ;
#3158 = CARTESIAN_POINT ( 'NONE',  ( -0.7500000000000000000, 0.5500000000000000400, -1.750000000000000000 ) ) ;
#3159 = CARTESIAN_POINT ( 'NONE',  ( -0.4499999999999998400, 0.0000000000000000000, 0.9000000000000000200 ) ) ;
#3160 = CARTESIAN_POINT ( 'NONE',  ( -0.4500000000000000100, 0.05000000000000000300, -2.439454888092386900E-016 ) ) ;
#3161 = CARTESIAN_POINT ( 'NONE',  ( 0.4499999999999999600, 0.6852349955359816600, -0.9000000000000001300 ) ) ;
#3162 = LINE ( 'NONE', #4061, #4482 ) ;
#3163 = CARTESIAN_POINT ( 'NONE',  ( -0.4499999999999999600, 0.0000000000000000000, 0.7000000000000000700 ) ) ;
#3164 = CARTESIAN_POINT ( 'NONE',  ( -1.000000000000000000, 0.6852349955359816600, 0.3000000000000001600 ) ) ;
#3165 = ORIENTED_EDGE ( 'NONE', *, *, #4095, .F. ) ;
#3166 = MECHANICAL_DESIGN_GEOMETRIC_PRESENTATION_REPRESENTATION (  '', ( #3107 ), #6504 ) ;
#3167 = EDGE_CURVE ( 'NONE', #2621, #8237, #2020, .T. ) ;
#3168 = DIRECTION ( 'NONE',  ( 1.000000000000000000, 0.0000000000000000000, 0.0000000000000000000 ) ) ;
#3169 = DIRECTION ( 'NONE',  ( 0.0000000000000000000, 0.0000000000000000000, -1.000000000000000000 ) ) ;
#3170 = DIRECTION ( 'NONE',  ( 0.0000000000000000000, 0.0000000000000000000, -1.000000000000000000 ) ) ;
#3171 = LINE ( 'NONE', #7189, #3921 ) ;
#3172 = FILL_AREA_STYLE_COLOUR ( '', #8547 ) ;
#3173 = SURFACE_STYLE_FILL_AREA ( #914 ) ;
#3174 = ORIENTED_EDGE ( 'NONE', *, *, #6730, .T. ) ;
#3175 = VECTOR ( 'NONE', #8666, 1000.000000000000000 ) ;
#3176 = PLANE ( 'NONE',  #5136 ) ;
#3177 = DIRECTION ( 'NONE',  ( -0.0000000000000000000, 0.0000000000000000000, 1.000000000000000000 ) ) ;
#3178 = FILL_AREA_STYLE_COLOUR ( '', #1284 ) ;
#3179 = LINE ( 'NONE', #6808, #6851 ) ;
#3180 = DIRECTION ( 'NONE',  ( 0.0000000000000000000, -0.0000000000000000000, 1.000000000000000000 ) ) ;
#3181 = ORIENTED_EDGE ( 'NONE', *, *, #3498, .F. ) ;
#3182 = PRESENTATION_LAYER_ASSIGNMENT (  '', '', ( #7162 ) ) ;
#3183 = ADVANCED_FACE ( 'NONE', ( #8139 ), #1704, .T. ) ;
#3184 = ORIENTED_EDGE ( 'NONE', *, *, #1723, .F. ) ;
#3185 = EDGE_LOOP ( 'NONE', ( #8145, #748, #5519, #992 ) ) ;
#3186 = PLANE ( 'NONE',  #7933 ) ;
#3187 = ADVANCED_FACE ( 'NONE', ( #8812 ), #8115, .T. ) ;
#3188 = CARTESIAN_POINT ( 'NONE',  ( 1.000000000000000000, 0.1000000000000000500, -1.700000000000000200 ) ) ;
#3189 = ORIENTED_EDGE ( 'NONE', *, *, #3086, .F. ) ;
#3190 = ORIENTED_EDGE ( 'NONE', *, *, #7709, .T. ) ;
#3191 = FACE_OUTER_BOUND ( 'NONE', #4981, .T. ) ;
#3192 = MANIFOLD_SOLID_BREP ( 'Housing', #3543 ) ;
#3193 = DIRECTION ( 'NONE',  ( -0.0000000000000000000, -0.0000000000000000000, 1.000000000000000000 ) ) ;
#3194 = ORIENTED_EDGE ( 'NONE', *, *, #7739, .T. ) ;
#3195 = FILL_AREA_STYLE ('',( #7548 ) ) ;
#3196 = VERTEX_POINT ( 'NONE', #333 ) ;
#3197 = DIRECTION ( 'NONE',  ( -0.7071067811865438000, 0.0000000000000000000, -0.7071067811865513500 ) ) ;
#3198 = DIRECTION ( 'NONE',  ( 0.0000000000000000000, -1.000000000000000000, 0.0000000000000000000 ) ) ;
#3199 = ORIENTED_EDGE ( 'NONE', *, *, #6906, .T. ) ;
#3200 = ADVANCED_FACE ( 'NONE', ( #4206 ), #529, .F. ) ;
#3201 = EDGE_LOOP ( 'NONE', ( #7928, #4743, #622, #2473, #2308 ) ) ;
#3202 = STYLED_ITEM ( 'NONE', ( #2001 ), #2640 ) ;
#3203 = DIRECTION ( 'NONE',  ( -0.0000000000000000000, -1.000000000000000000, -0.0000000000000000000 ) ) ;
#3204 = CARTESIAN_POINT ( 'NONE',  ( -1.000000000000000000, 0.6852349955359816600, -0.7000000000000000700 ) ) ;
#3205 = VECTOR ( 'NONE', #510, 1000.000000000000000 ) ;
#3206 = CARTESIAN_POINT ( 'NONE',  ( 0.4499999999999999600, 0.6852349955359816600, -1.700000000000000200 ) ) ;
#3207 = EDGE_LOOP ( 'NONE', ( #671, #2985, #2521, #6903 ) ) ;
#3208 = DIRECTION ( 'NONE',  ( 5.421010862427526100E-016, 0.0000000000000000000, -1.000000000000000000 ) ) ;
#3209 = ORIENTED_EDGE ( 'NONE', *, *, #1348, .T. ) ;
#3210 = LINE ( 'NONE', #629, #2964 ) ;
#3211 = FILL_AREA_STYLE_COLOUR ( '', #2612 ) ;
#3212 = VECTOR ( 'NONE', #1225, 1000.000000000000000 ) ;
#3213 = PLANE ( 'NONE',  #7533 ) ;
#3214 = ORIENTED_EDGE ( 'NONE', *, *, #5735, .F. ) ;
#3215 = VECTOR ( 'NONE', #6944, 1000.000000000000000 ) ;
#3216 = FILL_AREA_STYLE_COLOUR ( '', #7210 ) ;
#3217 = SURFACE_STYLE_USAGE ( .BOTH. , #445 ) ;
#3218 =( NAMED_UNIT ( * ) PLANE_ANGLE_UNIT ( ) SI_UNIT ( $, .RADIAN. ) );
#3219 = ORIENTED_EDGE ( 'NONE', *, *, #1542, .T. ) ;
#3220 = ORIENTED_EDGE ( 'NONE', *, *, #6963, .F. ) ;
#3221 = EDGE_CURVE ( 'NONE', #6968, #8984, #4327, .T. ) ;
#3222 = VECTOR ( 'NONE', #561, 1000.000000000000000 ) ;
#3223 = EDGE_CURVE ( 'NONE', #4086, #2953, #1382, .T. ) ;
#3224 =( NAMED_UNIT ( * ) SI_UNIT ( $, .STERADIAN. ) SOLID_ANGLE_UNIT ( ) );
#3225 = DIRECTION ( 'NONE',  ( 0.0000000000000000000, -0.0000000000000000000, 1.000000000000000000 ) ) ;
#3226 = DIRECTION ( 'NONE',  ( 1.000000000000000000, 0.0000000000000000000, 3.942553354492742500E-016 ) ) ;
#3227 = CARTESIAN_POINT ( 'NONE',  ( -0.4499999999999999600, 0.6852349955359816600, 1.500000000000000000 ) ) ;
#3228 = VECTOR ( 'NONE', #6775, 1000.000000000000000 ) ;
#3229 = CARTESIAN_POINT ( 'NONE',  ( 0.4499999999999999600, 0.1000000000000000500, 1.900000000000000100 ) ) ;
#3230 = EDGE_CURVE ( 'NONE', #8878, #444, #1489, .T. ) ;
#3231 = PRESENTATION_STYLE_ASSIGNMENT (( #6745 ) ) ;
#3232 =( NAMED_UNIT ( * ) PLANE_ANGLE_UNIT ( ) SI_UNIT ( $, .RADIAN. ) );
#3233 =( NAMED_UNIT ( * ) SI_UNIT ( $, .STERADIAN. ) SOLID_ANGLE_UNIT ( ) );
#3234 = ORIENTED_EDGE ( 'NONE', *, *, #6271, .T. ) ;
#3235 = VECTOR ( 'NONE', #6554, 1000.000000000000000 ) ;
#3236 = CARTESIAN_POINT ( 'NONE',  ( -1.000000000000000000, 0.6852349955359816600, -0.3000000000000001600 ) ) ;
#3237 = ORIENTED_EDGE ( 'NONE', *, *, #8475, .F. ) ;
#3238 = DIRECTION ( 'NONE',  ( -0.0000000000000000000, -1.000000000000000000, -0.0000000000000000000 ) ) ;
#3239 = SURFACE_STYLE_FILL_AREA ( #1767 ) ;
#3240 = ORIENTED_EDGE ( 'NONE', *, *, #2166, .T. ) ;
#3241 = ADVANCED_FACE ( 'NONE', ( #2224 ), #8995, .F. ) ;
#3242 =( NAMED_UNIT ( * ) PLANE_ANGLE_UNIT ( ) SI_UNIT ( $, .RADIAN. ) );
#3243 = PRESENTATION_LAYER_ASSIGNMENT (  '', '', ( #7215 ) ) ;
#3244 = CARTESIAN_POINT ( 'NONE',  ( 0.0000000000000000000, 0.1000000000000000100, 0.0000000000000000000 ) ) ;
#3245 =( LENGTH_UNIT ( ) NAMED_UNIT ( * ) SI_UNIT ( .MILLI., .METRE. ) );
#3246 = CARTESIAN_POINT ( 'NONE',  ( 0.4499999999999999600, 0.1000000000000000500, -1.700000000000000200 ) ) ;
#3247 = DIRECTION ( 'NONE',  ( 1.000000000000000000, 0.0000000000000000000, -5.421010862427526100E-016 ) ) ;
#3248 = UNCERTAINTY_MEASURE_WITH_UNIT (LENGTH_MEASURE( 1.000000000000000100E-005 ), #2573, 'distance_accuracy_value', 'NONE');
#3249 = VECTOR ( 'NONE', #1534, 1000.000000000000000 ) ;
#3250 = LINE ( 'NONE', #2009, #7139 ) ;
#3251 = ORIENTED_EDGE ( 'NONE', *, *, #5416, .T. ) ;
#3252 = EDGE_CURVE ( 'NONE', #6011, #7048, #8130, .T. ) ;
#3253 = DIRECTION ( 'NONE',  ( 1.000000000000000000, 0.0000000000000000000, 0.0000000000000000000 ) ) ;
#3254 = LINE ( 'NONE', #46, #5339 ) ;
#3255 = DIRECTION ( 'NONE',  ( -3.942553354492742500E-016, 0.0000000000000000000, -1.000000000000000000 ) ) ;
#3256 = VECTOR ( 'NONE', #5470, 1000.000000000000000 ) ;
#3257 = DIRECTION ( 'NONE',  ( -0.0000000000000000000, -0.0000000000000000000, 1.000000000000000000 ) ) ;
#3258 = ADVANCED_FACE ( 'NONE', ( #1705 ), #4611, .F. ) ;
#3259 = DIRECTION ( 'NONE',  ( 0.0000000000000000000, 0.0000000000000000000, -1.000000000000000000 ) ) ;
#3260 = PRESENTATION_LAYER_ASSIGNMENT (  '', '', ( #8994 ) ) ;
#3261 = ORIENTED_EDGE ( 'NONE', *, *, #2509, .F. ) ;
#3262 = DIRECTION ( 'NONE',  ( 0.0000000000000000000, -1.000000000000000000, 0.0000000000000000000 ) ) ;
#3263 = UNCERTAINTY_MEASURE_WITH_UNIT (LENGTH_MEASURE( 1.000000000000000100E-005 ), #178, 'distance_accuracy_value', 'NONE');
#3264 = PRESENTATION_STYLE_ASSIGNMENT (( #2431 ) ) ;
#3265 = DIRECTION ( 'NONE',  ( 0.0000000000000000000, 0.0000000000000000000, -1.000000000000000000 ) ) ;
#3266 = SURFACE_STYLE_USAGE ( .BOTH. , #8217 ) ;
#3267 = PLANE ( 'NONE',  #1219 ) ;
#3268 = CARTESIAN_POINT ( 'NONE',  ( -0.4499999999999999600, 0.05000000000000002400, -0.9000000000000001300 ) ) ;
#3269 = VECTOR ( 'NONE', #2773, 1000.000000000000000 ) ;
#3270 = VERTEX_POINT ( 'NONE', #7574 ) ;
#3271 = LINE ( 'NONE', #7348, #4136 ) ;
#3272 = DIRECTION ( 'NONE',  ( 0.0000000000000000000, 0.0000000000000000000, -1.000000000000000000 ) ) ;
#3273 = SURFACE_STYLE_FILL_AREA ( #2807 ) ;
#3274 = CARTESIAN_POINT ( 'NONE',  ( 0.4499999999999998400, 0.6852349955359816600, -1.099999999999999900 ) ) ;
#3275 = ORIENTED_EDGE ( 'NONE', *, *, #4581, .T. ) ;
#3276 = DIRECTION ( 'NONE',  ( 1.000000000000000000, 0.0000000000000000000, -5.421010862427526100E-016 ) ) ;
#3277 = AXIS2_PLACEMENT_3D ( 'NONE', #1461, #2927, #4363 ) ;
#3278 =( GEOMETRIC_REPRESENTATION_CONTEXT ( 3 ) GLOBAL_UNCERTAINTY_ASSIGNED_CONTEXT ( ( #4708 ) ) GLOBAL_UNIT_ASSIGNED_CONTEXT ( ( #7873, #4892, #2094 ) ) REPRESENTATION_CONTEXT ( 'NONE', 'WORKASPACE' ) );
#3279 = EDGE_CURVE ( 'NONE', #1666, #718, #1032, .T. ) ;
#3280 = VECTOR ( 'NONE', #5722, 1000.000000000000000 ) ;
#3281 = DIRECTION ( 'NONE',  ( -0.0000000000000000000, -1.000000000000000000, -0.0000000000000000000 ) ) ;
#3282 = ADVANCED_FACE ( 'NONE', ( #5549 ), #6829, .F. ) ;
#3283 = DIRECTION ( 'NONE',  ( 0.0000000000000000000, 0.0000000000000000000, -1.000000000000000000 ) ) ;
#3284 = ORIENTED_EDGE ( 'NONE', *, *, #1445, .F. ) ;
#3285 = CARTESIAN_POINT ( 'NONE',  ( -0.4499999999999999600, 0.6852349955359816600, 0.7000000000000000700 ) ) ;
#3286 =( NAMED_UNIT ( * ) SI_UNIT ( $, .STERADIAN. ) SOLID_ANGLE_UNIT ( ) );
#3287 = VECTOR ( 'NONE', #5696, 1000.000000000000000 ) ;
#3288 = ORIENTED_EDGE ( 'NONE', *, *, #7286, .T. ) ;
#3289 = STYLED_ITEM ( 'NONE', ( #77 ), #7008 ) ;
#3290 = VECTOR ( 'NONE', #6404, 1000.000000000000000 ) ;
#3291 = DIRECTION ( 'NONE',  ( 0.0000000000000000000, -0.0000000000000000000, 1.000000000000000000 ) ) ;
#3292 = CARTESIAN_POINT ( 'NONE',  ( 0.4499999999999999600, 0.6852349955359816600, -0.1000000000000000500 ) ) ;
#3293 = VERTEX_POINT ( 'NONE', #3318 ) ;
#3294 = DIRECTION ( 'NONE',  ( 0.0000000000000000000, -1.000000000000000000, 0.0000000000000000000 ) ) ;
#3295 = LINE ( 'NONE', #5189, #103 ) ;
#3296 = VERTEX_POINT ( 'NONE', #1825 ) ;
#3297 = CARTESIAN_POINT ( 'NONE',  ( 1.000000000000000000, 0.6852349955359816600, 1.500000000000000000 ) ) ;
#3298 = STYLED_ITEM ( 'NONE', ( #7247 ), #7343 ) ;
#3299 = DIRECTION ( 'NONE',  ( 0.0000000000000000000, -1.000000000000000000, 0.0000000000000000000 ) ) ;
#3300 = EDGE_LOOP ( 'NONE', ( #1257, #567, #3355, #8380 ) ) ;
#3301 = ORIENTED_EDGE ( 'NONE', *, *, #657, .T. ) ;
#3302 = ORIENTED_EDGE ( 'NONE', *, *, #254, .T. ) ;
#3303 = DIRECTION ( 'NONE',  ( 5.421010862427526100E-016, -0.0000000000000000000, 1.000000000000000000 ) ) ;
#3304 = CARTESIAN_POINT ( 'NONE',  ( 2.759787348144918500E-016, 0.05000000000000000300, -0.6999999999999996200 ) ) ;
#3305 = EDGE_LOOP ( 'NONE', ( #4309, #7814, #4638, #2086 ) ) ;
#3306 = LINE ( 'NONE', #1156, #8766 ) ;
#3307 = UNCERTAINTY_MEASURE_WITH_UNIT (LENGTH_MEASURE( 1.000000000000000100E-005 ), #1215, 'distance_accuracy_value', 'NONE');
#3308 = DIRECTION ( 'NONE',  ( 1.000000000000000000, 0.0000000000000000000, -3.942553354492742500E-016 ) ) ;
#3309 = ORIENTED_EDGE ( 'NONE', *, *, #264, .F. ) ;
#3310 = CARTESIAN_POINT ( 'NONE',  ( 0.4499999999999998400, 0.05000000000000002400, -1.099999999999999900 ) ) ;
#3311 = CARTESIAN_POINT ( 'NONE',  ( -1.000000000000000000, 0.6852349955359816600, 1.100000000000000100 ) ) ;
#3312 = EDGE_CURVE ( 'NONE', #6859, #6077, #5770, .T. ) ;
#3313 = CARTESIAN_POINT ( 'NONE',  ( 0.4499999999999999600, 0.1000000000000000500, 0.2999999999999999300 ) ) ;
#3314 = ORIENTED_EDGE ( 'NONE', *, *, #6496, .T. ) ;
#3315 = PLANE ( 'NONE',  #7005 ) ;
#3316 = STYLED_ITEM ( 'NONE', ( #3745 ), #8622 ) ;
#3317 = EDGE_CURVE ( 'NONE', #5873, #7405, #3447, .T. ) ;
#3318 = CARTESIAN_POINT ( 'NONE',  ( 1.000000000000000000, 0.1000000000000000500, 0.5000000000000000000 ) ) ;
#3319 = ORIENTED_EDGE ( 'NONE', *, *, #6780, .T. ) ;
#3320 = PRESENTATION_LAYER_ASSIGNMENT (  '', '', ( #6179 ) ) ;
#3321 = FACE_OUTER_BOUND ( 'NONE', #8492, .T. ) ;
#3322 = ADVANCED_FACE ( 'NONE', ( #2454 ), #1329, .T. ) ;
#3323 = DIRECTION ( 'NONE',  ( -5.421010862427526100E-016, 0.0000000000000000000, -1.000000000000000000 ) ) ;
#3324 = ORIENTED_EDGE ( 'NONE', *, *, #4256, .F. ) ;
#3325 = LINE ( 'NONE', #7239, #2765 ) ;
#3326 = SURFACE_SIDE_STYLE ('',( #2068 ) ) ;
#3327 = COLOUR_RGB ( '',0.7921568627450980000, 0.8196078431372548800, 0.9333333333333333500 ) ;
#3328 = CARTESIAN_POINT ( 'NONE',  ( 0.1000000000000007000, 0.1000000000000000100, 1.450000000000000000 ) ) ;
#3329 = ORIENTED_EDGE ( 'NONE', *, *, #3712, .T. ) ;
#3330 = AXIS2_PLACEMENT_3D ( 'NONE', #8645, #4288, #3634 ) ;
#3331 = CARTESIAN_POINT ( 'NONE',  ( 0.4499999999999999600, 0.6852349955359816600, 0.2999999999999999300 ) ) ;
#3332 = LINE ( 'NONE', #5962, #4862 ) ;
#3333 = AXIS2_PLACEMENT_3D ( 'NONE', #2463, #249, #5191 ) ;
#3334 = VECTOR ( 'NONE', #6865, 1000.000000000000000 ) ;
#3335 = DIRECTION ( 'NONE',  ( 1.000000000000000000, 0.0000000000000000000, -5.421010862427526100E-016 ) ) ;
#3336 = VERTEX_POINT ( 'NONE', #1265 ) ;
#3337 = DIRECTION ( 'NONE',  ( -1.000000000000000000, -0.0000000000000000000, 3.942553354492742500E-016 ) ) ;
#3338 = DIRECTION ( 'NONE',  ( 0.0000000000000000000, 1.000000000000000000, 0.0000000000000000000 ) ) ;
#3339 = CARTESIAN_POINT ( 'NONE',  ( -0.4499999999999999600, 0.6852349955359816600, -0.5000000000000000000 ) ) ;
#3340 = PRESENTATION_STYLE_ASSIGNMENT (( #3456 ) ) ;
#3341 =( LENGTH_UNIT ( ) NAMED_UNIT ( * ) SI_UNIT ( .MILLI., .METRE. ) );
#3342 = PLANE ( 'NONE',  #291 ) ;
#3343 = VECTOR ( 'NONE', #5079, 1000.000000000000000 ) ;
#3344 = ORIENTED_EDGE ( 'NONE', *, *, #5661, .T. ) ;
#3345 = FILL_AREA_STYLE_COLOUR ( '', #683 ) ;
#3346 = FACE_OUTER_BOUND ( 'NONE', #7281, .T. ) ;
#3347 = AXIS2_PLACEMENT_3D ( 'NONE', #1053, #3814, #6031 ) ;
#3348 = EDGE_CURVE ( 'NONE', #5290, #4560, #804, .T. ) ;
#3349 =( NAMED_UNIT ( * ) PLANE_ANGLE_UNIT ( ) SI_UNIT ( $, .RADIAN. ) );
#3350 = ORIENTED_EDGE ( 'NONE', *, *, #8120, .F. ) ;
#3351 = FILL_AREA_STYLE ('',( #4843 ) ) ;
#3352 = CARTESIAN_POINT ( 'NONE',  ( -1.000000000000000000, 0.1000000000000000500, -0.4999999999999997800 ) ) ;
#3353 = ORIENTED_EDGE ( 'NONE', *, *, #7499, .F. ) ;
#3354 = CARTESIAN_POINT ( 'NONE',  ( 0.4499999999999997900, 0.05000000000000000300, -2.439454888092385500E-016 ) ) ;
#3355 = ORIENTED_EDGE ( 'NONE', *, *, #8341, .T. ) ;
#3356 = CARTESIAN_POINT ( 'NONE',  ( -0.4499999999999998400, 0.6852349955359816600, -1.500000000000000000 ) ) ;
#3357 = LINE ( 'NONE', #4641, #6138 ) ;
#3358 = FACE_OUTER_BOUND ( 'NONE', #8545, .T. ) ;
#3359 = VECTOR ( 'NONE', #3366, 1000.000000000000000 ) ;
#3360 = MECHANICAL_DESIGN_GEOMETRIC_PRESENTATION_REPRESENTATION (  '', ( #4421 ), #2984 ) ;
#3361 = UNCERTAINTY_MEASURE_WITH_UNIT (LENGTH_MEASURE( 1.000000000000000100E-005 ), #8178, 'distance_accuracy_value', 'NONE');
#3362 = VECTOR ( 'NONE', #7454, 1000.000000000000000 ) ;
#3363 = VERTEX_POINT ( 'NONE', #9124 ) ;
#3364 = LINE ( 'NONE', #1131, #8952 ) ;
#3365 = DIRECTION ( 'NONE',  ( 0.0000000000000000000, 1.000000000000000000, 0.0000000000000000000 ) ) ;
#3366 = DIRECTION ( 'NONE',  ( -1.000000000000000000, 0.0000000000000000000, 3.942553354492742500E-016 ) ) ;
#3367 = DIRECTION ( 'NONE',  ( -0.0000000000000000000, -1.000000000000000000, -0.0000000000000000000 ) ) ;
#3368 = LINE ( 'NONE', #6767, #519 ) ;
#3369 = PRESENTATION_LAYER_ASSIGNMENT (  '', '', ( #1244 ) ) ;
#3370 = SURFACE_STYLE_USAGE ( .BOTH. , #609 ) ;
#3371 = CARTESIAN_POINT ( 'NONE',  ( 0.4499999999999999600, 0.1000000000000000500, -0.5000000000000000000 ) ) ;
#3372 = ORIENTED_EDGE ( 'NONE', *, *, #949, .T. ) ;
#3373 = CARTESIAN_POINT ( 'NONE',  ( -0.9999999999999997800, 0.1000000000000000500, 1.700000000000000200 ) ) ;
#3374 = VECTOR ( 'NONE', #8141, 1000.000000000000000 ) ;
#3375 = CARTESIAN_POINT ( 'NONE',  ( 0.4499999999999999600, 0.1000000000000000500, 1.099999999999999900 ) ) ;
#3376 =( NAMED_UNIT ( * ) SI_UNIT ( $, .STERADIAN. ) SOLID_ANGLE_UNIT ( ) );
#3377 = FACE_OUTER_BOUND ( 'NONE', #3505, .T. ) ;
#3378 = EDGE_LOOP ( 'NONE', ( #7705, #356, #324, #5572 ) ) ;
#3379 = CARTESIAN_POINT ( 'NONE',  ( -0.4499999999999998400, 0.1000000000000000500, -0.2999999999999999300 ) ) ;
#3380 = VECTOR ( 'NONE', #7225, 1000.000000000000000 ) ;
#3381 = PRESENTATION_STYLE_ASSIGNMENT (( #8735 ) ) ;
#3382 = SURFACE_STYLE_USAGE ( .BOTH. , #2023 ) ;
#3383 = CARTESIAN_POINT ( 'NONE',  ( 0.4499999999999998400, 0.1000000000000000500, -0.6999999999999998400 ) ) ;
#3384 = PRESENTATION_LAYER_ASSIGNMENT (  '', '', ( #5579 ) ) ;
#3385 = SURFACE_STYLE_FILL_AREA ( #7662 ) ;
#3386 = EDGE_LOOP ( 'NONE', ( #6461, #2816, #3946, #3721 ) ) ;
#3387 = CARTESIAN_POINT ( 'NONE',  ( 5.913830031739112600E-016, 0.05000000000000000300, -1.499999999999999800 ) ) ;
#3388 = DIRECTION ( 'NONE',  ( 0.0000000000000000000, -1.000000000000000000, 0.0000000000000000000 ) ) ;
#3389 = EDGE_CURVE ( 'NONE', #6695, #7415, #5082, .T. ) ;
#3390 = EDGE_CURVE ( 'NONE', #6531, #1910, #4318, .T. ) ;
#3391 =( NAMED_UNIT ( * ) PLANE_ANGLE_UNIT ( ) SI_UNIT ( $, .RADIAN. ) );
#3392 = DIRECTION ( 'NONE',  ( 1.000000000000000000, 0.0000000000000000000, 0.0000000000000000000 ) ) ;
#3393 = VERTEX_POINT ( 'NONE', #6237 ) ;
#3394 = LINE ( 'NONE', #6506, #7726 ) ;
#3395 = EDGE_CURVE ( 'NONE', #994, #3393, #7113, .T. ) ;
#3396 = DIRECTION ( 'NONE',  ( -0.0000000000000000000, -1.000000000000000000, -0.0000000000000000000 ) ) ;
#3397 = CARTESIAN_POINT ( 'NONE',  ( -1.000000000000000000, 0.6852349955359816600, -1.300000000000000000 ) ) ;
#3398 = PRESENTATION_STYLE_ASSIGNMENT (( #2422 ) ) ;
#3399 = ORIENTED_EDGE ( 'NONE', *, *, #6496, .F. ) ;
#3400 = ORIENTED_EDGE ( 'NONE', *, *, #7435, .T. ) ;
#3401 = LINE ( 'NONE', #5307, #2937 ) ;
#3402 = CARTESIAN_POINT ( 'NONE',  ( -0.4499999999999998400, 0.0000000000000000000, -0.2999999999999999300 ) ) ;
#3403 = VERTEX_POINT ( 'NONE', #3375 ) ;
#3404 = DIRECTION ( 'NONE',  ( 0.0000000000000000000, 0.0000000000000000000, -1.000000000000000000 ) ) ;
#3405 =( NAMED_UNIT ( * ) SI_UNIT ( $, .STERADIAN. ) SOLID_ANGLE_UNIT ( ) );
#3406 = ADVANCED_FACE ( 'NONE', ( #4764 ), #6284, .F. ) ;
#3407 = DIRECTION ( 'NONE',  ( -5.421010862427526100E-016, 0.0000000000000000000, -1.000000000000000000 ) ) ;
#3408 = VERTEX_POINT ( 'NONE', #7693 ) ;
#3409 = CARTESIAN_POINT ( 'NONE',  ( 0.4499999999999998400, 0.6852349955359816600, -0.6999999999999998400 ) ) ;
#3410 = DIRECTION ( 'NONE',  ( 0.0000000000000000000, 1.000000000000000000, 0.0000000000000000000 ) ) ;
#3411 = VERTEX_POINT ( 'NONE', #5571 ) ;
#3412 = VECTOR ( 'NONE', #8973, 1000.000000000000000 ) ;
#3413 = EDGE_LOOP ( 'NONE', ( #7551, #6547, #1690, #7993 ) ) ;
#3414 = CARTESIAN_POINT ( 'NONE',  ( -0.2999999999999992700, 0.05000000000000000300, 2.000000000000000400 ) ) ;
#3415 = ORIENTED_EDGE ( 'NONE', *, *, #3075, .T. ) ;
#3416 = ORIENTED_EDGE ( 'NONE', *, *, #854, .T. ) ;
#3417 = FILL_AREA_STYLE ('',( #2721 ) ) ;
#3418 = VECTOR ( 'NONE', #1717, 1000.000000000000000 ) ;
#3419 = VECTOR ( 'NONE', #3109, 1000.000000000000000 ) ;
#3420 = EDGE_CURVE ( 'NONE', #3, #4268, #2013, .T. ) ;
#3421 = CARTESIAN_POINT ( 'NONE',  ( 0.9999999999999995600, 0.1000000000000002600, -1.900000000000000100 ) ) ;
#3422 = ORIENTED_EDGE ( 'NONE', *, *, #2745, .T. ) ;
#3423 = DIRECTION ( 'NONE',  ( 0.0000000000000000000, 0.0000000000000000000, -1.000000000000000000 ) ) ;
#3424 = APPLICATION_PROTOCOL_DEFINITION ( 'draft international standard', 'automotive_design', 1998, #7737 ) ;
#3425 = ORIENTED_EDGE ( 'NONE', *, *, #8980, .T. ) ;
#3426 = FACE_OUTER_BOUND ( 'NONE', #8529, .T. ) ;
#3427 = ORIENTED_EDGE ( 'NONE', *, *, #1862, .T. ) ;
#3428 =( NAMED_UNIT ( * ) PLANE_ANGLE_UNIT ( ) SI_UNIT ( $, .RADIAN. ) );
#3429 = CARTESIAN_POINT ( 'NONE',  ( -1.000000000000000000, 0.1000000000000000500, 0.7000000000000002900 ) ) ;
#3430 = LINE ( 'NONE', #2494, #8456 ) ;
#3431 = ADVANCED_FACE ( 'NONE', ( #3868 ), #1962, .T. ) ;
#3432 =( GEOMETRIC_REPRESENTATION_CONTEXT ( 3 ) GLOBAL_UNCERTAINTY_ASSIGNED_CONTEXT ( ( #557 ) ) GLOBAL_UNIT_ASSIGNED_CONTEXT ( ( #309, #8770, #2258 ) ) REPRESENTATION_CONTEXT ( 'NONE', 'WORKASPACE' ) );
#3433 = FACE_OUTER_BOUND ( 'NONE', #5969, .T. ) ;
#3434 = EDGE_CURVE ( 'NONE', #946, #6955, #5440, .T. ) ;
#3435 = FILL_AREA_STYLE ('',( #2648 ) ) ;
#3436 = LINE ( 'NONE', #2049, #5075 ) ;
#3437 = CARTESIAN_POINT ( 'NONE',  ( -0.4499999999999999600, 0.1000000000000000500, -1.700000000000000200 ) ) ;
#3438 =( NAMED_UNIT ( * ) PLANE_ANGLE_UNIT ( ) SI_UNIT ( $, .RADIAN. ) );
#3439 = ORIENTED_EDGE ( 'NONE', *, *, #8965, .T. ) ;
#3440 = STYLED_ITEM ( 'NONE', ( #1254 ), #3322 ) ;
#3441 = DIRECTION ( 'NONE',  ( 1.000000000000000000, 0.0000000000000000000, 3.942553354492742500E-016 ) ) ;
#3442 = FACE_OUTER_BOUND ( 'NONE', #5673, .T. ) ;
#3443 = ORIENTED_EDGE ( 'NONE', *, *, #7314, .F. ) ;
#3444 = CARTESIAN_POINT ( 'NONE',  ( 1.000000000000000000, 0.0000000000000000000, 0.09999999999999982500 ) ) ;
#3445 = DIRECTION ( 'NONE',  ( 0.0000000000000000000, 0.0000000000000000000, -1.000000000000000000 ) ) ;
#3446 = EDGE_CURVE ( 'NONE', #8532, #6615, #489, .T. ) ;
#3447 = LINE ( 'NONE', #9032, #7787 ) ;
#3448 = ORIENTED_EDGE ( 'NONE', *, *, #1556, .F. ) ;
#3449 = DIRECTION ( 'NONE',  ( 0.0000000000000000000, -1.000000000000000000, 0.0000000000000000000 ) ) ;
#3450 = STYLED_ITEM ( 'NONE', ( #4803 ), #6090 ) ;
#3451 = DIRECTION ( 'NONE',  ( -1.000000000000000000, 0.0000000000000000000, 0.0000000000000000000 ) ) ;
#3452 = EDGE_LOOP ( 'NONE', ( #4658, #2351, #6777, #8343 ) ) ;
#3453 =( GEOMETRIC_REPRESENTATION_CONTEXT ( 3 ) GLOBAL_UNCERTAINTY_ASSIGNED_CONTEXT ( ( #3806 ) ) GLOBAL_UNIT_ASSIGNED_CONTEXT ( ( #8598, #4237, #4295 ) ) REPRESENTATION_CONTEXT ( 'NONE', 'WORKASPACE' ) );
#3454 = EDGE_CURVE ( 'NONE', #1540, #6038, #258, .T. ) ;
#3455 = FACE_OUTER_BOUND ( 'NONE', #8889, .T. ) ;
#3456 = SURFACE_STYLE_USAGE ( .BOTH. , #7073 ) ;
#3457 = DIRECTION ( 'NONE',  ( 1.000000000000000000, -0.0000000000000000000, -4.336808689942017700E-016 ) ) ;
#3458 = ORIENTED_EDGE ( 'NONE', *, *, #8302, .T. ) ;
#3459 = DIRECTION ( 'NONE',  ( 1.000000000000000000, -0.0000000000000000000, -3.942553354492742500E-016 ) ) ;
#3460 = EDGE_CURVE ( 'NONE', #7028, #4058, #6331, .T. ) ;
#3461 = CARTESIAN_POINT ( 'NONE',  ( -0.7500000000000000000, 0.5000000000000000000, -1.750000000000000000 ) ) ;
#3462 =( NAMED_UNIT ( * ) SI_UNIT ( $, .STERADIAN. ) SOLID_ANGLE_UNIT ( ) );
#3463 = PLANE ( 'NONE',  #7552 ) ;
#3464 = FACE_OUTER_BOUND ( 'NONE', #6093, .T. ) ;
#3465 = VECTOR ( 'NONE', #1068, 1000.000000000000000 ) ;
#3466 = ORIENTED_EDGE ( 'NONE', *, *, #49, .T. ) ;
#3467 =( LENGTH_UNIT ( ) NAMED_UNIT ( * ) SI_UNIT ( .MILLI., .METRE. ) );
#3468 = VECTOR ( 'NONE', #5445, 1000.000000000000000 ) ;
#3469 = FILL_AREA_STYLE_COLOUR ( '', #8267 ) ;
#3470 = LINE ( 'NONE', #8300, #6919 ) ;
#3471 = CARTESIAN_POINT ( 'NONE',  ( -0.4499999999999999600, 0.0000000000000000000, 1.900000000000000100 ) ) ;
#3472 = CARTESIAN_POINT ( 'NONE',  ( 0.4499999999999999600, 0.1000000000000000500, -0.1000000000000000500 ) ) ;
#3473 =( GEOMETRIC_REPRESENTATION_CONTEXT ( 3 ) GLOBAL_UNCERTAINTY_ASSIGNED_CONTEXT ( ( #8235 ) ) GLOBAL_UNIT_ASSIGNED_CONTEXT ( ( #6383, #7094, #616 ) ) REPRESENTATION_CONTEXT ( 'NONE', 'WORKASPACE' ) );
#3474 = CARTESIAN_POINT ( 'NONE',  ( 0.1000000000000008100, 0.6852349955359814400, 2.000000000000000000 ) ) ;
#3475 = UNCERTAINTY_MEASURE_WITH_UNIT (LENGTH_MEASURE( 1.000000000000000100E-005 ), #8485, 'distance_accuracy_value', 'NONE');
#3476 = FACE_OUTER_BOUND ( 'NONE', #4320, .T. ) ;
#3477 = ORIENTED_EDGE ( 'NONE', *, *, #5209, .F. ) ;
#3478 =( NAMED_UNIT ( * ) SI_UNIT ( $, .STERADIAN. ) SOLID_ANGLE_UNIT ( ) );
#3479 = AXIS2_PLACEMENT_3D ( 'NONE', #6703, #4695, #5418 ) ;
#3480 = DIRECTION ( 'NONE',  ( 1.000000000000000000, 0.0000000000000000000, -5.421010862427526100E-016 ) ) ;
#3481 = ORIENTED_EDGE ( 'NONE', *, *, #2745, .F. ) ;
#3482 = DIRECTION ( 'NONE',  ( -5.421010862427526100E-016, 0.0000000000000000000, -1.000000000000000000 ) ) ;
#3483 = SURFACE_SIDE_STYLE ('',( #57 ) ) ;
#3484 = EDGE_CURVE ( 'NONE', #4355, #2225, #35, .T. ) ;
#3485 = CARTESIAN_POINT ( 'NONE',  ( 0.4499999999999999600, 0.1000000000000000500, -1.700000000000000200 ) ) ;
#3486 = APPLICATION_PROTOCOL_DEFINITION ( 'draft international standard', 'automotive_design', 1998, #2087 ) ;
#3487 = PRESENTATION_LAYER_ASSIGNMENT (  '', '', ( #5928 ) ) ;
#3488 = DIRECTION ( 'NONE',  ( 1.000000000000000000, -0.0000000000000000000, 0.0000000000000000000 ) ) ;
#3489 = VERTEX_POINT ( 'NONE', #6727 ) ;
#3490 = SURFACE_STYLE_USAGE ( .BOTH. , #7026 ) ;
#3491 = CARTESIAN_POINT ( 'NONE',  ( 1.000000000000000000, 0.0000000000000000000, 0.7000000000000000700 ) ) ;
#3492 = FACE_OUTER_BOUND ( 'NONE', #7669, .T. ) ;
#3493 = ORIENTED_EDGE ( 'NONE', *, *, #8774, .F. ) ;
#3494 = STYLED_ITEM ( 'NONE', ( #6937 ), #5629 ) ;
#3495 = DIRECTION ( 'NONE',  ( -5.421010862427526100E-016, 0.0000000000000000000, -1.000000000000000000 ) ) ;
#3496 = LINE ( 'NONE', #5738, #6074 ) ;
#3497 = AXIS2_PLACEMENT_3D ( 'NONE', #3356, #1239, #6898 ) ;
#3498 = EDGE_CURVE ( 'NONE', #7801, #5073, #7331, .T. ) ;
#3499 =( NAMED_UNIT ( * ) SI_UNIT ( $, .STERADIAN. ) SOLID_ANGLE_UNIT ( ) );
#3500 = EDGE_LOOP ( 'NONE', ( #2193, #108, #1656, #7418, #4832, #8776, #4589, #3778, #2329, #5599, #4435, #7104, #1546, #1270, #236, #6070, #8655, #4113, #8209, #5111, #1460, #8676, #4376, #6563, #8787, #2746, #6962, #1802, #2864, #5865, #4187, #8430, #3324, #7980, #1667, #3084, #50, #1737, #8321, #468, #1900, #2468, #2313, #8727, #8669, #4931, #8835, #5032, #2670, #209, #5550, #2475, #3843, #8711, #4416, #2845, #3998, #5877, #975, #7895, #4579, #7847, #188, #8448, #690, #322, #3605, #7720, #707, #6079, #5963, #8664, #3143, #6236, #7034, #6419, #450, #5410, #879, #7261, #6688, #1434, #3559, #8358, #7282, #4144, #3929, #8015, #5983, #479, #174, #764, #3853, #1774, #8500, #559, #3800, #2032, #3040, #3284, #5503 ) ) ;
#3501 = ORIENTED_EDGE ( 'NONE', *, *, #8094, .T. ) ;
#3502 = VERTEX_POINT ( 'NONE', #7403 ) ;
#3503 =( NAMED_UNIT ( * ) SI_UNIT ( $, .STERADIAN. ) SOLID_ANGLE_UNIT ( ) );
#3504 = DIRECTION ( 'NONE',  ( 1.000000000000000000, -0.0000000000000000000, -3.942553354492742500E-016 ) ) ;
#3505 = EDGE_LOOP ( 'NONE', ( #5739, #8263, #1486, #1137 ) ) ;
#3506 = ORIENTED_EDGE ( 'NONE', *, *, #5681, .T. ) ;
#3507 = EDGE_CURVE ( 'NONE', #3617, #4220, #7560, .T. ) ;
#3508 = DIRECTION ( 'NONE',  ( -1.000000000000000000, 0.0000000000000000000, -0.0000000000000000000 ) ) ;
#3509 = ORIENTED_EDGE ( 'NONE', *, *, #2695, .T. ) ;
#3510 = DIRECTION ( 'NONE',  ( 0.0000000000000000000, -0.0000000000000000000, 1.000000000000000000 ) ) ;
#3511 = ORIENTED_EDGE ( 'NONE', *, *, #6729, .T. ) ;
#3512 = VECTOR ( 'NONE', #286, 1000.000000000000000 ) ;
#3513 =( NAMED_UNIT ( * ) SI_UNIT ( $, .STERADIAN. ) SOLID_ANGLE_UNIT ( ) );
#3514 = ADVANCED_FACE ( 'NONE', ( #6790 ), #1840, .F. ) ;
#3515 = EDGE_LOOP ( 'NONE', ( #4627, #3098, #813, #4398 ) ) ;
#3516 = VECTOR ( 'NONE', #7862, 1000.000000000000000 ) ;
#3517 = ORIENTED_EDGE ( 'NONE', *, *, #3841, .T. ) ;
#3518 =( NAMED_UNIT ( * ) SI_UNIT ( $, .STERADIAN. ) SOLID_ANGLE_UNIT ( ) );
#3519 = VECTOR ( 'NONE', #6786, 1000.000000000000000 ) ;
#3520 = FILL_AREA_STYLE_COLOUR ( '', #235 ) ;
#3521 = EDGE_LOOP ( 'NONE', ( #5987, #436, #8552, #5882 ) ) ;
#3522 = CARTESIAN_POINT ( 'NONE',  ( 0.4000000000000000200, 0.0000000000000000000, 0.0000000000000000000 ) ) ;
#3523 = ORIENTED_EDGE ( 'NONE', *, *, #6007, .F. ) ;
#3524 = PLANE ( 'NONE',  #4253 ) ;
#3525 = PRESENTATION_LAYER_ASSIGNMENT (  '', '', ( #6928 ) ) ;
#3526 = VECTOR ( 'NONE', #1419, 1000.000000000000000 ) ;
#3527 = ORIENTED_EDGE ( 'NONE', *, *, #2629, .F. ) ;
#3528 = UNCERTAINTY_MEASURE_WITH_UNIT (LENGTH_MEASURE( 1.000000000000000100E-005 ), #5245, 'distance_accuracy_value', 'NONE');
#3529 = LINE ( 'NONE', #1447, #6651 ) ;
#3530 = DIRECTION ( 'NONE',  ( 0.0000000000000000000, -1.000000000000000000, 0.0000000000000000000 ) ) ;
#3531 = ORIENTED_EDGE ( 'NONE', *, *, #4505, .F. ) ;
#3532 = ORIENTED_EDGE ( 'NONE', *, *, #7503, .F. ) ;
#3533 = MECHANICAL_DESIGN_GEOMETRIC_PRESENTATION_REPRESENTATION (  '', ( #2998 ), #8795 ) ;
#3534 = SURFACE_SIDE_STYLE ('',( #1106 ) ) ;
#3535 = CARTESIAN_POINT ( 'NONE',  ( -0.4499999999999999600, 0.6852349955359816600, -0.5000000000000000000 ) ) ;
#3536 = DIRECTION ( 'NONE',  ( 2.956915015869556800E-016, 0.0000000000000000000, 1.000000000000000000 ) ) ;
#3537 = FILL_AREA_STYLE ('',( #9147 ) ) ;
#3538 = UNCERTAINTY_MEASURE_WITH_UNIT (LENGTH_MEASURE( 1.000000000000000100E-005 ), #9193, 'distance_accuracy_value', 'NONE');
#3539 = PRESENTATION_LAYER_ASSIGNMENT (  '', '', ( #3059 ) ) ;
#3540 = CARTESIAN_POINT ( 'NONE',  ( 0.4499999999999999600, 0.6852349955359816600, -0.5000000000000000000 ) ) ;
#3541 = EDGE_CURVE ( 'NONE', #3408, #1776, #8472, .T. ) ;
#3542 = LINE ( 'NONE', #6095, #4547 ) ;
#3543 = CLOSED_SHELL ( 'NONE', ( #1171, #2309, #5945, #836, #4554, #6033, #9037, #4861, #1672, #8200, #5072, #1786, #2558, #5827, #885, #2595, #478, #1455, #6838, #199, #6825, #6005, #963, #6540, #7250, #2221, #7910, #1047, #9128, #4022, #3967, #2913, #2692, #2728, #6911, #986, #5833, #3974, #3241, #5252, #3187, #3907, #3514, #2569, #8846, #1770, #7343, #3183, #6278, #790, #8161, #4895, #976, #926, #1545, #6216, #8590, #5936, #7493, #6820, #2392, #7589, #4478, #2447, #2780, #6676, #8853, #4665, #6042, #8100, #8379, #5023, #6090, #7008, #5367, #3685, #3322, #8749, #3258, #4633, #2245, #2945, #1940, #3082, #5695, #494, #7721, #4473, #7279, #5428, #112, #3880, #8489, #7482, #2203, #321, #2786, #6144, #7230, #8242, #6783, #7257, #3047, #8248, #5704, #3944 ) ) ;
#3544 = CARTESIAN_POINT ( 'NONE',  ( -0.4499999999999998400, 0.1000000000000000500, 1.700000000000000400 ) ) ;
#3545 = LINE ( 'NONE', #3854, #9034 ) ;
#3546 = CARTESIAN_POINT ( 'NONE',  ( 0.9999999999999995600, 0.1000000000000002600, 1.300000000000000000 ) ) ;
#3547 = AXIS2_PLACEMENT_3D ( 'NONE', #3949, #2600, #8301 ) ;
#3548 = DIRECTION ( 'NONE',  ( 0.0000000000000000000, 0.0000000000000000000, -1.000000000000000000 ) ) ;
#3549 = VECTOR ( 'NONE', #325, 1000.000000000000000 ) ;
#3550 = AXIS2_PLACEMENT_3D ( 'NONE', #4709, #1981, #6960 ) ;
#3551 = VECTOR ( 'NONE', #2969, 1000.000000000000000 ) ;
#3552 = SURFACE_SIDE_STYLE ('',( #3128 ) ) ;
#3553 = COLOUR_RGB ( '',0.2509803921568627400, 0.2509803921568627400, 0.2509803921568627400 ) ;
#3554 = EDGE_LOOP ( 'NONE', ( #2935, #2281, #2239, #313 ) ) ;
#3555 = SURFACE_STYLE_USAGE ( .BOTH. , #7821 ) ;
#3556 = PLANE ( 'NONE',  #962 ) ;
#3557 = VECTOR ( 'NONE', #6666, 1000.000000000000000 ) ;
#3558 = EDGE_CURVE ( 'NONE', #8906, #6654, #248, .T. ) ;
#3559 = ORIENTED_EDGE ( 'NONE', *, *, #4205, .F. ) ;
#3560 = PLANE ( 'NONE',  #7150 ) ;
#3561 = EDGE_LOOP ( 'NONE', ( #2852, #5443, #5400, #334 ) ) ;
#3562 = SURFACE_STYLE_USAGE ( .BOTH. , #7828 ) ;
#3563 =( GEOMETRIC_REPRESENTATION_CONTEXT ( 3 ) GLOBAL_UNCERTAINTY_ASSIGNED_CONTEXT ( ( #2274 ) ) GLOBAL_UNIT_ASSIGNED_CONTEXT ( ( #3820, #8839, #6000 ) ) REPRESENTATION_CONTEXT ( 'NONE', 'WORKASPACE' ) );
#3564 = VERTEX_POINT ( 'NONE', #4681 ) ;
#3565 = DIRECTION ( 'NONE',  ( -1.000000000000000000, 0.0000000000000000000, -3.942553354492742500E-016 ) ) ;
#3566 = LINE ( 'NONE', #7463, #1929 ) ;
#3567 = DIRECTION ( 'NONE',  ( -2.956915015869556800E-016, -0.0000000000000000000, -1.000000000000000000 ) ) ;
#3568 = DIRECTION ( 'NONE',  ( 1.000000000000000000, -0.0000000000000000000, -0.0000000000000000000 ) ) ;
#3569 = EDGE_CURVE ( 'NONE', #4419, #68, #8255, .T. ) ;
#3570 = DIRECTION ( 'NONE',  ( -1.000000000000000000, -0.0000000000000000000, 3.942553354492742500E-016 ) ) ;
#3571 = EDGE_LOOP ( 'NONE', ( #6815, #5648, #3214, #8320 ) ) ;
#3572 = SURFACE_STYLE_FILL_AREA ( #8001 ) ;
#3573 = STYLED_ITEM ( 'NONE', ( #3381 ), #6899 ) ;
#3574 = CARTESIAN_POINT ( 'NONE',  ( -0.4499999999999999600, 0.0000000000000000000, -0.9000000000000001300 ) ) ;
#3575 = PRESENTATION_STYLE_ASSIGNMENT (( #1918 ) ) ;
#3576 = CARTESIAN_POINT ( 'NONE',  ( -0.4499999999999998400, 0.1000000000000000500, 0.9000000000000000200 ) ) ;
#3577 = CARTESIAN_POINT ( 'NONE',  ( 0.4499999999999999600, 0.6852349955359816600, 0.7000000000000000700 ) ) ;
#3578 = MANIFOLD_SOLID_BREP ( 'LPattern3[2]', #1870 ) ;
#3579 = EDGE_CURVE ( 'NONE', #2225, #3631, #5464, .T. ) ;
#3580 = VERTEX_POINT ( 'NONE', #8134 ) ;
#3581 = LINE ( 'NONE', #4401, #8507 ) ;
#3582 = COLOUR_RGB ( '',0.7921568627450980000, 0.8196078431372548800, 0.9333333333333333500 ) ;
#3583 = CARTESIAN_POINT ( 'NONE',  ( -0.4499999999999999600, 0.1000000000000000500, 0.2999999999999999300 ) ) ;
#3584 = AXIS2_PLACEMENT_3D ( 'NONE', #448, #1164, #1193 ) ;
#3585 = FACE_OUTER_BOUND ( 'NONE', #1875, .T. ) ;
#3586 = ORIENTED_EDGE ( 'NONE', *, *, #8980, .F. ) ;
#3587 = PLANE ( 'NONE',  #7151 ) ;
#3588 = COLOUR_RGB ( '',0.7921568627450980000, 0.8196078431372548800, 0.9333333333333333500 ) ;
#3589 = SURFACE_SIDE_STYLE ('',( #2036 ) ) ;
#3590 = ORIENTED_EDGE ( 'NONE', *, *, #1402, .T. ) ;
#3591 = CARTESIAN_POINT ( 'NONE',  ( 0.0000000000000000000, 0.0000000000000000000, 2.000000000000000000 ) ) ;
#3592 = MECHANICAL_DESIGN_GEOMETRIC_PRESENTATION_REPRESENTATION (  '', ( #775 ), #1740 ) ;
#3593 = CARTESIAN_POINT ( 'NONE',  ( 0.0000000000000000000, 0.05000000000000000300, -1.300000000000000300 ) ) ;
#3594 = EDGE_CURVE ( 'NONE', #774, #3062, #2129, .T. ) ;
#3595 = CARTESIAN_POINT ( 'NONE',  ( -1.000000000000000000, 0.1000000000000000500, 1.100000000000000100 ) ) ;
#3596 = PRESENTATION_STYLE_ASSIGNMENT (( #6701 ) ) ;
#3597 = ORIENTED_EDGE ( 'NONE', *, *, #8475, .T. ) ;
#3598 = COLOUR_RGB ( '',0.7921568627450980000, 0.8196078431372548800, 0.9333333333333333500 ) ;
#3599 = DIRECTION ( 'NONE',  ( 5.421010862427526100E-016, 0.0000000000000000000, -1.000000000000000000 ) ) ;
#3600 = DIRECTION ( 'NONE',  ( 1.000000000000000000, 0.0000000000000000000, -3.942553354492742500E-016 ) ) ;
#3601 = ADVANCED_FACE ( 'NONE', ( #8276 ), #1751, .F. ) ;
#3602 = CLOSED_SHELL ( 'NONE', ( #5309, #6887, #7678, #7450, #4000, #8662 ) ) ;
#3603 = MECHANICAL_DESIGN_GEOMETRIC_PRESENTATION_REPRESENTATION (  '', ( #3450 ), #5333 ) ;
#3604 = CLOSED_SHELL ( 'NONE', ( #7941, #7110, #3767, #2997, #1016, #3034 ) ) ;
#3605 = ORIENTED_EDGE ( 'NONE', *, *, #5466, .F. ) ;
#3606 = EDGE_CURVE ( 'NONE', #6538, #5524, #1400, .T. ) ;
#3607 = DIRECTION ( 'NONE',  ( -1.000000000000000000, 0.0000000000000000000, 0.0000000000000000000 ) ) ;
#3608 = DIRECTION ( 'NONE',  ( -0.0000000000000000000, -1.000000000000000000, -0.0000000000000000000 ) ) ;
#3609 = VECTOR ( 'NONE', #7330, 1000.000000000000000 ) ;
#3610 = ORIENTED_EDGE ( 'NONE', *, *, #5026, .T. ) ;
#3611 = EDGE_CURVE ( 'NONE', #4423, #7469, #5107, .T. ) ;
#3612 = ORIENTED_EDGE ( 'NONE', *, *, #3594, .T. ) ;
#3613 = COLOUR_RGB ( '',0.7921568627450980000, 0.8196078431372548800, 0.9333333333333333500 ) ;
#3614 = DIRECTION ( 'NONE',  ( 0.0000000000000000000, 0.0000000000000000000, -1.000000000000000000 ) ) ;
#3615 = ORIENTED_EDGE ( 'NONE', *, *, #4095, .T. ) ;
#3616 = VERTEX_POINT ( 'NONE', #1286 ) ;
#3617 = VERTEX_POINT ( 'NONE', #7526 ) ;
#3618 = CARTESIAN_POINT ( 'NONE',  ( 0.0000000000000000000, 0.05000000000000000300, 1.900000000000000100 ) ) ;
#3619 = LINE ( 'NONE', #708, #2666 ) ;
#3620 = PLANE ( 'NONE',  #2684 ) ;
#3621 = AXIS2_PLACEMENT_3D ( 'NONE', #4114, #7187, #8586 ) ;
#3622 = UNCERTAINTY_MEASURE_WITH_UNIT (LENGTH_MEASURE( 1.000000000000000100E-005 ), #387, 'distance_accuracy_value', 'NONE');
#3623 = ORIENTED_EDGE ( 'NONE', *, *, #8104, .F. ) ;
#3624 = CARTESIAN_POINT ( 'NONE',  ( 1.000000000000000000, 0.04999999999999969700, -0.3000000000000001600 ) ) ;
#3625 = CARTESIAN_POINT ( 'NONE',  ( 0.3000000000000007700, 0.04999999999999969700, 2.000000000000000000 ) ) ;
#3626 = ORIENTED_EDGE ( 'NONE', *, *, #6950, .F. ) ;
#3627 = VERTEX_POINT ( 'NONE', #6878 ) ;
#3628 = FILL_AREA_STYLE ('',( #4280 ) ) ;
#3629 = DIRECTION ( 'NONE',  ( -1.000000000000000000, 0.0000000000000000000, -3.942553354492742500E-016 ) ) ;
#3630 = COLOUR_RGB ( '',0.2509803921568627400, 0.2509803921568627400, 0.2509803921568627400 ) ;
#3631 = VERTEX_POINT ( 'NONE', #1213 ) ;
#3632 = SURFACE_SIDE_STYLE ('',( #8594 ) ) ;
#3633 = ORIENTED_EDGE ( 'NONE', *, *, #5501, .F. ) ;
#3634 = DIRECTION ( 'NONE',  ( 1.000000000000000000, 0.0000000000000000000, 3.942553354492742500E-016 ) ) ;
#3635 = VECTOR ( 'NONE', #2564, 1000.000000000000000 ) ;
#3636 = EDGE_LOOP ( 'NONE', ( #5798, #868, #5622, #3845 ) ) ;
#3637 = FILL_AREA_STYLE_COLOUR ( '', #8857 ) ;
#3638 = CARTESIAN_POINT ( 'NONE',  ( -0.9999999999999997800, 0.1000000000000000500, -1.500000000000000200 ) ) ;
#3639 = CARTESIAN_POINT ( 'NONE',  ( -0.4499999999999998400, 0.1000000000000000500, -1.099999999999999900 ) ) ;
#3640 = LINE ( 'NONE', #8997, #1365 ) ;
#3641 =( NAMED_UNIT ( * ) PLANE_ANGLE_UNIT ( ) SI_UNIT ( $, .RADIAN. ) );
#3642 =( GEOMETRIC_REPRESENTATION_CONTEXT ( 3 ) GLOBAL_UNCERTAINTY_ASSIGNED_CONTEXT ( ( #8522 ) ) GLOBAL_UNIT_ASSIGNED_CONTEXT ( ( #4356, #149, #3660 ) ) REPRESENTATION_CONTEXT ( 'NONE', 'WORKASPACE' ) );
#3643 = VECTOR ( 'NONE', #8053, 1000.000000000000000 ) ;
#3644 = CARTESIAN_POINT ( 'NONE',  ( 0.4499999999999999600, 0.1000000000000000500, -0.5000000000000000000 ) ) ;
#3645 = ORIENTED_EDGE ( 'NONE', *, *, #327, .F. ) ;
#3646 = CARTESIAN_POINT ( 'NONE',  ( -0.9999999999999997800, 0.1000000000000000500, -1.100000000000000100 ) ) ;
#3647 = DIRECTION ( 'NONE',  ( -5.421010862427526100E-016, 0.0000000000000000000, -1.000000000000000000 ) ) ;
#3648 =( GEOMETRIC_REPRESENTATION_CONTEXT ( 3 ) GLOBAL_UNCERTAINTY_ASSIGNED_CONTEXT ( ( #4188 ) ) GLOBAL_UNIT_ASSIGNED_CONTEXT ( ( #5573, #3438, #3405 ) ) REPRESENTATION_CONTEXT ( 'NONE', 'WORKASPACE' ) );
#3649 = PLANE ( 'NONE',  #4853 ) ;
#3650 = CARTESIAN_POINT ( 'NONE',  ( -1.000000000000000000, 0.6852349955359816600, 0.5000000000000000000 ) ) ;
#3651 = FACE_OUTER_BOUND ( 'NONE', #8969, .T. ) ;
#3652 = CARTESIAN_POINT ( 'NONE',  ( -0.7500000000000000000, 0.5000000000000000000, -1.750000000000000000 ) ) ;
#3653 = VECTOR ( 'NONE', #3567, 1000.000000000000000 ) ;
#3654 = ORIENTED_EDGE ( 'NONE', *, *, #3606, .F. ) ;
#3655 = PRESENTATION_LAYER_ASSIGNMENT (  '', '', ( #3494 ) ) ;
#3656 =( NAMED_UNIT ( * ) PLANE_ANGLE_UNIT ( ) SI_UNIT ( $, .RADIAN. ) );
#3657 =( NAMED_UNIT ( * ) SI_UNIT ( $, .STERADIAN. ) SOLID_ANGLE_UNIT ( ) );
#3658 = CARTESIAN_POINT ( 'NONE',  ( 1.000000000000000000, 0.1000000000000000500, -1.900000000000000100 ) ) ;
#3659 =( GEOMETRIC_REPRESENTATION_CONTEXT ( 3 ) GLOBAL_UNCERTAINTY_ASSIGNED_CONTEXT ( ( #3901 ) ) GLOBAL_UNIT_ASSIGNED_CONTEXT ( ( #6437, #2165, #5799 ) ) REPRESENTATION_CONTEXT ( 'NONE', 'WORKASPACE' ) );
#3660 =( NAMED_UNIT ( * ) SI_UNIT ( $, .STERADIAN. ) SOLID_ANGLE_UNIT ( ) );
#3661 = LINE ( 'NONE', #5892, #2899 ) ;
#3662 = COLOUR_RGB ( '',0.2509803921568627400, 0.2509803921568627400, 0.2509803921568627400 ) ;
#3663 = CARTESIAN_POINT ( 'NONE',  ( -0.09999999999999939500, 0.1000000000000000100, 1.450000000000000000 ) ) ;
#3664 = EDGE_CURVE ( 'NONE', #689, #5904, #512, .T. ) ;
#3665 = LINE ( 'NONE', #1790, #1830 ) ;
#3666 = VERTEX_POINT ( 'NONE', #8981 ) ;
#3667 = EDGE_CURVE ( 'NONE', #5167, #6538, #6249, .T. ) ;
#3668 = PLANE ( 'NONE',  #6536 ) ;
#3669 = DIRECTION ( 'NONE',  ( -1.000000000000000000, 0.0000000000000000000, -5.421010862427526100E-016 ) ) ;
#3670 = VECTOR ( 'NONE', #8207, 1000.000000000000000 ) ;
#3671 = FACE_OUTER_BOUND ( 'NONE', #2544, .T. ) ;
#3672 = CARTESIAN_POINT ( 'NONE',  ( -1.000000000000000200, 0.1000000000000002600, -1.700000000000000200 ) ) ;
#3673 = ADVANCED_FACE ( 'NONE', ( #6356 ), #6907, .F. ) ;
#3674 = PLANE ( 'NONE',  #8243 ) ;
#3675 = ORIENTED_EDGE ( 'NONE', *, *, #4739, .T. ) ;
#3676 = CARTESIAN_POINT ( 'NONE',  ( -0.4499999999999999000, -0.1302775637731988500, -1.800000000000000300 ) ) ;
#3677 = CARTESIAN_POINT ( 'NONE',  ( -1.000000000000000200, 0.5500000000000001600, 2.000000000000000900 ) ) ;
#3678 = EDGE_CURVE ( 'NONE', #2501, #7858, #2900, .T. ) ;
#3679 = CARTESIAN_POINT ( 'NONE',  ( -0.09999999999999922800, 0.6852349955359814400, 2.000000000000000000 ) ) ;
#3680 = SURFACE_SIDE_STYLE ('',( #1762 ) ) ;
#3681 = LINE ( 'NONE', #1430, #2141 ) ;
#3682 = DIRECTION ( 'NONE',  ( 0.0000000000000000000, 0.0000000000000000000, 1.000000000000000000 ) ) ;
#3683 = EDGE_LOOP ( 'NONE', ( #761, #778, #685, #7912 ) ) ;
#3684 = MECHANICAL_DESIGN_GEOMETRIC_PRESENTATION_REPRESENTATION (  '', ( #7701 ), #4164 ) ;
#3685 = ADVANCED_FACE ( 'NONE', ( #7133 ), #1922, .T. ) ;
#3686 = DIRECTION ( 'NONE',  ( -1.000000000000000000, 0.0000000000000000000, -5.421010862427526100E-016 ) ) ;
#3687 = ORIENTED_EDGE ( 'NONE', *, *, #6364, .T. ) ;
#3688 = CARTESIAN_POINT ( 'NONE',  ( 0.1000000000000008100, 0.04999999999999969700, 2.000000000000000000 ) ) ;
#3689 = FILL_AREA_STYLE ('',( #203 ) ) ;
#3690 = CARTESIAN_POINT ( 'NONE',  ( -0.4499999999999999600, 0.6852349955359816600, -1.300000000000000300 ) ) ;
#3691 = DIRECTION ( 'NONE',  ( -0.0000000000000000000, -1.000000000000000000, -0.0000000000000000000 ) ) ;
#3692 = VECTOR ( 'NONE', #8678, 1000.000000000000000 ) ;
#3693 = SURFACE_STYLE_USAGE ( .BOTH. , #2360 ) ;
#3694 = ORIENTED_EDGE ( 'NONE', *, *, #6847, .F. ) ;
#3695 =( LENGTH_UNIT ( ) NAMED_UNIT ( * ) SI_UNIT ( .MILLI., .METRE. ) );
#3696 = SURFACE_STYLE_FILL_AREA ( #5669 ) ;
#3697 =( GEOMETRIC_REPRESENTATION_CONTEXT ( 3 ) GLOBAL_UNCERTAINTY_ASSIGNED_CONTEXT ( ( #93 ) ) GLOBAL_UNIT_ASSIGNED_CONTEXT ( ( #3803, #6044, #1721 ) ) REPRESENTATION_CONTEXT ( 'NONE', 'WORKASPACE' ) );
#3698 = FILL_AREA_STYLE_COLOUR ( '', #4511 ) ;
#3699 = DIRECTION ( 'NONE',  ( -0.0000000000000000000, -0.0000000000000000000, 1.000000000000000000 ) ) ;
#3700 = ORIENTED_EDGE ( 'NONE', *, *, #1140, .T. ) ;
#3701 = VECTOR ( 'NONE', #1527, 1000.000000000000000 ) ;
#3702 = CARTESIAN_POINT ( 'NONE',  ( 0.1000000000000003100, 0.05000000000000000300, -1.450000000000000000 ) ) ;
#3703 = EDGE_CURVE ( 'NONE', #5816, #6118, #721, .T. ) ;
#3704 = CLOSED_SHELL ( 'NONE', ( #5403, #716, #2503, #7097, #4352, #5316 ) ) ;
#3705 = DIRECTION ( 'NONE',  ( 5.421010862427526100E-016, -0.0000000000000000000, 1.000000000000000000 ) ) ;
#3706 =( NAMED_UNIT ( * ) PLANE_ANGLE_UNIT ( ) SI_UNIT ( $, .RADIAN. ) );
#3707 = AXIS2_PLACEMENT_3D ( 'NONE', #3161, #5895, #5959 ) ;
#3708 = CARTESIAN_POINT ( 'NONE',  ( -0.4499999999999999600, 0.1000000000000000500, -0.9000000000000001300 ) ) ;
#3709 = ORIENTED_EDGE ( 'NONE', *, *, #2132, .F. ) ;
#3710 = ORIENTED_EDGE ( 'NONE', *, *, #4390, .F. ) ;
#3711 = FACE_OUTER_BOUND ( 'NONE', #497, .T. ) ;
#3712 = EDGE_CURVE ( 'NONE', #5305, #2646, #3470, .T. ) ;
#3713 = DIRECTION ( 'NONE',  ( -0.0000000000000000000, 0.0000000000000000000, -1.000000000000000000 ) ) ;
#3714 = DIRECTION ( 'NONE',  ( 0.0000000000000000000, -1.000000000000000000, 0.0000000000000000000 ) ) ;
#3715 = PRESENTATION_LAYER_ASSIGNMENT (  '', '', ( #8097 ) ) ;
#3716 = CLOSED_SHELL ( 'NONE', ( #3601, #290, #3072, #6548, #582, #5119 ) ) ;
#3717 = EDGE_CURVE ( 'NONE', #6193, #9010, #63, .T. ) ;
#3718 =( NAMED_UNIT ( * ) SI_UNIT ( $, .STERADIAN. ) SOLID_ANGLE_UNIT ( ) );
#3719 = ORIENTED_EDGE ( 'NONE', *, *, #8703, .T. ) ;
#3720 = SURFACE_STYLE_USAGE ( .BOTH. , #245 ) ;
#3721 = ORIENTED_EDGE ( 'NONE', *, *, #1298, .T. ) ;
#3722 = CARTESIAN_POINT ( 'NONE',  ( -0.4499999999999999600, 0.1000000000000000500, 0.2999999999999999300 ) ) ;
#3723 = DIRECTION ( 'NONE',  ( 0.0000000000000000000, 0.0000000000000000000, -1.000000000000000000 ) ) ;
#3724 = CARTESIAN_POINT ( 'NONE',  ( 1.000000000000000000, 0.1000000000000000500, 0.2999999999999999300 ) ) ;
#3725 = VECTOR ( 'NONE', #8497, 1000.000000000000000 ) ;
#3726 = EDGE_CURVE ( 'NONE', #6320, #412, #6467, .T. ) ;
#3727 = VECTOR ( 'NONE', #842, 1000.000000000000000 ) ;
#3728 = UNCERTAINTY_MEASURE_WITH_UNIT (LENGTH_MEASURE( 1.000000000000000100E-005 ), #8383, 'distance_accuracy_value', 'NONE');
#3729 = VERTEX_POINT ( 'NONE', #8323 ) ;
#3730 = CARTESIAN_POINT ( 'NONE',  ( -0.9999999999999997800, 0.1000000000000000500, -0.7000000000000000700 ) ) ;
#3731 = EDGE_LOOP ( 'NONE', ( #2148, #7320, #4162, #1344 ) ) ;
#3732 = CARTESIAN_POINT ( 'NONE',  ( -1.000000000000000200, 0.05000000000000000300, 2.000000000000000900 ) ) ;
#3733 = CARTESIAN_POINT ( 'NONE',  ( -0.09999999999999939500, 0.6852349955359814400, 1.450000000000000000 ) ) ;
#3734 = ORIENTED_EDGE ( 'NONE', *, *, #1109, .F. ) ;
#3735 = MECHANICAL_DESIGN_GEOMETRIC_PRESENTATION_REPRESENTATION (  '', ( #3289 ), #4221 ) ;
#3736 = ORIENTED_EDGE ( 'NONE', *, *, #8712, .T. ) ;
#3737 =( LENGTH_UNIT ( ) NAMED_UNIT ( * ) SI_UNIT ( .MILLI., .METRE. ) );
#3738 = DIRECTION ( 'NONE',  ( 0.0000000000000000000, 1.000000000000000000, 0.0000000000000000000 ) ) ;
#3739 = SURFACE_STYLE_USAGE ( .BOTH. , #2240 ) ;
#3740 = LINE ( 'NONE', #2150, #8674 ) ;
#3741 = ORIENTED_EDGE ( 'NONE', *, *, #7722, .F. ) ;
#3742 = EDGE_CURVE ( 'NONE', #204, #5873, #2710, .T. ) ;
#3743 = EDGE_LOOP ( 'NONE', ( #3190, #3645, #3319, #1471 ) ) ;
#3744 = STYLED_ITEM ( 'NONE', ( #1724 ), #7721 ) ;
#3745 = PRESENTATION_STYLE_ASSIGNMENT (( #1718 ) ) ;
#3746 = FACE_OUTER_BOUND ( 'NONE', #7749, .T. ) ;
#3747 = CARTESIAN_POINT ( 'NONE',  ( 0.3000000000000006000, 0.0000000000000000000, 1.450000000000000000 ) ) ;
#3748 = ORIENTED_EDGE ( 'NONE', *, *, #7013, .T. ) ;
#3749 =( NAMED_UNIT ( * ) PLANE_ANGLE_UNIT ( ) SI_UNIT ( $, .RADIAN. ) );
#3750 = FILL_AREA_STYLE ('',( #4452 ) ) ;
#3751 = PRESENTATION_LAYER_ASSIGNMENT (  '', '', ( #4487 ) ) ;
#3752 = LINE ( 'NONE', #8063, #1703 ) ;
#3753 = SURFACE_SIDE_STYLE ('',( #6338 ) ) ;
#3754 = COLOUR_RGB ( '',0.2509803921568627400, 0.2509803921568627400, 0.2509803921568627400 ) ;
#3755 = FACE_OUTER_BOUND ( 'NONE', #6765, .T. ) ;
#3756 = PLANE ( 'NONE',  #1252 ) ;
#3757 = ORIENTED_EDGE ( 'NONE', *, *, #3558, .T. ) ;
#3758 = DIRECTION ( 'NONE',  ( 1.000000000000000000, 0.0000000000000000000, -3.942553354492742500E-016 ) ) ;
#3759 = EDGE_CURVE ( 'NONE', #643, #4287, #8029, .T. ) ;
#3760 = SURFACE_SIDE_STYLE ('',( #7111 ) ) ;
#3761 = ADVANCED_FACE ( 'NONE', ( #5222 ), #5886, .T. ) ;
#3762 = MECHANICAL_DESIGN_GEOMETRIC_PRESENTATION_REPRESENTATION (  '', ( #5188 ), #496 ) ;
#3763 = CARTESIAN_POINT ( 'NONE',  ( -1.000000000000000000, 0.1000000000000000500, -0.4999999999999997800 ) ) ;
#3764 = SURFACE_SIDE_STYLE ('',( #2979 ) ) ;
#3765 = VECTOR ( 'NONE', #6022, 1000.000000000000000 ) ;
#3766 = VERTEX_POINT ( 'NONE', #4264 ) ;
#3767 = ADVANCED_FACE ( 'NONE', ( #8262 ), #1384, .F. ) ;
#3768 =( LENGTH_UNIT ( ) NAMED_UNIT ( * ) SI_UNIT ( .MILLI., .METRE. ) );
#3769 = EDGE_CURVE ( 'NONE', #6970, #2255, #4443, .T. ) ;
#3770 = SURFACE_STYLE_USAGE ( .BOTH. , #6722 ) ;
#3771 = ORIENTED_EDGE ( 'NONE', *, *, #4241, .F. ) ;
#3772 = DIRECTION ( 'NONE',  ( 0.0000000000000000000, 0.0000000000000000000, -1.000000000000000000 ) ) ;
#3773 = SURFACE_STYLE_FILL_AREA ( #5843 ) ;
#3774 = COLOUR_RGB ( '',0.2509803921568627400, 0.2509803921568627400, 0.2509803921568627400 ) ;
#3775 = VECTOR ( 'NONE', #9078, 1000.000000000000000 ) ;
#3776 = MECHANICAL_DESIGN_GEOMETRIC_PRESENTATION_REPRESENTATION (  '', ( #9073 ), #7441 ) ;
#3777 = PRESENTATION_STYLE_ASSIGNMENT (( #7502 ) ) ;
#3778 = ORIENTED_EDGE ( 'NONE', *, *, #7709, .F. ) ;
#3779 = DIRECTION ( 'NONE',  ( -1.971276677246371500E-016, 0.0000000000000000000, -1.000000000000000000 ) ) ;
#3780 = EDGE_CURVE ( 'NONE', #4036, #7312, #8701, .T. ) ;
#3781 = CARTESIAN_POINT ( 'NONE',  ( 0.4499999999999999600, 0.0000000000000000000, 1.500000000000000000 ) ) ;
#3782 = PLANE ( 'NONE',  #4594 ) ;
#3783 = DIRECTION ( 'NONE',  ( 0.0000000000000000000, 0.0000000000000000000, -1.000000000000000000 ) ) ;
#3784 = CARTESIAN_POINT ( 'NONE',  ( -0.4499999999999999600, 0.1000000000000000500, 1.099999999999999900 ) ) ;
#3785 = ADVANCED_FACE ( 'NONE', ( #2581 ), #1467, .F. ) ;
#3786 = FACE_OUTER_BOUND ( 'NONE', #2188, .T. ) ;
#3787 = DIRECTION ( 'NONE',  ( -5.421010862427526100E-016, 0.0000000000000000000, 1.000000000000000000 ) ) ;
#3788 = CIRCLE ( 'NONE', #3277, 0.1249999999999998900 ) ;
#3789 =( NAMED_UNIT ( * ) PLANE_ANGLE_UNIT ( ) SI_UNIT ( $, .RADIAN. ) );
#3790 = ORIENTED_EDGE ( 'NONE', *, *, #6473, .T. ) ;
#3791 = CARTESIAN_POINT ( 'NONE',  ( 1.000000000000000000, 0.1000000000000000500, 1.900000000000000100 ) ) ;
#3792 = DIRECTION ( 'NONE',  ( -3.942553354492742500E-016, 0.0000000000000000000, -1.000000000000000000 ) ) ;
#3793 = VECTOR ( 'NONE', #7205, 1000.000000000000000 ) ;
#3794 = DIRECTION ( 'NONE',  ( 0.0000000000000000000, 1.000000000000000000, 0.0000000000000000000 ) ) ;
#3795 = MECHANICAL_DESIGN_GEOMETRIC_PRESENTATION_REPRESENTATION (  '', ( #3081 ), #7381 ) ;
#3796 = EDGE_CURVE ( 'NONE', #5618, #8906, #1154, .T. ) ;
#3797 = DIRECTION ( 'NONE',  ( -1.000000000000000000, 0.0000000000000000000, 3.942553354492742500E-016 ) ) ;
#3798 = SURFACE_STYLE_USAGE ( .BOTH. , #7333 ) ;
#3799 = SURFACE_SIDE_STYLE ('',( #6355 ) ) ;
#3800 = ORIENTED_EDGE ( 'NONE', *, *, #572, .F. ) ;
#3801 = CARTESIAN_POINT ( 'NONE',  ( 0.0000000000000000000, 0.1000000000000000100, 0.0000000000000000000 ) ) ;
#3802 = DIRECTION ( 'NONE',  ( 1.000000000000000000, 0.0000000000000000000, -3.942553354492742500E-016 ) ) ;
#3803 =( LENGTH_UNIT ( ) NAMED_UNIT ( * ) SI_UNIT ( .MILLI., .METRE. ) );
#3804 = CARTESIAN_POINT ( 'NONE',  ( 1.000000000000000000, 0.04999999999999969700, 1.300000000000000000 ) ) ;
#3805 = ORIENTED_EDGE ( 'NONE', *, *, #8482, .T. ) ;
#3806 = UNCERTAINTY_MEASURE_WITH_UNIT (LENGTH_MEASURE( 1.000000000000000100E-005 ), #8598, 'distance_accuracy_value', 'NONE');
#3807 = DIRECTION ( 'NONE',  ( 3.942553354492742500E-016, 0.0000000000000000000, 1.000000000000000000 ) ) ;
#3808 = AXIS2_PLACEMENT_3D ( 'NONE', #8895, #5371, #2582 ) ;
#3809 = CARTESIAN_POINT ( 'NONE',  ( -0.4499999999999999600, 0.1000000000000000500, 1.099999999999999900 ) ) ;
#3810 =( NAMED_UNIT ( * ) SI_UNIT ( $, .STERADIAN. ) SOLID_ANGLE_UNIT ( ) );
#3811 =( NAMED_UNIT ( * ) PLANE_ANGLE_UNIT ( ) SI_UNIT ( $, .RADIAN. ) );
#3812 = ORIENTED_EDGE ( 'NONE', *, *, #8533, .F. ) ;
#3813 = CARTESIAN_POINT ( 'NONE',  ( 0.3000000000000006000, 0.1000000000000000500, 1.450000000000000000 ) ) ;
#3814 = DIRECTION ( 'NONE',  ( 0.0000000000000000000, 1.000000000000000000, 0.0000000000000000000 ) ) ;
#3815 = FACE_OUTER_BOUND ( 'NONE', #7525, .T. ) ;
#3816 = ORIENTED_EDGE ( 'NONE', *, *, #5526, .F. ) ;
#3817 = ORIENTED_EDGE ( 'NONE', *, *, #454, .T. ) ;
#3818 = COLOUR_RGB ( '',0.2509803921568627400, 0.2509803921568627400, 0.2509803921568627400 ) ;
#3819 = AXIS2_PLACEMENT_3D ( 'NONE', #4788, #8344, #1301 ) ;
#3820 =( LENGTH_UNIT ( ) NAMED_UNIT ( * ) SI_UNIT ( .MILLI., .METRE. ) );
#3821 = ORIENTED_EDGE ( 'NONE', *, *, #5699, .T. ) ;
#3822 = CARTESIAN_POINT ( 'NONE',  ( 0.4499999999999998400, 0.6852349955359816600, -0.6999999999999998400 ) ) ;
#3823 = CARTESIAN_POINT ( 'NONE',  ( 0.4499999999999998400, 0.1000000000000000500, -0.6999999999999998400 ) ) ;
#3824 = CARTESIAN_POINT ( 'NONE',  ( -0.4499999999999999600, 0.1000000000000000500, -0.1000000000000000500 ) ) ;
#3825 = CARTESIAN_POINT ( 'NONE',  ( -0.9999999999999997800, 0.1000000000000000500, 1.300000000000000000 ) ) ;
#3826 = LINE ( 'NONE', #7927, #985 ) ;
#3827 = ADVANCED_FACE ( 'NONE', ( #1913 ), #4149, .F. ) ;
#3828 = ORIENTED_EDGE ( 'NONE', *, *, #2321, .F. ) ;
#3829 = CARTESIAN_POINT ( 'NONE',  ( 0.4499999999999999600, 0.6852349955359816600, -0.5000000000000000000 ) ) ;
#3830 = DIRECTION ( 'NONE',  ( -3.942553354492742500E-016, 0.0000000000000000000, -1.000000000000000000 ) ) ;
#3831 = ORIENTED_EDGE ( 'NONE', *, *, #4382, .T. ) ;
#3832 = VECTOR ( 'NONE', #6068, 1000.000000000000000 ) ;
#3833 = DIRECTION ( 'NONE',  ( -3.942553354492742500E-016, 0.0000000000000000000, 1.000000000000000000 ) ) ;
#3834 = ORIENTED_EDGE ( 'NONE', *, *, #191, .T. ) ;
#3835 = DIRECTION ( 'NONE',  ( -1.000000000000000000, 0.0000000000000000000, 0.0000000000000000000 ) ) ;
#3836 = DIRECTION ( 'NONE',  ( 5.421010862427526100E-016, -0.0000000000000000000, 1.000000000000000000 ) ) ;
#3837 = FILL_AREA_STYLE ('',( #6764 ) ) ;
#3838 = CLOSED_SHELL ( 'NONE', ( #1700, #5159, #6318, #8838, #1073, #4593 ) ) ;
#3839 = FACE_OUTER_BOUND ( 'NONE', #5554, .T. ) ;
#3840 = LINE ( 'NONE', #3644, #3516 ) ;
#3841 = EDGE_CURVE ( 'NONE', #9108, #3580, #705, .T. ) ;
#3842 = EDGE_CURVE ( 'NONE', #1033, #4747, #259, .T. ) ;
#3843 = ORIENTED_EDGE ( 'NONE', *, *, #25, .F. ) ;
#3844 = SURFACE_SIDE_STYLE ('',( #6035 ) ) ;
#3845 = ORIENTED_EDGE ( 'NONE', *, *, #5645, .T. ) ;
#3846 = CARTESIAN_POINT ( 'NONE',  ( 0.4499999999999998400, 0.0000000000000000000, -0.6999999999999998400 ) ) ;
#3847 = CARTESIAN_POINT ( 'NONE',  ( 0.0000000000000000000, 0.0000000000000000000, 2.000000000000000000 ) ) ;
#3848 = ORIENTED_EDGE ( 'NONE', *, *, #2959, .F. ) ;
#3849 = PRESENTATION_STYLE_ASSIGNMENT (( #2008 ) ) ;
#3850 = AXIS2_PLACEMENT_3D ( 'NONE', #3591, #4299, #7898 ) ;
#3851 = FACE_OUTER_BOUND ( 'NONE', #3056, .T. ) ;
#3852 = UNCERTAINTY_MEASURE_WITH_UNIT (LENGTH_MEASURE( 1.000000000000000100E-005 ), #2545, 'distance_accuracy_value', 'NONE');
#3853 = ORIENTED_EDGE ( 'NONE', *, *, #2703, .F. ) ;
#3854 = CARTESIAN_POINT ( 'NONE',  ( -1.000000000000000000, 0.1000000000000000500, -1.300000000000000000 ) ) ;
#3855 = SURFACE_STYLE_USAGE ( .BOTH. , #6707 ) ;
#3856 = PLANE ( 'NONE',  #304 ) ;
#3857 = EDGE_LOOP ( 'NONE', ( #4909, #2180, #3458, #2661 ) ) ;
#3858 = COLOUR_RGB ( '',0.2509803921568627400, 0.2509803921568627400, 0.2509803921568627400 ) ;
#3859 = LINE ( 'NONE', #6782, #5544 ) ;
#3860 = PLANE ( 'NONE',  #8297 ) ;
#3861 = ORIENTED_EDGE ( 'NONE', *, *, #7376, .T. ) ;
#3862 = CARTESIAN_POINT ( 'NONE',  ( -0.4499999999999998400, 0.1000000000000000500, 0.9000000000000000200 ) ) ;
#3863 =( LENGTH_UNIT ( ) NAMED_UNIT ( * ) SI_UNIT ( .MILLI., .METRE. ) );
#3864 = ADVANCED_FACE ( 'NONE', ( #7114 ), #4207, .F. ) ;
#3865 = FACE_OUTER_BOUND ( 'NONE', #9227, .T. ) ;
#3866 = STYLED_ITEM ( 'NONE', ( #7919 ), #1047 ) ;
#3867 = SURFACE_STYLE_USAGE ( .BOTH. , #8165 ) ;
#3868 = FACE_OUTER_BOUND ( 'NONE', #4846, .T. ) ;
#3869 = EDGE_CURVE ( 'NONE', #4747, #8878, #8582, .T. ) ;
#3870 = LINE ( 'NONE', #980, #4558 ) ;
#3871 = VERTEX_POINT ( 'NONE', #655 ) ;
#3872 = DIRECTION ( 'NONE',  ( -1.000000000000000000, 0.0000000000000000000, 3.942553354492742500E-016 ) ) ;
#3873 = CARTESIAN_POINT ( 'NONE',  ( 0.4499999999999999600, 0.6852349955359816600, 1.099999999999999900 ) ) ;
#3874 = VECTOR ( 'NONE', #1480, 1000.000000000000000 ) ;
#3875 = CARTESIAN_POINT ( 'NONE',  ( -0.09999999999999939500, 0.6852349955359814400, 1.450000000000000000 ) ) ;
#3876 = EDGE_CURVE ( 'NONE', #3564, #4960, #5897, .T. ) ;
#3877 = SURFACE_STYLE_FILL_AREA ( #6807 ) ;
#3878 = PLANE ( 'NONE',  #3808 ) ;
#3879 = ORIENTED_EDGE ( 'NONE', *, *, #8197, .T. ) ;
#3880 = ADVANCED_FACE ( 'NONE', ( #7569 ), #7037, .T. ) ;
#3881 = VECTOR ( 'NONE', #5821, 1000.000000000000000 ) ;
#3882 =( NAMED_UNIT ( * ) SI_UNIT ( $, .STERADIAN. ) SOLID_ANGLE_UNIT ( ) );
#3883 = AXIS2_PLACEMENT_3D ( 'NONE', #6622, #7999, #2376 ) ;
#3884 = LINE ( 'NONE', #6743, #5225 ) ;
#3885 = EDGE_CURVE ( 'NONE', #5641, #8370, #7340, .T. ) ;
#3886 = DIRECTION ( 'NONE',  ( -1.000000000000000000, 0.0000000000000000000, 3.942553354492742500E-016 ) ) ;
#3887 = ORIENTED_EDGE ( 'NONE', *, *, #700, .F. ) ;
#3888 = CARTESIAN_POINT ( 'NONE',  ( -0.09999999999999939500, 0.1000000000000000500, 1.450000000000000000 ) ) ;
#3889 = FILL_AREA_STYLE ('',( #1083 ) ) ;
#3890 = AXIS2_PLACEMENT_3D ( 'NONE', #1177, #6116, #6147 ) ;
#3891 = VECTOR ( 'NONE', #1085, 1000.000000000000000 ) ;
#3892 = CARTESIAN_POINT ( 'NONE',  ( 0.0000000000000000000, 0.1000000000000000100, 0.0000000000000000000 ) ) ;
#3893 = EDGE_CURVE ( 'NONE', #7635, #6784, #8799, .T. ) ;
#3894 = CARTESIAN_POINT ( 'NONE',  ( -1.000000000000000000, 0.1000000000000000500, -0.8999999999999999100 ) ) ;
#3895 = EDGE_CURVE ( 'NONE', #4176, #4736, #1820, .T. ) ;
#3896 = ORIENTED_EDGE ( 'NONE', *, *, #1747, .F. ) ;
#3897 = FACE_OUTER_BOUND ( 'NONE', #3554, .T. ) ;
#3898 = DIRECTION ( 'NONE',  ( -3.942553354492742500E-016, 0.0000000000000000000, 1.000000000000000000 ) ) ;
#3899 = PRESENTATION_LAYER_ASSIGNMENT (  '', '', ( #9020 ) ) ;
#3900 = CARTESIAN_POINT ( 'NONE',  ( 0.4499999999999998400, 0.6852349955359816600, 0.9000000000000000200 ) ) ;
#3901 = UNCERTAINTY_MEASURE_WITH_UNIT (LENGTH_MEASURE( 1.000000000000000100E-005 ), #6437, 'distance_accuracy_value', 'NONE');
#3902 = LINE ( 'NONE', #2300, #5926 ) ;
#3903 = EDGE_CURVE ( 'NONE', #2336, #6791, #7788, .T. ) ;
#3904 = SURFACE_SIDE_STYLE ('',( #4034 ) ) ;
#3905 = LINE ( 'NONE', #7773, #5352 ) ;
#3906 = VERTEX_POINT ( 'NONE', #8600 ) ;
#3907 = ADVANCED_FACE ( 'NONE', ( #5200 ), #5010, .T. ) ;
#3908 = FILL_AREA_STYLE ('',( #3935 ) ) ;
#3909 = COLOUR_RGB ( '',0.7921568627450980000, 0.8196078431372548800, 0.9333333333333333500 ) ;
#3910 = EDGE_CURVE ( 'NONE', #5816, #7415, #917, .T. ) ;
#3911 = DIRECTION ( 'NONE',  ( 0.0000000000000000000, 0.0000000000000000000, -1.000000000000000000 ) ) ;
#3912 = SURFACE_SIDE_STYLE ('',( #2341 ) ) ;
#3913 = PLANE ( 'NONE',  #8289 ) ;
#3914 = UNCERTAINTY_MEASURE_WITH_UNIT (LENGTH_MEASURE( 1.000000000000000100E-005 ), #5205, 'distance_accuracy_value', 'NONE');
#3915 = VERTEX_POINT ( 'NONE', #6561 ) ;
#3916 = ADVANCED_FACE ( 'NONE', ( #3755 ), #2293, .F. ) ;
#3917 = PLANE ( 'NONE',  #8361 ) ;
#3918 = PLANE ( 'NONE',  #4332 ) ;
#3919 = CARTESIAN_POINT ( 'NONE',  ( 0.4499999999999999600, 0.1000000000000000500, 0.2999999999999999300 ) ) ;
#3920 = CARTESIAN_POINT ( 'NONE',  ( 1.000000000000000000, 0.0000000000000000000, -0.5000000000000000000 ) ) ;
#3921 = VECTOR ( 'NONE', #2954, 1000.000000000000000 ) ;
#3922 = ORIENTED_EDGE ( 'NONE', *, *, #7680, .F. ) ;
#3923 = ADVANCED_FACE ( 'NONE', ( #1706 ), #5708, .F. ) ;
#3924 =( NAMED_UNIT ( * ) SI_UNIT ( $, .STERADIAN. ) SOLID_ANGLE_UNIT ( ) );
#3925 = CARTESIAN_POINT ( 'NONE',  ( 1.000000000000000000, 0.0000000000000000000, 1.500000000000000000 ) ) ;
#3926 = LINE ( 'NONE', #9195, #5134 ) ;
#3927 = CARTESIAN_POINT ( 'NONE',  ( -1.000000000000000000, 0.1000000000000000500, -0.8999999999999999100 ) ) ;
#3928 = PRESENTATION_LAYER_ASSIGNMENT (  '', '', ( #1600 ) ) ;
#3929 = ORIENTED_EDGE ( 'NONE', *, *, #7201, .F. ) ;
#3930 = LINE ( 'NONE', #7044, #2062 ) ;
#3931 = ORIENTED_EDGE ( 'NONE', *, *, #1934, .T. ) ;
#3932 = CARTESIAN_POINT ( 'NONE',  ( -0.4499999999999999600, 0.6852349955359816600, 1.099999999999999900 ) ) ;
#3933 = PLANE ( 'NONE',  #8786 ) ;
#3934 = FILL_AREA_STYLE ('',( #5308 ) ) ;
#3935 = FILL_AREA_STYLE_COLOUR ( '', #3630 ) ;
#3936 = EDGE_CURVE ( 'NONE', #8557, #7404, #5441, .T. ) ;
#3937 = VERTEX_POINT ( 'NONE', #7204 ) ;
#3938 = ORIENTED_EDGE ( 'NONE', *, *, #2509, .T. ) ;
#3939 = DIRECTION ( 'NONE',  ( 0.0000000000000000000, 1.000000000000000000, 0.0000000000000000000 ) ) ;
#3940 = ORIENTED_EDGE ( 'NONE', *, *, #4090, .T. ) ;
#3941 = SURFACE_STYLE_USAGE ( .BOTH. , #8213 ) ;
#3942 = EDGE_LOOP ( 'NONE', ( #525, #5624, #2493, #418 ) ) ;
#3943 = ORIENTED_EDGE ( 'NONE', *, *, #4856, .T. ) ;
#3944 = ADVANCED_FACE ( 'NONE', ( #368 ), #6500, .T. ) ;
#3945 = CARTESIAN_POINT ( 'NONE',  ( 0.0000000000000000000, 0.0000000000000000000, 3.600000000000000500 ) ) ;
#3946 = ORIENTED_EDGE ( 'NONE', *, *, #4354, .T. ) ;
#3947 = STYLED_ITEM ( 'NONE', ( #4213 ), #2945 ) ;
#3948 = LINE ( 'NONE', #8227, #9003 ) ;
#3949 = CARTESIAN_POINT ( 'NONE',  ( -0.09999999999999971400, 0.6852349955359814400, -1.450000000000000000 ) ) ;
#3950 = DIRECTION ( 'NONE',  ( 1.000000000000000000, -0.0000000000000000000, -3.942553354492742500E-016 ) ) ;
#3951 = ORIENTED_EDGE ( 'NONE', *, *, #2711, .F. ) ;
#3953 = ADVANCED_FACE ( 'NONE', ( #6560 ), #832, .T. ) ;
#3952 = ORIENTED_EDGE ( 'NONE', *, *, #7092, .F. ) ;
#3954 = PRESENTATION_LAYER_ASSIGNMENT (  '', '', ( #4732 ) ) ;
#3955 = LINE ( 'NONE', #4278, #7868 ) ;
#3956 = DIRECTION ( 'NONE',  ( -1.000000000000000000, 0.0000000000000000000, -0.0000000000000000000 ) ) ;
#3957 = DIRECTION ( 'NONE',  ( 0.0000000000000000000, -0.0000000000000000000, 1.000000000000000000 ) ) ;
#3958 = DIRECTION ( 'NONE',  ( -0.0000000000000000000, -1.000000000000000000, -0.0000000000000000000 ) ) ;
#3959 = ORIENTED_EDGE ( 'NONE', *, *, #8047, .T. ) ;
#3960 =( GEOMETRIC_REPRESENTATION_CONTEXT ( 3 ) GLOBAL_UNCERTAINTY_ASSIGNED_CONTEXT ( ( #653 ) ) GLOBAL_UNIT_ASSIGNED_CONTEXT ( ( #549, #6262, #1258 ) ) REPRESENTATION_CONTEXT ( 'NONE', 'WORKASPACE' ) );
#3961 = PRESENTATION_STYLE_ASSIGNMENT (( #5462 ) ) ;
#3962 = EDGE_CURVE ( 'NONE', #2646, #1666, #3870, .T. ) ;
#3963 = VECTOR ( 'NONE', #2815, 1000.000000000000000 ) ;
#3964 = ORIENTED_EDGE ( 'NONE', *, *, #2205, .T. ) ;
#3965 = DIRECTION ( 'NONE',  ( 1.000000000000000000, 0.0000000000000000000, -3.942553354492742500E-016 ) ) ;
#3966 = EDGE_LOOP ( 'NONE', ( #1303, #6981, #8121, #3448 ) ) ;
#3967 = ADVANCED_FACE ( 'NONE', ( #3746 ), #6001, .T. ) ;
#3968 = SURFACE_STYLE_FILL_AREA ( #6056 ) ;
#3969 = MANIFOLD_SOLID_BREP ( 'LPattern4[4]', #3602 ) ;
#3970 = VERTEX_POINT ( 'NONE', #6647 ) ;
#3971 = FILL_AREA_STYLE ('',( #1169 ) ) ;
#3972 = DIRECTION ( 'NONE',  ( 0.0000000000000000000, 0.0000000000000000000, -1.000000000000000000 ) ) ;
#3973 = VECTOR ( 'NONE', #5960, 1000.000000000000000 ) ;
#3974 = ADVANCED_FACE ( 'NONE', ( #4197 ), #8125, .T. ) ;
#3975 = MECHANICAL_DESIGN_GEOMETRIC_PRESENTATION_REPRESENTATION (  '', ( #2633 ), #5223 ) ;
#3976 = EDGE_CURVE ( 'NONE', #2336, #2646, #2455, .T. ) ;
#3977 = DIRECTION ( 'NONE',  ( -0.0000000000000000000, -1.000000000000000000, -0.0000000000000000000 ) ) ;
#3978 = LINE ( 'NONE', #3352, #4965 ) ;
#3979 = SURFACE_STYLE_USAGE ( .BOTH. , #3912 ) ;
#3980 = PRESENTATION_STYLE_ASSIGNMENT (( #861 ) ) ;
#3981 = CARTESIAN_POINT ( 'NONE',  ( -1.000000000000000200, 0.05000000000000000300, 2.000000000000000900 ) ) ;
#3982 = VERTEX_POINT ( 'NONE', #5254 ) ;
#3983 = DIRECTION ( 'NONE',  ( 0.0000000000000000000, -1.000000000000000000, 0.0000000000000000000 ) ) ;
#3984 = CARTESIAN_POINT ( 'NONE',  ( -0.4499999999999999600, 0.1000000000000000500, -0.5000000000000000000 ) ) ;
#3985 = DIRECTION ( 'NONE',  ( -0.0000000000000000000, -1.000000000000000000, -0.0000000000000000000 ) ) ;
#3986 = CARTESIAN_POINT ( 'NONE',  ( -0.4499999999999993400, 0.05000000000000000300, -2.439454888092383000E-016 ) ) ;
#3987 = VECTOR ( 'NONE', #2328, 1000.000000000000000 ) ;
#3988 = VECTOR ( 'NONE', #4758, 1000.000000000000000 ) ;
#3989 = SURFACE_STYLE_FILL_AREA ( #6340 ) ;
#3990 = EDGE_LOOP ( 'NONE', ( #1853, #7757, #911, #4727 ) ) ;
#3991 = CARTESIAN_POINT ( 'NONE',  ( -1.000000000000000200, 5.572135954999580100, 2.000000000000000900 ) ) ;
#3992 = VECTOR ( 'NONE', #3122, 1000.000000000000000 ) ;
#3993 =( GEOMETRIC_REPRESENTATION_CONTEXT ( 3 ) GLOBAL_UNCERTAINTY_ASSIGNED_CONTEXT ( ( #3475 ) ) GLOBAL_UNIT_ASSIGNED_CONTEXT ( ( #8485, #7120, #2834 ) ) REPRESENTATION_CONTEXT ( 'NONE', 'WORKASPACE' ) );
#3994 = FACE_OUTER_BOUND ( 'NONE', #3452, .T. ) ;
#3995 = VECTOR ( 'NONE', #7986, 1000.000000000000000 ) ;
#3996 = CARTESIAN_POINT ( 'NONE',  ( -0.4499999999999998400, 0.1000000000000000500, 1.300000000000000300 ) ) ;
#3997 = CARTESIAN_POINT ( 'NONE',  ( 0.0000000000000000000, 0.0000000000000000000, 1.200000000000000200 ) ) ;
#3998 = ORIENTED_EDGE ( 'NONE', *, *, #2747, .F. ) ;
#3999 = PLANE ( 'NONE',  #935 ) ;
#4000 = ADVANCED_FACE ( 'NONE', ( #6231 ), #7362, .T. ) ;
#4001 = ORIENTED_EDGE ( 'NONE', *, *, #1174, .T. ) ;
#4002 = MECHANICAL_DESIGN_GEOMETRIC_PRESENTATION_REPRESENTATION (  '', ( #1319 ), #3642 ) ;
#4003 = CARTESIAN_POINT ( 'NONE',  ( -1.000000000000000000, 0.6852349955359816600, -0.09999999999999982500 ) ) ;
#4004 = EDGE_CURVE ( 'NONE', #4736, #6384, #6892, .T. ) ;
#4005 = SURFACE_STYLE_USAGE ( .BOTH. , #8304 ) ;
#4006 = SURFACE_STYLE_FILL_AREA ( #4030 ) ;
#4007 = PLANE ( 'NONE',  #4050 ) ;
#4008 = CARTESIAN_POINT ( 'NONE',  ( 0.0000000000000000000, 0.0000000000000000000, 0.0000000000000000000 ) ) ;
#4009 = AXIS2_PLACEMENT_3D ( 'NONE', #6655, #8196, #1062 ) ;
#4010 = FACE_OUTER_BOUND ( 'NONE', #8541, .T. ) ;
#4011 = EDGE_CURVE ( 'NONE', #755, #2316, #4306, .T. ) ;
#4012 = ORIENTED_EDGE ( 'NONE', *, *, #8650, .T. ) ;
#4013 = FILL_AREA_STYLE ('',( #6117 ) ) ;
#4014 = FACE_OUTER_BOUND ( 'NONE', #2115, .T. ) ;
#4015 = PRESENTATION_LAYER_ASSIGNMENT (  '', '', ( #9001 ) ) ;
#4016 = DIRECTION ( 'NONE',  ( 1.000000000000000000, 0.0000000000000000000, -3.942553354492742500E-016 ) ) ;
#4017 = SURFACE_STYLE_FILL_AREA ( #3417 ) ;
#4018 = STYLED_ITEM ( 'NONE', ( #1054 ), #3761 ) ;
#4019 = ORIENTED_EDGE ( 'NONE', *, *, #8808, .F. ) ;
#4020 = DIRECTION ( 'NONE',  ( -1.000000000000000000, 0.0000000000000000000, 3.942553354492742500E-016 ) ) ;
#4021 = FACE_OUTER_BOUND ( 'NONE', #3731, .T. ) ;
#4022 = ADVANCED_FACE ( 'NONE', ( #2208 ), #3860, .T. ) ;
#4023 = DIRECTION ( 'NONE',  ( 2.956915015869556800E-016, 0.0000000000000000000, 1.000000000000000000 ) ) ;
#4024 = UNCERTAINTY_MEASURE_WITH_UNIT (LENGTH_MEASURE( 1.000000000000000100E-005 ), #7423, 'distance_accuracy_value', 'NONE');
#4025 = EDGE_CURVE ( 'NONE', #336, #608, #4855, .T. ) ;
#4026 = LINE ( 'NONE', #2116, #3030 ) ;
#4027 = PLANE ( 'NONE',  #4031 ) ;
#4028 = FILL_AREA_STYLE_COLOUR ( '', #575 ) ;
#4029 = ORIENTED_EDGE ( 'NONE', *, *, #4996, .T. ) ;
#4030 = FILL_AREA_STYLE ('',( #5494 ) ) ;
#4031 = AXIS2_PLACEMENT_3D ( 'NONE', #2723, #3335, #541 ) ;
#4032 = CARTESIAN_POINT ( 'NONE',  ( 0.4499999999999999600, 0.1000000000000000500, 1.099999999999999900 ) ) ;
#4033 = AXIS2_PLACEMENT_3D ( 'NONE', #7045, #3488, #5592 ) ;
#4034 = SURFACE_STYLE_FILL_AREA ( #6768 ) ;
#4035 = DIRECTION ( 'NONE',  ( -0.0000000000000000000, 0.0000000000000000000, 1.000000000000000000 ) ) ;
#4036 = VERTEX_POINT ( 'NONE', #4702 ) ;
#4037 = PLANE ( 'NONE',  #1125 ) ;
#4038 = CARTESIAN_POINT ( 'NONE',  ( -1.000000000000000000, 0.1000000000000000500, -1.700000000000000000 ) ) ;
#4039 = COLOUR_RGB ( '',0.2509803921568627400, 0.2509803921568627400, 0.2509803921568627400 ) ;
#4040 = DIRECTION ( 'NONE',  ( 0.0000000000000000000, 0.0000000000000000000, 1.000000000000000000 ) ) ;
#4041 = ORIENTED_EDGE ( 'NONE', *, *, #5811, .F. ) ;
#4042 = MECHANICAL_DESIGN_GEOMETRIC_PRESENTATION_REPRESENTATION (  '', ( #2149 ), #1590 ) ;
#4043 = LINE ( 'NONE', #2708, #5718 ) ;
#4044 = CARTESIAN_POINT ( 'NONE',  ( -0.7500000000000000000, 0.5000000000000000000, -1.625000000000000200 ) ) ;
#4045 = STYLED_ITEM ( 'NONE', ( #3777 ), #976 ) ;
#4046 = CARTESIAN_POINT ( 'NONE',  ( 0.4499999999999999600, 0.6852349955359816600, -1.700000000000000200 ) ) ;
#4047 = VECTOR ( 'NONE', #3168, 1000.000000000000000 ) ;
#4048 = VERTEX_POINT ( 'NONE', #8810 ) ;
#4049 = FILL_AREA_STYLE_COLOUR ( '', #83 ) ;
#4050 = AXIS2_PLACEMENT_3D ( 'NONE', #8278, #1141, #8991 ) ;
#4051 = EDGE_LOOP ( 'NONE', ( #4646, #5502, #1985, #5285 ) ) ;
#4052 = COLOUR_RGB ( '',0.2509803921568627400, 0.2509803921568627400, 0.2509803921568627400 ) ;
#4053 = ORIENTED_EDGE ( 'NONE', *, *, #3976, .F. ) ;
#4054 = PLANE ( 'NONE',  #8744 ) ;
#4055 = DIRECTION ( 'NONE',  ( 1.000000000000000000, -0.0000000000000000000, 0.0000000000000000000 ) ) ;
#4056 = DIRECTION ( 'NONE',  ( 0.0000000000000000000, -0.0000000000000000000, 1.000000000000000000 ) ) ;
#4057 = VECTOR ( 'NONE', #5797, 1000.000000000000000 ) ;
#4058 = VERTEX_POINT ( 'NONE', #507 ) ;
#4059 = VERTEX_POINT ( 'NONE', #5350 ) ;
#4060 = LINE ( 'NONE', #2526, #9110 ) ;
#4061 = CARTESIAN_POINT ( 'NONE',  ( -1.000000000000000000, 0.0000000000000000000, 1.900000000000000400 ) ) ;
#4062 = CARTESIAN_POINT ( 'NONE',  ( 0.4499999999999999600, 0.6852349955359816600, 1.099999999999999900 ) ) ;
#4063 = ORIENTED_EDGE ( 'NONE', *, *, #2196, .T. ) ;
#4064 = PLANE ( 'NONE',  #3149 ) ;
#4065 = EDGE_CURVE ( 'NONE', #215, #5646, #358, .T. ) ;
#4066 = ORIENTED_EDGE ( 'NONE', *, *, #3312, .F. ) ;
#4067 = LINE ( 'NONE', #194, #8887 ) ;
#4068 = ORIENTED_EDGE ( 'NONE', *, *, #8892, .F. ) ;
#4069 =( GEOMETRIC_REPRESENTATION_CONTEXT ( 3 ) GLOBAL_UNCERTAINTY_ASSIGNED_CONTEXT ( ( #5869 ) ) GLOBAL_UNIT_ASSIGNED_CONTEXT ( ( #3863, #1026, #1647 ) ) REPRESENTATION_CONTEXT ( 'NONE', 'WORKASPACE' ) );
#4070 = SURFACE_STYLE_USAGE ( .BOTH. , #2713 ) ;
#4071 = VERTEX_POINT ( 'NONE', #6153 ) ;
#4072 = CARTESIAN_POINT ( 'NONE',  ( -1.000000000000000000, 0.0000000000000000000, -1.100000000000000300 ) ) ;
#4073 = STYLED_ITEM ( 'NONE', ( #8937 ), #3082 ) ;
#4074 = ORIENTED_EDGE ( 'NONE', *, *, #5306, .F. ) ;
#4075 = CARTESIAN_POINT ( 'NONE',  ( -0.2999999999999997100, 0.6852349955359814400, -1.450000000000000000 ) ) ;
#4076 = CARTESIAN_POINT ( 'NONE',  ( 0.4499999999999998400, 0.1000000000000000500, 1.300000000000000300 ) ) ;
#4077 = ORIENTED_EDGE ( 'NONE', *, *, #4258, .F. ) ;
#4078 = VECTOR ( 'NONE', #7992, 1000.000000000000000 ) ;
#4079 = VECTOR ( 'NONE', #3445, 1000.000000000000000 ) ;
#4080 = FACE_OUTER_BOUND ( 'NONE', #6553, .T. ) ;
#4081 = ORIENTED_EDGE ( 'NONE', *, *, #3454, .T. ) ;
#4082 = EDGE_CURVE ( 'NONE', #2752, #1614, #1474, .T. ) ;
#4083 = FACE_OUTER_BOUND ( 'NONE', #2627, .T. ) ;
#4084 = AXIS2_PLACEMENT_3D ( 'NONE', #5465, #7495, #480 ) ;
#4085 = FILL_AREA_STYLE ('',( #8386 ) ) ;
#4086 = VERTEX_POINT ( 'NONE', #6122 ) ;
#4087 = LINE ( 'NONE', #5385, #3635 ) ;
#4088 = EDGE_CURVE ( 'NONE', #9217, #3296, #5190, .T. ) ;
#4089 = ORIENTED_EDGE ( 'NONE', *, *, #2682, .F. ) ;
#4090 = EDGE_CURVE ( 'NONE', #8914, #6889, #3542, .T. ) ;
#4091 = DIRECTION ( 'NONE',  ( 0.0000000000000000000, -1.000000000000000000, 0.0000000000000000000 ) ) ;
#4092 = VECTOR ( 'NONE', #8836, 1000.000000000000000 ) ;
#4093 = FILL_AREA_STYLE_COLOUR ( '', #4995 ) ;
#4094 = ADVANCED_FACE ( 'NONE', ( #8788 ), #1152, .F. ) ;
#4095 = EDGE_CURVE ( 'NONE', #4915, #7515, #4087, .T. ) ;
#4096 = SURFACE_STYLE_FILL_AREA ( #8137 ) ;
#4097 = CARTESIAN_POINT ( 'NONE',  ( -0.7500000000000000000, 0.5000000000000000000, -1.750000000000000000 ) ) ;
#4098 = COLOUR_RGB ( '',0.2509803921568627400, 0.2509803921568627400, 0.2509803921568627400 ) ;
#4099 = VECTOR ( 'NONE', #6714, 1000.000000000000000 ) ;
#4100 = DIRECTION ( 'NONE',  ( 0.0000000000000000000, 0.0000000000000000000, 1.000000000000000000 ) ) ;
#4101 = PRESENTATION_STYLE_ASSIGNMENT (( #8785 ) ) ;
#4102 = ORIENTED_EDGE ( 'NONE', *, *, #8525, .F. ) ;
#4103 = DIRECTION ( 'NONE',  ( 0.0000000000000000000, 1.000000000000000000, 0.0000000000000000000 ) ) ;
#4104 = VECTOR ( 'NONE', #8966, 1000.000000000000000 ) ;
#4105 = UNCERTAINTY_MEASURE_WITH_UNIT (LENGTH_MEASURE( 1.000000000000000100E-005 ), #8722, 'distance_accuracy_value', 'NONE');
#4106 =( GEOMETRIC_REPRESENTATION_CONTEXT ( 3 ) GLOBAL_UNCERTAINTY_ASSIGNED_CONTEXT ( ( #3263 ) ) GLOBAL_UNIT_ASSIGNED_CONTEXT ( ( #178, #5924, #7973 ) ) REPRESENTATION_CONTEXT ( 'NONE', 'WORKASPACE' ) );
#4107 = PLANE ( 'NONE',  #415 ) ;
#4108 = DIRECTION ( 'NONE',  ( -1.000000000000000000, 0.0000000000000000000, -3.942553354492742500E-016 ) ) ;
#4109 = DIRECTION ( 'NONE',  ( -3.942553354492742500E-016, 0.0000000000000000000, 1.000000000000000000 ) ) ;
#4110 = VECTOR ( 'NONE', #8282, 1000.000000000000000 ) ;
#4111 = LINE ( 'NONE', #1121, #4985 ) ;
#4112 = DIRECTION ( 'NONE',  ( 0.0000000000000000000, -1.000000000000000000, 0.0000000000000000000 ) ) ;
#4113 = ORIENTED_EDGE ( 'NONE', *, *, #2312, .F. ) ;
#4114 = CARTESIAN_POINT ( 'NONE',  ( 0.4499999999999999600, 0.6852349955359816600, -0.9000000000000001300 ) ) ;
#4115 = DIRECTION ( 'NONE',  ( 0.0000000000000000000, -1.000000000000000000, 0.0000000000000000000 ) ) ;
#4116 = ORIENTED_EDGE ( 'NONE', *, *, #6439, .T. ) ;
#4117 = VECTOR ( 'NONE', #3459, 1000.000000000000000 ) ;
#4118 = DIRECTION ( 'NONE',  ( -1.000000000000000000, 0.0000000000000000000, -3.942553354492742500E-016 ) ) ;
#4119 = LINE ( 'NONE', #6516, #1597 ) ;
#4120 =( NAMED_UNIT ( * ) PLANE_ANGLE_UNIT ( ) SI_UNIT ( $, .RADIAN. ) );
#4121 = STYLED_ITEM ( 'NONE', ( #5514 ), #1545 ) ;
#4122 = VECTOR ( 'NONE', #5250, 1000.000000000000000 ) ;
#4123 = ORIENTED_EDGE ( 'NONE', *, *, #1069, .F. ) ;
#4124 = CARTESIAN_POINT ( 'NONE',  ( 1.000000000000000000, 0.1000000000000000500, 1.700000000000000200 ) ) ;
#4125 = COLOUR_RGB ( '',0.2509803921568627400, 0.2509803921568627400, 0.2509803921568627400 ) ;
#4126 = SURFACE_SIDE_STYLE ('',( #4461 ) ) ;
#4127 = DIRECTION ( 'NONE',  ( -0.7071067811865436900, 0.0000000000000000000, -0.7071067811865513500 ) ) ;
#4128 = LINE ( 'NONE', #3824, #7698 ) ;
#4129 = VECTOR ( 'NONE', #800, 1000.000000000000000 ) ;
#4130 = ORIENTED_EDGE ( 'NONE', *, *, #3876, .T. ) ;
#4131 = SURFACE_STYLE_FILL_AREA ( #3934 ) ;
#4132 = DIRECTION ( 'NONE',  ( -1.000000000000000000, 0.0000000000000000000, 2.168404344971008900E-016 ) ) ;
#4133 = CARTESIAN_POINT ( 'NONE',  ( -0.4499999999999999600, 0.1000000000000000500, 0.2999999999999999300 ) ) ;
#4134 = ORIENTED_EDGE ( 'NONE', *, *, #4090, .F. ) ;
#4135 = DIRECTION ( 'NONE',  ( -1.000000000000000000, 0.0000000000000000000, -3.942553354492742500E-016 ) ) ;
#4136 = VECTOR ( 'NONE', #151, 1000.000000000000000 ) ;
#4137 = MECHANICAL_DESIGN_GEOMETRIC_PRESENTATION_REPRESENTATION (  '', ( #4619 ), #7965 ) ;
#4138 = MECHANICAL_DESIGN_GEOMETRIC_PRESENTATION_REPRESENTATION (  '', ( #3494 ), #7007 ) ;
#4139 = PLANE ( 'NONE',  #7494 ) ;
#4140 = CARTESIAN_POINT ( 'NONE',  ( -1.000000000000000000, 0.1000000000000000500, 0.3000000000000001600 ) ) ;
#4141 = AXIS2_PLACEMENT_3D ( 'NONE', #4400, #161, #2882 ) ;
#4142 = LINE ( 'NONE', #4662, #1519 ) ;
#4143 = DIRECTION ( 'NONE',  ( -0.0000000000000000000, -1.000000000000000000, -0.0000000000000000000 ) ) ;
#4144 = ORIENTED_EDGE ( 'NONE', *, *, #498, .F. ) ;
#4145 = SURFACE_SIDE_STYLE ('',( #2043 ) ) ;
#4146 = EDGE_CURVE ( 'NONE', #8900, #725, #138, .T. ) ;
#4147 = EDGE_CURVE ( 'NONE', #4609, #6611, #7667, .T. ) ;
#4148 = VECTOR ( 'NONE', #2871, 1000.000000000000000 ) ;
#4149 = PLANE ( 'NONE',  #6593 ) ;
#4150 = FILL_AREA_STYLE ('',( #4826 ) ) ;
#4151 = ORIENTED_EDGE ( 'NONE', *, *, #7384, .T. ) ;
#4152 = VECTOR ( 'NONE', #960, 1000.000000000000000 ) ;
#4153 = EDGE_CURVE ( 'NONE', #8442, #7232, #2974, .T. ) ;
#4154 = SURFACE_SIDE_STYLE ('',( #7159 ) ) ;
#4155 = FACE_OUTER_BOUND ( 'NONE', #4284, .T. ) ;
#4156 = CARTESIAN_POINT ( 'NONE',  ( -1.000000000000000000, 0.04999999999999969700, -0.7000000000000000700 ) ) ;
#4157 = DIRECTION ( 'NONE',  ( 0.0000000000000000000, 0.0000000000000000000, 1.000000000000000000 ) ) ;
#4158 = ORIENTED_EDGE ( 'NONE', *, *, #8080, .F. ) ;
#4159 = ORIENTED_EDGE ( 'NONE', *, *, #4755, .T. ) ;
#4160 = CARTESIAN_POINT ( 'NONE',  ( -0.4499999999999998400, 0.05000000000000002400, 1.300000000000000300 ) ) ;
#4161 = LINE ( 'NONE', #978, #8324 ) ;
#4162 = ORIENTED_EDGE ( 'NONE', *, *, #6641, .F. ) ;
#4163 = CARTESIAN_POINT ( 'NONE',  ( 1.000000000000000000, 0.6852349955359816600, 0.5000000000000000000 ) ) ;
#4164 =( GEOMETRIC_REPRESENTATION_CONTEXT ( 3 ) GLOBAL_UNCERTAINTY_ASSIGNED_CONTEXT ( ( #6497 ) ) GLOBAL_UNIT_ASSIGNED_CONTEXT ( ( #9205, #1354, #2829 ) ) REPRESENTATION_CONTEXT ( 'NONE', 'WORKASPACE' ) );
#4165 = PLANE ( 'NONE',  #312 ) ;
#4166 = VERTEX_POINT ( 'NONE', #6835 ) ;
#4167 = VECTOR ( 'NONE', #5351, 1000.000000000000000 ) ;
#4168 = SURFACE_SIDE_STYLE ('',( #5733 ) ) ;
#4169 = LINE ( 'NONE', #5771, #2840 ) ;
#4170 = EDGE_LOOP ( 'NONE', ( #998, #5387, #9174, #5468 ) ) ;
#4171 = DIRECTION ( 'NONE',  ( 0.0000000000000000000, -0.0000000000000000000, -1.000000000000000000 ) ) ;
#4172 = LINE ( 'NONE', #5015, #2955 ) ;
#4173 = ORIENTED_EDGE ( 'NONE', *, *, #8171, .F. ) ;
#4174 = EDGE_CURVE ( 'NONE', #8219, #6149, #9142, .T. ) ;
#4175 = CARTESIAN_POINT ( 'NONE',  ( -0.4499999999999998400, 0.05000000000000002400, -1.500000000000000000 ) ) ;
#4176 = VERTEX_POINT ( 'NONE', #9002 ) ;
#4177 = CARTESIAN_POINT ( 'NONE',  ( -0.4499999999999999000, 0.1000000000000000100, -1.800000000000000300 ) ) ;
#4178 = CARTESIAN_POINT ( 'NONE',  ( 0.4499999999999998400, 0.6852349955359816600, 0.1000000000000000500 ) ) ;
#4179 = ORIENTED_EDGE ( 'NONE', *, *, #9068, .F. ) ;
#4180 = FACE_OUTER_BOUND ( 'NONE', #9183, .T. ) ;
#4181 = ORIENTED_EDGE ( 'NONE', *, *, #1576, .F. ) ;
#4182 = MECHANICAL_DESIGN_GEOMETRIC_PRESENTATION_REPRESENTATION (  '', ( #8994 ), #2617 ) ;
#4183 = DIRECTION ( 'NONE',  ( -1.000000000000000000, 0.0000000000000000000, 0.0000000000000000000 ) ) ;
#4184 = DIRECTION ( 'NONE',  ( -0.0000000000000000000, -1.000000000000000000, -0.0000000000000000000 ) ) ;
#4185 = VECTOR ( 'NONE', #1423, 1000.000000000000000 ) ;
#4186 = ORIENTED_EDGE ( 'NONE', *, *, #1861, .T. ) ;
#4187 = ORIENTED_EDGE ( 'NONE', *, *, #2037, .F. ) ;
#4188 = UNCERTAINTY_MEASURE_WITH_UNIT (LENGTH_MEASURE( 1.000000000000000100E-005 ), #5573, 'distance_accuracy_value', 'NONE');
#4189 = VECTOR ( 'NONE', #5528, 1000.000000000000000 ) ;
#4190 = LINE ( 'NONE', #2741, #1795 ) ;
#4191 = ORIENTED_EDGE ( 'NONE', *, *, #8580, .F. ) ;
#4192 = PRESENTATION_LAYER_ASSIGNMENT (  '', '', ( #3139 ) ) ;
#4193 = SURFACE_STYLE_USAGE ( .BOTH. , #2073 ) ;
#4194 = LINE ( 'NONE', #8905, #1373 ) ;
#4195 = EDGE_CURVE ( 'NONE', #660, #7411, #1136, .T. ) ;
#4196 = VECTOR ( 'NONE', #6763, 1000.000000000000000 ) ;
#4197 = FACE_OUTER_BOUND ( 'NONE', #3857, .T. ) ;
#4198 = EDGE_CURVE ( 'NONE', #7635, #7694, #5763, .T. ) ;
#4199 = ORIENTED_EDGE ( 'NONE', *, *, #5449, .F. ) ;
#4200 = UNCERTAINTY_MEASURE_WITH_UNIT (LENGTH_MEASURE( 1.000000000000000100E-005 ), #932, 'distance_accuracy_value', 'NONE');
#4201 = STYLED_ITEM ( 'NONE', ( #5114 ), #5936 ) ;
#4202 = CARTESIAN_POINT ( 'NONE',  ( -0.4499999999999999600, 0.1000000000000000500, -1.300000000000000300 ) ) ;
#4203 = COLOUR_RGB ( '',0.7921568627450980000, 0.8196078431372548800, 0.9333333333333333500 ) ;
#4204 = PRESENTATION_LAYER_ASSIGNMENT (  '', '', ( #912 ) ) ;
#4205 = EDGE_CURVE ( 'NONE', #6149, #4260, #3859, .T. ) ;
#4206 = FACE_OUTER_BOUND ( 'NONE', #1523, .T. ) ;
#4207 = PLANE ( 'NONE',  #8819 ) ;
#4208 = CARTESIAN_POINT ( 'NONE',  ( -0.2999999999999997100, 0.05000000000000000300, 0.0000000000000000000 ) ) ;
#4209 = VERTEX_POINT ( 'NONE', #3888 ) ;
#4210 = LINE ( 'NONE', #9122, #6569 ) ;
#4211 = PLANE ( 'NONE',  #3117 ) ;
#4212 = UNCERTAINTY_MEASURE_WITH_UNIT (LENGTH_MEASURE( 1.000000000000000100E-005 ), #2228, 'distance_accuracy_value', 'NONE');
#4213 = PRESENTATION_STYLE_ASSIGNMENT (( #8640 ) ) ;
#4214 = EDGE_CURVE ( 'NONE', #5646, #8575, #1247, .T. ) ;
#4215 = ORIENTED_EDGE ( 'NONE', *, *, #4801, .F. ) ;
#4216 = CARTESIAN_POINT ( 'NONE',  ( 0.1000000000000007000, 0.1000000000000000100, 1.450000000000000000 ) ) ;
#4217 = DIRECTION ( 'NONE',  ( -0.0000000000000000000, -1.000000000000000000, -0.0000000000000000000 ) ) ;
#4218 = FILL_AREA_STYLE ('',( #2810 ) ) ;
#4219 = VECTOR ( 'NONE', #8499, 1000.000000000000000 ) ;
#4220 = VERTEX_POINT ( 'NONE', #7487 ) ;
#4221 =( GEOMETRIC_REPRESENTATION_CONTEXT ( 3 ) GLOBAL_UNCERTAINTY_ASSIGNED_CONTEXT ( ( #4783 ) ) GLOBAL_UNIT_ASSIGNED_CONTEXT ( ( #8037, #3749, #8763 ) ) REPRESENTATION_CONTEXT ( 'NONE', 'WORKASPACE' ) );
#4222 = ORIENTED_EDGE ( 'NONE', *, *, #2394, .T. ) ;
#4223 = SURFACE_SIDE_STYLE ('',( #7766 ) ) ;
#4224 = LINE ( 'NONE', #5051, #3009 ) ;
#4225 = FILL_AREA_STYLE ('',( #3469 ) ) ;
#4226 = SURFACE_SIDE_STYLE ('',( #7696 ) ) ;
#4227 = SURFACE_STYLE_FILL_AREA ( #7990 ) ;
#4228 = CARTESIAN_POINT ( 'NONE',  ( -0.2999999999999992100, 0.1000000000000000500, 2.000000000000000000 ) ) ;
#4229 = CARTESIAN_POINT ( 'NONE',  ( 0.3000000000000003200, 0.1000000000000000500, -1.450000000000000000 ) ) ;
#4230 = PRESENTATION_LAYER_ASSIGNMENT (  '', '', ( #5666 ) ) ;
#4231 =( NAMED_UNIT ( * ) PLANE_ANGLE_UNIT ( ) SI_UNIT ( $, .RADIAN. ) );
#4232 = ORIENTED_EDGE ( 'NONE', *, *, #4256, .T. ) ;
#4233 = CARTESIAN_POINT ( 'NONE',  ( -0.2999999999999997100, 0.1000000000000000500, -2.000000000000000000 ) ) ;
#4234 =( NAMED_UNIT ( * ) PLANE_ANGLE_UNIT ( ) SI_UNIT ( $, .RADIAN. ) );
#4235 = PRESENTATION_LAYER_ASSIGNMENT (  '', '', ( #8270 ) ) ;
#4236 = COLOUR_RGB ( '',0.2509803921568627400, 0.2509803921568627400, 0.2509803921568627400 ) ;
#4237 =( NAMED_UNIT ( * ) PLANE_ANGLE_UNIT ( ) SI_UNIT ( $, .RADIAN. ) );
#4238 = ORIENTED_EDGE ( 'NONE', *, *, #4685, .F. ) ;
#4239 = CARTESIAN_POINT ( 'NONE',  ( -0.4499999999999998400, 0.6852349955359816600, 0.5000000000000002200 ) ) ;
#4240 = VECTOR ( 'NONE', #1989, 1000.000000000000000 ) ;
#4241 = EDGE_CURVE ( 'NONE', #5841, #344, #8911, .T. ) ;
#4242 = DIRECTION ( 'NONE',  ( -1.000000000000000000, 0.0000000000000000000, 0.0000000000000000000 ) ) ;
#4243 = AXIS2_PLACEMENT_3D ( 'NONE', #7577, #8377, #5509 ) ;
#4244 = LINE ( 'NONE', #579, #82 ) ;
#4245 = CARTESIAN_POINT ( 'NONE',  ( 1.000000000000000000, 0.6852349955359816600, 1.300000000000000000 ) ) ;
#4247 = AXIS2_PLACEMENT_3D ( 'NONE', #4583, #4381, #2921 ) ;
#4246 = DIRECTION ( 'NONE',  ( -1.000000000000000000, 0.0000000000000000000, 0.0000000000000000000 ) ) ;
#4248 = ORIENTED_EDGE ( 'NONE', *, *, #8957, .T. ) ;
#4249 = SURFACE_SIDE_STYLE ('',( #7084 ) ) ;
#4250 =( LENGTH_UNIT ( ) NAMED_UNIT ( * ) SI_UNIT ( .MILLI., .METRE. ) );
#4251 = CARTESIAN_POINT ( 'NONE',  ( 5.125319360840567100E-016, 0.05000000000000000300, 1.300000000000000300 ) ) ;
#4252 = ORIENTED_EDGE ( 'NONE', *, *, #6932, .T. ) ;
#4253 = AXIS2_PLACEMENT_3D ( 'NONE', #5603, #7058, #3495 ) ;
#4254 = COLOUR_RGB ( '',0.2509803921568627400, 0.2509803921568627400, 0.2509803921568627400 ) ;
#4255 = AXIS2_PLACEMENT_3D ( 'NONE', #6810, #8912, #1181 ) ;
#4256 = EDGE_CURVE ( 'NONE', #6629, #8442, #2687, .T. ) ;
#4257 = DIRECTION ( 'NONE',  ( 3.942553354492742500E-016, -0.0000000000000000000, 1.000000000000000000 ) ) ;
#4258 = EDGE_CURVE ( 'NONE', #8219, #823, #6226, .T. ) ;
#4259 = PLANE ( 'NONE',  #5415 ) ;
#4260 = VERTEX_POINT ( 'NONE', #7673 ) ;
#4261 = VECTOR ( 'NONE', #7813, 1000.000000000000000 ) ;
#4262 = EDGE_CURVE ( 'NONE', #2940, #8886, #8124, .T. ) ;
#4263 = FILL_AREA_STYLE_COLOUR ( '', #2652 ) ;
#4264 = CARTESIAN_POINT ( 'NONE',  ( 1.000000000000000000, 0.04999999999999969700, -0.9000000000000001300 ) ) ;
#4265 = DIRECTION ( 'NONE',  ( 5.421010862427526100E-016, 0.0000000000000000000, -1.000000000000000000 ) ) ;
#4266 = CARTESIAN_POINT ( 'NONE',  ( 0.9999999999999995600, 0.5500000000000001600, 2.000000000000000000 ) ) ;
#4267 = VECTOR ( 'NONE', #4565, 1000.000000000000000 ) ;
#4268 = VERTEX_POINT ( 'NONE', #1307 ) ;
#4269 = EDGE_LOOP ( 'NONE', ( #7460, #857 ) ) ;
#4270 = STYLED_ITEM ( 'NONE', ( #8610 ), #6278 ) ;
#4271 = LINE ( 'NONE', #1930, #323 ) ;
#4272 = EDGE_CURVE ( 'NONE', #7646, #1222, #1575, .T. ) ;
#4273 = CARTESIAN_POINT ( 'NONE',  ( 0.0000000000000000000, 0.1000000000000000100, 0.0000000000000000000 ) ) ;
#4274 = ORIENTED_EDGE ( 'NONE', *, *, #7499, .T. ) ;
#4275 = CARTESIAN_POINT ( 'NONE',  ( 0.0000000000000000000, 0.1000000000000000100, 0.0000000000000000000 ) ) ;
#4276 = ORIENTED_EDGE ( 'NONE', *, *, #5527, .F. ) ;
#4277 = DIRECTION ( 'NONE',  ( 0.0000000000000000000, -1.000000000000000000, 0.0000000000000000000 ) ) ;
#4278 = CARTESIAN_POINT ( 'NONE',  ( 1.000000000000000000, 0.6852349955359816600, 1.700000000000000200 ) ) ;
#4279 = ORIENTED_EDGE ( 'NONE', *, *, #692, .F. ) ;
#4280 = FILL_AREA_STYLE_COLOUR ( '', #7090 ) ;
#4281 = ORIENTED_EDGE ( 'NONE', *, *, #8180, .T. ) ;
#4282 = LINE ( 'NONE', #2885, #7977 ) ;
#4283 = FILL_AREA_STYLE_COLOUR ( '', #7794 ) ;
#4284 = EDGE_LOOP ( 'NONE', ( #5979, #5731, #150, #6750 ) ) ;
#4285 = DIRECTION ( 'NONE',  ( -0.0000000000000000000, -1.000000000000000000, -0.0000000000000000000 ) ) ;
#4286 = ORIENTED_EDGE ( 'NONE', *, *, #5986, .T. ) ;
#4287 = VERTEX_POINT ( 'NONE', #4819 ) ;
#4288 = DIRECTION ( 'NONE',  ( -3.942553354492742500E-016, 0.0000000000000000000, 1.000000000000000000 ) ) ;
#4289 = VERTEX_POINT ( 'NONE', #5512 ) ;
#4290 = ORIENTED_EDGE ( 'NONE', *, *, #798, .T. ) ;
#4291 = CARTESIAN_POINT ( 'NONE',  ( -0.4499999999999999600, 0.6852349955359816600, -1.700000000000000200 ) ) ;
#4292 = ORIENTED_EDGE ( 'NONE', *, *, #2682, .T. ) ;
#4293 = FACE_OUTER_BOUND ( 'NONE', #7730, .T. ) ;
#4294 = EDGE_LOOP ( 'NONE', ( #502, #8326, #1230, #5129 ) ) ;
#4295 =( NAMED_UNIT ( * ) SI_UNIT ( $, .STERADIAN. ) SOLID_ANGLE_UNIT ( ) );
#4296 = CARTESIAN_POINT ( 'NONE',  ( -0.4499999999999998400, 0.1000000000000000500, 0.1000000000000000500 ) ) ;
#4297 = CARTESIAN_POINT ( 'NONE',  ( 0.3000000000000007700, 0.0000000000000000000, 2.000000000000000000 ) ) ;
#4298 = DIRECTION ( 'NONE',  ( 3.942553354492742500E-016, -0.0000000000000000000, 1.000000000000000000 ) ) ;
#4299 = DIRECTION ( 'NONE',  ( 0.0000000000000000000, -1.000000000000000000, 0.0000000000000000000 ) ) ;
#4300 = ORIENTED_EDGE ( 'NONE', *, *, #6761, .F. ) ;
#4301 = UNCERTAINTY_MEASURE_WITH_UNIT (LENGTH_MEASURE( 1.000000000000000100E-005 ), #8682, 'distance_accuracy_value', 'NONE');
#4302 = ORIENTED_EDGE ( 'NONE', *, *, #6303, .F. ) ;
#4303 = LINE ( 'NONE', #7402, #7440 ) ;
#4304 = STYLED_ITEM ( 'NONE', ( #8559 ), #2780 ) ;
#4305 = SURFACE_STYLE_USAGE ( .BOTH. , #701 ) ;
#4306 = LINE ( 'NONE', #7390, #587 ) ;
#4307 = CARTESIAN_POINT ( 'NONE',  ( 0.4499999999999999600, 0.1000000000000000500, 1.500000000000000000 ) ) ;
#4308 = COLOUR_RGB ( '',0.2509803921568627400, 0.2509803921568627400, 0.2509803921568627400 ) ;
#4309 = ORIENTED_EDGE ( 'NONE', *, *, #8593, .T. ) ;
#4310 =( LENGTH_UNIT ( ) NAMED_UNIT ( * ) SI_UNIT ( .MILLI., .METRE. ) );
#4311 = LINE ( 'NONE', #1878, #2444 ) ;
#4312 = FACE_OUTER_BOUND ( 'NONE', #8423, .T. ) ;
#4313 = MECHANICAL_DESIGN_GEOMETRIC_PRESENTATION_REPRESENTATION (  '', ( #4732 ), #680 ) ;
#4314 = DIRECTION ( 'NONE',  ( -0.0000000000000000000, -1.000000000000000000, -0.0000000000000000000 ) ) ;
#4315 = AXIS2_PLACEMENT_3D ( 'NONE', #8901, #2451, #6059 ) ;
#4316 = CARTESIAN_POINT ( 'NONE',  ( 0.4499999999999999600, 0.1000000000000000500, 0.7000000000000000700 ) ) ;
#4317 = VECTOR ( 'NONE', #1659, 1000.000000000000000 ) ;
#4318 = LINE ( 'NONE', #1300, #596 ) ;
#4319 = LINE ( 'NONE', #6658, #4765 ) ;
#4320 = EDGE_LOOP ( 'NONE', ( #1877, #8843, #2532, #5172 ) ) ;
#4321 = LINE ( 'NONE', #462, #6012 ) ;
#4322 = FILL_AREA_STYLE_COLOUR ( '', #3909 ) ;
#4323 = CARTESIAN_POINT ( 'NONE',  ( 1.000000000000000000, 0.04999999999999969700, -0.5000000000000000000 ) ) ;
#4324 = DIRECTION ( 'NONE',  ( 0.0000000000000000000, 1.000000000000000000, 0.0000000000000000000 ) ) ;
#4325 = EDGE_CURVE ( 'NONE', #7858, #1110, #3436, .T. ) ;
#4326 = EDGE_CURVE ( 'NONE', #1273, #5325, #7332, .T. ) ;
#4327 = LINE ( 'NONE', #7355, #4984 ) ;
#4328 = COLOUR_RGB ( '',0.2509803921568627400, 0.2509803921568627400, 0.2509803921568627400 ) ;
#4329 = ORIENTED_EDGE ( 'NONE', *, *, #4088, .T. ) ;
#4330 = DIRECTION ( 'NONE',  ( -1.000000000000000000, 0.0000000000000000000, 0.0000000000000000000 ) ) ;
#4331 = SURFACE_STYLE_USAGE ( .BOTH. , #212 ) ;
#4332 = AXIS2_PLACEMENT_3D ( 'NONE', #1804, #8221, #3886 ) ;
#4333 = AXIS2_PLACEMENT_3D ( 'NONE', #3801, #4571, #8815 ) ;
#4334 = EDGE_LOOP ( 'NONE', ( #7183, #1567, #2078, #5046 ) ) ;
#4335 = ORIENTED_EDGE ( 'NONE', *, *, #7374, .T. ) ;
#4336 = CARTESIAN_POINT ( 'NONE',  ( -0.9999999999999997800, 0.1000000000000000500, -1.500000000000000200 ) ) ;
#4337 = LINE ( 'NONE', #2727, #8160 ) ;
#4338 = DIRECTION ( 'NONE',  ( 1.000000000000000000, -0.0000000000000000000, 0.0000000000000000000 ) ) ;
#4339 = VECTOR ( 'NONE', #7002, 1000.000000000000000 ) ;
#4340 = VECTOR ( 'NONE', #6669, 1000.000000000000000 ) ;
#4341 = CARTESIAN_POINT ( 'NONE',  ( -0.09999999999999922800, 0.1000000000000000500, 2.000000000000000000 ) ) ;
#4342 = DIRECTION ( 'NONE',  ( 0.0000000000000000000, -1.000000000000000000, 0.0000000000000000000 ) ) ;
#4343 = DIRECTION ( 'NONE',  ( -5.421010862427526100E-016, 0.0000000000000000000, -1.000000000000000000 ) ) ;
#4344 = FACE_OUTER_BOUND ( 'NONE', #2551, .T. ) ;
#4345 = SURFACE_STYLE_USAGE ( .BOTH. , #7903 ) ;
#4346 = ORIENTED_EDGE ( 'NONE', *, *, #4519, .T. ) ;
#4347 = CARTESIAN_POINT ( 'NONE',  ( 0.4499999999999999600, 0.0000000000000000000, -0.9000000000000001300 ) ) ;
#4348 = DIRECTION ( 'NONE',  ( -0.0000000000000000000, -1.000000000000000000, -0.0000000000000000000 ) ) ;
#4349 = CARTESIAN_POINT ( 'NONE',  ( -1.000000000000000200, 0.1000000000000002600, 0.3000000000000001600 ) ) ;
#4350 =( GEOMETRIC_REPRESENTATION_CONTEXT ( 3 ) GLOBAL_UNCERTAINTY_ASSIGNED_CONTEXT ( ( #3307 ) ) GLOBAL_UNIT_ASSIGNED_CONTEXT ( ( #1215, #486, #4807 ) ) REPRESENTATION_CONTEXT ( 'NONE', 'WORKASPACE' ) );
#4351 = SURFACE_STYLE_USAGE ( .BOTH. , #7182 ) ;
#4352 = ADVANCED_FACE ( 'NONE', ( #3851 ), #6244, .F. ) ;
#4353 = LINE ( 'NONE', #6609, #621 ) ;
#4354 = EDGE_CURVE ( 'NONE', #7428, #5055, #1997, .T. ) ;
#4355 = VERTEX_POINT ( 'NONE', #4726 ) ;
#4356 =( LENGTH_UNIT ( ) NAMED_UNIT ( * ) SI_UNIT ( .MILLI., .METRE. ) );
#4357 = VECTOR ( 'NONE', #4608, 1000.000000000000000 ) ;
#4358 = DIRECTION ( 'NONE',  ( 0.0000000000000000000, 0.0000000000000000000, -1.000000000000000000 ) ) ;
#4359 = LINE ( 'NONE', #5196, #6051 ) ;
#4360 = DIRECTION ( 'NONE',  ( 0.0000000000000000000, -1.000000000000000000, 0.0000000000000000000 ) ) ;
#4361 = VECTOR ( 'NONE', #5766, 1000.000000000000000 ) ;
#4362 = VERTEX_POINT ( 'NONE', #619 ) ;
#4363 = DIRECTION ( 'NONE',  ( 0.0000000000000000000, 0.0000000000000000000, 1.000000000000000000 ) ) ;
#4364 = CARTESIAN_POINT ( 'NONE',  ( 0.0000000000000000000, 0.0000000000000000000, 2.799999999999999800 ) ) ;
#4365 = MECHANICAL_DESIGN_GEOMETRIC_PRESENTATION_REPRESENTATION (  '', ( #4790 ), #2492 ) ;
#4366 = DIRECTION ( 'NONE',  ( 0.0000000000000000000, 0.0000000000000000000, -1.000000000000000000 ) ) ;
#4367 = PLANE ( 'NONE',  #2872 ) ;
#4368 = PRESENTATION_STYLE_ASSIGNMENT (( #154 ) ) ;
#4369 = DIRECTION ( 'NONE',  ( -0.0000000000000000000, -1.000000000000000000, -0.0000000000000000000 ) ) ;
#4370 = ORIENTED_EDGE ( 'NONE', *, *, #7152, .F. ) ;
#4371 = CARTESIAN_POINT ( 'NONE',  ( 0.4499999999999998400, 0.6852349955359816600, 0.9000000000000000200 ) ) ;
#4372 = PRESENTATION_LAYER_ASSIGNMENT (  '', '', ( #7292 ) ) ;
#4373 = EDGE_CURVE ( 'NONE', #5941, #7819, #26, .T. ) ;
#4374 = DIRECTION ( 'NONE',  ( -0.0000000000000000000, -1.000000000000000000, -0.0000000000000000000 ) ) ;
#4375 = PRESENTATION_LAYER_ASSIGNMENT (  '', '', ( #3440 ) ) ;
#4376 = ORIENTED_EDGE ( 'NONE', *, *, #1380, .F. ) ;
#4377 = LINE ( 'NONE', #5915, #6509 ) ;
#4378 = EDGE_CURVE ( 'NONE', #1648, #1440, #3087, .T. ) ;
#4379 = DIRECTION ( 'NONE',  ( -1.000000000000000000, 0.0000000000000000000, 0.0000000000000000000 ) ) ;
#4380 = ADVANCED_FACE ( 'NONE', ( #9132 ), #5460, .F. ) ;
#4381 = DIRECTION ( 'NONE',  ( -3.942553354492742500E-016, 0.0000000000000000000, 1.000000000000000000 ) ) ;
#4382 = EDGE_CURVE ( 'NONE', #9045, #4, #1006, .T. ) ;
#4383 = VECTOR ( 'NONE', #6897, 1000.000000000000000 ) ;
#4384 = DIRECTION ( 'NONE',  ( 1.000000000000000000, 0.0000000000000000000, -3.942553354492742500E-016 ) ) ;
#4385 = AXIS2_PLACEMENT_3D ( 'NONE', #3331, #3272, #3956 ) ;
#4386 =( NAMED_UNIT ( * ) PLANE_ANGLE_UNIT ( ) SI_UNIT ( $, .RADIAN. ) );
#4387 = ORIENTED_EDGE ( 'NONE', *, *, #6491, .F. ) ;
#4388 = AXIS2_PLACEMENT_3D ( 'NONE', #6406, #5623, #2147 ) ;
#4389 = VERTEX_POINT ( 'NONE', #8351 ) ;
#4390 = EDGE_CURVE ( 'NONE', #5524, #8850, #7089, .T. ) ;
#4391 =( NAMED_UNIT ( * ) PLANE_ANGLE_UNIT ( ) SI_UNIT ( $, .RADIAN. ) );
#4392 = DIRECTION ( 'NONE',  ( -5.421010862427526100E-016, 0.0000000000000000000, 1.000000000000000000 ) ) ;
#4393 =( NAMED_UNIT ( * ) SI_UNIT ( $, .STERADIAN. ) SOLID_ANGLE_UNIT ( ) );
#4394 = LINE ( 'NONE', #5151, #3609 ) ;
#4395 = CARTESIAN_POINT ( 'NONE',  ( 0.4499999999999998400, 0.6852349955359816600, -0.2999999999999999300 ) ) ;
#4396 = ORIENTED_EDGE ( 'NONE', *, *, #771, .F. ) ;
#4397 = EDGE_CURVE ( 'NONE', #2404, #6664, #7431, .T. ) ;
#4398 = ORIENTED_EDGE ( 'NONE', *, *, #8893, .F. ) ;
#4399 = DIRECTION ( 'NONE',  ( 1.000000000000000000, 0.0000000000000000000, -3.942553354492742500E-016 ) ) ;
#4400 = CARTESIAN_POINT ( 'NONE',  ( -0.7500000000000000000, 0.5000000000000000000, -1.750000000000000000 ) ) ;
#4401 = CARTESIAN_POINT ( 'NONE',  ( 1.000000000000000000, 0.6852349955359816600, -1.700000000000000200 ) ) ;
#4402 = EDGE_LOOP ( 'NONE', ( #2279, #5364, #8992, #7743 ) ) ;
#4403 = ORIENTED_EDGE ( 'NONE', *, *, #7078, .F. ) ;
#4404 = CARTESIAN_POINT ( 'NONE',  ( -0.4499999999999999600, 0.1000000000000000500, 1.900000000000000100 ) ) ;
#4405 = LINE ( 'NONE', #52, #6091 ) ;
#4406 = PRESENTATION_LAYER_ASSIGNMENT (  '', '', ( #6034 ) ) ;
#4407 = ORIENTED_EDGE ( 'NONE', *, *, #7511, .F. ) ;
#4408 = CARTESIAN_POINT ( 'NONE',  ( 0.9999999999999995600, 0.1000000000000002600, 0.4999999999999997800 ) ) ;
#4409 = CARTESIAN_POINT ( 'NONE',  ( -0.2999999999999993200, 0.1000000000000000100, 1.450000000000000000 ) ) ;
#4410 = LINE ( 'NONE', #3894, #675 ) ;
#4411 =( LENGTH_UNIT ( ) NAMED_UNIT ( * ) SI_UNIT ( .MILLI., .METRE. ) );
#4412 = PLANE ( 'NONE',  #741 ) ;
#4413 = VERTEX_POINT ( 'NONE', #537 ) ;
#4414 = ORIENTED_EDGE ( 'NONE', *, *, #5828, .T. ) ;
#4415 = PRESENTATION_LAYER_ASSIGNMENT (  '', '', ( #2668 ) ) ;
#4416 = ORIENTED_EDGE ( 'NONE', *, *, #744, .F. ) ;
#4417 = VERTEX_POINT ( 'NONE', #9133 ) ;
#4418 = PLANE ( 'NONE',  #6392 ) ;
#4419 = VERTEX_POINT ( 'NONE', #9096 ) ;
#4420 = DIRECTION ( 'NONE',  ( 0.0000000000000000000, -1.000000000000000000, 0.0000000000000000000 ) ) ;
#4421 = STYLED_ITEM ( 'NONE', ( #7184 ), #1566 ) ;
#4422 =( LENGTH_UNIT ( ) NAMED_UNIT ( * ) SI_UNIT ( .MILLI., .METRE. ) );
#4423 = VERTEX_POINT ( 'NONE', #1337 ) ;
#4424 = FACE_OUTER_BOUND ( 'NONE', #4729, .T. ) ;
#4425 = VERTEX_POINT ( 'NONE', #6270 ) ;
#4426 = CARTESIAN_POINT ( 'NONE',  ( -0.4499999999999998400, 0.6852349955359816600, 1.300000000000000300 ) ) ;
#4427 = DIRECTION ( 'NONE',  ( -5.421010862427526100E-016, 0.0000000000000000000, 1.000000000000000000 ) ) ;
#4428 = DIRECTION ( 'NONE',  ( -1.000000000000000000, 0.0000000000000000000, -0.0000000000000000000 ) ) ;
#4429 = EDGE_CURVE ( 'NONE', #1776, #5560, #4190, .T. ) ;
#4430 = ORIENTED_EDGE ( 'NONE', *, *, #7117, .T. ) ;
#4431 = MANIFOLD_SOLID_BREP ( 'LPattern3[1]', #4873 ) ;
#4432 = DIRECTION ( 'NONE',  ( 0.0000000000000000000, 1.000000000000000000, 0.0000000000000000000 ) ) ;
#4433 = COLOUR_RGB ( '',0.2509803921568627400, 0.2509803921568627400, 0.2509803921568627400 ) ;
#4434 =( NAMED_UNIT ( * ) SI_UNIT ( $, .STERADIAN. ) SOLID_ANGLE_UNIT ( ) );
#4435 = ORIENTED_EDGE ( 'NONE', *, *, #5958, .F. ) ;
#4436 = FACE_OUTER_BOUND ( 'NONE', #5751, .T. ) ;
#4437 = DIRECTION ( 'NONE',  ( 0.0000000000000000000, 1.000000000000000000, 0.0000000000000000000 ) ) ;
#4438 = SURFACE_STYLE_FILL_AREA ( #2359 ) ;
#4439 = AXIS2_PLACEMENT_3D ( 'NONE', #870, #4551, #1595 ) ;
#4440 =( NAMED_UNIT ( * ) PLANE_ANGLE_UNIT ( ) SI_UNIT ( $, .RADIAN. ) );
#4441 =( NAMED_UNIT ( * ) PLANE_ANGLE_UNIT ( ) SI_UNIT ( $, .RADIAN. ) );
#4442 = VECTOR ( 'NONE', #3265, 1000.000000000000000 ) ;
#4443 = LINE ( 'NONE', #6395, #1482 ) ;
#4444 = ORIENTED_EDGE ( 'NONE', *, *, #6489, .T. ) ;
#4445 = FILL_AREA_STYLE_COLOUR ( '', #3858 ) ;
#4446 = AXIS2_PLACEMENT_3D ( 'NONE', #8764, #527, #4529 ) ;
#4447 = AXIS2_PLACEMENT_3D ( 'NONE', #4781, #2015, #2042 ) ;
#4448 = VECTOR ( 'NONE', #6354, 1000.000000000000000 ) ;
#4449 = CARTESIAN_POINT ( 'NONE',  ( 0.4499999999999999600, 0.1000000000000000500, 1.500000000000000000 ) ) ;
#4450 = VECTOR ( 'NONE', #5668, 1000.000000000000000 ) ;
#4451 = CARTESIAN_POINT ( 'NONE',  ( 0.4499999999999999600, 0.0000000000000000000, -0.5000000000000000000 ) ) ;
#4452 = FILL_AREA_STYLE_COLOUR ( '', #1424 ) ;
#4453 = CARTESIAN_POINT ( 'NONE',  ( 1.000000000000000000, 0.0000000000000000000, 0.5000000000000000000 ) ) ;
#4454 = ADVANCED_FACE ( 'NONE', ( #5533 ), #492, .F. ) ;
#4455 = VECTOR ( 'NONE', #4091, 1000.000000000000000 ) ;
#4456 = ORIENTED_EDGE ( 'NONE', *, *, #3667, .F. ) ;
#4457 = FACE_OUTER_BOUND ( 'NONE', #7676, .T. ) ;
#4458 = PLANE ( 'NONE',  #2114 ) ;
#4459 = LINE ( 'NONE', #2397, #2242 ) ;
#4460 = FILL_AREA_STYLE_COLOUR ( '', #6219 ) ;
#4461 = SURFACE_STYLE_FILL_AREA ( #6165 ) ;
#4462 = DIRECTION ( 'NONE',  ( 0.0000000000000000000, -1.000000000000000000, 0.0000000000000000000 ) ) ;
#4463 = EDGE_CURVE ( 'NONE', #630, #2732, #6110, .T. ) ;
#4464 = CARTESIAN_POINT ( 'NONE',  ( -0.4499999999999999600, 0.6852349955359816600, -0.1000000000000000500 ) ) ;
#4465 = EDGE_LOOP ( 'NONE', ( #5711, #565, #5529, #9116 ) ) ;
#4466 = CARTESIAN_POINT ( 'NONE',  ( 0.9999999999999995600, 0.5500000000000001600, 2.000000000000000000 ) ) ;
#4467 = DIRECTION ( 'NONE',  ( -0.0000000000000000000, -1.000000000000000000, -0.0000000000000000000 ) ) ;
#4468 = VECTOR ( 'NONE', #8782, 1000.000000000000000 ) ;
#4469 = DIRECTION ( 'NONE',  ( 0.0000000000000000000, -0.0000000000000000000, 1.000000000000000000 ) ) ;
#4470 = ORIENTED_EDGE ( 'NONE', *, *, #1819, .F. ) ;
#4471 = SURFACE_STYLE_FILL_AREA ( #6631 ) ;
#4472 = AXIS2_PLACEMENT_3D ( 'NONE', #2335, #221, #250 ) ;
#4473 = ADVANCED_FACE ( 'NONE', ( #5991 ), #6142, .T. ) ;
#4474 = LINE ( 'NONE', #4949, #1067 ) ;
#4475 = CARTESIAN_POINT ( 'NONE',  ( 0.4499999999999999600, 0.6852349955359816600, 1.500000000000000000 ) ) ;
#4476 = ORIENTED_EDGE ( 'NONE', *, *, #3962, .F. ) ;
#4477 = CARTESIAN_POINT ( 'NONE',  ( 1.000000000000000000, 0.6852349955359816600, 1.099999999999999900 ) ) ;
#4478 = ADVANCED_FACE ( 'NONE', ( #5875 ), #5372, .F. ) ;
#4479 = CARTESIAN_POINT ( 'NONE',  ( 0.4499999999999999600, 0.0000000000000000000, 1.099999999999999900 ) ) ;
#4480 =( GEOMETRIC_REPRESENTATION_CONTEXT ( 3 ) GLOBAL_UNCERTAINTY_ASSIGNED_CONTEXT ( ( #6564 ) ) GLOBAL_UNIT_ASSIGNED_CONTEXT ( ( #2369, #5157, #863 ) ) REPRESENTATION_CONTEXT ( 'NONE', 'WORKASPACE' ) );
#4481 = DIRECTION ( 'NONE',  ( -0.0000000000000000000, -1.000000000000000000, -0.0000000000000000000 ) ) ;
#4482 = VECTOR ( 'NONE', #6993, 1000.000000000000000 ) ;
#4483 = CARTESIAN_POINT ( 'NONE',  ( -0.9999999999999997800, 0.1000000000000000500, -1.900000000000000100 ) ) ;
#4484 = CARTESIAN_POINT ( 'NONE',  ( -0.4499999999999999600, 0.6852349955359816600, 0.7000000000000000700 ) ) ;
#4485 = VERTEX_POINT ( 'NONE', #3188 ) ;
#4486 = ADVANCED_FACE ( 'NONE', ( #1671 ), #398, .T. ) ;
#4487 = STYLED_ITEM ( 'NONE', ( #2738 ), #2203 ) ;
#4488 = EDGE_CURVE ( 'NONE', #7901, #1722, #2310, .T. ) ;
#4489 = DIRECTION ( 'NONE',  ( -1.000000000000000000, 0.0000000000000000000, -5.421010862427526100E-016 ) ) ;
#4490 = FILL_AREA_STYLE_COLOUR ( '', #2575 ) ;
#4491 = UNCERTAINTY_MEASURE_WITH_UNIT (LENGTH_MEASURE( 1.000000000000000100E-005 ), #2251, 'distance_accuracy_value', 'NONE');
#4492 =( NAMED_UNIT ( * ) PLANE_ANGLE_UNIT ( ) SI_UNIT ( $, .RADIAN. ) );
#4493 = EDGE_LOOP ( 'NONE', ( #2457, #3931, #5215, #5284 ) ) ;
#4494 = LINE ( 'NONE', #3650, #6183 ) ;
#4495 = ADVANCED_FACE ( 'NONE', ( #2861 ), #8275, .F. ) ;
#4496 = PRESENTATION_LAYER_ASSIGNMENT (  '', '', ( #8639 ) ) ;
#4497 =( NAMED_UNIT ( * ) PLANE_ANGLE_UNIT ( ) SI_UNIT ( $, .RADIAN. ) );
#4498 = FILL_AREA_STYLE_COLOUR ( '', #453 ) ;
#4499 = DIRECTION ( 'NONE',  ( 0.0000000000000000000, 1.000000000000000000, 0.0000000000000000000 ) ) ;
#4500 = LINE ( 'NONE', #5800, #7178 ) ;
#4501 = LINE ( 'NONE', #2462, #4047 ) ;
#4502 = UNCERTAINTY_MEASURE_WITH_UNIT (LENGTH_MEASURE( 1.000000000000000100E-005 ), #3737, 'distance_accuracy_value', 'NONE');
#4503 = ORIENTED_EDGE ( 'NONE', *, *, #1291, .T. ) ;
#4504 = VERTEX_POINT ( 'NONE', #8989 ) ;
#4505 = EDGE_CURVE ( 'NONE', #5510, #8458, #1564, .T. ) ;
#4506 = EDGE_LOOP ( 'NONE', ( #8692, #8771, #3736, #271 ) ) ;
#4507 = DIRECTION ( 'NONE',  ( -5.421010862427526100E-016, 0.0000000000000000000, 1.000000000000000000 ) ) ;
#4508 = VERTEX_POINT ( 'NONE', #1846 ) ;
#4509 = CARTESIAN_POINT ( 'NONE',  ( -0.4499999999999999600, 0.05000000000000002400, 0.7000000000000000700 ) ) ;
#4510 = STYLED_ITEM ( 'NONE', ( #812 ), #6676 ) ;
#4511 = COLOUR_RGB ( '',0.2509803921568627400, 0.2509803921568627400, 0.2509803921568627400 ) ;
#4512 = DIRECTION ( 'NONE',  ( 0.0000000000000000000, -1.000000000000000000, 0.0000000000000000000 ) ) ;
#4513 = VERTEX_POINT ( 'NONE', #9028 ) ;
#4514 = STYLED_ITEM ( 'NONE', ( #5961 ), #5072 ) ;
#4515 = ORIENTED_EDGE ( 'NONE', *, *, #3028, .F. ) ;
#4516 = VECTOR ( 'NONE', #4342, 1000.000000000000000 ) ;
#4517 = VECTOR ( 'NONE', #7425, 1000.000000000000000 ) ;
#4518 = EDGE_LOOP ( 'NONE', ( #8250, #4158, #6305, #5286 ) ) ;
#4519 = EDGE_CURVE ( 'NONE', #4679, #2621, #5294, .T. ) ;
#4520 = FILL_AREA_STYLE_COLOUR ( '', #8927 ) ;
#4521 = SURFACE_SIDE_STYLE ('',( #4438 ) ) ;
#4522 = ORIENTED_EDGE ( 'NONE', *, *, #3664, .T. ) ;
#4523 = SURFACE_STYLE_USAGE ( .BOTH. , #6640 ) ;
#4524 = LINE ( 'NONE', #4208, #7076 ) ;
#4525 = LINE ( 'NONE', #1323, #8673 ) ;
#4526 = ADVANCED_FACE ( 'NONE', ( #997 ), #1932, .T. ) ;
#4527 = EDGE_CURVE ( 'NONE', #104, #6970, #4525, .T. ) ;
#4528 = EDGE_LOOP ( 'NONE', ( #839, #5064, #4029, #5760 ) ) ;
#4529 = DIRECTION ( 'NONE',  ( 0.0000000000000000000, -0.0000000000000000000, -1.000000000000000000 ) ) ;
#4530 = FILL_AREA_STYLE_COLOUR ( '', #1375 ) ;
#4531 = EDGE_LOOP ( 'NONE', ( #2433, #3008, #6529, #7040 ) ) ;
#4532 = CARTESIAN_POINT ( 'NONE',  ( -0.4499999999999989000, 0.05000000000000000300, -2.439454888092380500E-016 ) ) ;
#4533 = CARTESIAN_POINT ( 'NONE',  ( 1.000000000000000000, 0.1000000000000000500, 1.099999999999999900 ) ) ;
#4534 = AXIS2_PLACEMENT_3D ( 'NONE', #6326, #5600, #9094 ) ;
#4535 = ORIENTED_EDGE ( 'NONE', *, *, #8366, .T. ) ;
#4536 = COLOUR_RGB ( '',0.2509803921568627400, 0.2509803921568627400, 0.2509803921568627400 ) ;
#4537 = SURFACE_SIDE_STYLE ('',( #5472 ) ) ;
#4538 = PRESENTATION_LAYER_ASSIGNMENT (  '', '', ( #6448 ) ) ;
#4539 = FILL_AREA_STYLE ('',( #8055 ) ) ;
#4540 =( LENGTH_UNIT ( ) NAMED_UNIT ( * ) SI_UNIT ( .MILLI., .METRE. ) );
#4541 = VECTOR ( 'NONE', #3599, 1000.000000000000000 ) ;
#4542 = VERTEX_POINT ( 'NONE', #3373 ) ;
#4543 = CARTESIAN_POINT ( 'NONE',  ( 1.000000000000000000, 0.6852349955359816600, 1.099999999999999900 ) ) ;
#4544 = FILL_AREA_STYLE ('',( #1134 ) ) ;
#4545 = ADVANCED_FACE ( 'NONE', ( #6424 ), #6938, .F. ) ;
#4546 = VERTEX_POINT ( 'NONE', #2709 ) ;
#4547 = VECTOR ( 'NONE', #7583, 1000.000000000000000 ) ;
#4548 = VERTEX_POINT ( 'NONE', #7630 ) ;
#4549 = DIRECTION ( 'NONE',  ( -0.0000000000000000000, -1.000000000000000000, -0.0000000000000000000 ) ) ;
#4550 = VECTOR ( 'NONE', #1197, 1000.000000000000000 ) ;
#4551 = DIRECTION ( 'NONE',  ( 1.000000000000000000, 0.0000000000000000000, -5.421010862427526100E-016 ) ) ;
#4552 = DIRECTION ( 'NONE',  ( -0.0000000000000000000, -1.000000000000000000, -0.0000000000000000000 ) ) ;
#4553 = CARTESIAN_POINT ( 'NONE',  ( -0.4499999999999999600, 0.0000000000000000000, -1.700000000000000200 ) ) ;
#4554 = ADVANCED_FACE ( 'NONE', ( #1227 ), #4064, .F. ) ;
#4555 = UNCERTAINTY_MEASURE_WITH_UNIT (LENGTH_MEASURE( 1.000000000000000100E-005 ), #2063, 'distance_accuracy_value', 'NONE');
#4556 = VECTOR ( 'NONE', #1040, 1000.000000000000000 ) ;
#4557 = CARTESIAN_POINT ( 'NONE',  ( 0.4499999999999999600, 0.6852349955359816600, -0.1000000000000000500 ) ) ;
#4558 = VECTOR ( 'NONE', #1676, 1000.000000000000000 ) ;
#4559 = PLANE ( 'NONE',  #722 ) ;
#4560 = VERTEX_POINT ( 'NONE', #7608 ) ;
#4561 = CARTESIAN_POINT ( 'NONE',  ( -0.4499999999999998400, 0.0000000000000000000, -1.099999999999999900 ) ) ;
#4562 = VECTOR ( 'NONE', #8490, 1000.000000000000000 ) ;
#4563 = CARTESIAN_POINT ( 'NONE',  ( -0.4499999999999999600, 0.6852349955359816600, 1.900000000000000100 ) ) ;
#4564 = EDGE_CURVE ( 'NONE', #6384, #1049, #2669, .T. ) ;
#4565 = DIRECTION ( 'NONE',  ( -1.000000000000000000, 0.0000000000000000000, 3.942553354492742500E-016 ) ) ;
#4566 = DIRECTION ( 'NONE',  ( -1.000000000000000000, 0.0000000000000000000, -3.942553354492742500E-016 ) ) ;
#4567 = SURFACE_STYLE_FILL_AREA ( #1533 ) ;
#4568 = STYLED_ITEM ( 'NONE', ( #6682 ), #3241 ) ;
#4569 = DIRECTION ( 'NONE',  ( 0.0000000000000000000, 0.0000000000000000000, -1.000000000000000000 ) ) ;
#4570 = ORIENTED_EDGE ( 'NONE', *, *, #2863, .F. ) ;
#4571 = DIRECTION ( 'NONE',  ( 0.0000000000000000000, 1.000000000000000000, 0.0000000000000000000 ) ) ;
#4572 = EDGE_CURVE ( 'NONE', #9025, #7550, #6100, .T. ) ;
#4573 = VERTEX_POINT ( 'NONE', #7718 ) ;
#4574 = CARTESIAN_POINT ( 'NONE',  ( 1.000000000000000000, 0.6852349955359816600, -0.5000000000000000000 ) ) ;
#4575 = PRESENTATION_STYLE_ASSIGNMENT (( #5545 ) ) ;
#4576 = CARTESIAN_POINT ( 'NONE',  ( 0.9999999999999995600, 0.1000000000000002600, 0.09999999999999982500 ) ) ;
#4577 = CARTESIAN_POINT ( 'NONE',  ( 0.3000000000000003200, 0.1000000000000000100, -2.000000000000000000 ) ) ;
#4578 = STYLED_ITEM ( 'NONE', ( #3575 ), #6042 ) ;
#4579 = ORIENTED_EDGE ( 'NONE', *, *, #1259, .F. ) ;
#4580 = EDGE_CURVE ( 'NONE', #4417, #4508, #6210, .T. ) ;
#4581 = EDGE_CURVE ( 'NONE', #3729, #8126, #7311, .T. ) ;
#4582 = SURFACE_SIDE_STYLE ('',( #8152 ) ) ;
#4583 = CARTESIAN_POINT ( 'NONE',  ( -0.4499999999999998400, 0.6852349955359816600, -1.099999999999999900 ) ) ;
#4584 = DIRECTION ( 'NONE',  ( 1.000000000000000000, 0.0000000000000000000, 3.942553354492742500E-016 ) ) ;
#4585 = VECTOR ( 'NONE', #9179, 1000.000000000000000 ) ;
#4586 = ADVANCED_FACE ( 'NONE', ( #3426 ), #9085, .F. ) ;
#4587 = SURFACE_STYLE_FILL_AREA ( #38 ) ;
#4588 =( NAMED_UNIT ( * ) SI_UNIT ( $, .STERADIAN. ) SOLID_ANGLE_UNIT ( ) );
#4589 = ORIENTED_EDGE ( 'NONE', *, *, #155, .F. ) ;
#4590 = CARTESIAN_POINT ( 'NONE',  ( 0.1000000000000007000, 0.0000000000000000000, 1.450000000000000000 ) ) ;
#4591 = SURFACE_STYLE_FILL_AREA ( #2952 ) ;
#4592 = DIRECTION ( 'NONE',  ( -3.942553354492742500E-016, 0.0000000000000000000, -1.000000000000000000 ) ) ;
#4593 = ADVANCED_FACE ( 'NONE', ( #8336 ), #8397, .T. ) ;
#4594 = AXIS2_PLACEMENT_3D ( 'NONE', #2317, #2385, #8677 ) ;
#4595 = DIRECTION ( 'NONE',  ( -1.000000000000000000, 0.0000000000000000000, 3.942553354492742500E-016 ) ) ;
#4596 = CARTESIAN_POINT ( 'NONE',  ( -0.4500000000000006200, 0.05000000000000000300, -2.439454888092390400E-016 ) ) ;
#4597 = FILL_AREA_STYLE_COLOUR ( '', #3613 ) ;
#4598 = DIRECTION ( 'NONE',  ( -0.0000000000000000000, -0.0000000000000000000, 1.000000000000000000 ) ) ;
#4599 = ORIENTED_EDGE ( 'NONE', *, *, #8957, .F. ) ;
#4600 = SURFACE_STYLE_FILL_AREA ( #7791 ) ;
#4601 =( NAMED_UNIT ( * ) PLANE_ANGLE_UNIT ( ) SI_UNIT ( $, .RADIAN. ) );
#4602 = ORIENTED_EDGE ( 'NONE', *, *, #1438, .T. ) ;
#4603 = DIRECTION ( 'NONE',  ( -1.000000000000000000, 0.0000000000000000000, 2.168404344971008900E-016 ) ) ;
#4604 = MECHANICAL_DESIGN_GEOMETRIC_PRESENTATION_REPRESENTATION (  '', ( #5553 ), #6386 ) ;
#4605 = UNCERTAINTY_MEASURE_WITH_UNIT (LENGTH_MEASURE( 1.000000000000000100E-005 ), #3467, 'distance_accuracy_value', 'NONE');
#4606 = DIRECTION ( 'NONE',  ( -0.0000000000000000000, -1.000000000000000000, -0.0000000000000000000 ) ) ;
#4607 = VECTOR ( 'NONE', #1537, 1000.000000000000000 ) ;
#4608 = DIRECTION ( 'NONE',  ( 1.000000000000000000, 0.0000000000000000000, 0.0000000000000000000 ) ) ;
#4609 = VERTEX_POINT ( 'NONE', #9155 ) ;
#4610 = LINE ( 'NONE', #930, #4152 ) ;
#4611 = PLANE ( 'NONE',  #7246 ) ;
#4612 = LINE ( 'NONE', #2792, #747 ) ;
#4613 = ORIENTED_EDGE ( 'NONE', *, *, #94, .F. ) ;
#4614 = CARTESIAN_POINT ( 'NONE',  ( -0.09999999999999939500, 0.6852349955359814400, 1.450000000000000000 ) ) ;
#4615 = VERTEX_POINT ( 'NONE', #9184 ) ;
#4616 = DIRECTION ( 'NONE',  ( 1.000000000000000000, -0.0000000000000000000, 3.942553354492742500E-016 ) ) ;
#4617 = PLANE ( 'NONE',  #6336 ) ;
#4618 = VECTOR ( 'NONE', #4399, 1000.000000000000000 ) ;
#4619 = STYLED_ITEM ( 'NONE', ( #2994 ), #633 ) ;
#4620 = VERTEX_POINT ( 'NONE', #668 ) ;
#4621 = PRESENTATION_LAYER_ASSIGNMENT (  '', '', ( #1811 ) ) ;
#4622 = SURFACE_STYLE_USAGE ( .BOTH. , #5970 ) ;
#4623 = CARTESIAN_POINT ( 'NONE',  ( -0.4500000000000004000, 0.05000000000000000300, -2.439454888092388900E-016 ) ) ;
#4624 = ORIENTED_EDGE ( 'NONE', *, *, #8525, .T. ) ;
#4625 = CARTESIAN_POINT ( 'NONE',  ( -1.000000000000000000, 0.0000000000000000000, 0.7000000000000002900 ) ) ;
#4626 = PRESENTATION_LAYER_ASSIGNMENT (  '', '', ( #8471 ) ) ;
#4627 = ORIENTED_EDGE ( 'NONE', *, *, #3389, .T. ) ;
#4628 = EDGE_CURVE ( 'NONE', #4835, #1338, #8556, .T. ) ;
#4629 = ORIENTED_EDGE ( 'NONE', *, *, #905, .T. ) ;
#4630 = DIRECTION ( 'NONE',  ( 0.0000000000000000000, 0.0000000000000000000, -1.000000000000000000 ) ) ;
#4631 = ORIENTED_EDGE ( 'NONE', *, *, #626, .F. ) ;
#4632 = DIRECTION ( 'NONE',  ( 0.0000000000000000000, -1.000000000000000000, 0.0000000000000000000 ) ) ;
#4633 = ADVANCED_FACE ( 'NONE', ( #6310 ), #1359, .T. ) ;
#4634 = CIRCLE ( 'NONE', #1518, 0.1249999999999998900 ) ;
#4635 = EDGE_CURVE ( 'NONE', #8347, #1033, #3071, .T. ) ;
#4636 = EDGE_CURVE ( 'NONE', #3982, #3489, #1129, .T. ) ;
#4637 = LINE ( 'NONE', #105, #452 ) ;
#4638 = ORIENTED_EDGE ( 'NONE', *, *, #3112, .T. ) ;
#4639 = CARTESIAN_POINT ( 'NONE',  ( -0.4499999999999999600, 0.1000000000000000500, 0.2999999999999999300 ) ) ;
#4640 =( NAMED_UNIT ( * ) SI_UNIT ( $, .STERADIAN. ) SOLID_ANGLE_UNIT ( ) );
#4641 = CARTESIAN_POINT ( 'NONE',  ( -1.000000000000000200, 0.05000000000000000300, 2.000000000000000900 ) ) ;
#4642 = EDGE_CURVE ( 'NONE', #5397, #9114, #7077, .T. ) ;
#4643 = EDGE_LOOP ( 'NONE', ( #669, #797, #4945, #284 ) ) ;
#4644 = SURFACE_STYLE_USAGE ( .BOTH. , #1142 ) ;
#4645 =( NAMED_UNIT ( * ) PLANE_ANGLE_UNIT ( ) SI_UNIT ( $, .RADIAN. ) );
#4646 = ORIENTED_EDGE ( 'NONE', *, *, #4082, .T. ) ;
#4647 =( NAMED_UNIT ( * ) SI_UNIT ( $, .STERADIAN. ) SOLID_ANGLE_UNIT ( ) );
#4648 = ORIENTED_EDGE ( 'NONE', *, *, #1585, .T. ) ;
#4649 = CIRCLE ( 'NONE', #4717, 0.1249999999999998900 ) ;
#4650 = DIRECTION ( 'NONE',  ( -1.971276677246371500E-016, 0.0000000000000000000, -1.000000000000000000 ) ) ;
#4651 = SURFACE_STYLE_FILL_AREA ( #922 ) ;
#4652 = CARTESIAN_POINT ( 'NONE',  ( 0.3000000000000003200, 0.05000000000000000300, 0.0000000000000000000 ) ) ;
#4653 =( NAMED_UNIT ( * ) SI_UNIT ( $, .STERADIAN. ) SOLID_ANGLE_UNIT ( ) );
#4654 = DIRECTION ( 'NONE',  ( 0.0000000000000000000, -0.0000000000000000000, 1.000000000000000000 ) ) ;
#4655 = CARTESIAN_POINT ( 'NONE',  ( -1.000000000000000000, 0.6852349955359816600, 1.900000000000000400 ) ) ;
#4656 = CARTESIAN_POINT ( 'NONE',  ( 0.4499999999999999600, 0.6852349955359816600, -1.300000000000000300 ) ) ;
#4657 = SURFACE_STYLE_FILL_AREA ( #8186 ) ;
#4658 = ORIENTED_EDGE ( 'NONE', *, *, #5480, .F. ) ;
#4659 = SURFACE_SIDE_STYLE ('',( #7594 ) ) ;
#4660 = ADVANCED_FACE ( 'NONE', ( #2965 ), #8515, .F. ) ;
#4661 = VECTOR ( 'NONE', #213, 1000.000000000000000 ) ;
#4662 = CARTESIAN_POINT ( 'NONE',  ( -0.09999999999999939500, 0.0000000000000000000, 1.450000000000000000 ) ) ;
#4663 = CARTESIAN_POINT ( 'NONE',  ( 0.3000000000000006000, 0.6852349955359814400, 1.450000000000000000 ) ) ;
#4664 = ORIENTED_EDGE ( 'NONE', *, *, #3976, .T. ) ;
#4665 = ADVANCED_FACE ( 'NONE', ( #8450 ), #5654, .T. ) ;
#4666 =( NAMED_UNIT ( * ) PLANE_ANGLE_UNIT ( ) SI_UNIT ( $, .RADIAN. ) );
#4667 = CARTESIAN_POINT ( 'NONE',  ( 0.1000000000000003100, 0.04999999999999969700, -2.000000000000000000 ) ) ;
#4668 = ORIENTED_EDGE ( 'NONE', *, *, #7802, .F. ) ;
#4669 = LINE ( 'NONE', #8863, #2349 ) ;
#4670 = DIRECTION ( 'NONE',  ( -1.000000000000000000, 0.0000000000000000000, -3.942553354492742500E-016 ) ) ;
#4671 = MECHANICAL_DESIGN_GEOMETRIC_PRESENTATION_REPRESENTATION (  '', ( #8639 ), #4955 ) ;
#4672 =( NAMED_UNIT ( * ) SI_UNIT ( $, .STERADIAN. ) SOLID_ANGLE_UNIT ( ) );
#4673 = EDGE_LOOP ( 'NONE', ( #1966, #4664, #157, #111 ) ) ;
#4674 = DIRECTION ( 'NONE',  ( 1.000000000000000000, 0.0000000000000000000, -3.942553354492742500E-016 ) ) ;
#4675 = DIRECTION ( 'NONE',  ( 1.000000000000000000, -0.0000000000000000000, 0.0000000000000000000 ) ) ;
#4676 =( NAMED_UNIT ( * ) PLANE_ANGLE_UNIT ( ) SI_UNIT ( $, .RADIAN. ) );
#4677 = EDGE_CURVE ( 'NONE', #2316, #5609, #4405, .T. ) ;
#4678 = VECTOR ( 'NONE', #2326, 1000.000000000000000 ) ;
#4679 = VERTEX_POINT ( 'NONE', #3544 ) ;
#4680 = EDGE_CURVE ( 'NONE', #2288, #444, #4172, .T. ) ;
#4681 = CARTESIAN_POINT ( 'NONE',  ( 1.000000000000000000, 0.1000000000000000500, 1.900000000000000100 ) ) ;
#4682 = MECHANICAL_DESIGN_GEOMETRIC_PRESENTATION_REPRESENTATION (  '', ( #9020 ), #7621 ) ;
#4683 = CARTESIAN_POINT ( 'NONE',  ( 0.3000000000000007700, 0.1000000000000000100, 2.000000000000000000 ) ) ;
#4684 =( GEOMETRIC_REPRESENTATION_CONTEXT ( 3 ) GLOBAL_UNCERTAINTY_ASSIGNED_CONTEXT ( ( #2858 ) ) GLOBAL_UNIT_ASSIGNED_CONTEXT ( ( #767, #1493, #5678 ) ) REPRESENTATION_CONTEXT ( 'NONE', 'WORKASPACE' ) );
#4685 = EDGE_CURVE ( 'NONE', #6754, #7388, #8663, .T. ) ;
#4686 = PLANE ( 'NONE',  #5749 ) ;
#4687 = CARTESIAN_POINT ( 'NONE',  ( -1.000000000000000000, 0.04999999999999969700, -1.300000000000000000 ) ) ;
#4688 = ORIENTED_EDGE ( 'NONE', *, *, #6800, .F. ) ;
#4689 = LINE ( 'NONE', #7038, #2818 ) ;
#4690 = DIRECTION ( 'NONE',  ( 0.0000000000000000000, 1.000000000000000000, 0.0000000000000000000 ) ) ;
#4691 = VECTOR ( 'NONE', #7006, 1000.000000000000000 ) ;
#4692 = EDGE_CURVE ( 'NONE', #2870, #5560, #7420, .T. ) ;
#4693 = CARTESIAN_POINT ( 'NONE',  ( 0.0000000000000000000, 0.1000000000000000100, 0.0000000000000000000 ) ) ;
#4694 = COLOUR_RGB ( '',0.2509803921568627400, 0.2509803921568627400, 0.2509803921568627400 ) ;
#4695 = DIRECTION ( 'NONE',  ( -3.942553354492742500E-016, 0.0000000000000000000, 1.000000000000000000 ) ) ;
#4696 = DIRECTION ( 'NONE',  ( -1.000000000000000000, 0.0000000000000000000, -3.942553354492742500E-016 ) ) ;
#4697 = VERTEX_POINT ( 'NONE', #4921 ) ;
#4698 = CARTESIAN_POINT ( 'NONE',  ( 1.000000000000000000, 0.6852349955359816600, -1.900000000000000100 ) ) ;
#4699 = FACE_OUTER_BOUND ( 'NONE', #6063, .T. ) ;
#4700 = PRESENTATION_LAYER_ASSIGNMENT (  '', '', ( #5835 ) ) ;
#4701 = CARTESIAN_POINT ( 'NONE',  ( 1.000000000000000000, 0.1000000000000000500, 1.500000000000000000 ) ) ;
#4702 = CARTESIAN_POINT ( 'NONE',  ( 1.000000000000000000, 0.1000000000000000500, 1.500000000000000000 ) ) ;
#4703 = CARTESIAN_POINT ( 'NONE',  ( -0.4499999999999999600, 0.1000000000000000500, 0.7000000000000000700 ) ) ;
#4704 = EDGE_CURVE ( 'NONE', #1761, #7772, #1882, .T. ) ;
#4705 = ORIENTED_EDGE ( 'NONE', *, *, #6372, .F. ) ;
#4706 = DIRECTION ( 'NONE',  ( 1.000000000000000000, 0.0000000000000000000, -0.0000000000000000000 ) ) ;
#4707 = AXIS2_PLACEMENT_3D ( 'NONE', #2884, #4298, #4914 ) ;
#4708 = UNCERTAINTY_MEASURE_WITH_UNIT (LENGTH_MEASURE( 1.000000000000000100E-005 ), #7873, 'distance_accuracy_value', 'NONE');
#4709 = CARTESIAN_POINT ( 'NONE',  ( -0.7500000000000000000, 0.1464466094067264100, -1.750000000000000000 ) ) ;
#4710 = CARTESIAN_POINT ( 'NONE',  ( -0.4499999999999999600, 0.1000000000000000500, 1.500000000000000000 ) ) ;
#4711 = EDGE_LOOP ( 'NONE', ( #1778, #6773, #4962, #4631 ) ) ;
#4712 = PLANE ( 'NONE',  #5694 ) ;
#4713 = CARTESIAN_POINT ( 'NONE',  ( 0.4499999999999998400, 0.1000000000000000500, -1.099999999999999900 ) ) ;
#4714 = EDGE_CURVE ( 'NONE', #8961, #7305, #8444, .T. ) ;
#4715 = ORIENTED_EDGE ( 'NONE', *, *, #921, .F. ) ;
#4716 = ORIENTED_EDGE ( 'NONE', *, *, #2662, .T. ) ;
#4717 = AXIS2_PLACEMENT_3D ( 'NONE', #3145, #5878, #351 ) ;
#4718 = EDGE_CURVE ( 'NONE', #1147, #3631, #2420, .T. ) ;
#4719 = FILL_AREA_STYLE ('',( #6060 ) ) ;
#4720 = ORIENTED_EDGE ( 'NONE', *, *, #4718, .T. ) ;
#4721 =( NAMED_UNIT ( * ) PLANE_ANGLE_UNIT ( ) SI_UNIT ( $, .RADIAN. ) );
#4722 = ORIENTED_EDGE ( 'NONE', *, *, #2498, .T. ) ;
#4723 = STYLED_ITEM ( 'NONE', ( #2120 ), #3047 ) ;
#4724 = ORIENTED_EDGE ( 'NONE', *, *, #4198, .T. ) ;
#4725 = EDGE_CURVE ( 'NONE', #7388, #6754, #4634, .T. ) ;
#4726 = CARTESIAN_POINT ( 'NONE',  ( 0.4499999999999998400, 0.1000000000000000500, -0.6999999999999998400 ) ) ;
#4727 = ORIENTED_EDGE ( 'NONE', *, *, #3841, .F. ) ;
#4728 = VECTOR ( 'NONE', #5291, 1000.000000000000000 ) ;
#4729 = EDGE_LOOP ( 'NONE', ( #6106, #3372, #1650, #3074 ) ) ;
#4730 = ORIENTED_EDGE ( 'NONE', *, *, #2054, .T. ) ;
#4731 = DIRECTION ( 'NONE',  ( 0.0000000000000000000, -1.000000000000000000, 0.0000000000000000000 ) ) ;
#4732 = STYLED_ITEM ( 'NONE', ( #3596 ), #5515 ) ;
#4733 = ORIENTED_EDGE ( 'NONE', *, *, #5767, .F. ) ;
#4734 = VECTOR ( 'NONE', #2917, 1000.000000000000000 ) ;
#4735 = VECTOR ( 'NONE', #7082, 1000.000000000000000 ) ;
#4736 = VERTEX_POINT ( 'NONE', #5808 ) ;
#4737 = AXIS2_PLACEMENT_3D ( 'NONE', #7643, #4795, #4848 ) ;
#4738 = ORIENTED_EDGE ( 'NONE', *, *, #3015, .T. ) ;
#4739 = EDGE_CURVE ( 'NONE', #2706, #8043, #2079, .T. ) ;
#4740 = EDGE_CURVE ( 'NONE', #6754, #2609, #4067, .T. ) ;
#4741 = LINE ( 'NONE', #9188, #3963 ) ;
#4742 = SURFACE_SIDE_STYLE ('',( #585 ) ) ;
#4743 = ORIENTED_EDGE ( 'NONE', *, *, #853, .F. ) ;
#4744 = DIRECTION ( 'NONE',  ( -1.000000000000000000, 0.0000000000000000000, 2.168404344971008900E-016 ) ) ;
#4745 = CARTESIAN_POINT ( 'NONE',  ( 0.4499999999999998400, 0.05000000000000002400, 1.700000000000000400 ) ) ;
#4746 = ADVANCED_FACE ( 'NONE', ( #5523 ), #2916, .F. ) ;
#4747 = VERTEX_POINT ( 'NONE', #5048 ) ;
#4748 = LINE ( 'NONE', #856, #1563 ) ;
#4749 = COLOUR_RGB ( '',0.2509803921568627400, 0.2509803921568627400, 0.2509803921568627400 ) ;
#4750 = EDGE_CURVE ( 'NONE', #4609, #1614, #7298, .T. ) ;
#4751 = ORIENTED_EDGE ( 'NONE', *, *, #1408, .T. ) ;
#4752 = DIRECTION ( 'NONE',  ( 1.000000000000000000, -0.0000000000000000000, -4.336808689942017700E-016 ) ) ;
#4753 = SURFACE_STYLE_FILL_AREA ( #4013 ) ;
#4754 = PRESENTATION_LAYER_ASSIGNMENT (  '', '', ( #4270 ) ) ;
#4755 = EDGE_CURVE ( 'NONE', #1605, #5455, #2540, .T. ) ;
#4756 = DIRECTION ( 'NONE',  ( 0.0000000000000000000, -1.000000000000000000, 0.0000000000000000000 ) ) ;
#4757 = ORIENTED_EDGE ( 'NONE', *, *, #8712, .F. ) ;
#4758 = DIRECTION ( 'NONE',  ( -1.000000000000000000, 0.0000000000000000000, 0.0000000000000000000 ) ) ;
#4759 = SURFACE_STYLE_USAGE ( .BOTH. , #7636 ) ;
#4760 = VERTEX_POINT ( 'NONE', #1592 ) ;
#4761 = COLOUR_RGB ( '',0.2509803921568627400, 0.2509803921568627400, 0.2509803921568627400 ) ;
#4762 = ORIENTED_EDGE ( 'NONE', *, *, #374, .T. ) ;
#4763 = CARTESIAN_POINT ( 'NONE',  ( 1.000000000000000000, 0.6852349955359816600, -1.300000000000000300 ) ) ;
#4764 = FACE_OUTER_BOUND ( 'NONE', #6282, .T. ) ;
#4765 = VECTOR ( 'NONE', #7372, 1000.000000000000000 ) ;
#4766 = ORIENTED_EDGE ( 'NONE', *, *, #2145, .T. ) ;
#4767 = PLANE ( 'NONE',  #6209 ) ;
#4768 = DIRECTION ( 'NONE',  ( 0.0000000000000000000, -1.000000000000000000, 0.0000000000000000000 ) ) ;
#4769 = LINE ( 'NONE', #5242, #3557 ) ;
#4770 = AXIS2_PLACEMENT_3D ( 'NONE', #4812, #5499, #8424 ) ;
#4771 = FACE_OUTER_BOUND ( 'NONE', #5169, .T. ) ;
#4772 = UNCERTAINTY_MEASURE_WITH_UNIT (LENGTH_MEASURE( 1.000000000000000100E-005 ), #893, 'distance_accuracy_value', 'NONE');
#4773 = FILL_AREA_STYLE ('',( #602 ) ) ;
#4774 = DIRECTION ( 'NONE',  ( -1.971276677246371500E-016, 0.0000000000000000000, -1.000000000000000000 ) ) ;
#4775 = EDGE_LOOP ( 'NONE', ( #562, #1071, #8051, #8082 ) ) ;
#4776 = ORIENTED_EDGE ( 'NONE', *, *, #6363, .T. ) ;
#4777 = ADVANCED_FACE ( 'NONE', ( #5160 ), #4412, .F. ) ;
#4778 =( NAMED_UNIT ( * ) PLANE_ANGLE_UNIT ( ) SI_UNIT ( $, .RADIAN. ) );
#4779 = VECTOR ( 'NONE', #5682, 1000.000000000000000 ) ;
#4780 = CARTESIAN_POINT ( 'NONE',  ( 0.4499999999999998400, 0.6852349955359816600, -1.500000000000000000 ) ) ;
#4781 = CARTESIAN_POINT ( 'NONE',  ( -0.4499999999999999600, 0.6852349955359816600, 0.2999999999999999300 ) ) ;
#4782 = VECTOR ( 'NONE', #6817, 1000.000000000000000 ) ;
#4783 = UNCERTAINTY_MEASURE_WITH_UNIT (LENGTH_MEASURE( 1.000000000000000100E-005 ), #8037, 'distance_accuracy_value', 'NONE');
#4784 = FILL_AREA_STYLE_COLOUR ( '', #7896 ) ;
#4785 = PRESENTATION_LAYER_ASSIGNMENT (  '', '', ( #1444 ) ) ;
#4786 =( LENGTH_UNIT ( ) NAMED_UNIT ( * ) SI_UNIT ( .MILLI., .METRE. ) );
#4787 = ORIENTED_EDGE ( 'NONE', *, *, #6559, .T. ) ;
#4788 = CARTESIAN_POINT ( 'NONE',  ( -0.09999999999999971400, 0.1000000000000000100, -1.450000000000000000 ) ) ;
#4789 = CARTESIAN_POINT ( 'NONE',  ( 0.9999999999999995600, 0.05000000000000000300, -2.000000000000000000 ) ) ;
#4790 = STYLED_ITEM ( 'NONE', ( #2628 ), #321 ) ;
#4791 = LINE ( 'NONE', #1522, #2718 ) ;
#4792 = PLANE ( 'NONE',  #1234 ) ;
#4793 = AXIS2_PLACEMENT_3D ( 'NONE', #2285, #8621, #2327 ) ;
#4794 = VECTOR ( 'NONE', #292, 1000.000000000000000 ) ;
#4795 = DIRECTION ( 'NONE',  ( 0.0000000000000000000, 1.000000000000000000, 0.0000000000000000000 ) ) ;
#4796 = FACE_OUTER_BOUND ( 'NONE', #6522, .T. ) ;
#4797 = STYLED_ITEM ( 'NONE', ( #2574 ), #3514 ) ;
#4798 = EDGE_LOOP ( 'NONE', ( #464, #4238, #7763, #2830 ) ) ;
#4799 = LINE ( 'NONE', #2446, #2911 ) ;
#4800 =( LENGTH_UNIT ( ) NAMED_UNIT ( * ) SI_UNIT ( .MILLI., .METRE. ) );
#4801 = EDGE_CURVE ( 'NONE', #2287, #6684, #875, .T. ) ;
#4802 = EDGE_CURVE ( 'NONE', #1684, #5664, #6971, .T. ) ;
#4803 = PRESENTATION_STYLE_ASSIGNMENT (( #1948 ) ) ;
#4804 = CARTESIAN_POINT ( 'NONE',  ( -1.000000000000000200, 0.05000000000000000300, 2.000000000000000900 ) ) ;
#4805 = ORIENTED_EDGE ( 'NONE', *, *, #8089, .F. ) ;
#4806 = CARTESIAN_POINT ( 'NONE',  ( 0.4499999999999999600, 0.6852349955359816600, -0.5000000000000000000 ) ) ;
#4807 =( NAMED_UNIT ( * ) SI_UNIT ( $, .STERADIAN. ) SOLID_ANGLE_UNIT ( ) );
#4808 = SURFACE_SIDE_STYLE ('',( #7817 ) ) ;
#4809 = EDGE_CURVE ( 'NONE', #4508, #659, #449, .T. ) ;
#4810 = CARTESIAN_POINT ( 'NONE',  ( -0.2999999999999993200, 0.0000000000000000000, 1.450000000000000000 ) ) ;
#4811 = COLOUR_RGB ( '',0.2509803921568627400, 0.2509803921568627400, 0.2509803921568627400 ) ;
#4812 = CARTESIAN_POINT ( 'NONE',  ( -0.4499999999999999600, 0.6852349955359816600, 0.7000000000000000700 ) ) ;
#4813 = VERTEX_POINT ( 'NONE', #2267 ) ;
#4814 =( NAMED_UNIT ( * ) SI_UNIT ( $, .STERADIAN. ) SOLID_ANGLE_UNIT ( ) );
#4815 = VECTOR ( 'NONE', #3783, 1000.000000000000000 ) ;
#4816 = ORIENTED_EDGE ( 'NONE', *, *, #1842, .F. ) ;
#4817 = VECTOR ( 'NONE', #8698, 1000.000000000000000 ) ;
#4818 = PRESENTATION_LAYER_ASSIGNMENT (  '', '', ( #4045 ) ) ;
#4819 = CARTESIAN_POINT ( 'NONE',  ( -1.000000000000000000, 0.04999999999999969700, 1.900000000000000400 ) ) ;
#4820 = DIRECTION ( 'NONE',  ( -3.942553354492742500E-016, 0.0000000000000000000, 1.000000000000000000 ) ) ;
#4821 = LINE ( 'NONE', #2047, #7728 ) ;
#4822 = EDGE_LOOP ( 'NONE', ( #5268, #2946, #3790, #7128 ) ) ;
#4823 =( LENGTH_UNIT ( ) NAMED_UNIT ( * ) SI_UNIT ( .MILLI., .METRE. ) );
#4824 = EDGE_LOOP ( 'NONE', ( #5049, #6831, #8155, #6171 ) ) ;
#4825 = VERTEX_POINT ( 'NONE', #1528 ) ;
#4826 = FILL_AREA_STYLE_COLOUR ( '', #6157 ) ;
#4827 = VECTOR ( 'NONE', #3000, 1000.000000000000000 ) ;
#4828 = PRODUCT_CONTEXT ( 'NONE', #7737, 'mechanical' ) ;
#4829 = ORIENTED_EDGE ( 'NONE', *, *, #1393, .T. ) ;
#4830 = EDGE_LOOP ( 'NONE', ( #1485, #5180, #5391, #6133 ) ) ;
#4831 = MECHANICAL_DESIGN_GEOMETRIC_PRESENTATION_REPRESENTATION (  '', ( #6337 ), #5353 ) ;
#4832 = ORIENTED_EDGE ( 'NONE', *, *, #969, .F. ) ;
#4833 = CARTESIAN_POINT ( 'NONE',  ( 0.4499999999999999600, 0.6852349955359816600, 1.900000000000000100 ) ) ;
#4834 = ORIENTED_EDGE ( 'NONE', *, *, #5952, .T. ) ;
#4835 = VERTEX_POINT ( 'NONE', #6464 ) ;
#4836 = VECTOR ( 'NONE', #4731, 1000.000000000000000 ) ;
#4837 = EDGE_LOOP ( 'NONE', ( #4476, #3126, #1451, #214 ) ) ;
#4838 = CARTESIAN_POINT ( 'NONE',  ( -0.4499999999999999600, 0.6852349955359816600, -0.1000000000000000500 ) ) ;
#4839 = MECHANICAL_DESIGN_GEOMETRIC_PRESENTATION_REPRESENTATION (  '', ( #3316 ), #4069 ) ;
#4840 = EDGE_CURVE ( 'NONE', #7479, #336, #8216, .T. ) ;
#4841 = CARTESIAN_POINT ( 'NONE',  ( 0.4499999999999999600, 0.6852349955359816600, -1.300000000000000300 ) ) ;
#4842 = FACE_OUTER_BOUND ( 'NONE', #5973, .T. ) ;
#4843 = FILL_AREA_STYLE_COLOUR ( '', #2869 ) ;
#4844 =( GEOMETRIC_REPRESENTATION_CONTEXT ( 3 ) GLOBAL_UNCERTAINTY_ASSIGNED_CONTEXT ( ( #6940 ) ) GLOBAL_UNIT_ASSIGNED_CONTEXT ( ( #2794, #7761, #1456 ) ) REPRESENTATION_CONTEXT ( 'NONE', 'WORKASPACE' ) );
#4845 = ORIENTED_EDGE ( 'NONE', *, *, #6920, .T. ) ;
#4846 = EDGE_LOOP ( 'NONE', ( #7989, #937, #4151, #3748 ) ) ;
#4847 = EDGE_CURVE ( 'NONE', #1440, #6193, #3840, .T. ) ;
#4848 = DIRECTION ( 'NONE',  ( 0.0000000000000000000, -0.0000000000000000000, 1.000000000000000000 ) ) ;
#4849 = PRESENTATION_STYLE_ASSIGNMENT (( #5050 ) ) ;
#4850 = EDGE_LOOP ( 'NONE', ( #4346, #7490, #8571, #8549 ) ) ;
#4851 = EDGE_CURVE ( 'NONE', #8993, #8584, #7530, .T. ) ;
#4852 =( NAMED_UNIT ( * ) PLANE_ANGLE_UNIT ( ) SI_UNIT ( $, .RADIAN. ) );
#4853 = AXIS2_PLACEMENT_3D ( 'NONE', #2914, #7272, #6505 ) ;
#4854 = ORIENTED_EDGE ( 'NONE', *, *, #8251, .F. ) ;
#4855 = LINE ( 'NONE', #8872, #2005 ) ;
#4856 = EDGE_CURVE ( 'NONE', #444, #7048, #5851, .T. ) ;
#4857 = DIRECTION ( 'NONE',  ( -1.971276677246371500E-016, 0.0000000000000000000, -1.000000000000000000 ) ) ;
#4858 = VECTOR ( 'NONE', #6858, 1000.000000000000000 ) ;
#4859 = SURFACE_STYLE_USAGE ( .BOTH. , #4808 ) ;
#4860 = EDGE_CURVE ( 'NONE', #2014, #1224, #1664, .T. ) ;
#4861 = ADVANCED_FACE ( 'NONE', ( #122 ), #5036, .F. ) ;
#4862 = VECTOR ( 'NONE', #8866, 1000.000000000000000 ) ;
#4863 = PLANE ( 'NONE',  #6719 ) ;
#4864 = VECTOR ( 'NONE', #3146, 1000.000000000000000 ) ;
#4865 = DIRECTION ( 'NONE',  ( 1.000000000000000000, 0.0000000000000000000, -0.0000000000000000000 ) ) ;
#4866 = ORIENTED_EDGE ( 'NONE', *, *, #2254, .T. ) ;
#4867 = CARTESIAN_POINT ( 'NONE',  ( -1.000000000000000000, 0.1000000000000000500, -0.09999999999999982500 ) ) ;
#4868 = FACE_OUTER_BOUND ( 'NONE', #3156, .T. ) ;
#4869 = PLANE ( 'NONE',  #1496 ) ;
#4870 = LINE ( 'NONE', #2868, #156 ) ;
#4871 = DIRECTION ( 'NONE',  ( -0.0000000000000000000, -1.000000000000000000, -0.0000000000000000000 ) ) ;
#4872 = LINE ( 'NONE', #5881, #3343 ) ;
#4873 = CLOSED_SHELL ( 'NONE', ( #4992, #6082, #6799, #4094, #558, #5256 ) ) ;
#4874 = CARTESIAN_POINT ( 'NONE',  ( 0.4499999999999999600, 0.6852349955359816600, -0.5000000000000000000 ) ) ;
#4875 = DIRECTION ( 'NONE',  ( 1.000000000000000000, 0.0000000000000000000, -3.942553354492742500E-016 ) ) ;
#4876 = DIRECTION ( 'NONE',  ( -1.000000000000000000, 0.0000000000000000000, 0.0000000000000000000 ) ) ;
#4877 =( LENGTH_UNIT ( ) NAMED_UNIT ( * ) SI_UNIT ( .MILLI., .METRE. ) );
#4878 = UNCERTAINTY_MEASURE_WITH_UNIT (LENGTH_MEASURE( 1.000000000000000100E-005 ), #6453, 'distance_accuracy_value', 'NONE');
#4879 = LINE ( 'NONE', #6741, #4340 ) ;
#4880 = DIRECTION ( 'NONE',  ( 0.0000000000000000000, -1.000000000000000000, 0.0000000000000000000 ) ) ;
#4881 = MECHANICAL_DESIGN_GEOMETRIC_PRESENTATION_REPRESENTATION (  '', ( #1600 ), #3993 ) ;
#4882 = LINE ( 'NONE', #1003, #3249 ) ;
#4883 = ORIENTED_EDGE ( 'NONE', *, *, #1291, .F. ) ;
#4884 = VECTOR ( 'NONE', #4957, 1000.000000000000000 ) ;
#4885 = CARTESIAN_POINT ( 'NONE',  ( -1.000000000000000000, 0.6852349955359816600, 0.5000000000000000000 ) ) ;
#4886 = CARTESIAN_POINT ( 'NONE',  ( 0.0000000000000000000, 0.1000000000000000100, 0.0000000000000000000 ) ) ;
#4887 = EDGE_CURVE ( 'NONE', #2909, #614, #3826, .T. ) ;
#4888 = LINE ( 'NONE', #184, #9180 ) ;
#4889 = COLOUR_RGB ( '',0.2509803921568627400, 0.2509803921568627400, 0.2509803921568627400 ) ;
#4890 = CARTESIAN_POINT ( 'NONE',  ( 1.000000000000000000, 0.0000000000000000000, -1.500000000000000200 ) ) ;
#4891 = VERTEX_POINT ( 'NONE', #8624 ) ;
#4892 =( NAMED_UNIT ( * ) PLANE_ANGLE_UNIT ( ) SI_UNIT ( $, .RADIAN. ) );
#4893 = CARTESIAN_POINT ( 'NONE',  ( -1.000000000000000000, 0.1000000000000000500, -1.300000000000000000 ) ) ;
#4894 = LINE ( 'NONE', #8205, #7025 ) ;
#4895 = ADVANCED_FACE ( 'NONE', ( #6861 ), #7146, .T. ) ;
#4896 = CARTESIAN_POINT ( 'NONE',  ( 0.4499999999999993400, 0.05000000000000000300, -2.439454888092383000E-016 ) ) ;
#4897 = PRESENTATION_LAYER_ASSIGNMENT (  '', '', ( #3947 ) ) ;
#4898 = LINE ( 'NONE', #6565, #2253 ) ;
#4899 = CARTESIAN_POINT ( 'NONE',  ( 0.3000000000000006000, 0.1000000000000000100, 1.450000000000000000 ) ) ;
#4900 =( LENGTH_UNIT ( ) NAMED_UNIT ( * ) SI_UNIT ( .MILLI., .METRE. ) );
#4901 = LINE ( 'NONE', #6389, #5929 ) ;
#4902 = ORIENTED_EDGE ( 'NONE', *, *, #5637, .F. ) ;
#4903 = PLANE ( 'NONE',  #2879 ) ;
#4904 = VECTOR ( 'NONE', #5135, 1000.000000000000000 ) ;
#4905 = CARTESIAN_POINT ( 'NONE',  ( -0.4499999999999998400, 0.0000000000000000000, -1.500000000000000000 ) ) ;
#4906 = DIRECTION ( 'NONE',  ( 0.0000000000000000000, -0.0000000000000000000, 1.000000000000000000 ) ) ;
#4907 = SURFACE_SIDE_STYLE ('',( #8414 ) ) ;
#4908 = VECTOR ( 'NONE', #5728, 1000.000000000000000 ) ;
#4909 = ORIENTED_EDGE ( 'NONE', *, *, #3579, .T. ) ;
#4910 = LINE ( 'NONE', #181, #5942 ) ;
#4911 = PRESENTATION_STYLE_ASSIGNMENT (( #3102 ) ) ;
#4912 = EDGE_CURVE ( 'NONE', #3915, #1684, #8086, .T. ) ;
#4913 = DIRECTION ( 'NONE',  ( -5.421010862427526100E-016, 0.0000000000000000000, 1.000000000000000000 ) ) ;
#4914 = DIRECTION ( 'NONE',  ( 1.000000000000000000, 0.0000000000000000000, -3.942553354492742500E-016 ) ) ;
#4915 = VERTEX_POINT ( 'NONE', #7203 ) ;
#4916 = LINE ( 'NONE', #2025, #196 ) ;
#4917 = AXIS2_PLACEMENT_3D ( 'NONE', #1695, #3713, #2383 ) ;
#4918 = EDGE_CURVE ( 'NONE', #3666, #4825, #6289, .T. ) ;
#4919 = DIRECTION ( 'NONE',  ( 0.0000000000000000000, -0.0000000000000000000, -1.000000000000000000 ) ) ;
#4920 = LINE ( 'NONE', #2232, #5597 ) ;
#4921 = CARTESIAN_POINT ( 'NONE',  ( -0.4499999999999998400, 0.1000000000000000500, 1.700000000000000400 ) ) ;
#4922 = CARTESIAN_POINT ( 'NONE',  ( -0.4499999999999998400, 0.1000000000000000500, -0.6999999999999998400 ) ) ;
#4923 = ORIENTED_EDGE ( 'NONE', *, *, #2999, .T. ) ;
#4924 = LINE ( 'NONE', #4307, #3046 ) ;
#4925 = ORIENTED_EDGE ( 'NONE', *, *, #6010, .T. ) ;
#4926 =( LENGTH_UNIT ( ) NAMED_UNIT ( * ) SI_UNIT ( .MILLI., .METRE. ) );
#4927 = LINE ( 'NONE', #3763, #1651 ) ;
#4928 = ORIENTED_EDGE ( 'NONE', *, *, #3348, .T. ) ;
#4929 = DIRECTION ( 'NONE',  ( 0.0000000000000000000, 1.000000000000000000, 0.0000000000000000000 ) ) ;
#4930 = ORIENTED_EDGE ( 'NONE', *, *, #5527, .T. ) ;
#4931 = ORIENTED_EDGE ( 'NONE', *, *, #2363, .F. ) ;
#4932 = CARTESIAN_POINT ( 'NONE',  ( -0.09999999999999971400, 0.1000000000000000100, -1.450000000000000000 ) ) ;
#4933 = ORIENTED_EDGE ( 'NONE', *, *, #752, .T. ) ;
#4934 =( LENGTH_UNIT ( ) NAMED_UNIT ( * ) SI_UNIT ( .MILLI., .METRE. ) );
#4935 = FACE_OUTER_BOUND ( 'NONE', #455, .T. ) ;
#4936 = ORIENTED_EDGE ( 'NONE', *, *, #8774, .T. ) ;
#4937 = LINE ( 'NONE', #3105, #6635 ) ;
#4938 = PRESENTATION_STYLE_ASSIGNMENT (( #4345 ) ) ;
#4939 = MECHANICAL_DESIGN_GEOMETRIC_PRESENTATION_REPRESENTATION (  '', ( #547 ), #7661 ) ;
#4940 = EDGE_CURVE ( 'NONE', #3564, #6643, #1442, .T. ) ;
#4941 = SURFACE_STYLE_USAGE ( .BOTH. , #3534 ) ;
#4942 = ORIENTED_EDGE ( 'NONE', *, *, #2695, .F. ) ;
#4943 = DIRECTION ( 'NONE',  ( -1.000000000000000000, 0.0000000000000000000, -5.421010862427526100E-016 ) ) ;
#4944 = ORIENTED_EDGE ( 'NONE', *, *, #191, .F. ) ;
#4945 = ORIENTED_EDGE ( 'NONE', *, *, #5373, .T. ) ;
#4946 = LINE ( 'NONE', #4874, #928 ) ;
#4947 = VECTOR ( 'NONE', #5750, 1000.000000000000000 ) ;
#4948 = PRESENTATION_LAYER_ASSIGNMENT (  '', '', ( #1899 ) ) ;
#4949 = CARTESIAN_POINT ( 'NONE',  ( 0.4499999999999999600, 0.1000000000000000500, 1.900000000000000100 ) ) ;
#4950 = PLANE ( 'NONE',  #6632 ) ;
#4951 = ORIENTED_EDGE ( 'NONE', *, *, #7802, .T. ) ;
#4952 = LINE ( 'NONE', #7878, #4185 ) ;
#4953 = VERTEX_POINT ( 'NONE', #4336 ) ;
#4954 =( NAMED_UNIT ( * ) PLANE_ANGLE_UNIT ( ) SI_UNIT ( $, .RADIAN. ) );
#4955 =( GEOMETRIC_REPRESENTATION_CONTEXT ( 3 ) GLOBAL_UNCERTAINTY_ASSIGNED_CONTEXT ( ( #7597 ) ) GLOBAL_UNIT_ASSIGNED_CONTEXT ( ( #8733, #177, #940 ) ) REPRESENTATION_CONTEXT ( 'NONE', 'WORKASPACE' ) );
#4956 = FACE_OUTER_BOUND ( 'NONE', #5228, .T. ) ;
#4957 = DIRECTION ( 'NONE',  ( -1.000000000000000000, 0.0000000000000000000, -3.942553354492742500E-016 ) ) ;
#4958 = SURFACE_STYLE_FILL_AREA ( #3908 ) ;
#4959 =( NAMED_UNIT ( * ) PLANE_ANGLE_UNIT ( ) SI_UNIT ( $, .RADIAN. ) );
#4960 = VERTEX_POINT ( 'NONE', #6498 ) ;
#4961 = STYLED_ITEM ( 'NONE', ( #2333 ), #3578 ) ;
#4962 = ORIENTED_EDGE ( 'NONE', *, *, #5986, .F. ) ;
#4963 = DIRECTION ( 'NONE',  ( 1.000000000000000000, -0.0000000000000000000, -0.0000000000000000000 ) ) ;
#4964 = VERTEX_POINT ( 'NONE', #2931 ) ;
#4965 = VECTOR ( 'NONE', #4040, 1000.000000000000000 ) ;
#4966 = EDGE_CURVE ( 'NONE', #412, #1458, #7854, .T. ) ;
#4967 = VECTOR ( 'NONE', #7516, 1000.000000000000000 ) ;
#4968 = ORIENTED_EDGE ( 'NONE', *, *, #5534, .F. ) ;
#4969 = SURFACE_STYLE_USAGE ( .BOTH. , #4907 ) ;
#4970 = FILL_AREA_STYLE ('',( #2850 ) ) ;
#4971 = LINE ( 'NONE', #7496, #6997 ) ;
#4972 = STYLED_ITEM ( 'NONE', ( #5039 ), #5252 ) ;
#4973 = EDGE_CURVE ( 'NONE', #1017, #8661, #6521, .T. ) ;
#4974 = VECTOR ( 'NONE', #4462, 1000.000000000000000 ) ;
#4975 = FILL_AREA_STYLE_COLOUR ( '', #7747 ) ;
#4976 = PRESENTATION_STYLE_ASSIGNMENT (( #1615 ) ) ;
#4977 = LINE ( 'NONE', #2243, #6902 ) ;
#4978 = ORIENTED_EDGE ( 'NONE', *, *, #6663, .T. ) ;
#4979 = EDGE_CURVE ( 'NONE', #7388, #1462, #7638, .T. ) ;
#4980 = UNCERTAINTY_MEASURE_WITH_UNIT (LENGTH_MEASURE( 1.000000000000000100E-005 ), #5906, 'distance_accuracy_value', 'NONE');
#4981 = EDGE_LOOP ( 'NONE', ( #113, #4522, #6568, #1890, #1927, #849, #6634, #1352, #5859, #698, #7294, #2859 ) ) ;
#4982 = CARTESIAN_POINT ( 'NONE',  ( 0.4499999999999998400, 0.1000000000000000500, 0.1000000000000000500 ) ) ;
#4983 = DIRECTION ( 'NONE',  ( -1.000000000000000000, 0.0000000000000000000, -5.421010862427526100E-016 ) ) ;
#4984 = VECTOR ( 'NONE', #8797, 1000.000000000000000 ) ;
#4985 = VECTOR ( 'NONE', #7580, 1000.000000000000000 ) ;
#4986 = ORIENTED_EDGE ( 'NONE', *, *, #5028, .F. ) ;
#4987 = AXIS2_PLACEMENT_3D ( 'NONE', #535, #1179, #6120 ) ;
#4988 = LINE ( 'NONE', #1097, #1925 ) ;
#4989 = DIRECTION ( 'NONE',  ( 0.0000000000000000000, -0.0000000000000000000, 1.000000000000000000 ) ) ;
#4990 = PRESENTATION_LAYER_ASSIGNMENT (  '', '', ( #3866 ) ) ;
#4991 = CARTESIAN_POINT ( 'NONE',  ( -0.4499999999999999600, 0.6852349955359816600, -1.300000000000000300 ) ) ;
#4992 = ADVANCED_FACE ( 'NONE', ( #4935 ), #3674, .F. ) ;
#4993 = VERTEX_POINT ( 'NONE', #3730 ) ;
#4994 = FILL_AREA_STYLE ('',( #3520 ) ) ;
#4995 = COLOUR_RGB ( '',0.2509803921568627400, 0.2509803921568627400, 0.2509803921568627400 ) ;
#4996 = EDGE_CURVE ( 'NONE', #4362, #3937, #6408, .T. ) ;
#4997 = PLANE ( 'NONE',  #9111 ) ;
#4998 = VECTOR ( 'NONE', #29, 1000.000000000000000 ) ;
#4999 = CARTESIAN_POINT ( 'NONE',  ( -0.2999999999999997100, 0.0000000000000000000, -1.450000000000000000 ) ) ;
#5000 = AXIS2_PLACEMENT_3D ( 'NONE', #4991, #7784, #5720 ) ;
#5001 = CARTESIAN_POINT ( 'NONE',  ( 0.4000000000000000200, 0.1000000000000000100, 0.0000000000000000000 ) ) ;
#5002 = FACE_OUTER_BOUND ( 'NONE', #5068, .T. ) ;
#5003 = ORIENTED_EDGE ( 'NONE', *, *, #8094, .F. ) ;
#5004 = EDGE_CURVE ( 'NONE', #6451, #4513, #4394, .T. ) ;
#5005 = VECTOR ( 'NONE', #7809, 1000.000000000000000 ) ;
#5006 = CARTESIAN_POINT ( 'NONE',  ( 0.4499999999999999600, 0.1000000000000000500, 1.099999999999999900 ) ) ;
#5007 = FACE_OUTER_BOUND ( 'NONE', #7975, .T. ) ;
#5008 = CARTESIAN_POINT ( 'NONE',  ( -0.09999999999999922800, 0.6852349955359814400, 2.000000000000000000 ) ) ;
#5009 = ORIENTED_EDGE ( 'NONE', *, *, #4840, .F. ) ;
#5010 = PLANE ( 'NONE',  #731 ) ;
#5011 = CARTESIAN_POINT ( 'NONE',  ( 1.000000000000000000, 0.1000000000000000500, 0.7000000000000000700 ) ) ;
#5012 = EDGE_CURVE ( 'NONE', #4548, #8517, #1217, .T. ) ;
#5013 = EDGE_CURVE ( 'NONE', #7048, #659, #5968, .T. ) ;
#5014 = VECTOR ( 'NONE', #8088, 1000.000000000000000 ) ;
#5015 = CARTESIAN_POINT ( 'NONE',  ( -0.4499999999999998400, 0.6852349955359816600, 0.5000000000000002200 ) ) ;
#5016 = PRESENTATION_LAYER_ASSIGNMENT (  '', '', ( #4568 ) ) ;
#5017 = VERTEX_POINT ( 'NONE', #310 ) ;
#5018 = DIRECTION ( 'NONE',  ( -3.942553354492742500E-016, 0.0000000000000000000, -1.000000000000000000 ) ) ;
#5019 = FILL_AREA_STYLE_COLOUR ( '', #2016 ) ;
#5020 = EDGE_CURVE ( 'NONE', #6643, #4915, #5730, .T. ) ;
#5021 = LINE ( 'NONE', #6848, #2050 ) ;
#5022 = ORIENTED_EDGE ( 'NONE', *, *, #8341, .F. ) ;
#5023 = ADVANCED_FACE ( 'NONE', ( #9106 ), #1644, .T. ) ;
#5024 =( NAMED_UNIT ( * ) SI_UNIT ( $, .STERADIAN. ) SOLID_ANGLE_UNIT ( ) );
#5025 = PRESENTATION_LAYER_ASSIGNMENT (  '', '', ( #8890 ) ) ;
#5026 = EDGE_CURVE ( 'NONE', #2288, #4417, #4161, .T. ) ;
#5027 = DIRECTION ( 'NONE',  ( 1.000000000000000000, -0.0000000000000000000, -3.942553354492742500E-016 ) ) ;
#5028 = EDGE_CURVE ( 'NONE', #660, #7299, #4927, .T. ) ;
#5029 = VECTOR ( 'NONE', #2901, 1000.000000000000000 ) ;
#5030 = VECTOR ( 'NONE', #2051, 1000.000000000000000 ) ;
#5031 = DIRECTION ( 'NONE',  ( 0.0000000000000000000, 1.000000000000000000, 0.0000000000000000000 ) ) ;
#5032 = ORIENTED_EDGE ( 'NONE', *, *, #2498, .F. ) ;
#5033 = LINE ( 'NONE', #2238, #3175 ) ;
#5034 = EDGE_CURVE ( 'NONE', #5857, #7519, #3295, .T. ) ;
#5035 = PLANE ( 'NONE',  #6908 ) ;
#5036 = PLANE ( 'NONE',  #2139 ) ;
#5037 = DIRECTION ( 'NONE',  ( -0.0000000000000000000, 1.000000000000000000, -0.0000000000000000000 ) ) ;
#5038 =( LENGTH_UNIT ( ) NAMED_UNIT ( * ) SI_UNIT ( .MILLI., .METRE. ) );
#5039 = PRESENTATION_STYLE_ASSIGNMENT (( #560 ) ) ;
#5040 = EDGE_LOOP ( 'NONE', ( #3532, #5156, #3964, #7615 ) ) ;
#5041 = CARTESIAN_POINT ( 'NONE',  ( 0.4499999999999998400, 0.6852349955359816600, -0.6999999999999998400 ) ) ;
#5042 = ORIENTED_EDGE ( 'NONE', *, *, #5026, .F. ) ;
#5043 = AXIS2_PLACEMENT_3D ( 'NONE', #5056, #237, #1571 ) ;
#5044 = ADVANCED_FACE ( 'NONE', ( #754 ), #8081, .F. ) ;
#5045 = FILL_AREA_STYLE ('',( #5125 ) ) ;
#5046 = ORIENTED_EDGE ( 'NONE', *, *, #1264, .F. ) ;
#5047 = DIRECTION ( 'NONE',  ( 1.000000000000000000, 0.0000000000000000000, -3.942553354492742500E-016 ) ) ;
#5048 = CARTESIAN_POINT ( 'NONE',  ( -1.000000000000000000, 0.04999999999999969700, 0.3000000000000001600 ) ) ;
#5049 = ORIENTED_EDGE ( 'NONE', *, *, #4912, .F. ) ;
#5050 = SURFACE_STYLE_USAGE ( .BOTH. , #5719 ) ;
#5051 = CARTESIAN_POINT ( 'NONE',  ( 0.0000000000000000000, 0.05000000000000000300, -0.5000000000000000000 ) ) ;
#5052 = ORIENTED_EDGE ( 'NONE', *, *, #7734, .T. ) ;
#5053 = CARTESIAN_POINT ( 'NONE',  ( 1.000000000000000000, 0.04999999999999969700, -1.100000000000000300 ) ) ;
#5054 = ORIENTED_EDGE ( 'NONE', *, *, #5958, .T. ) ;
#5055 = VERTEX_POINT ( 'NONE', #1741 ) ;
#5056 = CARTESIAN_POINT ( 'NONE',  ( -0.4499999999999999600, 0.6852349955359816600, 1.099999999999999900 ) ) ;
#5057 = VERTEX_POINT ( 'NONE', #8019 ) ;
#5058 = LINE ( 'NONE', #7590, #4836 ) ;
#5059 = CARTESIAN_POINT ( 'NONE',  ( 0.3000000000000003200, 0.0000000000000000000, -1.450000000000000000 ) ) ;
#5060 = VECTOR ( 'NONE', #3565, 1000.000000000000000 ) ;
#5061 = ORIENTED_EDGE ( 'NONE', *, *, #3769, .T. ) ;
#5062 = LINE ( 'NONE', #6836, #3205 ) ;
#5063 =( LENGTH_UNIT ( ) NAMED_UNIT ( * ) SI_UNIT ( .MILLI., .METRE. ) );
#5064 = ORIENTED_EDGE ( 'NONE', *, *, #8277, .T. ) ;
#5065 = DIRECTION ( 'NONE',  ( -5.421010862427526100E-016, 0.0000000000000000000, -1.000000000000000000 ) ) ;
#5066 = CARTESIAN_POINT ( 'NONE',  ( -1.000000000000000000, 0.0000000000000000000, 1.500000000000000200 ) ) ;
#5067 = ORIENTED_EDGE ( 'NONE', *, *, #6612, .F. ) ;
#5068 = EDGE_LOOP ( 'NONE', ( #894, #1335, #3400, #5780 ) ) ;
#5069 = AXIS2_PLACEMENT_3D ( 'NONE', #2249, #2950, #7944 ) ;
#5070 = FILL_AREA_STYLE ('',( #4263 ) ) ;
#5071 = SURFACE_SIDE_STYLE ('',( #41 ) ) ;
#5072 = ADVANCED_FACE ( 'NONE', ( #1971 ), #1020, .T. ) ;
#5073 = VERTEX_POINT ( 'NONE', #2395 ) ;
#5074 =( NAMED_UNIT ( * ) SI_UNIT ( $, .STERADIAN. ) SOLID_ANGLE_UNIT ( ) );
#5075 = VECTOR ( 'NONE', #4016, 1000.000000000000000 ) ;
#5076 = ORIENTED_EDGE ( 'NONE', *, *, #2365, .T. ) ;
#5077 = AXIS2_PLACEMENT_3D ( 'NONE', #2160, #9228, #7765 ) ;
#5078 = COLOUR_RGB ( '',0.2509803921568627400, 0.2509803921568627400, 0.2509803921568627400 ) ;
#5079 = DIRECTION ( 'NONE',  ( 5.421010862427526100E-016, -0.0000000000000000000, 1.000000000000000000 ) ) ;
#5080 = ORIENTED_EDGE ( 'NONE', *, *, #8483, .F. ) ;
#5081 = FILL_AREA_STYLE ('',( #1792 ) ) ;
#5082 = LINE ( 'NONE', #1993, #8798 ) ;
#5083 = PRESENTATION_STYLE_ASSIGNMENT (( #311 ) ) ;
#5084 = VERTEX_POINT ( 'NONE', #7422 ) ;
#5085 = LINE ( 'NONE', #8738, #3235 ) ;
#5086 = SURFACE_STYLE_USAGE ( .BOTH. , #1598 ) ;
#5087 = PRESENTATION_STYLE_ASSIGNMENT (( #1207 ) ) ;
#5088 = EDGE_CURVE ( 'NONE', #6854, #6648, #8317, .T. ) ;
#5089 = EDGE_LOOP ( 'NONE', ( #7826, #3070, #3048, #7631 ) ) ;
#5090 = EDGE_CURVE ( 'NONE', #6924, #6366, #4501, .T. ) ;
#5091 = DIRECTION ( 'NONE',  ( 0.0000000000000000000, 0.0000000000000000000, -1.000000000000000000 ) ) ;
#5092 = CARTESIAN_POINT ( 'NONE',  ( 1.000000000000000000, 0.6852349955359816600, -1.700000000000000200 ) ) ;
#5093 = ORIENTED_EDGE ( 'NONE', *, *, #390, .T. ) ;
#5094 = CARTESIAN_POINT ( 'NONE',  ( 1.000000000000000000, 0.0000000000000000000, -0.5000000000000000000 ) ) ;
#5095 = CARTESIAN_POINT ( 'NONE',  ( 1.000000000000000000, 0.0000000000000000000, 1.700000000000000200 ) ) ;
#5096 = CARTESIAN_POINT ( 'NONE',  ( -1.000000000000000000, 0.04999999999999969700, -1.900000000000000100 ) ) ;
#5097 = MECHANICAL_DESIGN_GEOMETRIC_PRESENTATION_REPRESENTATION (  '', ( #8964 ), #699 ) ;
#5098 = UNCERTAINTY_MEASURE_WITH_UNIT (LENGTH_MEASURE( 1.000000000000000100E-005 ), #3341, 'distance_accuracy_value', 'NONE');
#5099 = SURFACE_STYLE_USAGE ( .BOTH. , #186 ) ;
#5100 = FILL_AREA_STYLE ('',( #130 ) ) ;
#5101 = VECTOR ( 'NONE', #791, 1000.000000000000000 ) ;
#5102 = DIRECTION ( 'NONE',  ( 1.000000000000000000, 0.0000000000000000000, -4.336808689942017700E-016 ) ) ;
#5103 =( NAMED_UNIT ( * ) PLANE_ANGLE_UNIT ( ) SI_UNIT ( $, .RADIAN. ) );
#5104 = LINE ( 'NONE', #5691, #3006 ) ;
#5105 = ORIENTED_EDGE ( 'NONE', *, *, #7201, .T. ) ;
#5106 = LINE ( 'NONE', #983, #397 ) ;
#5107 = LINE ( 'NONE', #8238, #3256 ) ;
#5108 = DIRECTION ( 'NONE',  ( 1.000000000000000000, 0.0000000000000000000, 0.0000000000000000000 ) ) ;
#5109 = PLANE ( 'NONE',  #3584 ) ;
#5110 = LINE ( 'NONE', #3164, #2608 ) ;
#5111 = ORIENTED_EDGE ( 'NONE', *, *, #2504, .F. ) ;
#5112 = CARTESIAN_POINT ( 'NONE',  ( 0.4499999999999998400, 0.1000000000000000500, -0.6999999999999998400 ) ) ;
#5113 = CARTESIAN_POINT ( 'NONE',  ( -0.09999999999999971400, 0.1000000000000000100, -1.450000000000000000 ) ) ;
#5114 = PRESENTATION_STYLE_ASSIGNMENT (( #5163 ) ) ;
#5115 = DIRECTION ( 'NONE',  ( -0.0000000000000000000, -1.000000000000000000, -0.0000000000000000000 ) ) ;
#5116 = COLOUR_RGB ( '',0.2509803921568627400, 0.2509803921568627400, 0.2509803921568627400 ) ;
#5117 = VERTEX_POINT ( 'NONE', #8910 ) ;
#5118 =( NAMED_UNIT ( * ) PLANE_ANGLE_UNIT ( ) SI_UNIT ( $, .RADIAN. ) );
#5119 = ADVANCED_FACE ( 'NONE', ( #2841 ), #1151, .T. ) ;
#5120 =( LENGTH_UNIT ( ) NAMED_UNIT ( * ) SI_UNIT ( .MILLI., .METRE. ) );
#5121 = VECTOR ( 'NONE', #4183, 1000.000000000000000 ) ;
#5122 = DIRECTION ( 'NONE',  ( -5.421010862427526100E-016, 0.0000000000000000000, 1.000000000000000000 ) ) ;
#5123 = ORIENTED_EDGE ( 'NONE', *, *, #9187, .F. ) ;
#5124 = DIRECTION ( 'NONE',  ( 2.956915015869556800E-016, 0.0000000000000000000, 1.000000000000000000 ) ) ;
#5125 = FILL_AREA_STYLE_COLOUR ( '', #6488 ) ;
#5126 = LINE ( 'NONE', #5709, #1422 ) ;
#5127 =( NAMED_UNIT ( * ) SI_UNIT ( $, .STERADIAN. ) SOLID_ANGLE_UNIT ( ) );
#5128 = FILL_AREA_STYLE ('',( #4445 ) ) ;
#5129 = ORIENTED_EDGE ( 'NONE', *, *, #4505, .T. ) ;
#5130 = FACE_OUTER_BOUND ( 'NONE', #9127, .T. ) ;
#5131 = DIRECTION ( 'NONE',  ( -1.000000000000000000, 0.0000000000000000000, 3.942553354492742500E-016 ) ) ;
#5132 = EDGE_CURVE ( 'NONE', #2413, #2336, #5840, .T. ) ;
#5133 = CARTESIAN_POINT ( 'NONE',  ( -0.4499999999999999600, 0.1000000000000000500, 0.2999999999999999300 ) ) ;
#5134 = VECTOR ( 'NONE', #4875, 1000.000000000000000 ) ;
#5135 = DIRECTION ( 'NONE',  ( -5.421010862427526100E-016, 0.0000000000000000000, -1.000000000000000000 ) ) ;
#5136 = AXIS2_PLACEMENT_3D ( 'NONE', #3892, #6785, #1812 ) ;
#5137 = ORIENTED_EDGE ( 'NONE', *, *, #16, .F. ) ;
#5138 = VECTOR ( 'NONE', #2117, 1000.000000000000000 ) ;
#5139 = CARTESIAN_POINT ( 'NONE',  ( 0.4499999999999998400, 0.1000000000000000500, 1.700000000000000400 ) ) ;
#5140 = UNCERTAINTY_MEASURE_WITH_UNIT (LENGTH_MEASURE( 1.000000000000000100E-005 ), #2266, 'distance_accuracy_value', 'NONE');
#5141 = ORIENTED_EDGE ( 'NONE', *, *, #7869, .F. ) ;
#5142 = EDGE_CURVE ( 'NONE', #4615, #1218, #2643, .T. ) ;
#5143 = DIRECTION ( 'NONE',  ( 0.0000000000000000000, -1.000000000000000000, 0.0000000000000000000 ) ) ;
#5144 = PLANE ( 'NONE',  #8773 ) ;
#5145 = VECTOR ( 'NONE', #5287, 1000.000000000000000 ) ;
#5146 = CARTESIAN_POINT ( 'NONE',  ( -0.4499999999999998400, 0.05000000000000002400, 1.700000000000000400 ) ) ;
#5147 = ORIENTED_EDGE ( 'NONE', *, *, #5473, .T. ) ;
#5148 = EDGE_CURVE ( 'NONE', #4964, #7849, #5264, .T. ) ;
#5149 = ORIENTED_EDGE ( 'NONE', *, *, #6078, .T. ) ;
#5150 = VECTOR ( 'NONE', #1223, 1000.000000000000000 ) ;
#5151 = CARTESIAN_POINT ( 'NONE',  ( 0.4499999999999999600, 0.6852349955359816600, 1.900000000000000100 ) ) ;
#5152 = ORIENTED_EDGE ( 'NONE', *, *, #692, .T. ) ;
#5153 =( NAMED_UNIT ( * ) SI_UNIT ( $, .STERADIAN. ) SOLID_ANGLE_UNIT ( ) );
#5154 =( NAMED_UNIT ( * ) PLANE_ANGLE_UNIT ( ) SI_UNIT ( $, .RADIAN. ) );
#5155 = UNCERTAINTY_MEASURE_WITH_UNIT (LENGTH_MEASURE( 1.000000000000000100E-005 ), #3768, 'distance_accuracy_value', 'NONE');
#5156 = ORIENTED_EDGE ( 'NONE', *, *, #5306, .T. ) ;
#5157 =( NAMED_UNIT ( * ) PLANE_ANGLE_UNIT ( ) SI_UNIT ( $, .RADIAN. ) );
#5158 = SURFACE_STYLE_USAGE ( .BOTH. , #2370 ) ;
#5159 = ADVANCED_FACE ( 'NONE', ( #8536 ), #3918, .F. ) ;
#5160 = FACE_OUTER_BOUND ( 'NONE', #3990, .T. ) ;
#5161 = PRESENTATION_LAYER_ASSIGNMENT (  '', '', ( #3573 ) ) ;
#5162 = ORIENTED_EDGE ( 'NONE', *, *, #4429, .F. ) ;
#5163 = SURFACE_STYLE_USAGE ( .BOTH. , #2372 ) ;
#5164 = CARTESIAN_POINT ( 'NONE',  ( 0.3000000000000003200, 0.1000000000000000100, -1.450000000000000000 ) ) ;
#5165 = FACE_OUTER_BOUND ( 'NONE', #4837, .T. ) ;
#5166 = CARTESIAN_POINT ( 'NONE',  ( 0.0000000000000000000, 0.1000000000000000100, 0.0000000000000000000 ) ) ;
#5167 = VERTEX_POINT ( 'NONE', #6749 ) ;
#5168 = EDGE_CURVE ( 'NONE', #4209, #4166, #1535, .T. ) ;
#5169 = EDGE_LOOP ( 'NONE', ( #9164, #551, #4766, #7543 ) ) ;
#5170 = UNCERTAINTY_MEASURE_WITH_UNIT (LENGTH_MEASURE( 1.000000000000000100E-005 ), #8837, 'distance_accuracy_value', 'NONE');
#5171 = DIRECTION ( 'NONE',  ( 0.0000000000000000000, -1.000000000000000000, 0.0000000000000000000 ) ) ;
#5172 = ORIENTED_EDGE ( 'NONE', *, *, #8244, .F. ) ;
#5173 = COLOUR_RGB ( '',0.2509803921568627400, 0.2509803921568627400, 0.2509803921568627400 ) ;
#5174 = PRESENTATION_LAYER_ASSIGNMENT (  '', '', ( #8436 ) ) ;
#5175 = SURFACE_STYLE_FILL_AREA ( #1271 ) ;
#5176 = ORIENTED_EDGE ( 'NONE', *, *, #3759, .T. ) ;
#5177 = DIRECTION ( 'NONE',  ( -1.000000000000000000, 0.0000000000000000000, 3.942553354492742500E-016 ) ) ;
#5178 = CARTESIAN_POINT ( 'NONE',  ( 1.000000000000000000, 0.1000000000000000500, -1.500000000000000200 ) ) ;
#5179 =( LENGTH_UNIT ( ) NAMED_UNIT ( * ) SI_UNIT ( .MILLI., .METRE. ) );
#5180 = ORIENTED_EDGE ( 'NONE', *, *, #6847, .T. ) ;
#5181 = CARTESIAN_POINT ( 'NONE',  ( -0.4499999999999998400, 0.05000000000000002400, -0.2999999999999999300 ) ) ;
#5182 = VECTOR ( 'NONE', #1372, 1000.000000000000000 ) ;
#5183 = ORIENTED_EDGE ( 'NONE', *, *, #2321, .T. ) ;
#5184 = DIRECTION ( 'NONE',  ( -1.000000000000000000, 0.0000000000000000000, 3.942553354492742500E-016 ) ) ;
#5185 = DIRECTION ( 'NONE',  ( -1.000000000000000000, 0.0000000000000000000, -5.421010862427526100E-016 ) ) ;
#5186 = VECTOR ( 'NONE', #6286, 1000.000000000000000 ) ;
#5187 = EDGE_CURVE ( 'NONE', #9118, #4423, #8990, .T. ) ;
#5188 = STYLED_ITEM ( 'NONE', ( #3231 ), #8489 ) ;
#5189 = CARTESIAN_POINT ( 'NONE',  ( -0.4499999999999999600, 0.6852349955359816600, 1.500000000000000000 ) ) ;
#5190 = LINE ( 'NONE', #4652, #897 ) ;
#5191 = DIRECTION ( 'NONE',  ( 0.0000000000000000000, -0.0000000000000000000, -1.000000000000000000 ) ) ;
#5192 = FILL_AREA_STYLE_COLOUR ( '', #4254 ) ;
#5193 = CLOSED_SHELL ( 'NONE', ( #6483, #3406, #5356, #299, #8325, #5852 ) ) ;
#5194 = PRESENTATION_LAYER_ASSIGNMENT (  '', '', ( #4723 ) ) ;
#5195 = VECTOR ( 'NONE', #9014, 1000.000000000000000 ) ;
#5196 = CARTESIAN_POINT ( 'NONE',  ( -0.4499999999999998400, 0.6852349955359816600, -0.6999999999999998400 ) ) ;
#5197 = DIRECTION ( 'NONE',  ( -1.000000000000000000, 0.0000000000000000000, -0.0000000000000000000 ) ) ;
#5198 =( NAMED_UNIT ( * ) SI_UNIT ( $, .STERADIAN. ) SOLID_ANGLE_UNIT ( ) );
#5199 = LINE ( 'NONE', #3724, #4442 ) ;
#5200 = FACE_OUTER_BOUND ( 'NONE', #3300, .T. ) ;
#5201 = EDGE_LOOP ( 'NONE', ( #3174, #7161, #8101, #2421 ) ) ;
#5202 = SURFACE_STYLE_FILL_AREA ( #5541 ) ;
#5203 = AXIS2_PLACEMENT_3D ( 'NONE', #3158, #941, #1046 ) ;
#5204 =( NAMED_UNIT ( * ) SI_UNIT ( $, .STERADIAN. ) SOLID_ANGLE_UNIT ( ) );
#5205 =( LENGTH_UNIT ( ) NAMED_UNIT ( * ) SI_UNIT ( .MILLI., .METRE. ) );
#5206 = ADVANCED_FACE ( 'NONE', ( #5616 ), #3267, .F. ) ;
#5207 = ORIENTED_EDGE ( 'NONE', *, *, #5414, .T. ) ;
#5208 = STYLED_ITEM ( 'NONE', ( #6994 ), #3969 ) ;
#5209 = EDGE_CURVE ( 'NONE', #5073, #689, #3179, .T. ) ;
#5210 = DIRECTION ( 'NONE',  ( 1.000000000000000000, 0.0000000000000000000, 0.0000000000000000000 ) ) ;
#5211 = LINE ( 'NONE', #735, #3881 ) ;
#5212 = CARTESIAN_POINT ( 'NONE',  ( -0.4499999999999998400, 0.6852349955359816600, -0.2999999999999999300 ) ) ;
#5213 = VERTEX_POINT ( 'NONE', #2563 ) ;
#5214 = CARTESIAN_POINT ( 'NONE',  ( -1.000000000000000000, 0.6852349955359816600, 1.100000000000000100 ) ) ;
#5215 = ORIENTED_EDGE ( 'NONE', *, *, #8826, .T. ) ;
#5216 = EDGE_CURVE ( 'NONE', #7654, #4086, #2403, .T. ) ;
#5217 = MANIFOLD_SOLID_BREP ( 'Boss-Extrude2[2]', #898 ) ;
#5218 = LINE ( 'NONE', #4899, #8272 ) ;
#5219 = DIRECTION ( 'NONE',  ( 5.421010862427526100E-016, 0.0000000000000000000, -1.000000000000000000 ) ) ;
#5220 = LINE ( 'NONE', #4466, #8274 ) ;
#5221 = CARTESIAN_POINT ( 'NONE',  ( -0.9999999999999997800, 0.1000000000000000500, 0.5000000000000000000 ) ) ;
#5222 = FACE_OUTER_BOUND ( 'NONE', #6853, .T. ) ;
#5223 =( GEOMETRIC_REPRESENTATION_CONTEXT ( 3 ) GLOBAL_UNCERTAINTY_ASSIGNED_CONTEXT ( ( #279 ) ) GLOBAL_UNIT_ASSIGNED_CONTEXT ( ( #6019, #5272, #3810 ) ) REPRESENTATION_CONTEXT ( 'NONE', 'WORKASPACE' ) );
#5224 = EDGE_CURVE ( 'NONE', #2956, #2936, #7287, .T. ) ;
#5225 = VECTOR ( 'NONE', #1117, 1000.000000000000000 ) ;
#5226 = FILL_AREA_STYLE_COLOUR ( '', #9097 ) ;
#5227 = VECTOR ( 'NONE', #8390, 1000.000000000000000 ) ;
#5228 = EDGE_LOOP ( 'NONE', ( #2270, #8091, #6006, #506 ) ) ;
#5229 = DIRECTION ( 'NONE',  ( -1.000000000000000000, 0.0000000000000000000, -3.942553354492742500E-016 ) ) ;
#5230 = CARTESIAN_POINT ( 'NONE',  ( -1.000000000000000200, 0.05000000000000000300, 2.000000000000000900 ) ) ;
#5231 = DIRECTION ( 'NONE',  ( 0.0000000000000000000, 0.0000000000000000000, -1.000000000000000000 ) ) ;
#5232 = DIRECTION ( 'NONE',  ( -0.0000000000000000000, -1.000000000000000000, -0.0000000000000000000 ) ) ;
#5233 = LINE ( 'NONE', #3339, #1502 ) ;
#5234 = DIRECTION ( 'NONE',  ( -1.000000000000000000, 0.0000000000000000000, -3.942553354492742500E-016 ) ) ;
#5235 = DIRECTION ( 'NONE',  ( 0.0000000000000000000, 1.000000000000000000, 0.0000000000000000000 ) ) ;
#5236 =( NAMED_UNIT ( * ) PLANE_ANGLE_UNIT ( ) SI_UNIT ( $, .RADIAN. ) );
#5237 = EDGE_LOOP ( 'NONE', ( #4102, #1881, #7872, #1552 ) ) ;
#5238 = LINE ( 'NONE', #1822, #1739 ) ;
#5239 = CARTESIAN_POINT ( 'NONE',  ( 0.4499999999999998400, 0.6852349955359816600, -0.6999999999999998400 ) ) ;
#5240 = SURFACE_SIDE_STYLE ('',( #7812 ) ) ;
#5241 = VECTOR ( 'NONE', #5234, 1000.000000000000000 ) ;
#5242 = CARTESIAN_POINT ( 'NONE',  ( 1.000000000000000000, 0.6852349955359816600, 1.900000000000000100 ) ) ;
#5243 = ORIENTED_EDGE ( 'NONE', *, *, #2966, .F. ) ;
#5244 = CARTESIAN_POINT ( 'NONE',  ( 0.4499999999999999600, 0.0000000000000000000, 0.7000000000000000700 ) ) ;
#5245 =( LENGTH_UNIT ( ) NAMED_UNIT ( * ) SI_UNIT ( .MILLI., .METRE. ) );
#5246 = CARTESIAN_POINT ( 'NONE',  ( -0.09999999999999971400, 0.6852349955359814400, -2.000000000000000000 ) ) ;
#5247 = LINE ( 'NONE', #421, #6724 ) ;
#5248 = CARTESIAN_POINT ( 'NONE',  ( 0.4499999999999999600, 0.6852349955359816600, 0.2999999999999999300 ) ) ;
#5249 = LINE ( 'NONE', #9169, #847 ) ;
#5250 = DIRECTION ( 'NONE',  ( -1.000000000000000000, 0.0000000000000000000, -3.942553354492742500E-016 ) ) ;
#5251 = ORIENTED_EDGE ( 'NONE', *, *, #4065, .T. ) ;
#5252 = ADVANCED_FACE ( 'NONE', ( #3815 ), #9040, .T. ) ;
#5253 = MECHANICAL_DESIGN_GEOMETRIC_PRESENTATION_REPRESENTATION (  '', ( #1444 ), #2886 ) ;
#5254 = CARTESIAN_POINT ( 'NONE',  ( -0.9999999999999997800, 0.1000000000000000500, 0.8999999999999998000 ) ) ;
#5255 = VECTOR ( 'NONE', #4552, 1000.000000000000000 ) ;
#5256 = ADVANCED_FACE ( 'NONE', ( #1429 ), #6864, .F. ) ;
#5257 = ORIENTED_EDGE ( 'NONE', *, *, #6544, .F. ) ;
#5258 =( NAMED_UNIT ( * ) PLANE_ANGLE_UNIT ( ) SI_UNIT ( $, .RADIAN. ) );
#5259 =( GEOMETRIC_REPRESENTATION_CONTEXT ( 3 ) GLOBAL_UNCERTAINTY_ASSIGNED_CONTEXT ( ( #8790 ) ) GLOBAL_UNIT_ASSIGNED_CONTEXT ( ( #6358, #6292, #6328 ) ) REPRESENTATION_CONTEXT ( 'NONE', 'WORKASPACE' ) );
#5260 = CARTESIAN_POINT ( 'NONE',  ( 0.4499999999999998400, 0.0000000000000000000, -1.500000000000000000 ) ) ;
#5261 = DIRECTION ( 'NONE',  ( -3.942553354492742500E-016, 0.0000000000000000000, -1.000000000000000000 ) ) ;
#5262 = AXIS2_PLACEMENT_3D ( 'NONE', #9049, #2632, #6843 ) ;
#5263 = DIRECTION ( 'NONE',  ( -1.000000000000000000, 0.0000000000000000000, -0.0000000000000000000 ) ) ;
#5264 = LINE ( 'NONE', #408, #2286 ) ;
#5265 = ORIENTED_EDGE ( 'NONE', *, *, #8603, .T. ) ;
#5266 = CARTESIAN_POINT ( 'NONE',  ( 0.3000000000000006000, 0.1000000000000000100, 1.450000000000000000 ) ) ;
#5267 =( NAMED_UNIT ( * ) SI_UNIT ( $, .STERADIAN. ) SOLID_ANGLE_UNIT ( ) );
#5268 = ORIENTED_EDGE ( 'NONE', *, *, #5805, .T. ) ;
#5269 = UNCERTAINTY_MEASURE_WITH_UNIT (LENGTH_MEASURE( 1.000000000000000100E-005 ), #7295, 'distance_accuracy_value', 'NONE');
#5270 = EDGE_CURVE ( 'NONE', #8108, #1226, #5607, .T. ) ;
#5271 = ORIENTED_EDGE ( 'NONE', *, *, #664, .F. ) ;
#5272 =( NAMED_UNIT ( * ) PLANE_ANGLE_UNIT ( ) SI_UNIT ( $, .RADIAN. ) );
#5273 = CARTESIAN_POINT ( 'NONE',  ( 0.9999999999999995600, 0.1000000000000002600, -1.099999999999999900 ) ) ;
#5274 = DIRECTION ( 'NONE',  ( 5.421010862427526100E-016, 0.0000000000000000000, -1.000000000000000000 ) ) ;
#5275 = VECTOR ( 'NONE', #3099, 1000.000000000000000 ) ;
#5276 = ADVANCED_FACE ( 'NONE', ( #2520 ), #6185, .F. ) ;
#5277 = ORIENTED_EDGE ( 'NONE', *, *, #3221, .F. ) ;
#5278 = ORIENTED_EDGE ( 'NONE', *, *, #8400, .F. ) ;
#5279 = VECTOR ( 'NONE', #8190, 1000.000000000000000 ) ;
#5280 = EDGE_CURVE ( 'NONE', #6619, #8108, #6744, .T. ) ;
#5281 = FILL_AREA_STYLE_COLOUR ( '', #2989 ) ;
#5282 = ORIENTED_EDGE ( 'NONE', *, *, #2132, .T. ) ;
#5283 = SURFACE_SIDE_STYLE ('',( #2778 ) ) ;
#5284 = ORIENTED_EDGE ( 'NONE', *, *, #5034, .F. ) ;
#5285 = ORIENTED_EDGE ( 'NONE', *, *, #903, .T. ) ;
#5286 = ORIENTED_EDGE ( 'NONE', *, *, #1691, .T. ) ;
#5287 = DIRECTION ( 'NONE',  ( -1.000000000000000000, 0.0000000000000000000, -3.942553354492742500E-016 ) ) ;
#5288 = EDGE_LOOP ( 'NONE', ( #694, #2134, #7767, #4066 ) ) ;
#5289 = FILL_AREA_STYLE ('',( #4597 ) ) ;
#5290 = VERTEX_POINT ( 'NONE', #8409 ) ;
#5291 = DIRECTION ( 'NONE',  ( 1.000000000000000000, -0.0000000000000000000, 0.0000000000000000000 ) ) ;
#5292 = ORIENTED_EDGE ( 'NONE', *, *, #7063, .F. ) ;
#5293 = MECHANICAL_DESIGN_GEOMETRIC_PRESENTATION_REPRESENTATION (  '', ( #6269 ), #5971 ) ;
#5294 = LINE ( 'NONE', #6083, #2090 ) ;
#5295 = CARTESIAN_POINT ( 'NONE',  ( -0.4499999999999998400, 0.0000000000000000000, -1.099999999999999900 ) ) ;
#5296 = VERTEX_POINT ( 'NONE', #7009 ) ;
#5297 = EDGE_CURVE ( 'NONE', #7519, #2943, #1863, .T. ) ;
#5298 = FACE_OUTER_BOUND ( 'NONE', #2809, .T. ) ;
#5299 =( NAMED_UNIT ( * ) SI_UNIT ( $, .STERADIAN. ) SOLID_ANGLE_UNIT ( ) );
#5300 = DIRECTION ( 'NONE',  ( -1.000000000000000000, 0.0000000000000000000, -0.0000000000000000000 ) ) ;
#5301 = ORIENTED_EDGE ( 'NONE', *, *, #2140, .T. ) ;
#5302 = VECTOR ( 'NONE', #3141, 1000.000000000000000 ) ;
#5303 = VECTOR ( 'NONE', #3410, 1000.000000000000000 ) ;
#5304 = LINE ( 'NONE', #1163, #7885 ) ;
#5305 = VERTEX_POINT ( 'NONE', #3444 ) ;
#5306 = EDGE_CURVE ( 'NONE', #3293, #8043, #7958, .T. ) ;
#5307 = CARTESIAN_POINT ( 'NONE',  ( -0.4499999999999999600, 0.6852349955359816600, -0.9000000000000001300 ) ) ;
#5308 = FILL_AREA_STYLE_COLOUR ( '', #3582 ) ;
#5309 = ADVANCED_FACE ( 'NONE', ( #5379 ), #3524, .F. ) ;
#5310 = DIRECTION ( 'NONE',  ( 0.0000000000000000000, -0.0000000000000000000, 1.000000000000000000 ) ) ;
#5311 = PRESENTATION_STYLE_ASSIGNMENT (( #6803 ) ) ;
#5312 = ORIENTED_EDGE ( 'NONE', *, *, #6136, .T. ) ;
#5313 = PRESENTATION_LAYER_ASSIGNMENT (  '', '', ( #4790 ) ) ;
#5314 = ORIENTED_EDGE ( 'NONE', *, *, #8277, .F. ) ;
#5315 = DIRECTION ( 'NONE',  ( 1.000000000000000000, 0.0000000000000000000, -5.421010862427526100E-016 ) ) ;
#5316 = ADVANCED_FACE ( 'NONE', ( #7047 ), #4139, .T. ) ;
#5317 = PRESENTATION_LAYER_ASSIGNMENT (  '', '', ( #7776 ) ) ;
#5318 = EDGE_CURVE ( 'NONE', #2322, #3, #8064, .T. ) ;
#5319 = DIRECTION ( 'NONE',  ( 0.0000000000000000000, -0.0000000000000000000, 1.000000000000000000 ) ) ;
#5320 = DIRECTION ( 'NONE',  ( -5.421010862427526100E-016, 0.0000000000000000000, -1.000000000000000000 ) ) ;
#5321 =( NAMED_UNIT ( * ) SI_UNIT ( $, .STERADIAN. ) SOLID_ANGLE_UNIT ( ) );
#5322 = PRESENTATION_STYLE_ASSIGNMENT (( #7132 ) ) ;
#5323 =( GEOMETRIC_REPRESENTATION_CONTEXT ( 3 ) GLOBAL_UNCERTAINTY_ASSIGNED_CONTEXT ( ( #7224 ) ) GLOBAL_UNIT_ASSIGNED_CONTEXT ( ( #2948, #3811, #7446 ) ) REPRESENTATION_CONTEXT ( 'NONE', 'WORKASPACE' ) );
#5324 = VECTOR ( 'NONE', #720, 1000.000000000000000 ) ;
#5325 = VERTEX_POINT ( 'NONE', #8435 ) ;
#5326 = DIRECTION ( 'NONE',  ( 0.0000000000000000000, 0.0000000000000000000, 1.000000000000000000 ) ) ;
#5327 = CARTESIAN_POINT ( 'NONE',  ( -0.09999999999999922800, 0.1000000000000000100, 2.000000000000000000 ) ) ;
#5328 = EDGE_CURVE ( 'NONE', #5857, #204, #4821, .T. ) ;
#5329 =( NAMED_UNIT ( * ) PLANE_ANGLE_UNIT ( ) SI_UNIT ( $, .RADIAN. ) );
#5330 = VERTEX_POINT ( 'NONE', #2130 ) ;
#5331 = LINE ( 'NONE', #1807, #2591 ) ;
#5332 = LINE ( 'NONE', #7949, #4450 ) ;
#5333 =( GEOMETRIC_REPRESENTATION_CONTEXT ( 3 ) GLOBAL_UNCERTAINTY_ASSIGNED_CONTEXT ( ( #8514 ) ) GLOBAL_UNIT_ASSIGNED_CONTEXT ( ( #6905, #3242, #2667 ) ) REPRESENTATION_CONTEXT ( 'NONE', 'WORKASPACE' ) );
#5334 = STYLED_ITEM ( 'NONE', ( #3398 ), #5217 ) ;
#5335 = COLOUR_RGB ( '',0.2509803921568627400, 0.2509803921568627400, 0.2509803921568627400 ) ;
#5336 = VERTEX_POINT ( 'NONE', #4229 ) ;
#5337 = EDGE_CURVE ( 'NONE', #133, #4835, #4612, .T. ) ;
#5338 = CARTESIAN_POINT ( 'NONE',  ( 0.3000000000000007700, 0.6852349955359814400, 2.000000000000000000 ) ) ;
#5339 = VECTOR ( 'NONE', #2167, 1000.000000000000000 ) ;
#5340 =( LENGTH_UNIT ( ) NAMED_UNIT ( * ) SI_UNIT ( .MILLI., .METRE. ) );
#5341 = CARTESIAN_POINT ( 'NONE',  ( -0.09999999999999971400, 0.0000000000000000000, -1.450000000000000000 ) ) ;
#5342 = EDGE_CURVE ( 'NONE', #1652, #3937, #650, .T. ) ;
#5343 =( NAMED_UNIT ( * ) SI_UNIT ( $, .STERADIAN. ) SOLID_ANGLE_UNIT ( ) );
#5344 = LINE ( 'NONE', #5674, #2247 ) ;
#5345 = ORIENTED_EDGE ( 'NONE', *, *, #4628, .F. ) ;
#5346 = CARTESIAN_POINT ( 'NONE',  ( -0.7500000000000000000, 0.5500000000000000400, -1.625000000000000200 ) ) ;
#5347 = VECTOR ( 'NONE', #1845, 1000.000000000000000 ) ;
#5348 = PLANE ( 'NONE',  #4987 ) ;
#5349 = CARTESIAN_POINT ( 'NONE',  ( -0.4499999999999998400, 0.1000000000000000500, 0.1000000000000000500 ) ) ;
#5350 = CARTESIAN_POINT ( 'NONE',  ( -1.000000000000000000, 0.1000000000000000500, 1.900000000000000400 ) ) ;
#5351 = DIRECTION ( 'NONE',  ( 0.0000000000000000000, -1.000000000000000000, 0.0000000000000000000 ) ) ;
#5352 = VECTOR ( 'NONE', #3457, 1000.000000000000000 ) ;
#5353 =( GEOMETRIC_REPRESENTATION_CONTEXT ( 3 ) GLOBAL_UNCERTAINTY_ASSIGNED_CONTEXT ( ( #2896 ) ) GLOBAL_UNIT_ASSIGNED_CONTEXT ( ( #1391, #6319, #1299 ) ) REPRESENTATION_CONTEXT ( 'NONE', 'WORKASPACE' ) );
#5354 = ORIENTED_EDGE ( 'NONE', *, *, #7328, .T. ) ;
#5355 = CARTESIAN_POINT ( 'NONE',  ( 0.4499999999999998400, 0.1000000000000000500, -1.500000000000000000 ) ) ;
#5356 = ADVANCED_FACE ( 'NONE', ( #6180 ), #709, .F. ) ;
#5357 = LINE ( 'NONE', #966, #2919 ) ;
#5358 = DIRECTION ( 'NONE',  ( 1.000000000000000000, -0.0000000000000000000, 0.0000000000000000000 ) ) ;
#5359 = MECHANICAL_DESIGN_GEOMETRIC_PRESENTATION_REPRESENTATION (  '', ( #6626 ), #1726 ) ;
#5360 = CARTESIAN_POINT ( 'NONE',  ( 0.4499999999999998400, 0.1000000000000000500, 0.1000000000000000500 ) ) ;
#5361 = CARTESIAN_POINT ( 'NONE',  ( -1.000000000000000200, 0.05000000000000000300, 2.000000000000000900 ) ) ;
#5362 = FACE_OUTER_BOUND ( 'NONE', #5921, .T. ) ;
#5363 = LINE ( 'NONE', #1970, #424 ) ;
#5364 = ORIENTED_EDGE ( 'NONE', *, *, #2394, .F. ) ;
#5365 = CARTESIAN_POINT ( 'NONE',  ( -2.759787348144918500E-016, 0.05000000000000000300, -0.6999999999999996200 ) ) ;
#5366 = CARTESIAN_POINT ( 'NONE',  ( 0.4499999999999999600, 0.6852349955359816600, 1.500000000000000000 ) ) ;
#5367 = ADVANCED_FACE ( 'NONE', ( #9213 ), #3556, .F. ) ;
#5368 =( GEOMETRIC_REPRESENTATION_CONTEXT ( 3 ) GLOBAL_UNCERTAINTY_ASSIGNED_CONTEXT ( ( #4555 ) ) GLOBAL_UNIT_ASSIGNED_CONTEXT ( ( #2063, #5568, #9216 ) ) REPRESENTATION_CONTEXT ( 'NONE', 'WORKASPACE' ) );
#5369 = CARTESIAN_POINT ( 'NONE',  ( 0.4499999999999999600, 0.1000000000000000500, -0.5000000000000000000 ) ) ;
#5370 = COLOUR_RGB ( '',0.2509803921568627400, 0.2509803921568627400, 0.2509803921568627400 ) ;
#5371 = DIRECTION ( 'NONE',  ( 1.000000000000000000, -0.0000000000000000000, 0.0000000000000000000 ) ) ;
#5372 = PLANE ( 'NONE',  #34 ) ;
#5373 = EDGE_CURVE ( 'NONE', #7297, #4891, #8643, .T. ) ;
#5374 = ORIENTED_EDGE ( 'NONE', *, *, #7921, .T. ) ;
#5375 = DIRECTION ( 'NONE',  ( -0.0000000000000000000, -1.000000000000000000, -0.0000000000000000000 ) ) ;
#5376 = PRESENTATION_LAYER_ASSIGNMENT (  '', '', ( #775 ) ) ;
#5377 =( NAMED_UNIT ( * ) SI_UNIT ( $, .STERADIAN. ) SOLID_ANGLE_UNIT ( ) );
#5378 = PLANE ( 'NONE',  #504 ) ;
#5379 = FACE_OUTER_BOUND ( 'NONE', #5237, .T. ) ;
#5380 = PLANE ( 'NONE',  #4243 ) ;
#5381 = ORIENTED_EDGE ( 'NONE', *, *, #8089, .T. ) ;
#5382 = DIRECTION ( 'NONE',  ( -1.000000000000000000, 0.0000000000000000000, 0.0000000000000000000 ) ) ;
#5383 = MECHANICAL_DESIGN_GEOMETRIC_PRESENTATION_REPRESENTATION (  '', ( #3947 ), #5323 ) ;
#5384 = EDGE_CURVE ( 'NONE', #467, #4413, #3926, .T. ) ;
#5385 = CARTESIAN_POINT ( 'NONE',  ( 0.4499999999999998400, 0.6852349955359816600, 1.700000000000000400 ) ) ;
#5386 =( NAMED_UNIT ( * ) PLANE_ANGLE_UNIT ( ) SI_UNIT ( $, .RADIAN. ) );
#5387 = ORIENTED_EDGE ( 'NONE', *, *, #460, .T. ) ;
#5388 = STYLED_ITEM ( 'NONE', ( #5590 ), #5827 ) ;
#5389 = CARTESIAN_POINT ( 'NONE',  ( -0.4499999999999997900, 0.05000000000000000300, -2.439454888092385500E-016 ) ) ;
#5390 = FILL_AREA_STYLE ('',( #7592 ) ) ;
#5391 = ORIENTED_EDGE ( 'NONE', *, *, #5534, .T. ) ;
#5392 = PRESENTATION_STYLE_ASSIGNMENT (( #1389 ) ) ;
#5393 = SURFACE_SIDE_STYLE ('',( #70 ) ) ;
#5394 = MANIFOLD_SOLID_BREP ( 'LPattern4[17]', #6111 ) ;
#5395 = MECHANICAL_DESIGN_GEOMETRIC_PRESENTATION_REPRESENTATION (  '', ( #6841 ), #2379 ) ;
#5396 = ORIENTED_EDGE ( 'NONE', *, *, #3742, .T. ) ;
#5397 = VERTEX_POINT ( 'NONE', #682 ) ;
#5398 =( NAMED_UNIT ( * ) SI_UNIT ( $, .STERADIAN. ) SOLID_ANGLE_UNIT ( ) );
#5399 = DIRECTION ( 'NONE',  ( 0.0000000000000000000, -0.0000000000000000000, 1.000000000000000000 ) ) ;
#5400 = ORIENTED_EDGE ( 'NONE', *, *, #7152, .T. ) ;
#5401 = CARTESIAN_POINT ( 'NONE',  ( -0.4499999999999999600, 0.0000000000000000000, 1.500000000000000000 ) ) ;
#5402 = VECTOR ( 'NONE', #8566, 1000.000000000000000 ) ;
#5403 = ADVANCED_FACE ( 'NONE', ( #7837 ), #7848, .F. ) ;
#5404 = ORIENTED_EDGE ( 'NONE', *, *, #7908, .T. ) ;
#5405 = EDGE_CURVE ( 'NONE', #652, #1788, #5716, .T. ) ;
#5406 = LINE ( 'NONE', #416, #3519 ) ;
#5407 = SURFACE_STYLE_USAGE ( .BOTH. , #3904 ) ;
#5408 = ORIENTED_EDGE ( 'NONE', *, *, #3434, .T. ) ;
#5409 = CARTESIAN_POINT ( 'NONE',  ( 0.4499999999999998400, 0.05000000000000002400, -0.2999999999999999300 ) ) ;
#5410 = ORIENTED_EDGE ( 'NONE', *, *, #4856, .F. ) ;
#5411 = CARTESIAN_POINT ( 'NONE',  ( -0.7500000000000000000, 0.5000000000000000000, -1.875000000000000000 ) ) ;
#5412 = ORIENTED_EDGE ( 'NONE', *, *, #657, .F. ) ;
#5413 = LINE ( 'NONE', #7024, #4734 ) ;
#5414 = EDGE_CURVE ( 'NONE', #133, #3270, #9092, .T. ) ;
#5415 = AXIS2_PLACEMENT_3D ( 'NONE', #7143, #740, #7889 ) ;
#5416 = EDGE_CURVE ( 'NONE', #8347, #3196, #8974, .T. ) ;
#5417 = DIRECTION ( 'NONE',  ( 0.0000000000000000000, -0.0000000000000000000, 1.000000000000000000 ) ) ;
#5418 = DIRECTION ( 'NONE',  ( 1.000000000000000000, 0.0000000000000000000, 3.942553354492742500E-016 ) ) ;
#5419 = VERTEX_POINT ( 'NONE', #8707 ) ;
#5420 = DIRECTION ( 'NONE',  ( -5.421010862427526100E-016, 0.0000000000000000000, 1.000000000000000000 ) ) ;
#5421 = EDGE_LOOP ( 'NONE', ( #7620, #74, #2762, #7733 ) ) ;
#5422 = SURFACE_STYLE_FILL_AREA ( #4773 ) ;
#5423 = FILL_AREA_STYLE ('',( #6121 ) ) ;
#5424 = FACE_OUTER_BOUND ( 'NONE', #8597, .T. ) ;
#5425 = DIRECTION ( 'NONE',  ( 1.000000000000000000, 0.0000000000000000000, -1.971276677246371500E-016 ) ) ;
#5426 = DIRECTION ( 'NONE',  ( -5.421010862427526100E-016, 0.0000000000000000000, 1.000000000000000000 ) ) ;
#5427 = ORIENTED_EDGE ( 'NONE', *, *, #3611, .T. ) ;
#5428 = ADVANCED_FACE ( 'NONE', ( #8855 ), #5850, .T. ) ;
#5429 = PRESENTATION_LAYER_ASSIGNMENT (  '', '', ( #4421 ) ) ;
#5430 = DIRECTION ( 'NONE',  ( 0.0000000000000000000, 1.000000000000000000, 0.0000000000000000000 ) ) ;
#5431 = EDGE_LOOP ( 'NONE', ( #5022, #3951, #5137, #85 ) ) ;
#5432 = SURFACE_STYLE_FILL_AREA ( #5944 ) ;
#5433 = VERTEX_POINT ( 'NONE', #4323 ) ;
#5434 = CARTESIAN_POINT ( 'NONE',  ( -0.4500000000000008400, 0.05000000000000000300, -2.439454888092391400E-016 ) ) ;
#5435 = CARTESIAN_POINT ( 'NONE',  ( 0.1000000000000007000, 0.1000000000000000500, 1.450000000000000000 ) ) ;
#5436 = DIRECTION ( 'NONE',  ( 0.0000000000000000000, 0.0000000000000000000, -1.000000000000000000 ) ) ;
#5437 = AXIS2_PLACEMENT_3D ( 'NONE', #6288, #733, #2045 ) ;
#5438 = VECTOR ( 'NONE', #8035, 1000.000000000000000 ) ;
#5439 = DIRECTION ( 'NONE',  ( 0.0000000000000000000, -0.0000000000000000000, 1.000000000000000000 ) ) ;
#5440 = LINE ( 'NONE', #2018, #2881 ) ;
#5441 = LINE ( 'NONE', #8659, #3551 ) ;
#5442 = CARTESIAN_POINT ( 'NONE',  ( 1.000000000000000000, 0.04999999999999969700, 0.7000000000000000700 ) ) ;
#5443 = ORIENTED_EDGE ( 'NONE', *, *, #4572, .T. ) ;
#5444 = CARTESIAN_POINT ( 'NONE',  ( -1.000000000000000000, 0.6852349955359816600, -1.900000000000000100 ) ) ;
#5445 = DIRECTION ( 'NONE',  ( -0.0000000000000000000, -1.000000000000000000, -0.0000000000000000000 ) ) ;
#5446 = PRESENTATION_STYLE_ASSIGNMENT (( #817 ) ) ;
#5447 = CARTESIAN_POINT ( 'NONE',  ( 0.4499999999999999600, 0.05000000000000002400, -0.9000000000000001300 ) ) ;
#5448 = PRESENTATION_LAYER_ASSIGNMENT (  '', '', ( #7545 ) ) ;
#5449 = EDGE_CURVE ( 'NONE', #7819, #8557, #7950, .T. ) ;
#5450 = DIRECTION ( 'NONE',  ( -0.0000000000000000000, 0.0000000000000000000, 1.000000000000000000 ) ) ;
#5451 = CARTESIAN_POINT ( 'NONE',  ( -0.9999999999999997800, 0.1000000000000000500, 1.700000000000000200 ) ) ;
#5452 = SURFACE_STYLE_FILL_AREA ( #7059 ) ;
#5453 = VECTOR ( 'NONE', #3323, 1000.000000000000000 ) ;
#5454 = CARTESIAN_POINT ( 'NONE',  ( 0.4499999999999998400, 0.6852349955359816600, -1.500000000000000000 ) ) ;
#5455 = VERTEX_POINT ( 'NONE', #121 ) ;
#5456 = ADVANCED_FACE ( 'NONE', ( #3492 ), #1510, .F. ) ;
#5457 = DIRECTION ( 'NONE',  ( -1.000000000000000000, 0.0000000000000000000, 0.0000000000000000000 ) ) ;
#5458 = PRESENTATION_LAYER_ASSIGNMENT (  '', '', ( #8220 ) ) ;
#5459 = ORIENTED_EDGE ( 'NONE', *, *, #2282, .T. ) ;
#5460 = PLANE ( 'NONE',  #3497 ) ;
#5461 = AXIS2_PLACEMENT_3D ( 'NONE', #8885, #2479, #3180 ) ;
#5462 = SURFACE_STYLE_USAGE ( .BOTH. , #4168 ) ;
#5463 = COLOUR_RGB ( '',0.2509803921568627400, 0.2509803921568627400, 0.2509803921568627400 ) ;
#5464 = LINE ( 'NONE', #5365, #5918 ) ;
#5465 = CARTESIAN_POINT ( 'NONE',  ( -0.4499999999999999600, 0.6852349955359816600, -0.1000000000000000500 ) ) ;
#5466 = EDGE_CURVE ( 'NONE', #987, #8434, #6069, .T. ) ;
#5467 = LINE ( 'NONE', #4561, #4122 ) ;
#5468 = ORIENTED_EDGE ( 'NONE', *, *, #949, .F. ) ;
#5469 = UNCERTAINTY_MEASURE_WITH_UNIT (LENGTH_MEASURE( 1.000000000000000100E-005 ), #4422, 'distance_accuracy_value', 'NONE');
#5470 = DIRECTION ( 'NONE',  ( -0.0000000000000000000, -1.000000000000000000, -0.0000000000000000000 ) ) ;
#5471 = PRESENTATION_LAYER_ASSIGNMENT (  '', '', ( #4972 ) ) ;
#5472 = SURFACE_STYLE_FILL_AREA ( #1775 ) ;
#5473 = EDGE_CURVE ( 'NONE', #8299, #8575, #1529, .T. ) ;
#5474 = DIRECTION ( 'NONE',  ( 0.0000000000000000000, 0.0000000000000000000, 1.000000000000000000 ) ) ;
#5475 = CARTESIAN_POINT ( 'NONE',  ( -0.4499999999999999600, 0.05000000000000002400, -0.5000000000000000000 ) ) ;
#5476 = ORIENTED_EDGE ( 'NONE', *, *, #878, .F. ) ;
#5477 = VECTOR ( 'NONE', #3568, 1000.000000000000000 ) ;
#5478 = CARTESIAN_POINT ( 'NONE',  ( -1.000000000000000000, 0.1000000000000000500, 0.7000000000000002900 ) ) ;
#5479 = UNCERTAINTY_MEASURE_WITH_UNIT (LENGTH_MEASURE( 1.000000000000000100E-005 ), #2172, 'distance_accuracy_value', 'NONE');
#5480 = EDGE_CURVE ( 'NONE', #3502, #7507, #3171, .T. ) ;
#5481 = DIRECTION ( 'NONE',  ( 0.0000000000000000000, 1.000000000000000000, 0.0000000000000000000 ) ) ;
#5482 = CARTESIAN_POINT ( 'NONE',  ( 4.336808689942015300E-016, 0.05000000000000000300, 1.099999999999999600 ) ) ;
#5483 = ORIENTED_EDGE ( 'NONE', *, *, #8648, .T. ) ;
#5484 = DIRECTION ( 'NONE',  ( 0.0000000000000000000, 0.0000000000000000000, -1.000000000000000000 ) ) ;
#5485 = FILL_AREA_STYLE_COLOUR ( '', #8569 ) ;
#5486 = PRESENTATION_LAYER_ASSIGNMENT (  '', '', ( #6269 ) ) ;
#5487 = CARTESIAN_POINT ( 'NONE',  ( -0.09999999999999971400, 0.0000000000000000000, -2.000000000000000000 ) ) ;
#5488 = LINE ( 'NONE', #2543, #1748 ) ;
#5489 = EDGE_CURVE ( 'NONE', #6837, #4268, #6732, .T. ) ;
#5490 = VERTEX_POINT ( 'NONE', #3663 ) ;
#5491 = AXIS2_PLACEMENT_3D ( 'NONE', #294, #2338, #3772 ) ;
#5492 = SURFACE_SIDE_STYLE ('',( #5422 ) ) ;
#5493 = VECTOR ( 'NONE', #5788, 1000.000000000000000 ) ;
#5494 = FILL_AREA_STYLE_COLOUR ( '', #7808 ) ;
#5495 = ADVANCED_FACE ( 'NONE', ( #8740 ), #874, .F. ) ;
#5496 = ORIENTED_EDGE ( 'NONE', *, *, #5328, .F. ) ;
#5497 = VECTOR ( 'NONE', #746, 1000.000000000000000 ) ;
#5498 = DIRECTION ( 'NONE',  ( 0.0000000000000000000, -1.000000000000000000, 0.0000000000000000000 ) ) ;
#5499 = DIRECTION ( 'NONE',  ( -1.000000000000000000, 0.0000000000000000000, -5.421010862427526100E-016 ) ) ;
#5500 = DIRECTION ( 'NONE',  ( 0.0000000000000000000, 1.000000000000000000, 0.0000000000000000000 ) ) ;
#5501 = EDGE_CURVE ( 'NONE', #1368, #5976, #7724, .T. ) ;
#5502 = ORIENTED_EDGE ( 'NONE', *, *, #4750, .F. ) ;
#5503 = ORIENTED_EDGE ( 'NONE', *, *, #1862, .F. ) ;
#5504 = SURFACE_STYLE_FILL_AREA ( #7536 ) ;
#5505 = EDGE_CURVE ( 'NONE', #4697, #4542, #5822, .T. ) ;
#5506 = CARTESIAN_POINT ( 'NONE',  ( -0.4499999999999999600, 0.6852349955359816600, 0.2999999999999999300 ) ) ;
#5507 = DIRECTION ( 'NONE',  ( 0.0000000000000000000, 0.0000000000000000000, -1.000000000000000000 ) ) ;
#5508 =( GEOMETRIC_REPRESENTATION_CONTEXT ( 3 ) GLOBAL_UNCERTAINTY_ASSIGNED_CONTEXT ( ( #2938 ) ) GLOBAL_UNIT_ASSIGNED_CONTEXT ( ( #7509, #2618, #6891 ) ) REPRESENTATION_CONTEXT ( 'NONE', 'WORKASPACE' ) );
#5509 = DIRECTION ( 'NONE',  ( -1.000000000000000000, 0.0000000000000000000, -0.0000000000000000000 ) ) ;
#5510 = VERTEX_POINT ( 'NONE', #8006 ) ;
#5511 = EDGE_CURVE ( 'NONE', #3871, #1147, #9203, .T. ) ;
#5512 = CARTESIAN_POINT ( 'NONE',  ( 0.4499999999999999600, 0.1000000000000000500, -0.1000000000000000500 ) ) ;
#5513 = ORIENTED_EDGE ( 'NONE', *, *, #1745, .F. ) ;
#5514 = PRESENTATION_STYLE_ASSIGNMENT (( #6096 ) ) ;
#5515 = MANIFOLD_SOLID_BREP ( 'LPattern4[3]', #3838 ) ;
#5516 = EDGE_CURVE ( 'NONE', #8758, #6619, #3038, .T. ) ;
#5517 = ORIENTED_EDGE ( 'NONE', *, *, #8482, .F. ) ;
#5518 = FILL_AREA_STYLE ('',( #2568 ) ) ;
#5519 = ORIENTED_EDGE ( 'NONE', *, *, #7559, .F. ) ;
#5520 = PRESENTATION_LAYER_ASSIGNMENT (  '', '', ( #3450 ) ) ;
#5521 = ORIENTED_EDGE ( 'NONE', *, *, #4918, .T. ) ;
#5522 = VECTOR ( 'NONE', #84, 1000.000000000000000 ) ;
#5523 = FACE_OUTER_BOUND ( 'NONE', #2111, .T. ) ;
#5524 = VERTEX_POINT ( 'NONE', #8039 ) ;
#5525 = EDGE_LOOP ( 'NONE', ( #8176, #667, #8542, #8734 ) ) ;
#5526 = EDGE_CURVE ( 'NONE', #4485, #2891, #8191, .T. ) ;
#5527 = EDGE_CURVE ( 'NONE', #5325, #8886, #1964, .T. ) ;
#5528 = DIRECTION ( 'NONE',  ( -0.0000000000000000000, -0.0000000000000000000, 1.000000000000000000 ) ) ;
#5529 = ORIENTED_EDGE ( 'NONE', *, *, #7811, .T. ) ;
#5530 = CARTESIAN_POINT ( 'NONE',  ( -0.4499999999999999600, 0.0000000000000000000, 1.099999999999999900 ) ) ;
#5531 = VERTEX_POINT ( 'NONE', #2353 ) ;
#5532 = PRESENTATION_STYLE_ASSIGNMENT (( #4331 ) ) ;
#5533 = FACE_OUTER_BOUND ( 'NONE', #4493, .T. ) ;
#5534 = EDGE_CURVE ( 'NONE', #5419, #5966, #7392, .T. ) ;
#5535 = ORIENTED_EDGE ( 'NONE', *, *, #2806, .F. ) ;
#5536 =( LENGTH_UNIT ( ) NAMED_UNIT ( * ) SI_UNIT ( .MILLI., .METRE. ) );
#5537 = CARTESIAN_POINT ( 'NONE',  ( 0.1000000000000007000, 0.6852349955359814400, 1.450000000000000000 ) ) ;
#5538 = CARTESIAN_POINT ( 'NONE',  ( 0.0000000000000000000, 0.05000000000000000300, 0.0000000000000000000 ) ) ;
#5539 = VERTEX_POINT ( 'NONE', #3125 ) ;
#5540 = AXIS2_PLACEMENT_3D ( 'NONE', #5212, #1044, #3226 ) ;
#5541 = FILL_AREA_STYLE ('',( #4784 ) ) ;
#5542 = LINE ( 'NONE', #1127, #2973 ) ;
#5543 = CARTESIAN_POINT ( 'NONE',  ( 0.0000000000000000000, 0.1000000000000000100, 0.0000000000000000000 ) ) ;
#5544 = VECTOR ( 'NONE', #4616, 1000.000000000000000 ) ;
#5545 = SURFACE_STYLE_USAGE ( .BOTH. , #7029 ) ;
#5546 = SURFACE_STYLE_FILL_AREA ( #3195 ) ;
#5547 = DIRECTION ( 'NONE',  ( 1.000000000000000000, 0.0000000000000000000, -5.421010862427526100E-016 ) ) ;
#5548 = CARTESIAN_POINT ( 'NONE',  ( 1.000000000000000000, 0.1000000000000000500, -1.700000000000000200 ) ) ;
#5549 = FACE_OUTER_BOUND ( 'NONE', #7213, .T. ) ;
#5550 = ORIENTED_EDGE ( 'NONE', *, *, #6932, .F. ) ;
#5551 = CARTESIAN_POINT ( 'NONE',  ( -0.4499999999999998400, 0.1000000000000000500, -0.2999999999999999300 ) ) ;
#5552 = VECTOR ( 'NONE', #513, 1000.000000000000000 ) ;
#5553 = STYLED_ITEM ( 'NONE', ( #4911 ), #1455 ) ;
#5554 = EDGE_LOOP ( 'NONE', ( #4968, #4302, #8319, #4019 ) ) ;
#5555 = VECTOR ( 'NONE', #6600, 1000.000000000000000 ) ;
#5556 = DIRECTION ( 'NONE',  ( -2.956915015869556800E-016, -0.0000000000000000000, -1.000000000000000000 ) ) ;
#5557 = SURFACE_STYLE_FILL_AREA ( #8739 ) ;
#5558 = CARTESIAN_POINT ( 'NONE',  ( 0.4499999999999995700, 0.05000000000000000300, -2.439454888092384500E-016 ) ) ;
#5559 =( LENGTH_UNIT ( ) NAMED_UNIT ( * ) SI_UNIT ( .MILLI., .METRE. ) );
#5560 = VERTEX_POINT ( 'NONE', #272 ) ;
#5561 = AXIS2_PLACEMENT_3D ( 'NONE', #5001, #4324, #5789 ) ;
#5562 = CARTESIAN_POINT ( 'NONE',  ( -0.09999999999999922800, 0.1000000000000000100, 2.000000000000000000 ) ) ;
#5563 = VECTOR ( 'NONE', #8068, 1000.000000000000000 ) ;
#5564 = CARTESIAN_POINT ( 'NONE',  ( 0.0000000000000000000, 0.1000000000000000100, 0.0000000000000000000 ) ) ;
#5565 = VECTOR ( 'NONE', #3570, 1000.000000000000000 ) ;
#5566 = ADVANCED_FACE ( 'NONE', ( #96 ), #6605, .F. ) ;
#5567 = UNCERTAINTY_MEASURE_WITH_UNIT (LENGTH_MEASURE( 1.000000000000000100E-005 ), #6757, 'distance_accuracy_value', 'NONE');
#5568 =( NAMED_UNIT ( * ) PLANE_ANGLE_UNIT ( ) SI_UNIT ( $, .RADIAN. ) );
#5569 = AXIS2_PLACEMENT_3D ( 'NONE', #7668, #1331, #7612 ) ;
#5570 = VECTOR ( 'NONE', #2409, 1000.000000000000000 ) ;
#5571 = CARTESIAN_POINT ( 'NONE',  ( 0.4499999999999998400, 0.0000000000000000000, -1.500000000000000000 ) ) ;
#5572 = ORIENTED_EDGE ( 'NONE', *, *, #6572, .T. ) ;
#5573 =( LENGTH_UNIT ( ) NAMED_UNIT ( * ) SI_UNIT ( .MILLI., .METRE. ) );
#5574 = VECTOR ( 'NONE', #7449, 1000.000000000000000 ) ;
#5575 = CARTESIAN_POINT ( 'NONE',  ( 0.4499999999999998400, 0.6852349955359816600, -1.899999999999999900 ) ) ;
#5576 = AXIS2_PLACEMENT_3D ( 'NONE', #1599, #6549, #2276 ) ;
#5577 = SURFACE_SIDE_STYLE ('',( #6388 ) ) ;
#5578 = DIRECTION ( 'NONE',  ( 0.0000000000000000000, 0.0000000000000000000, 1.000000000000000000 ) ) ;
#5579 = STYLED_ITEM ( 'NONE', ( #3980 ), #3944 ) ;
#5580 = ORIENTED_EDGE ( 'NONE', *, *, #4025, .T. ) ;
#5581 = CARTESIAN_POINT ( 'NONE',  ( -0.4499999999999998400, 0.6852349955359816600, 0.1000000000000000500 ) ) ;
#5582 = EDGE_CURVE ( 'NONE', #8814, #2398, #9082, .T. ) ;
#5583 = UNCERTAINTY_MEASURE_WITH_UNIT (LENGTH_MEASURE( 1.000000000000000100E-005 ), #843, 'distance_accuracy_value', 'NONE');
#5584 = FACE_OUTER_BOUND ( 'NONE', #2177, .T. ) ;
#5585 = EDGE_CURVE ( 'NONE', #3937, #4166, #4142, .T. ) ;
#5586 = ORIENTED_EDGE ( 'NONE', *, *, #7830, .T. ) ;
#5587 = LINE ( 'NONE', #6546, #4904 ) ;
#5588 = EDGE_CURVE ( 'NONE', #4355, #1806, #8625, .T. ) ;
#5589 =( NAMED_UNIT ( * ) SI_UNIT ( $, .STERADIAN. ) SOLID_ANGLE_UNIT ( ) );
#5590 = PRESENTATION_STYLE_ASSIGNMENT (( #6375 ) ) ;
#5591 = CARTESIAN_POINT ( 'NONE',  ( 1.000000000000000000, 0.6852349955359816600, -0.3000000000000001600 ) ) ;
#5592 = DIRECTION ( 'NONE',  ( 0.0000000000000000000, 0.0000000000000000000, -1.000000000000000000 ) ) ;
#5593 = ORIENTED_EDGE ( 'NONE', *, *, #4354, .F. ) ;
#5594 = LINE ( 'NONE', #8526, #8052 ) ;
#5595 = EDGE_CURVE ( 'NONE', #9025, #5727, #5247, .T. ) ;
#5596 = FILL_AREA_STYLE_COLOUR ( '', #7106 ) ;
#5597 = VECTOR ( 'NONE', #7864, 1000.000000000000000 ) ;
#5598 = CARTESIAN_POINT ( 'NONE',  ( -0.4499999999999999600, 0.0000000000000000000, -1.300000000000000300 ) ) ;
#5599 = ORIENTED_EDGE ( 'NONE', *, *, #8932, .F. ) ;
#5600 = DIRECTION ( 'NONE',  ( 1.000000000000000000, 0.0000000000000000000, -5.421010862427526100E-016 ) ) ;
#5601 = FACE_OUTER_BOUND ( 'NONE', #6627, .T. ) ;
#5602 = ADVANCED_FACE ( 'NONE', ( #2626 ), #4686, .F. ) ;
#5603 = CARTESIAN_POINT ( 'NONE',  ( 0.4499999999999999600, 0.6852349955359816600, -0.9000000000000001300 ) ) ;
#5604 = STYLED_ITEM ( 'NONE', ( #6323 ), #963 ) ;
#5605 = DIRECTION ( 'NONE',  ( 0.0000000000000000000, 0.0000000000000000000, 1.000000000000000000 ) ) ;
#5606 = SURFACE_SIDE_STYLE ('',( #3696 ) ) ;
#5607 = LINE ( 'NONE', #3292, #4383 ) ;
#5608 = ADVANCED_FACE ( 'NONE', ( #2827 ), #4712, .F. ) ;
#5609 = VERTEX_POINT ( 'NONE', #6137 ) ;
#5610 = PRESENTATION_STYLE_ASSIGNMENT (( #1418 ) ) ;
#5611 = EDGE_CURVE ( 'NONE', #7838, #6104, #7943, .T. ) ;
#5612 = PLANE ( 'NONE',  #14 ) ;
#5613 = DIRECTION ( 'NONE',  ( 1.000000000000000000, 0.0000000000000000000, -5.421010862427526100E-016 ) ) ;
#5614 = DIRECTION ( 'NONE',  ( 0.0000000000000000000, -1.000000000000000000, 0.0000000000000000000 ) ) ;
#5615 = CARTESIAN_POINT ( 'NONE',  ( 1.000000000000000000, 0.0000000000000000000, -1.300000000000000300 ) ) ;
#5616 = FACE_OUTER_BOUND ( 'NONE', #1118, .T. ) ;
#5617 = ORIENTED_EDGE ( 'NONE', *, *, #155, .T. ) ;
#5618 = VERTEX_POINT ( 'NONE', #1928 ) ;
#5619 = AXIS2_PLACEMENT_3D ( 'NONE', #3090, #972, #947 ) ;
#5620 =( NAMED_UNIT ( * ) PLANE_ANGLE_UNIT ( ) SI_UNIT ( $, .RADIAN. ) );
#5621 = FILL_AREA_STYLE ('',( #2209 ) ) ;
#5622 = ORIENTED_EDGE ( 'NONE', *, *, #8011, .T. ) ;
#5623 = DIRECTION ( 'NONE',  ( 0.0000000000000000000, 1.000000000000000000, 0.0000000000000000000 ) ) ;
#5624 = ORIENTED_EDGE ( 'NONE', *, *, #8504, .F. ) ;
#5625 = COLOUR_RGB ( '',0.2509803921568627400, 0.2509803921568627400, 0.2509803921568627400 ) ;
#5626 = ORIENTED_EDGE ( 'NONE', *, *, #2330, .T. ) ;
#5627 = DIRECTION ( 'NONE',  ( 5.421010862427526100E-016, 0.0000000000000000000, -1.000000000000000000 ) ) ;
#5628 = CARTESIAN_POINT ( 'NONE',  ( -0.4499999999999999600, 0.1000000000000000500, -0.1000000000000000500 ) ) ;
#5629 = MANIFOLD_SOLID_BREP ( 'LPattern4[2]', #5193 ) ;
#5630 = EDGE_LOOP ( 'NONE', ( #2757, #6403, #6760, #2677 ) ) ;
#5631 = CARTESIAN_POINT ( 'NONE',  ( 0.4499999999999999600, 0.1000000000000000500, -0.1000000000000000500 ) ) ;
#5632 = EDGE_LOOP ( 'NONE', ( #5054, #8611, #4430, #8762 ) ) ;
#5633 = ORIENTED_EDGE ( 'NONE', *, *, #5505, .T. ) ;
#5634 = DIRECTION ( 'NONE',  ( 0.0000000000000000000, -0.0000000000000000000, 1.000000000000000000 ) ) ;
#5635 = PRESENTATION_STYLE_ASSIGNMENT (( #6347 ) ) ;
#5636 = EDGE_LOOP ( 'NONE', ( #4930, #2169 ) ) ;
#5637 = EDGE_CURVE ( 'NONE', #1806, #3871, #5488, .T. ) ;
#5638 = EDGE_LOOP ( 'NONE', ( #6523, #9093, #4776, #7157 ) ) ;
#5639 =( NAMED_UNIT ( * ) PLANE_ANGLE_UNIT ( ) SI_UNIT ( $, .RADIAN. ) );
#5640 = PRESENTATION_STYLE_ASSIGNMENT (( #676 ) ) ;
#5641 = VERTEX_POINT ( 'NONE', #2641 ) ;
#5642 = ORIENTED_EDGE ( 'NONE', *, *, #254, .F. ) ;
#5643 = CARTESIAN_POINT ( 'NONE',  ( -0.4499999999999998400, 0.6852349955359816600, 1.300000000000000300 ) ) ;
#5644 = EDGE_LOOP ( 'NONE', ( #8214, #9125, #5427, #6508 ) ) ;
#5645 = EDGE_CURVE ( 'NONE', #5330, #994, #846, .T. ) ;
#5646 = VERTEX_POINT ( 'NONE', #1138 ) ;
#5647 = CARTESIAN_POINT ( 'NONE',  ( 0.0000000000000000000, 0.1000000000000000100, 0.0000000000000000000 ) ) ;
#5648 = ORIENTED_EDGE ( 'NONE', *, *, #5342, .F. ) ;
#5649 = EDGE_CURVE ( 'NONE', #8930, #6088, #5021, .T. ) ;
#5650 = LINE ( 'NONE', #2460, #146 ) ;
#5651 = CARTESIAN_POINT ( 'NONE',  ( -0.4499999999999999600, 0.1000000000000000500, 1.500000000000000000 ) ) ;
#5652 = VECTOR ( 'NONE', #8953, 1000.000000000000000 ) ;
#5653 = VERTEX_POINT ( 'NONE', #6230 ) ;
#5654 = PLANE ( 'NONE',  #5957 ) ;
#5655 = LINE ( 'NONE', #3160, #37 ) ;
#5656 = PRESENTATION_LAYER_ASSIGNMENT (  '', '', ( #3289 ) ) ;
#5657 = DIRECTION ( 'NONE',  ( 0.0000000000000000000, 1.000000000000000000, 0.0000000000000000000 ) ) ;
#5658 = DIRECTION ( 'NONE',  ( 3.942553354492742500E-016, 0.0000000000000000000, 1.000000000000000000 ) ) ;
#5659 = LINE ( 'NONE', #1754, #6009 ) ;
#5660 = VECTOR ( 'NONE', #463, 1000.000000000000000 ) ;
#5661 = EDGE_CURVE ( 'NONE', #8237, #8644, #3162, .T. ) ;
#5662 = VECTOR ( 'NONE', #5037, 1000.000000000000000 ) ;
#5663 = DIRECTION ( 'NONE',  ( 0.0000000000000000000, -1.000000000000000000, 0.0000000000000000000 ) ) ;
#5664 = VERTEX_POINT ( 'NONE', #1388 ) ;
#5665 = CARTESIAN_POINT ( 'NONE',  ( -0.09999999999999922800, 0.0000000000000000000, 2.000000000000000000 ) ) ;
#5666 = STYLED_ITEM ( 'NONE', ( #6697 ), #7279 ) ;
#5667 = SURFACE_STYLE_FILL_AREA ( #5081 ) ;
#5668 = DIRECTION ( 'NONE',  ( -0.0000000000000000000, -1.000000000000000000, -0.0000000000000000000 ) ) ;
#5669 = FILL_AREA_STYLE ('',( #2077 ) ) ;
#5670 = LINE ( 'NONE', #1449, #7345 ) ;
#5671 = FACE_OUTER_BOUND ( 'NONE', #1184, .T. ) ;
#5672 = FACE_OUTER_BOUND ( 'NONE', #3636, .T. ) ;
#5673 = EDGE_LOOP ( 'NONE', ( #1199, #1832, #4928, #2560 ) ) ;
#5674 = CARTESIAN_POINT ( 'NONE',  ( 0.3000000000000006000, 0.0000000000000000000, 1.450000000000000000 ) ) ;
#5675 = AXIS2_PLACEMENT_3D ( 'NONE', #3244, #5430, #3957 ) ;
#5676 = VECTOR ( 'NONE', #4127, 1000.000000000000000 ) ;
#5677 = ORIENTED_EDGE ( 'NONE', *, *, #6402, .F. ) ;
#5678 =( NAMED_UNIT ( * ) SI_UNIT ( $, .STERADIAN. ) SOLID_ANGLE_UNIT ( ) );
#5679 = SURFACE_SIDE_STYLE ('',( #5931 ) ) ;
#5680 = VECTOR ( 'NONE', #4055, 1000.000000000000000 ) ;
#5681 = EDGE_CURVE ( 'NONE', #1273, #2940, #2261, .T. ) ;
#5682 = DIRECTION ( 'NONE',  ( 0.0000000000000000000, 0.0000000000000000000, -1.000000000000000000 ) ) ;
#5683 = PRESENTATION_LAYER_ASSIGNMENT (  '', '', ( #3316 ) ) ;
#5684 = DIRECTION ( 'NONE',  ( 1.000000000000000000, -0.0000000000000000000, 0.0000000000000000000 ) ) ;
#5685 = ORIENTED_EDGE ( 'NONE', *, *, #4636, .F. ) ;
#5686 = AXIS2_PLACEMENT_3D ( 'NONE', #1636, #9196, #5856 ) ;
#5687 = CARTESIAN_POINT ( 'NONE',  ( -0.4499999999999999600, 0.1000000000000000500, -0.9000000000000001300 ) ) ;
#5688 = CARTESIAN_POINT ( 'NONE',  ( -1.000000000000000200, 0.05000000000000000300, 2.000000000000000900 ) ) ;
#5689 = VECTOR ( 'NONE', #2799, 1000.000000000000000 ) ;
#5690 = VERTEX_POINT ( 'NONE', #7021 ) ;
#5691 = CARTESIAN_POINT ( 'NONE',  ( 0.4499999999999998400, 0.6852349955359816600, 0.5000000000000002200 ) ) ;
#5692 = LINE ( 'NONE', #2726, #3793 ) ;
#5693 = LINE ( 'NONE', #1001, #5801 ) ;
#5694 = AXIS2_PLACEMENT_3D ( 'NONE', #3875, #5439, #1221 ) ;
#5695 = ADVANCED_FACE ( 'NONE', ( #417 ), #4863, .T. ) ;
#5696 = DIRECTION ( 'NONE',  ( -1.000000000000000000, 0.0000000000000000000, -3.942553354492742500E-016 ) ) ;
#5697 = PRESENTATION_LAYER_ASSIGNMENT (  '', '', ( #9073 ) ) ;
#5698 = VECTOR ( 'NONE', #9181, 1000.000000000000000 ) ;
#5699 = EDGE_CURVE ( 'NONE', #59, #5951, #8056, .T. ) ;
#5700 = PLANE ( 'NONE',  #5077 ) ;
#5701 = LINE ( 'NONE', #6755, #4794 ) ;
#5702 = ORIENTED_EDGE ( 'NONE', *, *, #394, .T. ) ;
#5703 =( NAMED_UNIT ( * ) SI_UNIT ( $, .STERADIAN. ) SOLID_ANGLE_UNIT ( ) );
#5704 = ADVANCED_FACE ( 'NONE', ( #1076 ), #7154, .F. ) ;
#5705 = EDGE_CURVE ( 'NONE', #335, #2225, #954, .T. ) ;
#5706 = CARTESIAN_POINT ( 'NONE',  ( -0.4499999999999998400, 0.0000000000000000000, 0.1000000000000000500 ) ) ;
#5707 = PRESENTATION_STYLE_ASSIGNMENT (( #3370 ) ) ;
#5708 = PLANE ( 'NONE',  #8519 ) ;
#5709 = CARTESIAN_POINT ( 'NONE',  ( -0.4499999999999999000, 0.04999999999999999600, -1.800000000000000300 ) ) ;
#5710 = PLANE ( 'NONE',  #7939 ) ;
#5711 = ORIENTED_EDGE ( 'NONE', *, *, #3317, .F. ) ;
#5712 =( GEOMETRIC_REPRESENTATION_CONTEXT ( 3 ) GLOBAL_UNCERTAINTY_ASSIGNED_CONTEXT ( ( #1515 ) ) GLOBAL_UNIT_ASSIGNED_CONTEXT ( ( #7164, #4234, #5703 ) ) REPRESENTATION_CONTEXT ( 'NONE', 'WORKASPACE' ) );
#5713 = EDGE_CURVE ( 'NONE', #3489, #3393, #4244, .T. ) ;
#5714 = CARTESIAN_POINT ( 'NONE',  ( -0.4499999999999998400, 0.0000000000000000000, 0.5000000000000002200 ) ) ;
#5715 = CARTESIAN_POINT ( 'NONE',  ( 0.0000000000000000000, 0.0000000000000000000, 2.799999999999999800 ) ) ;
#5716 = LINE ( 'NONE', #8614, #4148 ) ;
#5717 = ORIENTED_EDGE ( 'NONE', *, *, #5784, .T. ) ;
#5718 = VECTOR ( 'NONE', #1322, 1000.000000000000000 ) ;
#5719 = SURFACE_SIDE_STYLE ('',( #5755 ) ) ;
#5720 = DIRECTION ( 'NONE',  ( -5.421010862427526100E-016, 0.0000000000000000000, 1.000000000000000000 ) ) ;
#5721 = EDGE_LOOP ( 'NONE', ( #8858, #9100, #3219, #6462 ) ) ;
#5722 = DIRECTION ( 'NONE',  ( 0.0000000000000000000, 0.0000000000000000000, -1.000000000000000000 ) ) ;
#5723 = MECHANICAL_DESIGN_GEOMETRIC_PRESENTATION_REPRESENTATION (  '', ( #1785 ), #9099 ) ;
#5724 = ORIENTED_EDGE ( 'NONE', *, *, #7573, .F. ) ;
#5725 = DIRECTION ( 'NONE',  ( 5.421010862427526100E-016, -0.0000000000000000000, 1.000000000000000000 ) ) ;
#5726 = PRODUCT ( 'RKT24', 'RKT24', '', ( #4828 ) ) ;
#5727 = VERTEX_POINT ( 'NONE', #2057 ) ;
#5728 = DIRECTION ( 'NONE',  ( -1.000000000000000000, 0.0000000000000000000, 0.0000000000000000000 ) ) ;
#5729 = CARTESIAN_POINT ( 'NONE',  ( 0.4499999999999998400, 0.1000000000000000500, -1.099999999999999900 ) ) ;
#5730 = LINE ( 'NONE', #2291, #4827 ) ;
#5731 = ORIENTED_EDGE ( 'NONE', *, *, #281, .F. ) ;
#5732 = ORIENTED_EDGE ( 'NONE', *, *, #4373, .F. ) ;
#5733 = SURFACE_STYLE_FILL_AREA ( #5518 ) ;
#5734 = PRESENTATION_LAYER_ASSIGNMENT (  '', '', ( #2998 ) ) ;
#5735 = EDGE_CURVE ( 'NONE', #7469, #1652, #1949, .T. ) ;
#5736 = CARTESIAN_POINT ( 'NONE',  ( 0.4499999999999999600, 0.0000000000000000000, 1.500000000000000000 ) ) ;
#5737 = ORIENTED_EDGE ( 'NONE', *, *, #2485, .T. ) ;
#5738 = CARTESIAN_POINT ( 'NONE',  ( -1.000000000000000200, 0.05000000000000000300, 2.000000000000000900 ) ) ;
#5739 = ORIENTED_EDGE ( 'NONE', *, *, #2450, .F. ) ;
#5740 = ORIENTED_EDGE ( 'NONE', *, *, #5813, .T. ) ;
#5741 = CARTESIAN_POINT ( 'NONE',  ( 1.000000000000000000, 0.04999999999999969700, -1.900000000000000100 ) ) ;
#5742 = VECTOR ( 'NONE', #6976, 1000.000000000000000 ) ;
#5743 = ORIENTED_EDGE ( 'NONE', *, *, #5588, .F. ) ;
#5744 = AXIS2_PLACEMENT_3D ( 'NONE', #3577, #8548, #703 ) ;
#5745 = DIRECTION ( 'NONE',  ( 0.0000000000000000000, -1.000000000000000000, 0.0000000000000000000 ) ) ;
#5746 = PLANE ( 'NONE',  #900 ) ;
#5747 = DIRECTION ( 'NONE',  ( 1.000000000000000000, 0.0000000000000000000, -3.942553354492742500E-016 ) ) ;
#5748 = ORIENTED_EDGE ( 'NONE', *, *, #1609, .T. ) ;
#5749 = AXIS2_PLACEMENT_3D ( 'NONE', #9026, #8959, #523 ) ;
#5750 = DIRECTION ( 'NONE',  ( 5.421010862427526100E-016, 0.0000000000000000000, -1.000000000000000000 ) ) ;
#5751 = EDGE_LOOP ( 'NONE', ( #7172, #2674, #5764, #6769 ) ) ;
#5752 = MECHANICAL_DESIGN_GEOMETRIC_PRESENTATION_REPRESENTATION (  '', ( #8220 ), #1201 ) ;
#5753 = AXIS2_PLACEMENT_3D ( 'NONE', #5993, #8794, #8862 ) ;
#5754 = ADVANCED_FACE ( 'NONE', ( #1191 ), #9152, .F. ) ;
#5755 = SURFACE_STYLE_FILL_AREA ( #3628 ) ;
#5756 = VERTEX_POINT ( 'NONE', #634 ) ;
#5757 = PRESENTATION_LAYER_ASSIGNMENT (  '', '', ( #4797 ) ) ;
#5758 = CARTESIAN_POINT ( 'NONE',  ( -0.9999999999999997800, 0.1000000000000000500, 0.09999999999999982500 ) ) ;
#5759 = ORIENTED_EDGE ( 'NONE', *, *, #9, .T. ) ;
#5760 = ORIENTED_EDGE ( 'NONE', *, *, #5585, .T. ) ;
#5761 = VECTOR ( 'NONE', #7307, 1000.000000000000000 ) ;
#5762 = EDGE_CURVE ( 'NONE', #8210, #4389, #530, .T. ) ;
#5763 = LINE ( 'NONE', #6751, #8460 ) ;
#5764 = ORIENTED_EDGE ( 'NONE', *, *, #7887, .T. ) ;
#5765 = CARTESIAN_POINT ( 'NONE',  ( -0.09999999999999971400, 0.1000000000000000100, -1.450000000000000000 ) ) ;
#5766 = DIRECTION ( 'NONE',  ( 1.000000000000000000, 0.0000000000000000000, -3.942553354492742500E-016 ) ) ;
#5767 = EDGE_CURVE ( 'NONE', #5873, #7779, #6599, .T. ) ;
#5768 = LINE ( 'NONE', #2996, #4974 ) ;
#5769 = DIRECTION ( 'NONE',  ( 5.421010862427526100E-016, -0.0000000000000000000, 1.000000000000000000 ) ) ;
#5770 = LINE ( 'NONE', #8182, #1587 ) ;
#5771 = CARTESIAN_POINT ( 'NONE',  ( -4.336808689942015300E-016, 0.05000000000000000300, -1.099999999999999600 ) ) ;
#5772 = ORIENTED_EDGE ( 'NONE', *, *, #627, .F. ) ;
#5773 = SURFACE_STYLE_FILL_AREA ( #2552 ) ;
#5774 = DIRECTION ( 'NONE',  ( 0.0000000000000000000, 0.0000000000000000000, -1.000000000000000000 ) ) ;
#5775 = SURFACE_STYLE_USAGE ( .BOTH. , #1409 ) ;
#5776 = PRESENTATION_STYLE_ASSIGNMENT (( #7129 ) ) ;
#5777 = CARTESIAN_POINT ( 'NONE',  ( 0.4499999999999998400, 0.0000000000000000000, 0.5000000000000002200 ) ) ;
#5778 = PRESENTATION_STYLE_ASSIGNMENT (( #3855 ) ) ;
#5779 = VECTOR ( 'NONE', #8346, 1000.000000000000000 ) ;
#5780 = ORIENTED_EDGE ( 'NONE', *, *, #5811, .T. ) ;
#5781 = PLANE ( 'NONE',  #1836 ) ;
#5782 = CARTESIAN_POINT ( 'NONE',  ( -0.2999999999999997100, 0.1000000000000000500, -1.450000000000000000 ) ) ;
#5783 = CARTESIAN_POINT ( 'NONE',  ( -0.7500000000000000000, 0.5000000000000000000, -1.875000000000000000 ) ) ;
#5784 = EDGE_CURVE ( 'NONE', #1722, #4413, #7611, .T. ) ;
#5785 = LINE ( 'NONE', #305, #5563 ) ;
#5786 = LINE ( 'NONE', #3051, #2478 ) ;
#5787 = DIRECTION ( 'NONE',  ( 0.0000000000000000000, -1.000000000000000000, 0.0000000000000000000 ) ) ;
#5788 = DIRECTION ( 'NONE',  ( 1.000000000000000000, -0.0000000000000000000, 3.942553354492742500E-016 ) ) ;
#5789 = DIRECTION ( 'NONE',  ( 0.0000000000000000000, -0.0000000000000000000, 1.000000000000000000 ) ) ;
#5790 = ORIENTED_EDGE ( 'NONE', *, *, #6794, .F. ) ;
#5791 = DIRECTION ( 'NONE',  ( 0.0000000000000000000, -0.0000000000000000000, 1.000000000000000000 ) ) ;
#5792 = LINE ( 'NONE', #2244, #1607 ) ;
#5793 = LINE ( 'NONE', #8627, #1399 ) ;
#5794 = SURFACE_SIDE_STYLE ('',( #4587 ) ) ;
#5795 = CARTESIAN_POINT ( 'NONE',  ( 0.1000000000000007000, 0.1000000000000000100, 1.450000000000000000 ) ) ;
#5796 = AXIS2_PLACEMENT_3D ( 'NONE', #5894, #4360, #5091 ) ;
#5797 = DIRECTION ( 'NONE',  ( 0.0000000000000000000, 0.0000000000000000000, -1.000000000000000000 ) ) ;
#5798 = ORIENTED_EDGE ( 'NONE', *, *, #3395, .T. ) ;
#5799 =( NAMED_UNIT ( * ) SI_UNIT ( $, .STERADIAN. ) SOLID_ANGLE_UNIT ( ) );
#5800 = CARTESIAN_POINT ( 'NONE',  ( -0.4499999999999998400, 0.0000000000000000000, 1.700000000000000400 ) ) ;
#5801 = VECTOR ( 'NONE', #7410, 1000.000000000000000 ) ;
#5802 = CARTESIAN_POINT ( 'NONE',  ( -0.7500000000000000000, 0.5500000000000000400, -1.875000000000000000 ) ) ;
#5803 = MECHANICAL_DESIGN_GEOMETRIC_PRESENTATION_REPRESENTATION (  '', ( #5866 ), #6283 ) ;
#5804 = CARTESIAN_POINT ( 'NONE',  ( -0.9999999999999997800, 0.1000000000000000500, 1.300000000000000000 ) ) ;
#5805 = EDGE_CURVE ( 'NONE', #614, #9098, #8048, .T. ) ;
#5806 = PLANE ( 'NONE',  #2781 ) ;
#5807 = FACE_OUTER_BOUND ( 'NONE', #1536, .T. ) ;
#5808 = CARTESIAN_POINT ( 'NONE',  ( -0.4499999999999998400, 0.1000000000000000500, 0.5000000000000002200 ) ) ;
#5809 = MECHANICAL_DESIGN_GEOMETRIC_PRESENTATION_REPRESENTATION (  '', ( #3440 ), #6287 ) ;
#5810 = ORIENTED_EDGE ( 'NONE', *, *, #1010, .F. ) ;
#5811 = EDGE_CURVE ( 'NONE', #8387, #2255, #8840, .T. ) ;
#5812 = CARTESIAN_POINT ( 'NONE',  ( 0.3000000000000007700, 0.1000000000000000500, 2.000000000000000000 ) ) ;
#5813 = EDGE_CURVE ( 'NONE', #9138, #2501, #737, .T. ) ;
#5814 = VECTOR ( 'NONE', #2614, 1000.000000000000000 ) ;
#5815 =( NAMED_UNIT ( * ) PLANE_ANGLE_UNIT ( ) SI_UNIT ( $, .RADIAN. ) );
#5816 = VERTEX_POINT ( 'NONE', #8540 ) ;
#5817 =( NAMED_UNIT ( * ) SI_UNIT ( $, .STERADIAN. ) SOLID_ANGLE_UNIT ( ) );
#5818 = PRESENTATION_LAYER_ASSIGNMENT (  '', '', ( #5334 ) ) ;
#5819 = EDGE_CURVE ( 'NONE', #1465, #6130, #4026, .T. ) ;
#5820 = CARTESIAN_POINT ( 'NONE',  ( -0.4499999999999999600, 0.0000000000000000000, -0.1000000000000000500 ) ) ;
#5821 = DIRECTION ( 'NONE',  ( 0.0000000000000000000, -1.000000000000000000, 0.0000000000000000000 ) ) ;
#5822 = LINE ( 'NONE', #1760, #855 ) ;
#5823 =( NAMED_UNIT ( * ) PLANE_ANGLE_UNIT ( ) SI_UNIT ( $, .RADIAN. ) );
#5824 = ORIENTED_EDGE ( 'NONE', *, *, #2966, .T. ) ;
#5825 = FACE_OUTER_BOUND ( 'NONE', #4711, .T. ) ;
#5826 = DIRECTION ( 'NONE',  ( -0.0000000000000000000, -1.000000000000000000, -0.0000000000000000000 ) ) ;
#5827 = ADVANCED_FACE ( 'NONE', ( #5362 ), #2207, .T. ) ;
#5828 = EDGE_CURVE ( 'NONE', #4915, #6451, #4474, .T. ) ;
#5829 =( NAMED_UNIT ( * ) PLANE_ANGLE_UNIT ( ) SI_UNIT ( $, .RADIAN. ) );
#5830 = CARTESIAN_POINT ( 'NONE',  ( 0.4499999999999998400, 0.6852349955359816600, -0.2999999999999999300 ) ) ;
#5831 = DIRECTION ( 'NONE',  ( -1.000000000000000000, 0.0000000000000000000, -3.942553354492742500E-016 ) ) ;
#5832 = CARTESIAN_POINT ( 'NONE',  ( -0.4499999999999999600, 0.0000000000000000000, 0.2999999999999999300 ) ) ;
#5833 = ADVANCED_FACE ( 'NONE', ( #3585 ), #7871, .T. ) ;
#5834 = ORIENTED_EDGE ( 'NONE', *, *, #8080, .T. ) ;
#5835 = STYLED_ITEM ( 'NONE', ( #2368 ), #7230 ) ;
#5836 = LINE ( 'NONE', #635, #3701 ) ;
#5837 =( LENGTH_UNIT ( ) NAMED_UNIT ( * ) SI_UNIT ( .MILLI., .METRE. ) );
#5838 = DIRECTION ( 'NONE',  ( -1.000000000000000000, -0.0000000000000000000, 3.942553354492742500E-016 ) ) ;
#5839 = PLANE ( 'NONE',  #6828 ) ;
#5840 = LINE ( 'NONE', #8870, #974 ) ;
#5841 = VERTEX_POINT ( 'NONE', #4982 ) ;
#5842 = MECHANICAL_DESIGN_GEOMETRIC_PRESENTATION_REPRESENTATION (  '', ( #8436 ), #1427 ) ;
#5843 = FILL_AREA_STYLE ('',( #172 ) ) ;
#5844 = ORIENTED_EDGE ( 'NONE', *, *, #7739, .F. ) ;
#5845 = VECTOR ( 'NONE', #7137, 1000.000000000000000 ) ;
#5846 = ORIENTED_EDGE ( 'NONE', *, *, #4272, .F. ) ;
#5847 = SURFACE_SIDE_STYLE ('',( #4096 ) ) ;
#5848 = CARTESIAN_POINT ( 'NONE',  ( 1.000000000000000000, 0.1000000000000000500, 0.7000000000000000700 ) ) ;
#5849 = ORIENTED_EDGE ( 'NONE', *, *, #1765, .T. ) ;
#5850 = PLANE ( 'NONE',  #3330 ) ;
#5851 = LINE ( 'NONE', #160, #8999 ) ;
#5852 = ADVANCED_FACE ( 'NONE', ( #9074 ), #7175, .T. ) ;
#5853 = UNCERTAINTY_MEASURE_WITH_UNIT (LENGTH_MEASURE( 1.000000000000000100E-005 ), #8880, 'distance_accuracy_value', 'NONE');
#5854 = ORIENTED_EDGE ( 'NONE', *, *, #6489, .F. ) ;
#5855 = DIRECTION ( 'NONE',  ( -0.0000000000000000000, -1.000000000000000000, -0.0000000000000000000 ) ) ;
#5856 = DIRECTION ( 'NONE',  ( 0.0000000000000000000, -0.0000000000000000000, 1.000000000000000000 ) ) ;
#5857 = VERTEX_POINT ( 'NONE', #5651 ) ;
#5858 = CARTESIAN_POINT ( 'NONE',  ( 0.4499999999999998400, 0.1000000000000000500, 1.300000000000000300 ) ) ;
#5859 = ORIENTED_EDGE ( 'NONE', *, *, #6311, .T. ) ;
#5860 = FILL_AREA_STYLE_COLOUR ( '', #1612 ) ;
#5861 = DIRECTION ( 'NONE',  ( -0.0000000000000000000, -1.000000000000000000, -0.0000000000000000000 ) ) ;
#5862 = EDGE_CURVE ( 'NONE', #2732, #6854, #7032, .T. ) ;
#5863 = VERTEX_POINT ( 'NONE', #5714 ) ;
#5864 = SURFACE_STYLE_FILL_AREA ( #2785 ) ;
#5865 = ORIENTED_EDGE ( 'NONE', *, *, #2662, .F. ) ;
#5866 = STYLED_ITEM ( 'NONE', ( #3849 ), #8846 ) ;
#5867 = DIRECTION ( 'NONE',  ( 0.0000000000000000000, 0.0000000000000000000, -1.000000000000000000 ) ) ;
#5868 = ORIENTED_EDGE ( 'NONE', *, *, #6131, .F. ) ;
#5869 = UNCERTAINTY_MEASURE_WITH_UNIT (LENGTH_MEASURE( 1.000000000000000100E-005 ), #3863, 'distance_accuracy_value', 'NONE');
#5870 = VECTOR ( 'NONE', #6974, 1000.000000000000000 ) ;
#5871 = SURFACE_SIDE_STYLE ('',( #4227 ) ) ;
#5872 = CARTESIAN_POINT ( 'NONE',  ( -1.000000000000000000, 0.6852349955359816600, -1.500000000000000200 ) ) ;
#5873 = VERTEX_POINT ( 'NONE', #5804 ) ;
#5874 = EDGE_CURVE ( 'NONE', #336, #7819, #8730, .T. ) ;
#5875 = FACE_OUTER_BOUND ( 'NONE', #9033, .T. ) ;
#5876 = CARTESIAN_POINT ( 'NONE',  ( -1.000000000000000000, 0.6852349955359816600, -1.300000000000000000 ) ) ;
#5877 = ORIENTED_EDGE ( 'NONE', *, *, #3769, .F. ) ;
#5878 = DIRECTION ( 'NONE',  ( 0.0000000000000000000, 1.000000000000000000, 0.0000000000000000000 ) ) ;
#5879 = UNCERTAINTY_MEASURE_WITH_UNIT (LENGTH_MEASURE( 1.000000000000000100E-005 ), #2039, 'distance_accuracy_value', 'NONE');
#5880 = STYLED_ITEM ( 'NONE', ( #5707 ), #5695 ) ;
#5881 = CARTESIAN_POINT ( 'NONE',  ( 0.4499999999999999600, 0.1000000000000000500, 1.900000000000000100 ) ) ;
#5882 = ORIENTED_EDGE ( 'NONE', *, *, #7266, .F. ) ;
#5883 = CARTESIAN_POINT ( 'NONE',  ( 0.4499999999999998400, 0.6852349955359816600, -1.099999999999999900 ) ) ;
#5884 = VECTOR ( 'NONE', #1233, 1000.000000000000000 ) ;
#5885 = PRESENTATION_LAYER_ASSIGNMENT (  '', '', ( #5208 ) ) ;
#5886 = CYLINDRICAL_SURFACE ( 'NONE', #3550, 0.1249999999999998900 ) ;
#5887 = CARTESIAN_POINT ( 'NONE',  ( -0.4499999999999998400, 0.1000000000000000500, -1.500000000000000000 ) ) ;
#5888 = VERTEX_POINT ( 'NONE', #3702 ) ;
#5889 = EDGE_CURVE ( 'NONE', #4059, #8644, #7259, .T. ) ;
#5890 = CARTESIAN_POINT ( 'NONE',  ( -0.2999999999999997100, 0.1000000000000000100, -1.450000000000000000 ) ) ;
#5891 = VECTOR ( 'NONE', #2607, 1000.000000000000000 ) ;
#5892 = CARTESIAN_POINT ( 'NONE',  ( 0.3000000000000002100, 0.05000000000000000300, -8.870745047608675800E-017 ) ) ;
#5893 = EDGE_CURVE ( 'NONE', #7312, #6232, #4898, .T. ) ;
#5894 = CARTESIAN_POINT ( 'NONE',  ( 0.0000000000000000000, 0.0000000000000000000, 1.600000000000000100 ) ) ;
#5895 = DIRECTION ( 'NONE',  ( 1.000000000000000000, 0.0000000000000000000, -5.421010862427526100E-016 ) ) ;
#5896 = VECTOR ( 'NONE', #7634, 1000.000000000000000 ) ;
#5897 = LINE ( 'NONE', #5, #5324 ) ;
#5898 = CARTESIAN_POINT ( 'NONE',  ( 0.0000000000000000000, 0.1000000000000000100, 0.0000000000000000000 ) ) ;
#5899 = ORIENTED_EDGE ( 'NONE', *, *, #7976, .F. ) ;
#5900 = PLANE ( 'NONE',  #2091 ) ;
#5902 = VECTOR ( 'NONE', #4132, 1000.000000000000000 ) ;
#5901 = CARTESIAN_POINT ( 'NONE',  ( -0.4499999999999999600, 0.6852349955359816600, -1.700000000000000200 ) ) ;
#5903 = PRESENTATION_LAYER_ASSIGNMENT (  '', '', ( #7327 ) ) ;
#5904 = VERTEX_POINT ( 'NONE', #838 ) ;
#5905 = SURFACE_SIDE_STYLE ('',( #1982 ) ) ;
#5906 =( LENGTH_UNIT ( ) NAMED_UNIT ( * ) SI_UNIT ( .MILLI., .METRE. ) );
#5907 = LINE ( 'NONE', #6382, #4998 ) ;
#5908 = LINE ( 'NONE', #5246, #6020 ) ;
#5909 = VECTOR ( 'NONE', #7483, 1000.000000000000000 ) ;
#5910 = VERTEX_POINT ( 'NONE', #4408 ) ;
#5911 =( LENGTH_UNIT ( ) NAMED_UNIT ( * ) SI_UNIT ( .MILLI., .METRE. ) );
#5912 = COLOUR_RGB ( '',0.2509803921568627400, 0.2509803921568627400, 0.2509803921568627400 ) ;
#5913 = ADVANCED_FACE ( 'NONE', ( #1942 ), #2939, .F. ) ;
#5914 = LINE ( 'NONE', #4177, #5676 ) ;
#5915 = CARTESIAN_POINT ( 'NONE',  ( 0.4499999999999999600, 0.6852349955359816600, 0.2999999999999999300 ) ) ;
#5916 = ORIENTED_EDGE ( 'NONE', *, *, #4572, .F. ) ;
#5917 = PRESENTATION_STYLE_ASSIGNMENT (( #252 ) ) ;
#5918 = VECTOR ( 'NONE', #1816, 1000.000000000000000 ) ;
#5919 =( GEOMETRIC_REPRESENTATION_CONTEXT ( 3 ) GLOBAL_UNCERTAINTY_ASSIGNED_CONTEXT ( ( #3852 ) ) GLOBAL_UNIT_ASSIGNED_CONTEXT ( ( #2545, #524, #7605 ) ) REPRESENTATION_CONTEXT ( 'NONE', 'WORKASPACE' ) );
#5920 = FACE_OUTER_BOUND ( 'NONE', #982, .T. ) ;
#5921 = EDGE_LOOP ( 'NONE', ( #3124, #7974, #8975, #3586 ) ) ;
#5922 = DIRECTION ( 'NONE',  ( -0.7071067811865436900, 0.0000000000000000000, -0.7071067811865513500 ) ) ;
#5923 = DIRECTION ( 'NONE',  ( 1.000000000000000000, 0.0000000000000000000, -0.0000000000000000000 ) ) ;
#5924 =( NAMED_UNIT ( * ) PLANE_ANGLE_UNIT ( ) SI_UNIT ( $, .RADIAN. ) );
#5925 = VECTOR ( 'NONE', #6991, 1000.000000000000000 ) ;
#5926 = VECTOR ( 'NONE', #8632, 1000.000000000000000 ) ;
#5927 = UNCERTAINTY_MEASURE_WITH_UNIT (LENGTH_MEASURE( 1.000000000000000100E-005 ), #7458, 'distance_accuracy_value', 'NONE');
#5928 = STYLED_ITEM ( 'NONE', ( #5322 ), #8200 ) ;
#5929 = VECTOR ( 'NONE', #7107, 1000.000000000000000 ) ;
#5930 = DIRECTION ( 'NONE',  ( 0.0000000000000000000, 0.0000000000000000000, -1.000000000000000000 ) ) ;
#5931 = SURFACE_STYLE_FILL_AREA ( #4150 ) ;
#5932 = EDGE_LOOP ( 'NONE', ( #384, #6637, #3719, #1673 ) ) ;
#5933 = VECTOR ( 'NONE', #3504, 1000.000000000000000 ) ;
#5934 = VECTOR ( 'NONE', #7255, 1000.000000000000000 ) ;
#5935 = DIRECTION ( 'NONE',  ( -0.0000000000000000000, -1.000000000000000000, -0.0000000000000000000 ) ) ;
#5936 = ADVANCED_FACE ( 'NONE', ( #7027 ), #1555, .T. ) ;
#5937 = DIRECTION ( 'NONE',  ( -0.0000000000000000000, 0.0000000000000000000, 1.000000000000000000 ) ) ;
#5938 = SURFACE_SIDE_STYLE ('',( #597 ) ) ;
#5939 =( LENGTH_UNIT ( ) NAMED_UNIT ( * ) SI_UNIT ( .MILLI., .METRE. ) );
#5940 = FILL_AREA_STYLE ('',( #3104 ) ) ;
#5941 = VERTEX_POINT ( 'NONE', #1681 ) ;
#5942 = VECTOR ( 'NONE', #944, 1000.000000000000000 ) ;
#5943 = CARTESIAN_POINT ( 'NONE',  ( 7.490851373536209400E-016, 0.05000000000000000300, -1.899999999999999700 ) ) ;
#5944 = FILL_AREA_STYLE ('',( #289 ) ) ;
#5945 = ADVANCED_FACE ( 'NONE', ( #6266 ), #3649, .T. ) ;
#5946 = FILL_AREA_STYLE_COLOUR ( '', #6492 ) ;
#5947 = AXIS2_PLACEMENT_3D ( 'NONE', #5765, #2517, #1766 ) ;
#5948 = PLANE ( 'NONE',  #4009 ) ;
#5949 = PRESENTATION_LAYER_ASSIGNMENT (  '', '', ( #7053 ) ) ;
#5950 = PRESENTATION_STYLE_ASSIGNMENT (( #1955 ) ) ;
#5951 = VERTEX_POINT ( 'NONE', #3624 ) ;
#5952 = EDGE_CURVE ( 'NONE', #8517, #9138, #3902, .T. ) ;
#5953 = SURFACE_STYLE_USAGE ( .BOTH. , #3844 ) ;
#5954 = SURFACE_STYLE_FILL_AREA ( #3689 ) ;
#5955 = CARTESIAN_POINT ( 'NONE',  ( -0.4499999999999999600, 0.6852349955359816600, -0.5000000000000000000 ) ) ;
#5956 = ORIENTED_EDGE ( 'NONE', *, *, #3230, .T. ) ;
#5957 = AXIS2_PLACEMENT_3D ( 'NONE', #6315, #9211, #1441 ) ;
#5958 = EDGE_CURVE ( 'NONE', #3296, #5888, #2813, .T. ) ;
#5959 = DIRECTION ( 'NONE',  ( -5.421010862427526100E-016, 0.0000000000000000000, -1.000000000000000000 ) ) ;
#5960 = DIRECTION ( 'NONE',  ( -5.421010862427526100E-016, 0.0000000000000000000, -1.000000000000000000 ) ) ;
#5961 = PRESENTATION_STYLE_ASSIGNMENT (( #5099 ) ) ;
#5962 = CARTESIAN_POINT ( 'NONE',  ( 0.4499999999999999600, 0.6852349955359816600, -0.1000000000000000500 ) ) ;
#5963 = ORIENTED_EDGE ( 'NONE', *, *, #6010, .F. ) ;
#5964 = ORIENTED_EDGE ( 'NONE', *, *, #896, .F. ) ;
#5965 = VECTOR ( 'NONE', #3253, 1000.000000000000000 ) ;
#5966 = VERTEX_POINT ( 'NONE', #2400 ) ;
#5967 = DIRECTION ( 'NONE',  ( 1.000000000000000000, -0.0000000000000000000, 3.942553354492742500E-016 ) ) ;
#5968 = LINE ( 'NONE', #7988, #2176 ) ;
#5969 = EDGE_LOOP ( 'NONE', ( #8432, #5868, #7870, #7796 ) ) ;
#5970 = SURFACE_SIDE_STYLE ('',( #6821 ) ) ;
#5971 =( GEOMETRIC_REPRESENTATION_CONTEXT ( 3 ) GLOBAL_UNCERTAINTY_ASSIGNED_CONTEXT ( ( #1683 ) ) GLOBAL_UNIT_ASSIGNED_CONTEXT ( ( #5559, #2804, #9177 ) ) REPRESENTATION_CONTEXT ( 'NONE', 'WORKASPACE' ) );
#5972 = DIRECTION ( 'NONE',  ( -5.421010862427526100E-016, 0.0000000000000000000, 1.000000000000000000 ) ) ;
#5973 = EDGE_LOOP ( 'NONE', ( #2801, #3623, #2007, #2277 ) ) ;
#5974 = FACE_OUTER_BOUND ( 'NONE', #3378, .T. ) ;
#5975 = FILL_AREA_STYLE_COLOUR ( '', #2136 ) ;
#5976 = VERTEX_POINT ( 'NONE', #3035 ) ;
#5977 = SURFACE_STYLE_USAGE ( .BOTH. , #318 ) ;
#5978 = FILL_AREA_STYLE_COLOUR ( '', #5912 ) ;
#5979 = ORIENTED_EDGE ( 'NONE', *, *, #7566, .F. ) ;
#5980 = VECTOR ( 'NONE', #2993, 1000.000000000000000 ) ;
#5981 = VECTOR ( 'NONE', #6444, 1000.000000000000000 ) ;
#5982 = UNCERTAINTY_MEASURE_WITH_UNIT (LENGTH_MEASURE( 1.000000000000000100E-005 ), #1012, 'distance_accuracy_value', 'NONE');
#5983 = ORIENTED_EDGE ( 'NONE', *, *, #2166, .F. ) ;
#5984 = ORIENTED_EDGE ( 'NONE', *, *, #8524, .F. ) ;
#5985 = CARTESIAN_POINT ( 'NONE',  ( 1.000000000000000000, 0.6852349955359816600, 0.2999999999999999300 ) ) ;
#5986 = EDGE_CURVE ( 'NONE', #7632, #8473, #1180, .T. ) ;
#5987 = ORIENTED_EDGE ( 'NONE', *, *, #4973, .F. ) ;
#5988 = CARTESIAN_POINT ( 'NONE',  ( 0.4499999999999998400, 0.1000000000000000500, 1.700000000000000400 ) ) ;
#5989 = DIRECTION ( 'NONE',  ( -3.942553354492742500E-016, 0.0000000000000000000, 1.000000000000000000 ) ) ;
#5990 = ORIENTED_EDGE ( 'NONE', *, *, #5819, .T. ) ;
#5991 = FACE_OUTER_BOUND ( 'NONE', #7080, .T. ) ;
#5992 = VERTEX_POINT ( 'NONE', #8816 ) ;
#5993 = CARTESIAN_POINT ( 'NONE',  ( 0.1000000000000003100, 0.6852349955359814400, -1.450000000000000000 ) ) ;
#5994 = FILL_AREA_STYLE_COLOUR ( '', #7684 ) ;
#5995 = CARTESIAN_POINT ( 'NONE',  ( 1.000000000000000000, 0.6852349955359816600, -0.1000000000000000500 ) ) ;
#5996 = COLOUR_RGB ( '',0.2509803921568627400, 0.2509803921568627400, 0.2509803921568627400 ) ;
#5997 = EDGE_CURVE ( 'NONE', #9030, #1150, #4359, .T. ) ;
#5998 =( NAMED_UNIT ( * ) PLANE_ANGLE_UNIT ( ) SI_UNIT ( $, .RADIAN. ) );
#5999 = EDGE_CURVE ( 'NONE', #3580, #9045, #8172, .T. ) ;
#6000 =( NAMED_UNIT ( * ) SI_UNIT ( $, .STERADIAN. ) SOLID_ANGLE_UNIT ( ) );
#6001 = PLANE ( 'NONE',  #3333 ) ;
#6002 = LINE ( 'NONE', #6921, #1024 ) ;
#6003 = DIRECTION ( 'NONE',  ( 0.0000000000000000000, -1.000000000000000000, 0.0000000000000000000 ) ) ;
#6004 = FACE_OUTER_BOUND ( 'NONE', #1551, .T. ) ;
#6005 = ADVANCED_FACE ( 'NONE', ( #3786 ), #3176, .F. ) ;
#6006 = ORIENTED_EDGE ( 'NONE', *, *, #147, .F. ) ;
#6007 = EDGE_CURVE ( 'NONE', #2991, #1677, #5701, .T. ) ;
#6008 = FILL_AREA_STYLE ('',( #1746 ) ) ;
#6009 = VECTOR ( 'NONE', #4507, 1000.000000000000000 ) ;
#6010 = EDGE_CURVE ( 'NONE', #3270, #2732, #1733, .T. ) ;
#6011 = VERTEX_POINT ( 'NONE', #8164 ) ;
#6012 = VECTOR ( 'NONE', #9058, 1000.000000000000000 ) ;
#6013 = CARTESIAN_POINT ( 'NONE',  ( -3.942553354492751300E-017, 0.05000000000000000300, -0.1000000000000002300 ) ) ;
#6014 = STYLED_ITEM ( 'NONE', ( #522 ), #6102 ) ;
#6015 =( NAMED_UNIT ( * ) PLANE_ANGLE_UNIT ( ) SI_UNIT ( $, .RADIAN. ) );
#6016 = EDGE_CURVE ( 'NONE', #1806, #335, #1505, .T. ) ;
#6017 = EDGE_CURVE ( 'NONE', #7987, #1716, #2907, .T. ) ;
#6018 = PRESENTATION_STYLE_ASSIGNMENT (( #8642 ) ) ;
#6019 =( LENGTH_UNIT ( ) NAMED_UNIT ( * ) SI_UNIT ( .MILLI., .METRE. ) );
#6020 = VECTOR ( 'NONE', #1736, 1000.000000000000000 ) ;
#6021 = LINE ( 'NONE', #6092, #2798 ) ;
#6022 = DIRECTION ( 'NONE',  ( -1.000000000000000000, -0.0000000000000000000, 3.942553354492742500E-016 ) ) ;
#6023 = CARTESIAN_POINT ( 'NONE',  ( 1.000000000000000000, 0.1000000000000000500, 0.2999999999999999300 ) ) ;
#6024 = CLOSED_SHELL ( 'NONE', ( #8897, #6050, #6273, #2164, #21, #3431 ) ) ;
#6025 = CARTESIAN_POINT ( 'NONE',  ( -1.000000000000000000, 0.6852349955359816600, 0.09999999999999982500 ) ) ;
#6026 = CARTESIAN_POINT ( 'NONE',  ( -1.000000000000000200, 0.05000000000000000300, 2.000000000000000900 ) ) ;
#6027 = ORIENTED_EDGE ( 'NONE', *, *, #9202, .T. ) ;
#6028 = DIRECTION ( 'NONE',  ( 0.0000000000000000000, 1.000000000000000000, 0.0000000000000000000 ) ) ;
#6029 = LINE ( 'NONE', #5530, #4117 ) ;
#6030 = DIRECTION ( 'NONE',  ( -0.0000000000000000000, -0.0000000000000000000, 1.000000000000000000 ) ) ;
#6031 = DIRECTION ( 'NONE',  ( 0.0000000000000000000, 0.0000000000000000000, 1.000000000000000000 ) ) ;
#6032 = VECTOR ( 'NONE', #1011, 1000.000000000000000 ) ;
#6033 = ADVANCED_FACE ( 'NONE', ( #409 ), #6687, .F. ) ;
#6034 = STYLED_ITEM ( 'NONE', ( #8613 ), #7041 ) ;
#6035 = SURFACE_STYLE_FILL_AREA ( #7445 ) ;
#6036 = DIRECTION ( 'NONE',  ( 1.000000000000000000, -0.0000000000000000000, 3.942553354492742500E-016 ) ) ;
#6037 = VECTOR ( 'NONE', #3392, 1000.000000000000000 ) ;
#6038 = VERTEX_POINT ( 'NONE', #2429 ) ;
#6039 =( NAMED_UNIT ( * ) PLANE_ANGLE_UNIT ( ) SI_UNIT ( $, .RADIAN. ) );
#6040 = DIRECTION ( 'NONE',  ( -0.0000000000000000000, -1.000000000000000000, -0.0000000000000000000 ) ) ;
#6041 = LINE ( 'NONE', #8813, #7588 ) ;
#6042 = ADVANCED_FACE ( 'NONE', ( #828 ), #6099, .T. ) ;
#6043 = CARTESIAN_POINT ( 'NONE',  ( -5.125319360840567100E-016, 0.05000000000000000300, 1.300000000000000300 ) ) ;
#6044 =( NAMED_UNIT ( * ) PLANE_ANGLE_UNIT ( ) SI_UNIT ( $, .RADIAN. ) );
#6045 =( NAMED_UNIT ( * ) SI_UNIT ( $, .STERADIAN. ) SOLID_ANGLE_UNIT ( ) );
#6046 = ORIENTED_EDGE ( 'NONE', *, *, #6580, .F. ) ;
#6047 = CARTESIAN_POINT ( 'NONE',  ( -7.490851373536209400E-016, 0.05000000000000000300, -1.899999999999999700 ) ) ;
#6048 = PLANE ( 'NONE',  #1531 ) ;
#6049 = PRESENTATION_LAYER_ASSIGNMENT (  '', '', ( #5553 ) ) ;
#6050 = ADVANCED_FACE ( 'NONE', ( #5007 ), #569, .F. ) ;
#6051 = VECTOR ( 'NONE', #8918, 1000.000000000000000 ) ;
#6052 = PRESENTATION_STYLE_ASSIGNMENT (( #3562 ) ) ;
#6053 = CARTESIAN_POINT ( 'NONE',  ( 0.9999999999999995600, 5.572135954999580100, -2.000000000000000000 ) ) ;
#6054 = ORIENTED_EDGE ( 'NONE', *, *, #2107, .F. ) ;
#6055 = CARTESIAN_POINT ( 'NONE',  ( -1.000000000000000000, 0.0000000000000000000, 0.7000000000000002900 ) ) ;
#6056 = FILL_AREA_STYLE ('',( #2616 ) ) ;
#6057 = VECTOR ( 'NONE', #3714, 1000.000000000000000 ) ;
#6058 = EDGE_CURVE ( 'NONE', #3982, #4615, #6258, .T. ) ;
#6059 = DIRECTION ( 'NONE',  ( 1.000000000000000000, 0.0000000000000000000, 3.942553354492742500E-016 ) ) ;
#6060 = FILL_AREA_STYLE_COLOUR ( '', #4098 ) ;
#6061 = SURFACE_STYLE_USAGE ( .BOTH. , #8935 ) ;
#6062 = DIRECTION ( 'NONE',  ( -0.0000000000000000000, -1.000000000000000000, -0.0000000000000000000 ) ) ;
#6063 = EDGE_LOOP ( 'NONE', ( #8461, #8185, #8332, #4688 ) ) ;
#6064 = DIRECTION ( 'NONE',  ( -1.000000000000000000, 0.0000000000000000000, 3.942553354492742500E-016 ) ) ;
#6065 =( NAMED_UNIT ( * ) PLANE_ANGLE_UNIT ( ) SI_UNIT ( $, .RADIAN. ) );
#6066 = MECHANICAL_DESIGN_GEOMETRIC_PRESENTATION_REPRESENTATION (  '', ( #2064 ), #6998 ) ;
#6067 = EDGE_CURVE ( 'NONE', #7564, #2923, #2489, .T. ) ;
#6068 = DIRECTION ( 'NONE',  ( -1.000000000000000000, 0.0000000000000000000, -3.942553354492742500E-016 ) ) ;
#6069 = LINE ( 'NONE', #1572, #5493 ) ;
#6070 = ORIENTED_EDGE ( 'NONE', *, *, #6957, .F. ) ;
#6071 = VECTOR ( 'NONE', #2373, 1000.000000000000000 ) ;
#6072 = PRESENTATION_LAYER_ASSIGNMENT (  '', '', ( #4619 ) ) ;
#6073 = PLANE ( 'NONE',  #942 ) ;
#6074 = VECTOR ( 'NONE', #3002, 1000.000000000000000 ) ;
#6075 = AXIS2_PLACEMENT_3D ( 'NONE', #7956, #1549, #1058 ) ;
#6076 = DIRECTION ( 'NONE',  ( -1.000000000000000000, 0.0000000000000000000, 3.942553354492742500E-016 ) ) ;
#6077 = VERTEX_POINT ( 'NONE', #9046 ) ;
#6078 = EDGE_CURVE ( 'NONE', #6758, #5539, #6704, .T. ) ;
#6079 = ORIENTED_EDGE ( 'NONE', *, *, #5862, .F. ) ;
#6080 = EDGE_CURVE ( 'NONE', #4260, #1033, #6163, .T. ) ;
#6081 =( NAMED_UNIT ( * ) PLANE_ANGLE_UNIT ( ) SI_UNIT ( $, .RADIAN. ) );
#6082 = ADVANCED_FACE ( 'NONE', ( #531 ), #6127, .F. ) ;
#6083 = CARTESIAN_POINT ( 'NONE',  ( -0.4499999999999998400, 0.1000000000000000500, 1.700000000000000400 ) ) ;
#6084 = ORIENTED_EDGE ( 'NONE', *, *, #5784, .F. ) ;
#6085 = ORIENTED_EDGE ( 'NONE', *, *, #9143, .T. ) ;
#6086 = LINE ( 'NONE', #8156, #1339 ) ;
#6087 = CARTESIAN_POINT ( 'NONE',  ( -0.4499999999999999600, 0.05000000000000002400, 1.900000000000000100 ) ) ;
#6088 = VERTEX_POINT ( 'NONE', #1277 ) ;
#6089 = ORIENTED_EDGE ( 'NONE', *, *, #4680, .T. ) ;
#6090 = ADVANCED_FACE ( 'NONE', ( #8403 ), #8355, .T. ) ;
#6091 = VECTOR ( 'NONE', #110, 1000.000000000000000 ) ;
#6092 = CARTESIAN_POINT ( 'NONE',  ( -1.000000000000000000, 0.0000000000000000000, -0.09999999999999982500 ) ) ;
#6093 = EDGE_LOOP ( 'NONE', ( #9086, #1280, #8113, #5685 ) ) ;
#6094 = FILL_AREA_STYLE_COLOUR ( '', #7846 ) ;
#6095 = CARTESIAN_POINT ( 'NONE',  ( -0.4499999999999999600, 0.6852349955359816600, 1.900000000000000100 ) ) ;
#6096 = SURFACE_STYLE_USAGE ( .BOTH. , #8913 ) ;
#6097 = ORIENTED_EDGE ( 'NONE', *, *, #5489, .T. ) ;
#6098 = ADVANCED_FACE ( 'NONE', ( #3377 ), #7650, .F. ) ;
#6099 = PLANE ( 'NONE',  #2701 ) ;
#6100 = LINE ( 'NONE', #3397, #2767 ) ;
#6101 = CARTESIAN_POINT ( 'NONE',  ( 0.9999999999999995600, 0.05000000000000000300, 2.000000000000000000 ) ) ;
#6102 = MANIFOLD_SOLID_BREP ( 'LPattern4[12]', #7664 ) ;
#6103 = ORIENTED_EDGE ( 'NONE', *, *, #2153, .F. ) ;
#6104 = VERTEX_POINT ( 'NONE', #7679 ) ;
#6105 = FACE_OUTER_BOUND ( 'NONE', #2506, .T. ) ;
#6106 = ORIENTED_EDGE ( 'NONE', *, *, #2702, .F. ) ;
#6107 = EDGE_LOOP ( 'NONE', ( #1469, #876, #8215, #759 ) ) ;
#6108 = ORIENTED_EDGE ( 'NONE', *, *, #8302, .F. ) ;
#6109 = PRESENTATION_STYLE_ASSIGNMENT (( #5977 ) ) ;
#6110 = LINE ( 'NONE', #7473, #7877 ) ;
#6111 = CLOSED_SHELL ( 'NONE', ( #2352, #7438, #5206, #2635, #6702, #1186 ) ) ;
#6112 = EDGE_CURVE ( 'NONE', #204, #2943, #6365, .T. ) ;
#6113 = CARTESIAN_POINT ( 'NONE',  ( 0.9999999999999995600, 0.1000000000000002600, 0.8999999999999995800 ) ) ;
#6114 = SURFACE_SIDE_STYLE ('',( #4958 ) ) ;
#6115 = CARTESIAN_POINT ( 'NONE',  ( -0.09999999999999971400, 0.1000000000000000500, -2.000000000000000000 ) ) ;
#6116 = DIRECTION ( 'NONE',  ( -1.000000000000000000, 0.0000000000000000000, 2.956915015869556800E-016 ) ) ;
#6117 = FILL_AREA_STYLE_COLOUR ( '', #5996 ) ;
#6118 = VERTEX_POINT ( 'NONE', #6954 ) ;
#6119 = FILL_AREA_STYLE_COLOUR ( '', #902 ) ;
#6120 = DIRECTION ( 'NONE',  ( -1.000000000000000000, 0.0000000000000000000, 3.942553354492742500E-016 ) ) ;
#6121 = FILL_AREA_STYLE_COLOUR ( '', #8865 ) ;
#6122 = CARTESIAN_POINT ( 'NONE',  ( -0.9999999999999997800, 0.1000000000000000500, 0.09999999999999982500 ) ) ;
#6123 = CARTESIAN_POINT ( 'NONE',  ( 0.0000000000000000000, 0.1000000000000000100, 0.0000000000000000000 ) ) ;
#6124 = COLOUR_RGB ( '',0.7921568627450980000, 0.8196078431372548800, 0.9333333333333333500 ) ;
#6125 = VECTOR ( 'NONE', #3482, 1000.000000000000000 ) ;
#6126 = ORIENTED_EDGE ( 'NONE', *, *, #7976, .T. ) ;
#6127 = PLANE ( 'NONE',  #3147 ) ;
#6128 = CARTESIAN_POINT ( 'NONE',  ( -0.9999999999999997800, 0.1000000000000000500, -1.100000000000000100 ) ) ;
#6129 = CARTESIAN_POINT ( 'NONE',  ( -0.4499999999999998400, 0.0000000000000000000, -1.500000000000000000 ) ) ;
#6130 = VERTEX_POINT ( 'NONE', #2029 ) ;
#6131 = EDGE_CURVE ( 'NONE', #3196, #4260, #628, .T. ) ;
#6132 = DIRECTION ( 'NONE',  ( 0.0000000000000000000, 0.0000000000000000000, 1.000000000000000000 ) ) ;
#6133 = ORIENTED_EDGE ( 'NONE', *, *, #460, .F. ) ;
#6134 =( GEOMETRIC_REPRESENTATION_CONTEXT ( 3 ) GLOBAL_UNCERTAINTY_ASSIGNED_CONTEXT ( ( #6852 ) ) GLOBAL_UNIT_ASSIGNED_CONTEXT ( ( #5120, #953, #8809 ) ) REPRESENTATION_CONTEXT ( 'NONE', 'WORKASPACE' ) );
#6135 = EDGE_LOOP ( 'NONE', ( #8765, #7066, #3831, #3237 ) ) ;
#6136 = EDGE_CURVE ( 'NONE', #5490, #2636, #3681, .T. ) ;
#6137 = CARTESIAN_POINT ( 'NONE',  ( -1.000000000000000200, 0.1000000000000002600, -0.9000000000000002400 ) ) ;
#6138 = VECTOR ( 'NONE', #6143, 1000.000000000000000 ) ;
#6139 = FILL_AREA_STYLE_COLOUR ( '', #4052 ) ;
#6140 = FILL_AREA_STYLE ('',( #7537 ) ) ;
#6141 = LINE ( 'NONE', #925, #7807 ) ;
#6142 = PLANE ( 'NONE',  #1630 ) ;
#6143 = DIRECTION ( 'NONE',  ( -0.0000000000000000000, -0.0000000000000000000, 1.000000000000000000 ) ) ;
#6144 = ADVANCED_FACE ( 'NONE', ( #5807 ), #6930, .T. ) ;
#6145 = EDGE_CURVE ( 'NONE', #4813, #7479, #8726, .T. ) ;
#6146 = FACE_OUTER_BOUND ( 'NONE', #8783, .T. ) ;
#6147 = DIRECTION ( 'NONE',  ( 2.956915015869556800E-016, 0.0000000000000000000, 1.000000000000000000 ) ) ;
#6148 = PRESENTATION_STYLE_ASSIGNMENT (( #1817 ) ) ;
#6149 = VERTEX_POINT ( 'NONE', #1345 ) ;
#6150 = CARTESIAN_POINT ( 'NONE',  ( -0.2999999999999997100, 0.0000000000000000000, -1.450000000000000000 ) ) ;
#6151 = MECHANICAL_DESIGN_GEOMETRIC_PRESENTATION_REPRESENTATION (  '', ( #5835 ), #7579 ) ;
#6152 = DIRECTION ( 'NONE',  ( -0.0000000000000000000, -0.0000000000000000000, 1.000000000000000000 ) ) ;
#6153 = CARTESIAN_POINT ( 'NONE',  ( -0.4499999999999998400, 0.0000000000000000000, 1.700000000000000400 ) ) ;
#6154 = DIRECTION ( 'NONE',  ( 0.0000000000000000000, -1.000000000000000000, 0.0000000000000000000 ) ) ;
#6155 = EDGE_CURVE ( 'NONE', #2609, #1462, #3788, .T. ) ;
#6156 = ORIENTED_EDGE ( 'NONE', *, *, #776, .F. ) ;
#6157 = COLOUR_RGB ( '',0.7921568627450980000, 0.8196078431372548800, 0.9333333333333333500 ) ;
#6158 = LINE ( 'NONE', #1759, #406 ) ;
#6159 = SURFACE_SIDE_STYLE ('',( #8619 ) ) ;
#6160 = PRESENTATION_LAYER_ASSIGNMENT (  '', '', ( #3744 ) ) ;
#6161 =( NAMED_UNIT ( * ) SI_UNIT ( $, .STERADIAN. ) SOLID_ANGLE_UNIT ( ) );
#6162 = UNCERTAINTY_MEASURE_WITH_UNIT (LENGTH_MEASURE( 1.000000000000000100E-005 ), #4934, 'distance_accuracy_value', 'NONE');
#6163 = LINE ( 'NONE', #5389, #2382 ) ;
#6164 = ORIENTED_EDGE ( 'NONE', *, *, #2639, .F. ) ;
#6165 = FILL_AREA_STYLE ('',( #1313 ) ) ;
#6166 = VECTOR ( 'NONE', #738, 1000.000000000000000 ) ;
#6167 = AXIS2_PLACEMENT_3D ( 'NONE', #4655, #4675, #482 ) ;
#6168 = ADVANCED_FACE ( 'NONE', ( #2613 ), #6274, .T. ) ;
#6169 = CARTESIAN_POINT ( 'NONE',  ( -0.4499999999999998400, 0.1000000000000000500, 0.9000000000000000200 ) ) ;
#6170 = VECTOR ( 'NONE', #4606, 1000.000000000000000 ) ;
#6171 = ORIENTED_EDGE ( 'NONE', *, *, #4802, .F. ) ;
#6172 = UNCERTAINTY_MEASURE_WITH_UNIT (LENGTH_MEASURE( 1.000000000000000100E-005 ), #7982, 'distance_accuracy_value', 'NONE');
#6173 = CARTESIAN_POINT ( 'NONE',  ( -0.4499999999999999600, 0.6852349955359816600, -0.1000000000000000500 ) ) ;
#6174 = MECHANICAL_DESIGN_GEOMETRIC_PRESENTATION_REPRESENTATION (  '', ( #7776 ), #2364 ) ;
#6175 = LINE ( 'NONE', #8568, #1310 ) ;
#6176 = CARTESIAN_POINT ( 'NONE',  ( 1.000000000000000000, 0.6852349955359816600, 0.7000000000000000700 ) ) ;
#6177 = CARTESIAN_POINT ( 'NONE',  ( 1.000000000000000000, 0.1000000000000000500, 1.099999999999999900 ) ) ;
#6178 = STYLED_ITEM ( 'NONE', ( #6343 ), #719 ) ;
#6179 = STYLED_ITEM ( 'NONE', ( #3120 ), #3183 ) ;
#6180 = FACE_OUTER_BOUND ( 'NONE', #6107, .T. ) ;
#6181 = CARTESIAN_POINT ( 'NONE',  ( 0.3000000000000003200, 0.0000000000000000000, -2.000000000000000000 ) ) ;
#6182 = ORIENTED_EDGE ( 'NONE', *, *, #6580, .T. ) ;
#6183 = VECTOR ( 'NONE', #8755, 1000.000000000000000 ) ;
#6184 =( LENGTH_UNIT ( ) NAMED_UNIT ( * ) SI_UNIT ( .MILLI., .METRE. ) );
#6185 = PLANE ( 'NONE',  #1452 ) ;
#6186 = EDGE_CURVE ( 'NONE', #1017, #1101, #6822, .T. ) ;
#6187 = VERTEX_POINT ( 'NONE', #3638 ) ;
#6188 = AXIS2_PLACEMENT_3D ( 'NONE', #3461, #6204, #5474 ) ;
#6189 = FILL_AREA_STYLE ('',( #1243 ) ) ;
#6190 = ORIENTED_EDGE ( 'NONE', *, *, #8234, .F. ) ;
#6191 = FACE_OUTER_BOUND ( 'NONE', #7834, .T. ) ;
#6192 = STYLED_ITEM ( 'NONE', ( #2676 ), #4431 ) ;
#6193 = VERTEX_POINT ( 'NONE', #2226 ) ;
#6194 = EDGE_CURVE ( 'NONE', #5117, #872, #1183, .T. ) ;
#6195 = EDGE_CURVE ( 'NONE', #7991, #5539, #1624, .T. ) ;
#6196 = EDGE_LOOP ( 'NONE', ( #3959, #5810, #7191, #5408 ) ) ;
#6197 = DIRECTION ( 'NONE',  ( 1.000000000000000000, 0.0000000000000000000, 3.942553354492742500E-016 ) ) ;
#6198 = DIRECTION ( 'NONE',  ( 0.0000000000000000000, 0.0000000000000000000, 1.000000000000000000 ) ) ;
#6199 = ORIENTED_EDGE ( 'NONE', *, *, #1745, .T. ) ;
#6200 = EDGE_CURVE ( 'NONE', #443, #6629, #4901, .T. ) ;
#6201 = ORIENTED_EDGE ( 'NONE', *, *, #1264, .T. ) ;
#6202 = VECTOR ( 'NONE', #5967, 1000.000000000000000 ) ;
#6203 = FACE_OUTER_BOUND ( 'NONE', #3683, .T. ) ;
#6204 = DIRECTION ( 'NONE',  ( -0.0000000000000000000, -1.000000000000000000, -0.0000000000000000000 ) ) ;
#6205 = ORIENTED_EDGE ( 'NONE', *, *, #1512, .T. ) ;
#6206 = PLANE ( 'NONE',  #2220 ) ;
#6207 = VERTEX_POINT ( 'NONE', #7197 ) ;
#6208 = VECTOR ( 'NONE', #948, 1000.000000000000000 ) ;
#6209 = AXIS2_PLACEMENT_3D ( 'NONE', #5581, #4820, #6223 ) ;
#6210 = LINE ( 'NONE', #5478, #9013 ) ;
#6211 = PRESENTATION_LAYER_ASSIGNMENT (  '', '', ( #2633 ) ) ;
#6212 = EDGE_CURVE ( 'NONE', #4425, #4546, #7603, .T. ) ;
#6213 = DIRECTION ( 'NONE',  ( 0.0000000000000000000, 0.0000000000000000000, -1.000000000000000000 ) ) ;
#6214 = CARTESIAN_POINT ( 'NONE',  ( 0.4499999999999998400, 0.6852349955359816600, 1.300000000000000300 ) ) ;
#6215 = ORIENTED_EDGE ( 'NONE', *, *, #6458, .T. ) ;
#6216 = ADVANCED_FACE ( 'NONE', ( #7935 ), #2105, .T. ) ;
#6217 = FILL_AREA_STYLE ('',( #1941 ) ) ;
#6218 = ORIENTED_EDGE ( 'NONE', *, *, #2629, .T. ) ;
#6219 = COLOUR_RGB ( '',0.7921568627450980000, 0.8196078431372548800, 0.9333333333333333500 ) ;
#6220 = PRESENTATION_STYLE_ASSIGNMENT (( #458 ) ) ;
#6221 = MANIFOLD_SOLID_BREP ( 'Cut-Extrude4', #7595 ) ;
#6222 = ORIENTED_EDGE ( 'NONE', *, *, #808, .T. ) ;
#6223 = DIRECTION ( 'NONE',  ( 1.000000000000000000, 0.0000000000000000000, 3.942553354492742500E-016 ) ) ;
#6224 = ORIENTED_EDGE ( 'NONE', *, *, #8311, .T. ) ;
#6225 = VECTOR ( 'NONE', #3208, 1000.000000000000000 ) ;
#6226 = LINE ( 'NONE', #4140, #7211 ) ;
#6227 = ORIENTED_EDGE ( 'NONE', *, *, #5862, .T. ) ;
#6228 = SURFACE_STYLE_USAGE ( .BOTH. , #9019 ) ;
#6229 = COLOUR_RGB ( '',0.7921568627450980000, 0.8196078431372548800, 0.9333333333333333500 ) ;
#6230 = CARTESIAN_POINT ( 'NONE',  ( -1.000000000000000000, 0.04999999999999969700, -0.8999999999999999100 ) ) ;
#6231 = FACE_OUTER_BOUND ( 'NONE', #4824, .T. ) ;
#6232 = VERTEX_POINT ( 'NONE', #2162 ) ;
#6233 = DIRECTION ( 'NONE',  ( 0.0000000000000000000, 0.0000000000000000000, 1.000000000000000000 ) ) ;
#6234 = ADVANCED_FACE ( 'NONE', ( #401 ), #4259, .T. ) ;
#6235 = MECHANICAL_DESIGN_GEOMETRIC_PRESENTATION_REPRESENTATION (  '', ( #4304 ), #2561 ) ;
#6236 = ORIENTED_EDGE ( 'NONE', *, *, #1532, .F. ) ;
#6237 = CARTESIAN_POINT ( 'NONE',  ( -1.000000000000000000, 0.04999999999999969700, 1.100000000000000100 ) ) ;
#6238 = SURFACE_STYLE_USAGE ( .BOTH. , #1963 ) ;
#6239 = CARTESIAN_POINT ( 'NONE',  ( 0.4499999999999999600, 0.1000000000000000500, -0.9000000000000001300 ) ) ;
#6240 = EDGE_LOOP ( 'NONE', ( #4232, #5080, #2875, #4292 ) ) ;
#6241 = MECHANICAL_DESIGN_GEOMETRIC_PRESENTATION_REPRESENTATION (  '', ( #5880 ), #841 ) ;
#6242 = DIRECTION ( 'NONE',  ( -5.421010862427526100E-016, 0.0000000000000000000, -1.000000000000000000 ) ) ;
#6243 = ORIENTED_EDGE ( 'NONE', *, *, #8883, .T. ) ;
#6244 = PLANE ( 'NONE',  #4737 ) ;
#6245 = EDGE_LOOP ( 'NONE', ( #7755, #2659, #1008, #5916 ) ) ;
#6246 = AXIS2_PLACEMENT_3D ( 'NONE', #4841, #6213, #639 ) ;
#6247 = LINE ( 'NONE', #1216, #6700 ) ;
#6248 = LINE ( 'NONE', #4553, #7691 ) ;
#6249 = LINE ( 'NONE', #6255, #6691 ) ;
#6250 = DIRECTION ( 'NONE',  ( -3.942553354492742500E-016, 0.0000000000000000000, 1.000000000000000000 ) ) ;
#6251 = EDGE_CURVE ( 'NONE', #8370, #342, #5344, .T. ) ;
#6252 = LINE ( 'NONE', #7315, #723 ) ;
#6253 = ORIENTED_EDGE ( 'NONE', *, *, #4262, .T. ) ;
#6254 = DIRECTION ( 'NONE',  ( 0.0000000000000000000, 0.0000000000000000000, -1.000000000000000000 ) ) ;
#6255 = CARTESIAN_POINT ( 'NONE',  ( 0.4499999999999999600, 0.1000000000000000500, -1.700000000000000200 ) ) ;
#6256 = FACE_OUTER_BOUND ( 'NONE', #892, .T. ) ;
#6257 = ADVANCED_FACE ( 'NONE', ( #4796 ), #3587, .F. ) ;
#6258 = LINE ( 'NONE', #2605, #7613 ) ;
#6259 = EDGE_CURVE ( 'NONE', #1458, #571, #7926, .T. ) ;
#6260 = DIRECTION ( 'NONE',  ( -0.0000000000000000000, 1.000000000000000000, -0.0000000000000000000 ) ) ;
#6261 = ORIENTED_EDGE ( 'NONE', *, *, #201, .F. ) ;
#6262 =( NAMED_UNIT ( * ) PLANE_ANGLE_UNIT ( ) SI_UNIT ( $, .RADIAN. ) );
#6263 = VECTOR ( 'NONE', #8247, 1000.000000000000000 ) ;
#6264 = UNCERTAINTY_MEASURE_WITH_UNIT (LENGTH_MEASURE( 1.000000000000000100E-005 ), #7510, 'distance_accuracy_value', 'NONE');
#6265 = CARTESIAN_POINT ( 'NONE',  ( 0.4499999999999998400, 0.1000000000000000500, -1.500000000000000000 ) ) ;
#6266 = FACE_OUTER_BOUND ( 'NONE', #4294, .T. ) ;
#6267 = ORIENTED_EDGE ( 'NONE', *, *, #896, .T. ) ;
#6268 = LINE ( 'NONE', #7030, #4691 ) ;
#6269 = STYLED_ITEM ( 'NONE', ( #7351 ), #1171 ) ;
#6270 = CARTESIAN_POINT ( 'NONE',  ( -0.2999999999999993200, 0.1000000000000000100, 1.450000000000000000 ) ) ;
#6271 = EDGE_CURVE ( 'NONE', #5690, #3403, #6814, .T. ) ;
#6272 = ORIENTED_EDGE ( 'NONE', *, *, #8105, .T. ) ;
#6273 = ADVANCED_FACE ( 'NONE', ( #2038 ), #5900, .F. ) ;
#6274 = PLANE ( 'NONE',  #97 ) ;
#6275 = FILL_AREA_STYLE ('',( #3216 ) ) ;
#6276 = LINE ( 'NONE', #208, #3039 ) ;
#6277 = ORIENTED_EDGE ( 'NONE', *, *, #2806, .T. ) ;
#6278 = ADVANCED_FACE ( 'NONE', ( #3012 ), #880, .T. ) ;
#6279 = DIRECTION ( 'NONE',  ( 1.000000000000000000, -0.0000000000000000000, -0.0000000000000000000 ) ) ;
#6280 = DIRECTION ( 'NONE',  ( 0.0000000000000000000, 1.000000000000000000, 0.0000000000000000000 ) ) ;
#6281 = VECTOR ( 'NONE', #7700, 1000.000000000000000 ) ;
#6282 = EDGE_LOOP ( 'NONE', ( #5412, #3288, #6964, #5846 ) ) ;
#6283 =( GEOMETRIC_REPRESENTATION_CONTEXT ( 3 ) GLOBAL_UNCERTAINTY_ASSIGNED_CONTEXT ( ( #6443 ) ) GLOBAL_UNIT_ASSIGNED_CONTEXT ( ( #1950, #1285, #9048 ) ) REPRESENTATION_CONTEXT ( 'NONE', 'WORKASPACE' ) );
#6284 = PLANE ( 'NONE',  #6246 ) ;
#6285 = ORIENTED_EDGE ( 'NONE', *, *, #8703, .F. ) ;
#6286 = DIRECTION ( 'NONE',  ( -0.0000000000000000000, -1.000000000000000000, -0.0000000000000000000 ) ) ;
#6287 =( GEOMETRIC_REPRESENTATION_CONTEXT ( 3 ) GLOBAL_UNCERTAINTY_ASSIGNED_CONTEXT ( ( #9031 ) ) GLOBAL_UNIT_ASSIGNED_CONTEXT ( ( #4786, #8429, #586 ) ) REPRESENTATION_CONTEXT ( 'NONE', 'WORKASPACE' ) );
#6288 = CARTESIAN_POINT ( 'NONE',  ( 0.0000000000000000000, 0.1000000000000000100, 0.0000000000000000000 ) ) ;
#6289 = LINE ( 'NONE', #5736, #7179 ) ;
#6290 = SURFACE_SIDE_STYLE ('',( #7964 ) ) ;
#6291 = ORIENTED_EDGE ( 'NONE', *, *, #8754, .F. ) ;
#6292 =( NAMED_UNIT ( * ) PLANE_ANGLE_UNIT ( ) SI_UNIT ( $, .RADIAN. ) );
#6293 = ORIENTED_EDGE ( 'NONE', *, *, #3594, .F. ) ;
#6294 = VECTOR ( 'NONE', #1887, 1000.000000000000000 ) ;
#6295 = EDGE_CURVE ( 'NONE', #7582, #1435, #7145, .T. ) ;
#6296 = ORIENTED_EDGE ( 'NONE', *, *, #6271, .F. ) ;
#6297 = ORIENTED_EDGE ( 'NONE', *, *, #2440, .F. ) ;
#6298 = CARTESIAN_POINT ( 'NONE',  ( 0.0000000000000000000, 0.1000000000000000100, 0.0000000000000000000 ) ) ;
#6299 = VECTOR ( 'NONE', #8487, 1000.000000000000000 ) ;
#6300 = VERTEX_POINT ( 'NONE', #2256 ) ;
#6301 = FACE_OUTER_BOUND ( 'NONE', #4528, .T. ) ;
#6302 = SURFACE_STYLE_FILL_AREA ( #6008 ) ;
#6303 = EDGE_CURVE ( 'NONE', #9114, #5419, #4888, .T. ) ;
#6304 = PLANE ( 'NONE',  #1436 ) ;
#6305 = ORIENTED_EDGE ( 'NONE', *, *, #7559, .T. ) ;
#6306 = DIRECTION ( 'NONE',  ( -0.0000000000000000000, -1.000000000000000000, -0.0000000000000000000 ) ) ;
#6307 = DIRECTION ( 'NONE',  ( 0.0000000000000000000, 0.0000000000000000000, 1.000000000000000000 ) ) ;
#6308 = ORIENTED_EDGE ( 'NONE', *, *, #6426, .F. ) ;
#6309 = SURFACE_STYLE_FILL_AREA ( #7096 ) ;
#6310 = FACE_OUTER_BOUND ( 'NONE', #2784, .T. ) ;
#6311 = EDGE_CURVE ( 'NONE', #7694, #3336, #4353, .T. ) ;
#6312 = ORIENTED_EDGE ( 'NONE', *, *, #5582, .F. ) ;
#6313 = CARTESIAN_POINT ( 'NONE',  ( -1.000000000000000000, 0.6852349955359816600, -1.700000000000000000 ) ) ;
#6314 = DIRECTION ( 'NONE',  ( 1.000000000000000000, 0.0000000000000000000, -1.971276677246371500E-016 ) ) ;
#6315 = CARTESIAN_POINT ( 'NONE',  ( -0.4499999999999999600, 0.6852349955359816600, -1.300000000000000300 ) ) ;
#6316 = DIRECTION ( 'NONE',  ( 0.0000000000000000000, 0.0000000000000000000, 1.000000000000000000 ) ) ;
#6317 = VECTOR ( 'NONE', #5122, 1000.000000000000000 ) ;
#6318 = ADVANCED_FACE ( 'NONE', ( #1176 ), #5144, .F. ) ;
#6319 =( NAMED_UNIT ( * ) PLANE_ANGLE_UNIT ( ) SI_UNIT ( $, .RADIAN. ) );
#6320 = VERTEX_POINT ( 'NONE', #3021 ) ;
#6321 = FACE_OUTER_BOUND ( 'NONE', #8537, .T. ) ;
#6322 = PRESENTATION_STYLE_ASSIGNMENT (( #8206 ) ) ;
#6323 = PRESENTATION_STYLE_ASSIGNMENT (( #8954 ) ) ;
#6324 = DIRECTION ( 'NONE',  ( 1.000000000000000000, 0.0000000000000000000, 0.0000000000000000000 ) ) ;
#6325 = ORIENTED_EDGE ( 'NONE', *, *, #1621, .F. ) ;
#6326 = CARTESIAN_POINT ( 'NONE',  ( 0.4499999999999999600, 0.6852349955359816600, 0.2999999999999999300 ) ) ;
#6327 = EDGE_LOOP ( 'NONE', ( #6845, #7531, #9214, #3741, #7746, #4001, #3350, #6708, #4012, #2263, #3481, #5076 ) ) ;
#6328 =( NAMED_UNIT ( * ) SI_UNIT ( $, .STERADIAN. ) SOLID_ANGLE_UNIT ( ) );
#6329 = STYLED_ITEM ( 'NONE', ( #8391 ), #7493 ) ;
#6330 = FILL_AREA_STYLE_COLOUR ( '', #3662 ) ;
#6331 = LINE ( 'NONE', #8923, #4864 ) ;
#6332 = VERTEX_POINT ( 'NONE', #8016 ) ;
#6333 = PRESENTATION_STYLE_ASSIGNMENT (( #306 ) ) ;
#6334 = SURFACE_STYLE_USAGE ( .BOTH. , #4145 ) ;
#6335 = LINE ( 'NONE', #8296, #5552 ) ;
#6336 = AXIS2_PLACEMENT_3D ( 'NONE', #411, #475, #1123 ) ;
#6337 = STYLED_ITEM ( 'NONE', ( #8127 ), #790 ) ;
#6338 = SURFACE_STYLE_FILL_AREA ( #7386 ) ;
#6339 = COLOUR_RGB ( '',0.2509803921568627400, 0.2509803921568627400, 0.2509803921568627400 ) ;
#6340 = FILL_AREA_STYLE ('',( #1353 ) ) ;
#6341 = CARTESIAN_POINT ( 'NONE',  ( -0.4499999999999998400, 0.05000000000000002400, 0.9000000000000000200 ) ) ;
#6342 = ORIENTED_EDGE ( 'NONE', *, *, #1092, .T. ) ;
#6343 = PRESENTATION_STYLE_ASSIGNMENT (( #3490 ) ) ;
#6344 =( NAMED_UNIT ( * ) PLANE_ANGLE_UNIT ( ) SI_UNIT ( $, .RADIAN. ) );
#6345 = SURFACE_STYLE_FILL_AREA ( #1506 ) ;
#6346 = CARTESIAN_POINT ( 'NONE',  ( 1.000000000000000000, 0.6852349955359816600, 0.8999999999999998000 ) ) ;
#6347 = SURFACE_STYLE_USAGE ( .BOTH. , #2174 ) ;
#6348 = LINE ( 'NONE', #1401, #4219 ) ;
#6349 = FACE_OUTER_BOUND ( 'NONE', #2542, .T. ) ;
#6350 = DIRECTION ( 'NONE',  ( 0.0000000000000000000, -1.000000000000000000, 0.0000000000000000000 ) ) ;
#6351 = PRESENTATION_LAYER_ASSIGNMENT (  '', '', ( #24 ) ) ;
#6352 = EDGE_LOOP ( 'NONE', ( #6325, #3181, #6103, #2210 ) ) ;
#6353 = COLOUR_RGB ( '',0.2509803921568627400, 0.2509803921568627400, 0.2509803921568627400 ) ;
#6354 = DIRECTION ( 'NONE',  ( -1.000000000000000000, 0.0000000000000000000, -3.942553354492742500E-016 ) ) ;
#6355 = SURFACE_STYLE_FILL_AREA ( #5940 ) ;
#6356 = FACE_OUTER_BOUND ( 'NONE', #2651, .T. ) ;
#6357 = AXIS2_PLACEMENT_3D ( 'NONE', #6313, #1320, #1986 ) ;
#6358 =( LENGTH_UNIT ( ) NAMED_UNIT ( * ) SI_UNIT ( .MILLI., .METRE. ) );
#6359 = FILL_AREA_STYLE_COLOUR ( '', #6575 ) ;
#6360 = LINE ( 'NONE', #3722, #7251 ) ;
#6361 = MECHANICAL_DESIGN_GEOMETRIC_PRESENTATION_REPRESENTATION (  '', ( #5208 ), #6487 ) ;
#6362 = EDGE_LOOP ( 'NONE', ( #7920, #2416, #7165, #4387 ) ) ;
#6363 = EDGE_CURVE ( 'NONE', #1677, #6968, #936, .T. ) ;
#6364 = EDGE_CURVE ( 'NONE', #2953, #7057, #6360, .T. ) ;
#6365 = LINE ( 'NONE', #5643, #3269 ) ;
#6366 = VERTEX_POINT ( 'NONE', #5094 ) ;
#6367 = CARTESIAN_POINT ( 'NONE',  ( -0.4499999999999999600, 0.6852349955359816600, 1.900000000000000100 ) ) ;
#6368 = LINE ( 'NONE', #6562, #7607 ) ;
#6369 = FACE_OUTER_BOUND ( 'NONE', #3076, .T. ) ;
#6370 = CARTESIAN_POINT ( 'NONE',  ( 1.000000000000000000, 0.1000000000000000500, -1.300000000000000300 ) ) ;
#6371 =( GEOMETRIC_REPRESENTATION_CONTEXT ( 3 ) GLOBAL_UNCERTAINTY_ASSIGNED_CONTEXT ( ( #8805 ) ) GLOBAL_UNIT_ASSIGNED_CONTEXT ( ( #7981, #7324, #4393 ) ) REPRESENTATION_CONTEXT ( 'NONE', 'WORKASPACE' ) );
#6372 = EDGE_CURVE ( 'NONE', #3411, #6493, #1293, .T. ) ;
#6373 = ADVANCED_FACE ( 'NONE', ( #3476 ), #8045, .F. ) ;
#6374 = MANIFOLD_SOLID_BREP ( 'LPattern4[8]', #7538 ) ;
#6375 = SURFACE_STYLE_USAGE ( .BOTH. , #15 ) ;
#6376 = VECTOR ( 'NONE', #7715, 1000.000000000000000 ) ;
#6377 = DIRECTION ( 'NONE',  ( 0.0000000000000000000, 1.000000000000000000, 0.0000000000000000000 ) ) ;
#6378 =( NAMED_UNIT ( * ) PLANE_ANGLE_UNIT ( ) SI_UNIT ( $, .RADIAN. ) );
#6379 = EDGE_LOOP ( 'NONE', ( #5123, #1973, #2022, #4077 ) ) ;
#6380 = DIRECTION ( 'NONE',  ( -0.0000000000000000000, -0.0000000000000000000, 1.000000000000000000 ) ) ;
#6381 =( NAMED_UNIT ( * ) SI_UNIT ( $, .STERADIAN. ) SOLID_ANGLE_UNIT ( ) );
#6382 = CARTESIAN_POINT ( 'NONE',  ( -0.2999999999999992100, 0.1000000000000000100, 2.000000000000000000 ) ) ;
#6383 =( LENGTH_UNIT ( ) NAMED_UNIT ( * ) SI_UNIT ( .MILLI., .METRE. ) );
#6384 = VERTEX_POINT ( 'NONE', #5221 ) ;
#6385 = DIRECTION ( 'NONE',  ( 5.421010862427526100E-016, -0.0000000000000000000, 1.000000000000000000 ) ) ;
#6386 =( GEOMETRIC_REPRESENTATION_CONTEXT ( 3 ) GLOBAL_UNCERTAINTY_ASSIGNED_CONTEXT ( ( #8848 ) ) GLOBAL_UNIT_ASSIGNED_CONTEXT ( ( #5939, #5154, #8746 ) ) REPRESENTATION_CONTEXT ( 'NONE', 'WORKASPACE' ) );
#6387 = CARTESIAN_POINT ( 'NONE',  ( 0.4499999999999998400, 0.6852349955359816600, -1.500000000000000000 ) ) ;
#6388 = SURFACE_STYLE_FILL_AREA ( #32 ) ;
#6389 = CARTESIAN_POINT ( 'NONE',  ( 0.9999999999999995600, 0.05000000000000000300, 2.000000000000000000 ) ) ;
#6390 = ORIENTED_EDGE ( 'NONE', *, *, #2686, .F. ) ;
#6391 = VECTOR ( 'NONE', #724, 1000.000000000000000 ) ;
#6392 = AXIS2_PLACEMENT_3D ( 'NONE', #2185, #3686, #2922 ) ;
#6393 = LINE ( 'NONE', #3732, #648 ) ;
#6394 = CARTESIAN_POINT ( 'NONE',  ( 0.9999999999999995600, 5.572135954999580100, 2.000000000000000000 ) ) ;
#6395 = CARTESIAN_POINT ( 'NONE',  ( 0.1000000000000004100, 0.05000000000000000300, -1.971276677246379700E-017 ) ) ;
#6396 = CARTESIAN_POINT ( 'NONE',  ( -0.4499999999999999600, 0.0000000000000000000, 1.900000000000000100 ) ) ;
#6397 = CARTESIAN_POINT ( 'NONE',  ( 1.000000000000000000, 0.1000000000000000500, -0.9000000000000001300 ) ) ;
#6398 = ORIENTED_EDGE ( 'NONE', *, *, #2200, .T. ) ;
#6399 = ORIENTED_EDGE ( 'NONE', *, *, #8550, .T. ) ;
#6400 = PRESENTATION_STYLE_ASSIGNMENT (( #4005 ) ) ;
#6401 = MECHANICAL_DESIGN_GEOMETRIC_PRESENTATION_REPRESENTATION (  '', ( #8510 ), #3697 ) ;
#6402 = EDGE_CURVE ( 'NONE', #2953, #3970, #5110, .T. ) ;
#6403 = ORIENTED_EDGE ( 'NONE', *, *, #6958, .F. ) ;
#6404 = DIRECTION ( 'NONE',  ( 0.0000000000000000000, -1.000000000000000000, 0.0000000000000000000 ) ) ;
#6405 = ORIENTED_EDGE ( 'NONE', *, *, #118, .T. ) ;
#6406 = CARTESIAN_POINT ( 'NONE',  ( -0.7500000000000000000, 0.5000000000000000000, -1.750000000000000000 ) ) ;
#6407 = SURFACE_STYLE_FILL_AREA ( #2567 ) ;
#6408 = LINE ( 'NONE', #5008, #3063 ) ;
#6409 = ORIENTED_EDGE ( 'NONE', *, *, #5588, .T. ) ;
#6410 = CARTESIAN_POINT ( 'NONE',  ( -1.000000000000000000, 0.0000000000000000000, 0.3000000000000001600 ) ) ;
#6411 = AXIS2_PLACEMENT_3D ( 'NONE', #2275, #6, #3536 ) ;
#6412 = VERTEX_POINT ( 'NONE', #3672 ) ;
#6413 = VECTOR ( 'NONE', #8629, 1000.000000000000000 ) ;
#6414 = ORIENTED_EDGE ( 'NONE', *, *, #7302, .T. ) ;
#6415 = PLANE ( 'NONE',  #1620 ) ;
#6416 =( GEOMETRIC_REPRESENTATION_CONTEXT ( 3 ) GLOBAL_UNCERTAINTY_ASSIGNED_CONTEXT ( ( #7344 ) ) GLOBAL_UNIT_ASSIGNED_CONTEXT ( ( #7656, #3391, #8389 ) ) REPRESENTATION_CONTEXT ( 'NONE', 'WORKASPACE' ) );
#6417 = EDGE_LOOP ( 'NONE', ( #2418, #2461, #681, #4733 ) ) ;
#6418 = PLANE ( 'NONE',  #6526 ) ;
#6419 = ORIENTED_EDGE ( 'NONE', *, *, #1402, .F. ) ;
#6420 = DIRECTION ( 'NONE',  ( 0.0000000000000000000, -1.000000000000000000, 0.0000000000000000000 ) ) ;
#6421 = ORIENTED_EDGE ( 'NONE', *, *, #3541, .F. ) ;
#6422 = PRESENTATION_STYLE_ASSIGNMENT (( #3555 ) ) ;
#6423 = DIRECTION ( 'NONE',  ( 0.0000000000000000000, -1.000000000000000000, 0.0000000000000000000 ) ) ;
#6424 = FACE_OUTER_BOUND ( 'NONE', #6550, .T. ) ;
#6425 = ORIENTED_EDGE ( 'NONE', *, *, #1857, .F. ) ;
#6426 = EDGE_CURVE ( 'NONE', #5167, #4419, #6471, .T. ) ;
#6427 = ORIENTED_EDGE ( 'NONE', *, *, #4714, .F. ) ;
#6428 = DIRECTION ( 'NONE',  ( 0.0000000000000000000, 0.0000000000000000000, 1.000000000000000000 ) ) ;
#6429 = ORIENTED_EDGE ( 'NONE', *, *, #8408, .F. ) ;
#6430 = MECHANICAL_DESIGN_GEOMETRIC_PRESENTATION_REPRESENTATION (  '', ( #4510 ), #1297 ) ;
#6431 = ORIENTED_EDGE ( 'NONE', *, *, #2092, .F. ) ;
#6432 = LINE ( 'NONE', #5832, #4078 ) ;
#6433 = PRESENTATION_LAYER_ASSIGNMENT (  '', '', ( #8531 ) ) ;
#6434 = AXIS2_PLACEMENT_3D ( 'NONE', #1086, #7491, #5326 ) ;
#6435 = ORIENTED_EDGE ( 'NONE', *, *, #4714, .T. ) ;
#6436 = CARTESIAN_POINT ( 'NONE',  ( 0.4499999999999999600, 0.0000000000000000000, -0.9000000000000001300 ) ) ;
#6437 =( LENGTH_UNIT ( ) NAMED_UNIT ( * ) SI_UNIT ( .MILLI., .METRE. ) );
#6438 = CARTESIAN_POINT ( 'NONE',  ( -1.000000000000000200, 0.1000000000000002600, 1.900000000000000400 ) ) ;
#6439 = EDGE_CURVE ( 'NONE', #1648, #7960, #9060, .T. ) ;
#6440 = FILL_AREA_STYLE_COLOUR ( '', #4694 ) ;
#6441 = PLANE ( 'NONE',  #2053 ) ;
#6442 = ORIENTED_EDGE ( 'NONE', *, *, #6943, .F. ) ;
#6443 = UNCERTAINTY_MEASURE_WITH_UNIT (LENGTH_MEASURE( 1.000000000000000100E-005 ), #1950, 'distance_accuracy_value', 'NONE');
#6444 = DIRECTION ( 'NONE',  ( 0.0000000000000000000, -1.000000000000000000, 0.0000000000000000000 ) ) ;
#6445 = LINE ( 'NONE', #8933, #4550 ) ;
#6446 = FACE_OUTER_BOUND ( 'NONE', #7199, .T. ) ;
#6447 = DIRECTION ( 'NONE',  ( 0.0000000000000000000, -0.0000000000000000000, 1.000000000000000000 ) ) ;
#6448 = STYLED_ITEM ( 'NONE', ( #7762 ), #885 ) ;
#6449 =( NAMED_UNIT ( * ) SI_UNIT ( $, .STERADIAN. ) SOLID_ANGLE_UNIT ( ) );
#6450 = DIRECTION ( 'NONE',  ( 1.000000000000000000, -0.0000000000000000000, 0.0000000000000000000 ) ) ;
#6451 = VERTEX_POINT ( 'NONE', #6776 ) ;
#6452 = UNCERTAINTY_MEASURE_WITH_UNIT (LENGTH_MEASURE( 1.000000000000000100E-005 ), #6184, 'distance_accuracy_value', 'NONE');
#6453 =( LENGTH_UNIT ( ) NAMED_UNIT ( * ) SI_UNIT ( .MILLI., .METRE. ) );
#6454 = AXIS2_PLACEMENT_3D ( 'NONE', #8179, #399, #7475 ) ;
#6455 =( NAMED_UNIT ( * ) PLANE_ANGLE_UNIT ( ) SI_UNIT ( $, .RADIAN. ) );
#6456 = CARTESIAN_POINT ( 'NONE',  ( -0.09999999999999971400, 0.1000000000000000100, -2.000000000000000000 ) ) ;
#6457 = FACE_BOUND ( 'NONE', #7069, .T. ) ;
#6458 = EDGE_CURVE ( 'NONE', #7305, #2665, #5467, .T. ) ;
#6459 = FACE_OUTER_BOUND ( 'NONE', #8356, .T. ) ;
#6460 = ORIENTED_EDGE ( 'NONE', *, *, #1842, .T. ) ;
#6461 = ORIENTED_EDGE ( 'NONE', *, *, #1756, .F. ) ;
#6462 = ORIENTED_EDGE ( 'NONE', *, *, #6439, .F. ) ;
#6463 =( GEOMETRIC_REPRESENTATION_CONTEXT ( 3 ) GLOBAL_UNCERTAINTY_ASSIGNED_CONTEXT ( ( #495 ) ) GLOBAL_UNIT_ASSIGNED_CONTEXT ( ( #5063, #4391, #7284 ) ) REPRESENTATION_CONTEXT ( 'NONE', 'WORKASPACE' ) );
#6464 = CARTESIAN_POINT ( 'NONE',  ( -1.000000000000000200, 0.1000000000000002600, 1.500000000000000000 ) ) ;
#6465 =( NAMED_UNIT ( * ) PLANE_ANGLE_UNIT ( ) SI_UNIT ( $, .RADIAN. ) );
#6466 = SURFACE_STYLE_FILL_AREA ( #9191 ) ;
#6467 = LINE ( 'NONE', #2672, #5680 ) ;
#6468 = EDGE_CURVE ( 'NONE', #1462, #2609, #2712, .T. ) ;
#6469 = DIRECTION ( 'NONE',  ( 0.0000000000000000000, 0.0000000000000000000, 1.000000000000000000 ) ) ;
#6470 = AXIS2_PLACEMENT_3D ( 'NONE', #9076, #6254, #6959 ) ;
#6471 = LINE ( 'NONE', #7416, #8604 ) ;
#6472 =( NAMED_UNIT ( * ) SI_UNIT ( $, .STERADIAN. ) SOLID_ANGLE_UNIT ( ) );
#6473 = EDGE_CURVE ( 'NONE', #4560, #3408, #3884, .T. ) ;
#6474 = FILL_AREA_STYLE ('',( #1358 ) ) ;
#6475 = ORIENTED_EDGE ( 'NONE', *, *, #2562, .F. ) ;
#6476 = CARTESIAN_POINT ( 'NONE',  ( -0.4499999999999999600, 0.6852349955359816600, 1.099999999999999900 ) ) ;
#6477 = AXIS2_PLACEMENT_3D ( 'NONE', #4693, #8902, #7610 ) ;
#6478 = LINE ( 'NONE', #420, #8599 ) ;
#6479 = FILL_AREA_STYLE ('',( #5019 ) ) ;
#6480 = EDGE_CURVE ( 'NONE', #4413, #1694, #8823, .T. ) ;
#6481 = ORIENTED_EDGE ( 'NONE', *, *, #2033, .T. ) ;
#6482 = FACE_OUTER_BOUND ( 'NONE', #7394, .T. ) ;
#6483 = ADVANCED_FACE ( 'NONE', ( #4344 ), #3129, .F. ) ;
#6484 = AXIS2_PLACEMENT_3D ( 'NONE', #4273, #1526, #1437 ) ;
#6485 = CARTESIAN_POINT ( 'NONE',  ( 0.4499999999999999600, 0.6852349955359816600, 0.7000000000000000700 ) ) ;
#6486 =( NAMED_UNIT ( * ) SI_UNIT ( $, .STERADIAN. ) SOLID_ANGLE_UNIT ( ) );
#6487 =( GEOMETRIC_REPRESENTATION_CONTEXT ( 3 ) GLOBAL_UNCERTAINTY_ASSIGNED_CONTEXT ( ( #6659 ) ) GLOBAL_UNIT_ASSIGNED_CONTEXT ( ( #6680, #8745, #4434 ) ) REPRESENTATION_CONTEXT ( 'NONE', 'WORKASPACE' ) );
#6488 = COLOUR_RGB ( '',0.2509803921568627400, 0.2509803921568627400, 0.2509803921568627400 ) ;
#6489 = EDGE_CURVE ( 'NONE', #8473, #643, #7359, .T. ) ;
#6490 = CARTESIAN_POINT ( 'NONE',  ( 0.4499999999999998400, 0.05000000000000002400, 0.9000000000000000200 ) ) ;
#6491 = EDGE_CURVE ( 'NONE', #2951, #6088, #7468, .T. ) ;
#6492 = COLOUR_RGB ( '',0.2509803921568627400, 0.2509803921568627400, 0.2509803921568627400 ) ;
#6493 = VERTEX_POINT ( 'NONE', #8904 ) ;
#6494 = VECTOR ( 'NONE', #824, 1000.000000000000000 ) ;
#6495 = DIRECTION ( 'NONE',  ( 0.0000000000000000000, 0.0000000000000000000, -1.000000000000000000 ) ) ;
#6496 = EDGE_CURVE ( 'NONE', #7632, #4287, #6252, .T. ) ;
#6497 = UNCERTAINTY_MEASURE_WITH_UNIT (LENGTH_MEASURE( 1.000000000000000100E-005 ), #9205, 'distance_accuracy_value', 'NONE');
#6498 = CARTESIAN_POINT ( 'NONE',  ( 1.000000000000000000, 0.04999999999999969700, 1.900000000000000100 ) ) ;
#6499 = COLOUR_RGB ( '',0.2509803921568627400, 0.2509803921568627400, 0.2509803921568627400 ) ;
#6500 = PLANE ( 'NONE',  #4141 ) ;
#6501 = CARTESIAN_POINT ( 'NONE',  ( 0.3000000000000003200, 0.1000000000000000100, -2.000000000000000000 ) ) ;
#6502 = ORIENTED_EDGE ( 'NONE', *, *, #3780, .T. ) ;
#6503 = PLANE ( 'NONE',  #400 ) ;
#6504 =( GEOMETRIC_REPRESENTATION_CONTEXT ( 3 ) GLOBAL_UNCERTAINTY_ASSIGNED_CONTEXT ( ( #3538 ) ) GLOBAL_UNIT_ASSIGNED_CONTEXT ( ( #9193, #7756, #1306 ) ) REPRESENTATION_CONTEXT ( 'NONE', 'WORKASPACE' ) );
#6505 = DIRECTION ( 'NONE',  ( 1.000000000000000000, 0.0000000000000000000, 3.942553354492742500E-016 ) ) ;
#6506 = CARTESIAN_POINT ( 'NONE',  ( 0.4499999999999998400, 0.1000000000000000500, -1.500000000000000000 ) ) ;
#6507 = DIRECTION ( 'NONE',  ( 0.0000000000000000000, -1.000000000000000000, 0.0000000000000000000 ) ) ;
#6508 = ORIENTED_EDGE ( 'NONE', *, *, #5735, .T. ) ;
#6509 = VECTOR ( 'NONE', #7997, 1000.000000000000000 ) ;
#6510 = PLANE ( 'NONE',  #1594 ) ;
#6511 = ADVANCED_FACE ( 'NONE', ( #2481 ), #3043, .F. ) ;
#6512 = PLANE ( 'NONE',  #5069 ) ;
#6513 = PLANE ( 'NONE',  #5540 ) ;
#6514 = FILL_AREA_STYLE_COLOUR ( '', #5370 ) ;
#6515 = ORIENTED_EDGE ( 'NONE', *, *, #6017, .F. ) ;
#6516 = CARTESIAN_POINT ( 'NONE',  ( 0.4499999999999999600, 0.0000000000000000000, -0.1000000000000000500 ) ) ;
#6517 = ORIENTED_EDGE ( 'NONE', *, *, #3895, .F. ) ;
#6518 = PLANE ( 'NONE',  #1808 ) ;
#6519 = CARTESIAN_POINT ( 'NONE',  ( 0.4499999999999999600, 0.6852349955359816600, -0.9000000000000001300 ) ) ;
#6520 = DIRECTION ( 'NONE',  ( 0.0000000000000000000, 0.0000000000000000000, -1.000000000000000000 ) ) ;
#6521 = LINE ( 'NONE', #1675, #4618 ) ;
#6522 = EDGE_LOOP ( 'NONE', ( #7180, #4599, #7329, #6602 ) ) ;
#6523 = ORIENTED_EDGE ( 'NONE', *, *, #5405, .T. ) ;
#6524 = VECTOR ( 'NONE', #5426, 1000.000000000000000 ) ;
#6525 = DIRECTION ( 'NONE',  ( 3.942553354492742500E-016, 0.0000000000000000000, 1.000000000000000000 ) ) ;
#6526 = AXIS2_PLACEMENT_3D ( 'NONE', #7845, #8704, #5922 ) ;
#6527 = EDGE_CURVE ( 'NONE', #124, #8900, #66, .T. ) ;
#6528 = DIRECTION ( 'NONE',  ( -1.000000000000000000, 0.0000000000000000000, 4.336808689942017700E-016 ) ) ;
#6529 = ORIENTED_EDGE ( 'NONE', *, *, #7389, .T. ) ;
#6530 = ORIENTED_EDGE ( 'NONE', *, *, #4004, .T. ) ;
#6531 = VERTEX_POINT ( 'NONE', #5178 ) ;
#6532 = MECHANICAL_DESIGN_GEOMETRIC_PRESENTATION_REPRESENTATION (  '', ( #24 ), #8459 ) ;
#6533 = FILL_AREA_STYLE_COLOUR ( '', #4236 ) ;
#6534 = DIRECTION ( 'NONE',  ( 1.000000000000000000, 0.0000000000000000000, 0.0000000000000000000 ) ) ;
#6535 = ORIENTED_EDGE ( 'NONE', *, *, #1691, .F. ) ;
#6536 = AXIS2_PLACEMENT_3D ( 'NONE', #3690, #2323, #7948 ) ;
#6537 = FILL_AREA_STYLE ('',( #2378 ) ) ;
#6538 = VERTEX_POINT ( 'NONE', #6665 ) ;
#6539 = DIRECTION ( 'NONE',  ( -3.942553354492742500E-016, 0.0000000000000000000, 1.000000000000000000 ) ) ;
#6540 = ADVANCED_FACE ( 'NONE', ( #1728 ), #1757, .T. ) ;
#6541 = ORIENTED_EDGE ( 'NONE', *, *, #4195, .F. ) ;
#6542 = AXIS2_PLACEMENT_3D ( 'NONE', #5543, #8374, #7000 ) ;
#6543 = DIRECTION ( 'NONE',  ( 3.942553354492742500E-016, -0.0000000000000000000, 1.000000000000000000 ) ) ;
#6544 = EDGE_CURVE ( 'NONE', #4825, #7312, #2236, .T. ) ;
#6545 = LINE ( 'NONE', #6214, #5186 ) ;
#6546 = CARTESIAN_POINT ( 'NONE',  ( 0.4500000000000008400, 0.05000000000000000300, -2.439454888092391400E-016 ) ) ;
#6548 = ADVANCED_FACE ( 'NONE', ( #4010 ), #1731, .F. ) ;
#6547 = ORIENTED_EDGE ( 'NONE', *, *, #4847, .T. ) ;
#6549 = DIRECTION ( 'NONE',  ( 0.0000000000000000000, 1.000000000000000000, 0.0000000000000000000 ) ) ;
#6550 = EDGE_LOOP ( 'NONE', ( #4199, #5732, #8271, #117 ) ) ;
#6551 = LINE ( 'NONE', #386, #2774 ) ;
#6552 = VECTOR ( 'NONE', #4115, 1000.000000000000000 ) ;
#6553 = EDGE_LOOP ( 'NONE', ( #6530, #1343, #4629, #961 ) ) ;
#6554 = DIRECTION ( 'NONE',  ( -1.000000000000000000, -0.0000000000000000000, 3.942553354492742500E-016 ) ) ;
#6555 =( LENGTH_UNIT ( ) NAMED_UNIT ( * ) SI_UNIT ( .MILLI., .METRE. ) );
#6556 = CARTESIAN_POINT ( 'NONE',  ( -0.09999999999999939500, 0.1000000000000000100, 1.450000000000000000 ) ) ;
#6557 = PRESENTATION_STYLE_ASSIGNMENT (( #3941 ) ) ;
#6558 = CARTESIAN_POINT ( 'NONE',  ( -0.4499999999999999600, 0.1000000000000000500, 0.7000000000000000700 ) ) ;
#6559 = EDGE_CURVE ( 'NONE', #7274, #7838, #2133, .T. ) ;
#6560 = FACE_OUTER_BOUND ( 'NONE', #8345, .T. ) ;
#6561 = CARTESIAN_POINT ( 'NONE',  ( 0.4499999999999998400, 0.0000000000000000000, -1.099999999999999900 ) ) ;
#6562 = CARTESIAN_POINT ( 'NONE',  ( -0.4499999999999998400, 0.1000000000000000500, -0.6999999999999998400 ) ) ;
#6563 = ORIENTED_EDGE ( 'NONE', *, *, #5405, .F. ) ;
#6564 = UNCERTAINTY_MEASURE_WITH_UNIT (LENGTH_MEASURE( 1.000000000000000100E-005 ), #2369, 'distance_accuracy_value', 'NONE');
#6565 = CARTESIAN_POINT ( 'NONE',  ( 1.000000000000000000, 0.0000000000000000000, 1.500000000000000000 ) ) ;
#6566 = DIRECTION ( 'NONE',  ( 3.942553354492742500E-016, -0.0000000000000000000, 1.000000000000000000 ) ) ;
#6567 = LINE ( 'NONE', #3042, #5438 ) ;
#6568 = ORIENTED_EDGE ( 'NONE', *, *, #6856, .F. ) ;
#6569 = VECTOR ( 'NONE', #8398, 1000.000000000000000 ) ;
#6570 = COLOUR_RGB ( '',0.2509803921568627400, 0.2509803921568627400, 0.2509803921568627400 ) ;
#6571 = MECHANICAL_DESIGN_GEOMETRIC_PRESENTATION_REPRESENTATION (  '', ( #6448 ), #711 ) ;
#6572 = EDGE_CURVE ( 'NONE', #5524, #8532, #2030, .T. ) ;
#6573 = CARTESIAN_POINT ( 'NONE',  ( -0.4499999999999999600, 0.6852349955359816600, 0.2999999999999999300 ) ) ;
#6574 = LINE ( 'NONE', #1332, #4339 ) ;
#6575 = COLOUR_RGB ( '',0.2509803921568627400, 0.2509803921568627400, 0.2509803921568627400 ) ;
#6576 = LINE ( 'NONE', #8313, #268 ) ;
#6577 =( NAMED_UNIT ( * ) PLANE_ANGLE_UNIT ( ) SI_UNIT ( $, .RADIAN. ) );
#6578 = LINE ( 'NONE', #8419, #1162 ) ;
#6579 = ORIENTED_EDGE ( 'NONE', *, *, #6372, .T. ) ;
#6580 = EDGE_CURVE ( 'NONE', #774, #3411, #3665, .T. ) ;
#6581 = FILL_AREA_STYLE ('',( #6359 ) ) ;
#6582 = VECTOR ( 'NONE', #441, 1000.000000000000000 ) ;
#6583 = DIRECTION ( 'NONE',  ( 3.942553354492742500E-016, -0.0000000000000000000, 1.000000000000000000 ) ) ;
#6584 = CARTESIAN_POINT ( 'NONE',  ( 1.000000000000000000, 0.1000000000000000500, 0.2999999999999999300 ) ) ;
#6585 =( GEOMETRIC_REPRESENTATION_CONTEXT ( 3 ) GLOBAL_UNCERTAINTY_ASSIGNED_CONTEXT ( ( #5140 ) ) GLOBAL_UNIT_ASSIGNED_CONTEXT ( ( #2266, #4441, #5127 ) ) REPRESENTATION_CONTEXT ( 'NONE', 'WORKASPACE' ) );
#6586 = COLOUR_RGB ( '',0.2509803921568627400, 0.2509803921568627400, 0.2509803921568627400 ) ;
#6587 = ORIENTED_EDGE ( 'NONE', *, *, #5516, .T. ) ;
#6588 = DIRECTION ( 'NONE',  ( 3.942553354492742500E-016, 0.0000000000000000000, 1.000000000000000000 ) ) ;
#6589 = AXIS2_PLACEMENT_3D ( 'NONE', #1390, #4184, #6316 ) ;
#6590 = CARTESIAN_POINT ( 'NONE',  ( -0.2999999999999997100, 0.6852349955359814400, -2.000000000000000000 ) ) ;
#6591 = SURFACE_STYLE_FILL_AREA ( #7241 ) ;
#6592 = FILL_AREA_STYLE ('',( #255 ) ) ;
#6593 = AXIS2_PLACEMENT_3D ( 'NONE', #7833, #8534, #2776 ) ;
#6594 = ORIENTED_EDGE ( 'NONE', *, *, #8234, .T. ) ;
#6595 = LINE ( 'NONE', #656, #7712 ) ;
#6596 = VECTOR ( 'NONE', #5787, 1000.000000000000000 ) ;
#6597 = CARTESIAN_POINT ( 'NONE',  ( 0.4499999999999999600, 0.1000000000000000500, 0.7000000000000000700 ) ) ;
#6598 = EDGE_CURVE ( 'NONE', #1530, #3020, #9172, .T. ) ;
#6599 = LINE ( 'NONE', #1294, #6376 ) ;
#6600 = DIRECTION ( 'NONE',  ( 2.956915015869556800E-016, 0.0000000000000000000, 1.000000000000000000 ) ) ;
#6601 = DIRECTION ( 'NONE',  ( 0.0000000000000000000, -1.000000000000000000, 0.0000000000000000000 ) ) ;
#6602 = ORIENTED_EDGE ( 'NONE', *, *, #612, .T. ) ;
#6603 = VECTOR ( 'NONE', #5855, 1000.000000000000000 ) ;
#6604 = STYLED_ITEM ( 'NONE', ( #7268 ), #5833 ) ;
#6605 = PLANE ( 'NONE',  #4446 ) ;
#6606 = ADVANCED_FACE ( 'NONE', ( #6146 ), #2484, .T. ) ;
#6607 = EDGE_CURVE ( 'NONE', #718, #5305, #4882, .T. ) ;
#6608 = UNCERTAINTY_MEASURE_WITH_UNIT (LENGTH_MEASURE( 1.000000000000000100E-005 ), #8135, 'distance_accuracy_value', 'NONE');
#6609 = CARTESIAN_POINT ( 'NONE',  ( 0.9999999999999995600, 5.572135954999580100, -2.000000000000000000 ) ) ;
#6610 = PLANE ( 'NONE',  #8079 ) ;
#6611 = VERTEX_POINT ( 'NONE', #787 ) ;
#6612 = EDGE_CURVE ( 'NONE', #2956, #8906, #5104, .T. ) ;
#6613 = FILL_AREA_STYLE ('',( #4490 ) ) ;
#6614 = CARTESIAN_POINT ( 'NONE',  ( 0.4499999999999999600, 0.0000000000000000000, -1.700000000000000200 ) ) ;
#6615 = VERTEX_POINT ( 'NONE', #2218 ) ;
#6616 =( GEOMETRIC_REPRESENTATION_CONTEXT ( 3 ) GLOBAL_UNCERTAINTY_ASSIGNED_CONTEXT ( ( #1632 ) ) GLOBAL_UNIT_ASSIGNED_CONTEXT ( ( #328, #8109, #8896 ) ) REPRESENTATION_CONTEXT ( 'NONE', 'WORKASPACE' ) );
#6617 = FACE_OUTER_BOUND ( 'NONE', #3185, .T. ) ;
#6618 = DIRECTION ( 'NONE',  ( 0.0000000000000000000, 0.0000000000000000000, -1.000000000000000000 ) ) ;
#6619 = VERTEX_POINT ( 'NONE', #273 ) ;
#6620 = PLANE ( 'NONE',  #8807 ) ;
#6621 = EDGE_CURVE ( 'NONE', #1951, #8658, #7014, .T. ) ;
#6622 = CARTESIAN_POINT ( 'NONE',  ( 0.0000000000000000000, 0.1000000000000000100, 0.0000000000000000000 ) ) ;
#6623 = VECTOR ( 'NONE', #4650, 1000.000000000000000 ) ;
#6624 = ORIENTED_EDGE ( 'NONE', *, *, #2926, .F. ) ;
#6625 = CARTESIAN_POINT ( 'NONE',  ( 1.000000000000000000, 0.6852349955359816600, 0.7000000000000000700 ) ) ;
#6626 = STYLED_ITEM ( 'NONE', ( #7363 ), #7257 ) ;
#6627 = EDGE_LOOP ( 'NONE', ( #2873, #831, #222, #6046 ) ) ;
#6628 = VECTOR ( 'NONE', #3396, 1000.000000000000000 ) ;
#6629 = VERTEX_POINT ( 'NONE', #3083 ) ;
#6630 = ORIENTED_EDGE ( 'NONE', *, *, #6259, .T. ) ;
#6631 = FILL_AREA_STYLE ('',( #3080 ) ) ;
#6632 = AXIS2_PLACEMENT_3D ( 'NONE', #5715, #8606, #1499 ) ;
#6633 = ORIENTED_EDGE ( 'NONE', *, *, #8550, .F. ) ;
#6634 = ORIENTED_EDGE ( 'NONE', *, *, #394, .F. ) ;
#6635 = VECTOR ( 'NONE', #5232, 1000.000000000000000 ) ;
#6636 =( LENGTH_UNIT ( ) NAMED_UNIT ( * ) SI_UNIT ( .MILLI., .METRE. ) );
#6637 = ORIENTED_EDGE ( 'NONE', *, *, #7430, .T. ) ;
#6638 = FILL_AREA_STYLE_COLOUR ( '', #4761 ) ;
#6639 = VERTEX_POINT ( 'NONE', #5181 ) ;
#6640 = SURFACE_SIDE_STYLE ('',( #8949 ) ) ;
#6641 = EDGE_CURVE ( 'NONE', #2501, #1540, #8708, .T. ) ;
#6642 = DIRECTION ( 'NONE',  ( 5.421010862427526100E-016, 0.0000000000000000000, -1.000000000000000000 ) ) ;
#6643 = VERTEX_POINT ( 'NONE', #1282 ) ;
#6644 = LINE ( 'NONE', #7639, #3725 ) ;
#6645 = AXIS2_PLACEMENT_3D ( 'NONE', #7018, #3480, #4343 ) ;
#6646 = SURFACE_STYLE_USAGE ( .BOTH. , #5905 ) ;
#6647 = CARTESIAN_POINT ( 'NONE',  ( -1.000000000000000000, 0.0000000000000000000, 0.3000000000000001600 ) ) ;
#6648 = VERTEX_POINT ( 'NONE', #7707 ) ;
#6649 = PRESENTATION_LAYER_ASSIGNMENT (  '', '', ( #6178 ) ) ;
#6650 = STYLED_ITEM ( 'NONE', ( #5778 ), #3192 ) ;
#6651 = VECTOR ( 'NONE', #6324, 1000.000000000000000 ) ;
#6652 = DIRECTION ( 'NONE',  ( 0.0000000000000000000, -1.000000000000000000, 0.0000000000000000000 ) ) ;
#6653 = ADVANCED_FACE ( 'NONE', ( #1490 ), #4027, .F. ) ;
#6654 = VERTEX_POINT ( 'NONE', #1978 ) ;
#6655 = CARTESIAN_POINT ( 'NONE',  ( -0.4499999999999999600, 0.6852349955359816600, -1.700000000000000200 ) ) ;
#6656 = ORIENTED_EDGE ( 'NONE', *, *, #6612, .T. ) ;
#6657 = EDGE_CURVE ( 'NONE', #2991, #2909, #6578, .T. ) ;
#6658 = CARTESIAN_POINT ( 'NONE',  ( -0.4499999999999999600, 0.1000000000000000500, 0.7000000000000000700 ) ) ;
#6659 = UNCERTAINTY_MEASURE_WITH_UNIT (LENGTH_MEASURE( 1.000000000000000100E-005 ), #6680, 'distance_accuracy_value', 'NONE');
#6660 = SURFACE_STYLE_FILL_AREA ( #7549 ) ;
#6661 = MECHANICAL_DESIGN_GEOMETRIC_PRESENTATION_REPRESENTATION (  '', ( #2192 ), #7797 ) ;
#6662 = VECTOR ( 'NONE', #8943, 1000.000000000000000 ) ;
#6663 = EDGE_CURVE ( 'NONE', #6412, #3033, #1715, .T. ) ;
#6664 = VERTEX_POINT ( 'NONE', #4124 ) ;
#6665 = CARTESIAN_POINT ( 'NONE',  ( 0.4499999999999999600, 0.1000000000000000500, -1.700000000000000200 ) ) ;
#6666 = DIRECTION ( 'NONE',  ( -0.0000000000000000000, -1.000000000000000000, -0.0000000000000000000 ) ) ;
#6667 = CARTESIAN_POINT ( 'NONE',  ( 0.4499999999999989000, 0.05000000000000000300, -2.439454888092380500E-016 ) ) ;
#6668 = LINE ( 'NONE', #3163, #8694 ) ;
#6669 = DIRECTION ( 'NONE',  ( -0.0000000000000000000, -1.000000000000000000, -0.0000000000000000000 ) ) ;
#6670 = FACE_OUTER_BOUND ( 'NONE', #864, .T. ) ;
#6671 = ORIENTED_EDGE ( 'NONE', *, *, #4677, .T. ) ;
#6672 = DIRECTION ( 'NONE',  ( 0.0000000000000000000, -1.000000000000000000, 0.0000000000000000000 ) ) ;
#6673 = VECTOR ( 'NONE', #1960, 1000.000000000000000 ) ;
#6674 = FILL_AREA_STYLE_COLOUR ( '', #7218 ) ;
#6675 = FACE_OUTER_BOUND ( 'NONE', #2088, .T. ) ;
#6676 = ADVANCED_FACE ( 'NONE', ( #1166 ), #5035, .T. ) ;
#6677 = AXIS2_PLACEMENT_3D ( 'NONE', #8443, #6250, #7768 ) ;
#6678 = EDGE_CURVE ( 'NONE', #4268, #2398, #6021, .T. ) ;
#6679 = FILL_AREA_STYLE ('',( #5226 ) ) ;
#6680 =( LENGTH_UNIT ( ) NAMED_UNIT ( * ) SI_UNIT ( .MILLI., .METRE. ) );
#6681 = DIRECTION ( 'NONE',  ( -0.0000000000000000000, -0.0000000000000000000, 1.000000000000000000 ) ) ;
#6682 = PRESENTATION_STYLE_ASSIGNMENT (( #1229 ) ) ;
#6683 = CARTESIAN_POINT ( 'NONE',  ( 0.9999999999999995600, 0.05000000000000000300, 2.000000000000000000 ) ) ;
#6684 = VERTEX_POINT ( 'NONE', #340 ) ;
#6685 = DIRECTION ( 'NONE',  ( 0.0000000000000000000, 1.000000000000000000, 0.0000000000000000000 ) ) ;
#6686 = ADVANCED_FACE ( 'NONE', ( #8268 ), #3917, .F. ) ;
#6687 = PLANE ( 'NONE',  #1752 ) ;
#6688 = ORIENTED_EDGE ( 'NONE', *, *, #3842, .F. ) ;
#6689 = PRESENTATION_STYLE_ASSIGNMENT (( #4859 ) ) ;
#6690 = DIRECTION ( 'NONE',  ( 0.0000000000000000000, 0.0000000000000000000, -1.000000000000000000 ) ) ;
#6691 = VECTOR ( 'NONE', #3303, 1000.000000000000000 ) ;
#6692 = SURFACE_SIDE_STYLE ('',( #8689 ) ) ;
#6693 = PRESENTATION_LAYER_ASSIGNMENT (  '', '', ( #996 ) ) ;
#6694 = COLOUR_RGB ( '',0.2509803921568627400, 0.2509803921568627400, 0.2509803921568627400 ) ;
#6695 = VERTEX_POINT ( 'NONE', #7231 ) ;
#6696 = DIRECTION ( 'NONE',  ( -3.942553354492742500E-016, 0.0000000000000000000, -1.000000000000000000 ) ) ;
#6697 = PRESENTATION_STYLE_ASSIGNMENT (( #8979 ) ) ;
#6698 = SURFACE_SIDE_STYLE ('',( #47 ) ) ;
#6699 = DIRECTION ( 'NONE',  ( -1.000000000000000000, 0.0000000000000000000, 3.942553354492742500E-016 ) ) ;
#6700 = VECTOR ( 'NONE', #6198, 1000.000000000000000 ) ;
#6701 = SURFACE_STYLE_USAGE ( .BOTH. , #329 ) ;
#6702 = ADVANCED_FACE ( 'NONE', ( #604 ), #6862, .F. ) ;
#6703 = CARTESIAN_POINT ( 'NONE',  ( -0.4499999999999998400, 0.6852349955359816600, 0.9000000000000000200 ) ) ;
#6704 = LINE ( 'NONE', #3297, #2915 ) ;
#6705 = MECHANICAL_DESIGN_GEOMETRIC_PRESENTATION_REPRESENTATION (  '', ( #1244 ), #4480 ) ;
#6706 = VECTOR ( 'NONE', #1517, 1000.000000000000000 ) ;
#6707 = SURFACE_SIDE_STYLE ('',( #3239 ) ) ;
#6708 = ORIENTED_EDGE ( 'NONE', *, *, #5762, .T. ) ;
#6709 =( NAMED_UNIT ( * ) SI_UNIT ( $, .STERADIAN. ) SOLID_ANGLE_UNIT ( ) );
#6710 = CARTESIAN_POINT ( 'NONE',  ( -0.4499999999999999600, 0.6852349955359816600, 1.900000000000000100 ) ) ;
#6711 = VECTOR ( 'NONE', #5274, 1000.000000000000000 ) ;
#6712 = PRESENTATION_LAYER_ASSIGNMENT (  '', '', ( #2064 ) ) ;
#6713 = CARTESIAN_POINT ( 'NONE',  ( -0.4499999999999999600, 0.6852349955359816600, 1.900000000000000100 ) ) ;
#6714 = DIRECTION ( 'NONE',  ( -0.0000000000000000000, -1.000000000000000000, -0.0000000000000000000 ) ) ;
#6715 = PLANE ( 'NONE',  #5561 ) ;
#6716 = ORIENTED_EDGE ( 'NONE', *, *, #5645, .F. ) ;
#6717 = FACE_OUTER_BOUND ( 'NONE', #6417, .T. ) ;
#6718 = LINE ( 'NONE', #7699, #2819 ) ;
#6719 = AXIS2_PLACEMENT_3D ( 'NONE', #8453, #6915, #2678 ) ;
#6720 = AXIS2_PLACEMENT_3D ( 'NONE', #4364, #1580, #6520 ) ;
#6721 = SURFACE_STYLE_USAGE ( .BOTH. , #4537 ) ;
#6722 = SURFACE_SIDE_STYLE ('',( #228 ) ) ;
#6723 =( GEOMETRIC_REPRESENTATION_CONTEXT ( 3 ) GLOBAL_UNCERTAINTY_ASSIGNED_CONTEXT ( ( #8616 ) ) GLOBAL_UNIT_ASSIGNED_CONTEXT ( ( #1864, #8199, #2435 ) ) REPRESENTATION_CONTEXT ( 'NONE', 'WORKASPACE' ) );
#6724 = VECTOR ( 'NONE', #3308, 1000.000000000000000 ) ;
#6725 = CARTESIAN_POINT ( 'NONE',  ( -0.4499999999999999600, 0.0000000000000000000, 1.500000000000000000 ) ) ;
#6726 = EDGE_LOOP ( 'NONE', ( #6798, #5759, #6594, #9130 ) ) ;
#6727 = CARTESIAN_POINT ( 'NONE',  ( -1.000000000000000200, 0.1000000000000002600, 1.099999999999999900 ) ) ;
#6728 = PLANE ( 'NONE',  #2272 ) ;
#6729 = EDGE_CURVE ( 'NONE', #5539, #4760, #6576, .T. ) ;
#6730 = EDGE_CURVE ( 'NONE', #9030, #660, #1042, .T. ) ;
#6731 = CARTESIAN_POINT ( 'NONE',  ( -0.09999999999999971400, 0.6852349955359814400, -2.000000000000000000 ) ) ;
#6732 = LINE ( 'NONE', #179, #3692 ) ;
#6733 = DIRECTION ( 'NONE',  ( 1.000000000000000000, -0.0000000000000000000, 0.0000000000000000000 ) ) ;
#6734 = DIRECTION ( 'NONE',  ( -3.942553354492742500E-016, 0.0000000000000000000, -1.000000000000000000 ) ) ;
#6735 = SURFACE_STYLE_FILL_AREA ( #599 ) ;
#6736 = CARTESIAN_POINT ( 'NONE',  ( -0.4499999999999999600, 0.6852349955359816600, 1.500000000000000000 ) ) ;
#6737 = EDGE_LOOP ( 'NONE', ( #7971, #1004, #8294, #350 ) ) ;
#6738 = LINE ( 'NONE', #4409, #2271 ) ;
#6739 = DIRECTION ( 'NONE',  ( 1.000000000000000000, 0.0000000000000000000, -5.421010862427526100E-016 ) ) ;
#6740 = CARTESIAN_POINT ( 'NONE',  ( 1.000000000000000000, 0.0000000000000000000, -1.900000000000000100 ) ) ;
#6741 = CARTESIAN_POINT ( 'NONE',  ( 1.000000000000000000, 0.6852349955359816600, 0.8999999999999998000 ) ) ;
#6742 = DIRECTION ( 'NONE',  ( -1.971276677246371500E-016, 0.0000000000000000000, -1.000000000000000000 ) ) ;
#6743 = CARTESIAN_POINT ( 'NONE',  ( 0.4499999999999999600, 0.1000000000000000500, -1.300000000000000300 ) ) ;
#6744 = LINE ( 'NONE', #3472, #2836 ) ;
#6745 = SURFACE_STYLE_USAGE ( .BOTH. , #2417 ) ;
#6746 = ORIENTED_EDGE ( 'NONE', *, *, #4463, .F. ) ;
#6747 = ORIENTED_EDGE ( 'NONE', *, *, #1038, .T. ) ;
#6748 = FACE_OUTER_BOUND ( 'NONE', #1132, .T. ) ;
#6749 = CARTESIAN_POINT ( 'NONE',  ( 0.4499999999999998400, 0.1000000000000000500, -1.899999999999999900 ) ) ;
#6750 = ORIENTED_EDGE ( 'NONE', *, *, #7921, .F. ) ;
#6751 = CARTESIAN_POINT ( 'NONE',  ( 0.9999999999999995600, 0.5500000000000001600, 2.000000000000000000 ) ) ;
#6752 = FILL_AREA_STYLE_COLOUR ( '', #224 ) ;
#6753 = PLANE ( 'NONE',  #3883 ) ;
#6754 = VERTEX_POINT ( 'NONE', #4044 ) ;
#6755 = CARTESIAN_POINT ( 'NONE',  ( 0.4499999999999998400, 0.1000000000000000500, -1.099999999999999900 ) ) ;
#6756 =( GEOMETRIC_REPRESENTATION_CONTEXT ( 3 ) GLOBAL_UNCERTAINTY_ASSIGNED_CONTEXT ( ( #6608 ) ) GLOBAL_UNIT_ASSIGNED_CONTEXT ( ( #8135, #3218, #8852 ) ) REPRESENTATION_CONTEXT ( 'NONE', 'WORKASPACE' ) );
#6757 =( LENGTH_UNIT ( ) NAMED_UNIT ( * ) SI_UNIT ( .MILLI., .METRE. ) );
#6758 = VERTEX_POINT ( 'NONE', #4701 ) ;
#6759 = LINE ( 'NONE', #6980, #5845 ) ;
#6760 = ORIENTED_EDGE ( 'NONE', *, *, #3221, .T. ) ;
#6761 = EDGE_CURVE ( 'NONE', #5455, #1761, #3121, .T. ) ;
#6762 = VERTEX_POINT ( 'NONE', #8938 ) ;
#6763 = DIRECTION ( 'NONE',  ( 1.000000000000000000, 0.0000000000000000000, -3.942553354492742500E-016 ) ) ;
#6764 = FILL_AREA_STYLE_COLOUR ( '', #4889 ) ;
#6765 = EDGE_LOOP ( 'NONE', ( #5152, #5535, #4248, #7074 ) ) ;
#6766 = PRESENTATION_STYLE_ASSIGNMENT (( #364 ) ) ;
#6767 = CARTESIAN_POINT ( 'NONE',  ( 0.4499999999999998400, 0.1000000000000000500, 0.5000000000000002200 ) ) ;
#6768 = FILL_AREA_STYLE ('',( #7604 ) ) ;
#6769 = ORIENTED_EDGE ( 'NONE', *, *, #8892, .T. ) ;
#6770 = CARTESIAN_POINT ( 'NONE',  ( -0.09999999999999971400, 0.6852349955359814400, -1.450000000000000000 ) ) ;
#6771 = CARTESIAN_POINT ( 'NONE',  ( 0.0000000000000000000, 0.1000000000000000100, 0.0000000000000000000 ) ) ;
#6772 = SURFACE_STYLE_FILL_AREA ( #7683 ) ;
#6773 = ORIENTED_EDGE ( 'NONE', *, *, #7144, .F. ) ;
#6774 = PRESENTATION_LAYER_ASSIGNMENT (  '', '', ( #7004 ) ) ;
#6775 = DIRECTION ( 'NONE',  ( -5.421010862427526100E-016, 0.0000000000000000000, -1.000000000000000000 ) ) ;
#6776 = CARTESIAN_POINT ( 'NONE',  ( 0.4499999999999999600, 0.1000000000000000500, 1.900000000000000100 ) ) ;
#6777 = ORIENTED_EDGE ( 'NONE', *, *, #3910, .T. ) ;
#6778 = PRESENTATION_LAYER_ASSIGNMENT (  '', '', ( #6942 ) ) ;
#6779 = VECTOR ( 'NONE', #7464, 1000.000000000000000 ) ;
#6780 = EDGE_CURVE ( 'NONE', #3627, #8452, #4111, .T. ) ;
#6781 = VECTOR ( 'NONE', #2624, 1000.000000000000000 ) ;
#6782 = CARTESIAN_POINT ( 'NONE',  ( -3.942553354492751300E-017, 0.05000000000000000300, 0.1000000000000002300 ) ) ;
#6783 = ADVANCED_FACE ( 'NONE', ( #5672 ), #5348, .T. ) ;
#6784 = VERTEX_POINT ( 'NONE', #7616 ) ;
#6785 = DIRECTION ( 'NONE',  ( 0.0000000000000000000, 1.000000000000000000, 0.0000000000000000000 ) ) ;
#6786 = DIRECTION ( 'NONE',  ( 5.421010862427526100E-016, -0.0000000000000000000, 1.000000000000000000 ) ) ;
#6787 = UNCERTAINTY_MEASURE_WITH_UNIT (LENGTH_MEASURE( 1.000000000000000100E-005 ), #5911, 'distance_accuracy_value', 'NONE');
#6788 = VECTOR ( 'NONE', #8406, 1000.000000000000000 ) ;
#6789 = EDGE_CURVE ( 'NONE', #1614, #344, #378, .T. ) ;
#6790 = FACE_OUTER_BOUND ( 'NONE', #5431, .T. ) ;
#6791 = VERTEX_POINT ( 'NONE', #2524 ) ;
#6792 = CARTESIAN_POINT ( 'NONE',  ( 0.4499999999999999600, 0.1000000000000000500, -1.300000000000000300 ) ) ;
#6793 =( GEOMETRIC_REPRESENTATION_CONTEXT ( 3 ) GLOBAL_UNCERTAINTY_ASSIGNED_CONTEXT ( ( #9222 ) ) GLOBAL_UNIT_ASSIGNED_CONTEXT ( ( #437, #8265, #3924 ) ) REPRESENTATION_CONTEXT ( 'NONE', 'WORKASPACE' ) );
#6794 = EDGE_CURVE ( 'NONE', #3729, #2384, #2021, .T. ) ;
#6795 = VECTOR ( 'NONE', #4871, 1000.000000000000000 ) ;
#6796 = VECTOR ( 'NONE', #7711, 1000.000000000000000 ) ;
#6797 = CARTESIAN_POINT ( 'NONE',  ( 0.4499999999999999600, 0.0000000000000000000, -0.9000000000000001300 ) ) ;
#6798 = ORIENTED_EDGE ( 'NONE', *, *, #4847, .F. ) ;
#6799 = ADVANCED_FACE ( 'NONE', ( #6349 ), #1149, .F. ) ;
#6800 = EDGE_CURVE ( 'NONE', #1226, #3580, #8376, .T. ) ;
#6801 = CARTESIAN_POINT ( 'NONE',  ( -0.4499999999999998400, 0.6852349955359816600, 0.9000000000000000200 ) ) ;
#6802 = CARTESIAN_POINT ( 'NONE',  ( -1.000000000000000000, 0.1000000000000000500, 0.3000000000000001600 ) ) ;
#6803 = SURFACE_STYLE_USAGE ( .BOTH. , #5283 ) ;
#6804 = LINE ( 'NONE', #3784, #8022 ) ;
#6805 = FACE_OUTER_BOUND ( 'NONE', #6737, .T. ) ;
#6806 = AXIS2_PLACEMENT_3D ( 'NONE', #3945, #1884, #3291 ) ;
#6807 = FILL_AREA_STYLE ('',( #1200 ) ) ;
#6808 = CARTESIAN_POINT ( 'NONE',  ( 0.1000000000000003100, 0.1000000000000000100, -2.000000000000000000 ) ) ;
#6809 = ORIENTED_EDGE ( 'NONE', *, *, #6657, .T. ) ;
#6810 = CARTESIAN_POINT ( 'NONE',  ( 0.3000000000000003200, 0.6852349955359814400, -1.450000000000000000 ) ) ;
#6811 = CARTESIAN_POINT ( 'NONE',  ( 0.4499999999999999600, 0.1000000000000000500, 0.7000000000000000700 ) ) ;
#6812 =( GEOMETRIC_REPRESENTATION_CONTEXT ( 3 ) GLOBAL_UNCERTAINTY_ASSIGNED_CONTEXT ( ( #1231 ) ) GLOBAL_UNIT_ASSIGNED_CONTEXT ( ( #3245, #4676, #6045 ) ) REPRESENTATION_CONTEXT ( 'NONE', 'WORKASPACE' ) );
#6813 = DIRECTION ( 'NONE',  ( 0.0000000000000000000, 0.0000000000000000000, -1.000000000000000000 ) ) ;
#6814 = LINE ( 'NONE', #5006, #4129 ) ;
#6815 = ORIENTED_EDGE ( 'NONE', *, *, #5585, .F. ) ;
#6816 = DIRECTION ( 'NONE',  ( 1.000000000000000000, 0.0000000000000000000, 3.942553354492742500E-016 ) ) ;
#6817 = DIRECTION ( 'NONE',  ( 1.000000000000000000, -0.0000000000000000000, 0.0000000000000000000 ) ) ;
#6818 = AXIS2_PLACEMENT_3D ( 'NONE', #8817, #5235, #8919 ) ;
#6819 = DIRECTION ( 'NONE',  ( 0.0000000000000000000, -1.000000000000000000, 0.0000000000000000000 ) ) ;
#6820 = ADVANCED_FACE ( 'NONE', ( #6459 ), #7513, .T. ) ;
#6821 = SURFACE_STYLE_FILL_AREA ( #8879 ) ;
#6822 = LINE ( 'NONE', #2198, #730 ) ;
#6823 =( LENGTH_UNIT ( ) NAMED_UNIT ( * ) SI_UNIT ( .MILLI., .METRE. ) );
#6824 = EDGE_LOOP ( 'NONE', ( #129, #5067, #359, #2061 ) ) ;
#6825 = ADVANCED_FACE ( 'NONE', ( #5424 ), #7640, .T. ) ;
#6826 = LINE ( 'NONE', #8005, #3023 ) ;
#6827 = EDGE_CURVE ( 'NONE', #6193, #6924, #4946, .T. ) ;
#6828 = AXIS2_PLACEMENT_3D ( 'NONE', #9018, #3898, #6816 ) ;
#6829 = PLANE ( 'NONE',  #3890 ) ;
#6830 = CARTESIAN_POINT ( 'NONE',  ( 0.4499999999999999600, 0.1000000000000000500, 1.500000000000000000 ) ) ;
#6831 = ORIENTED_EDGE ( 'NONE', *, *, #8308, .F. ) ;
#6832 = SURFACE_SIDE_STYLE ('',( #6660 ) ) ;
#6833 = FILL_AREA_STYLE_COLOUR ( '', #2467 ) ;
#6834 = UNCERTAINTY_MEASURE_WITH_UNIT (LENGTH_MEASURE( 1.000000000000000100E-005 ), #1824, 'distance_accuracy_value', 'NONE');
#6835 = CARTESIAN_POINT ( 'NONE',  ( -0.09999999999999939500, 0.0000000000000000000, 1.450000000000000000 ) ) ;
#6836 = CARTESIAN_POINT ( 'NONE',  ( 0.0000000000000000000, 0.05000000000000000300, -1.450000000000000000 ) ) ;
#6837 = VERTEX_POINT ( 'NONE', #7671 ) ;
#6838 = ADVANCED_FACE ( 'NONE', ( #6675 ), #4792, .T. ) ;
#6839 = PRESENTATION_LAYER_ASSIGNMENT (  '', '', ( #5388 ) ) ;
#6840 = CARTESIAN_POINT ( 'NONE',  ( -0.4499999999999999600, 0.0000000000000000000, -0.1000000000000000500 ) ) ;
#6841 = STYLED_ITEM ( 'NONE', ( #2874 ), #4022 ) ;
#6842 = UNCERTAINTY_MEASURE_WITH_UNIT (LENGTH_MEASURE( 1.000000000000000100E-005 ), #6823, 'distance_accuracy_value', 'NONE');
#6843 = DIRECTION ( 'NONE',  ( -5.421010862427526100E-016, 0.0000000000000000000, 1.000000000000000000 ) ) ;
#6844 = CARTESIAN_POINT ( 'NONE',  ( 0.0000000000000000000, 0.0000000000000000000, 0.8000000000000000400 ) ) ;
#6845 = ORIENTED_EDGE ( 'NONE', *, *, #1010, .T. ) ;
#6846 = VECTOR ( 'NONE', #665, 1000.000000000000000 ) ;
#6847 = EDGE_CURVE ( 'NONE', #6130, #5419, #6268, .T. ) ;
#6848 = CARTESIAN_POINT ( 'NONE',  ( 0.4499999999999998400, 0.0000000000000000000, 1.700000000000000400 ) ) ;
#6849 = PLANE ( 'NONE',  #651 ) ;
#6850 = DIRECTION ( 'NONE',  ( -5.421010862427526100E-016, 0.0000000000000000000, 1.000000000000000000 ) ) ;
#6851 = VECTOR ( 'NONE', #7456, 1000.000000000000000 ) ;
#6852 = UNCERTAINTY_MEASURE_WITH_UNIT (LENGTH_MEASURE( 1.000000000000000100E-005 ), #5120, 'distance_accuracy_value', 'NONE');
#6853 = EDGE_LOOP ( 'NONE', ( #7101, #6253, #4276, #2122 ) ) ;
#6854 = VERTEX_POINT ( 'NONE', #8407 ) ;
#6855 =( GEOMETRIC_REPRESENTATION_CONTEXT ( 3 ) GLOBAL_UNCERTAINTY_ASSIGNED_CONTEXT ( ( #6162 ) ) GLOBAL_UNIT_ASSIGNED_CONTEXT ( ( #4934, #2824, #8651 ) ) REPRESENTATION_CONTEXT ( 'NONE', 'WORKASPACE' ) );
#6856 = EDGE_CURVE ( 'NONE', #8452, #5904, #6718, .T. ) ;
#6857 = ORIENTED_EDGE ( 'NONE', *, *, #4174, .F. ) ;
#6858 = DIRECTION ( 'NONE',  ( 1.971276677246371300E-016, 0.0000000000000000000, 1.000000000000000000 ) ) ;
#6859 = VERTEX_POINT ( 'NONE', #4076 ) ;
#6860 = CARTESIAN_POINT ( 'NONE',  ( -0.4499999999999999600, 0.1000000000000000500, 1.099999999999999900 ) ) ;
#6861 = FACE_OUTER_BOUND ( 'NONE', #7173, .T. ) ;
#6862 = PLANE ( 'NONE',  #6806 ) ;
#6863 = ORIENTED_EDGE ( 'NONE', *, *, #7911, .T. ) ;
#6864 = PLANE ( 'NONE',  #8467 ) ;
#6865 = DIRECTION ( 'NONE',  ( 1.000000000000000000, 0.0000000000000000000, 0.0000000000000000000 ) ) ;
#6866 = SURFACE_STYLE_FILL_AREA ( #1813 ) ;
#6867 = ORIENTED_EDGE ( 'NONE', *, *, #1902, .F. ) ;
#6868 = ORIENTED_EDGE ( 'NONE', *, *, #5337, .F. ) ;
#6869 = ORIENTED_EDGE ( 'NONE', *, *, #2183, .T. ) ;
#6870 = DIRECTION ( 'NONE',  ( -3.942553354492742500E-016, 0.0000000000000000000, -1.000000000000000000 ) ) ;
#6871 = AXIS2_PLACEMENT_3D ( 'NONE', #6123, #8873, #7517 ) ;
#6872 =( NAMED_UNIT ( * ) PLANE_ANGLE_UNIT ( ) SI_UNIT ( $, .RADIAN. ) );
#6873 = EDGE_LOOP ( 'NONE', ( #5061, #4041, #3415, #3422 ) ) ;
#6874 = VERTEX_POINT ( 'NONE', #7727 ) ;
#6875 = VECTOR ( 'NONE', #3548, 1000.000000000000000 ) ;
#6876 = SURFACE_STYLE_USAGE ( .BOTH. , #4742 ) ;
#6877 = ORIENTED_EDGE ( 'NONE', *, *, #1408, .F. ) ;
#6878 = CARTESIAN_POINT ( 'NONE',  ( -0.09999999999999971400, 0.1000000000000000100, -1.450000000000000000 ) ) ;
#6879 = DIRECTION ( 'NONE',  ( 0.0000000000000000000, -1.000000000000000000, 0.0000000000000000000 ) ) ;
#6880 = DIRECTION ( 'NONE',  ( 1.000000000000000000, -0.0000000000000000000, 3.942553354492742500E-016 ) ) ;
#6881 = VERTEX_POINT ( 'NONE', #8466 ) ;
#6882 = ORIENTED_EDGE ( 'NONE', *, *, #1902, .T. ) ;
#6883 =( GEOMETRIC_REPRESENTATION_CONTEXT ( 3 ) GLOBAL_UNCERTAINTY_ASSIGNED_CONTEXT ( ( #1916 ) ) GLOBAL_UNIT_ASSIGNED_CONTEXT ( ( #3695, #1639, #1610 ) ) REPRESENTATION_CONTEXT ( 'NONE', 'WORKASPACE' ) );
#6884 = DIRECTION ( 'NONE',  ( 5.421010862427526100E-016, 0.0000000000000000000, -1.000000000000000000 ) ) ;
#6885 = DIRECTION ( 'NONE',  ( 0.0000000000000000000, -1.000000000000000000, 0.0000000000000000000 ) ) ;
#6886 = DIRECTION ( 'NONE',  ( 0.0000000000000000000, 1.000000000000000000, 0.0000000000000000000 ) ) ;
#6887 = ADVANCED_FACE ( 'NONE', ( #1304 ), #2693, .F. ) ;
#6888 = CARTESIAN_POINT ( 'NONE',  ( -0.4499999999999999600, 0.0000000000000000000, 1.099999999999999900 ) ) ;
#6889 = VERTEX_POINT ( 'NONE', #3471 ) ;
#6890 = PRESENTATION_LAYER_ASSIGNMENT (  '', '', ( #8340 ) ) ;
#6891 =( NAMED_UNIT ( * ) SI_UNIT ( $, .STERADIAN. ) SOLID_ANGLE_UNIT ( ) );
#6892 = LINE ( 'NONE', #8049, #1021 ) ;
#6893 = CARTESIAN_POINT ( 'NONE',  ( -0.4499999999999998400, 0.6852349955359816600, 1.700000000000000400 ) ) ;
#6894 = ORIENTED_EDGE ( 'NONE', *, *, #3678, .F. ) ;
#6895 = FILL_AREA_STYLE ('',( #6833 ) ) ;
#6896 = PRODUCT_DEFINITION_FORMATION_WITH_SPECIFIED_SOURCE ( 'ANY', '', #5726, .NOT_KNOWN. ) ;
#6897 = DIRECTION ( 'NONE',  ( -0.0000000000000000000, -1.000000000000000000, -0.0000000000000000000 ) ) ;
#6898 = DIRECTION ( 'NONE',  ( 1.000000000000000000, 0.0000000000000000000, 3.942553354492742500E-016 ) ) ;
#6899 = MANIFOLD_SOLID_BREP ( 'LPattern4[5]', #3604 ) ;
#6900 = FACE_OUTER_BOUND ( 'NONE', #9107, .T. ) ;
#6901 = VECTOR ( 'NONE', #6306, 1000.000000000000000 ) ;
#6902 = VECTOR ( 'NONE', #198, 1000.000000000000000 ) ;
#6903 = ORIENTED_EDGE ( 'NONE', *, *, #6251, .F. ) ;
#6904 =( LENGTH_UNIT ( ) NAMED_UNIT ( * ) SI_UNIT ( .MILLI., .METRE. ) );
#6905 =( LENGTH_UNIT ( ) NAMED_UNIT ( * ) SI_UNIT ( .MILLI., .METRE. ) );
#6906 = EDGE_CURVE ( 'NONE', #4423, #4209, #5357, .T. ) ;
#6907 = PLANE ( 'NONE',  #1340 ) ;
#6908 = AXIS2_PLACEMENT_3D ( 'NONE', #829, #6525, #2260 ) ;
#6909 = CARTESIAN_POINT ( 'NONE',  ( -1.000000000000000000, 0.0000000000000000000, -0.4999999999999997800 ) ) ;
#6910 = ORIENTED_EDGE ( 'NONE', *, *, #1274, .T. ) ;
#6911 = ADVANCED_FACE ( 'NONE', ( #6369 ), #3782, .F. ) ;
#6912 = FACE_OUTER_BOUND ( 'NONE', #7644, .T. ) ;
#6913 =( GEOMETRIC_REPRESENTATION_CONTEXT ( 3 ) GLOBAL_UNCERTAINTY_ASSIGNED_CONTEXT ( ( #266 ) ) GLOBAL_UNIT_ASSIGNED_CONTEXT ( ( #889, #5829, #4672 ) ) REPRESENTATION_CONTEXT ( 'NONE', 'WORKASPACE' ) );
#6914 = ORIENTED_EDGE ( 'NONE', *, *, #5280, .F. ) ;
#6915 = DIRECTION ( 'NONE',  ( -3.942553354492742500E-016, 0.0000000000000000000, -1.000000000000000000 ) ) ;
#6916 = CARTESIAN_POINT ( 'NONE',  ( 0.4499999999999999600, 0.6852349955359816600, -1.300000000000000300 ) ) ;
#6917 = VECTOR ( 'NONE', #8157, 1000.000000000000000 ) ;
#6918 = CARTESIAN_POINT ( 'NONE',  ( 0.0000000000000000000, 0.0000000000000000000, 0.0000000000000000000 ) ) ;
#6919 = VECTOR ( 'NONE', #3337, 1000.000000000000000 ) ;
#6920 = EDGE_CURVE ( 'NONE', #7057, #3363, #3271, .T. ) ;
#6921 = CARTESIAN_POINT ( 'NONE',  ( -1.000000000000000000, 0.6852349955359816600, -1.700000000000000000 ) ) ;
#6922 = VECTOR ( 'NONE', #8107, 1000.000000000000000 ) ;
#6923 = DIRECTION ( 'NONE',  ( -3.942553354492742500E-016, 0.0000000000000000000, -1.000000000000000000 ) ) ;
#6924 = VERTEX_POINT ( 'NONE', #4451 ) ;
#6925 = FILL_AREA_STYLE ('',( #7695 ) ) ;
#6926 = LINE ( 'NONE', #4574, #2486 ) ;
#6927 = LINE ( 'NONE', #4341, #5005 ) ;
#6928 = STYLED_ITEM ( 'NONE', ( #4101 ), #926 ) ;
#6929 = ORIENTED_EDGE ( 'NONE', *, *, #7142, .T. ) ;
#6930 = PLANE ( 'NONE',  #6677 ) ;
#6931 = VECTOR ( 'NONE', #7777, 1000.000000000000000 ) ;
#6932 = EDGE_CURVE ( 'NONE', #7515, #7991, #1626, .T. ) ;
#6933 = VERTEX_POINT ( 'NONE', #7946 ) ;
#6934 = DIRECTION ( 'NONE',  ( 0.0000000000000000000, 1.000000000000000000, 0.0000000000000000000 ) ) ;
#6935 = CARTESIAN_POINT ( 'NONE',  ( 0.1000000000000003100, 0.1000000000000000100, -1.450000000000000000 ) ) ;
#6936 = DIRECTION ( 'NONE',  ( -1.000000000000000000, -0.0000000000000000000, 3.942553354492742500E-016 ) ) ;
#6937 = PRESENTATION_STYLE_ASSIGNMENT (( #5407 ) ) ;
#6938 = PLANE ( 'NONE',  #514 ) ;
#6939 = ORIENTED_EDGE ( 'NONE', *, *, #7585, .T. ) ;
#6940 = UNCERTAINTY_MEASURE_WITH_UNIT (LENGTH_MEASURE( 1.000000000000000100E-005 ), #2794, 'distance_accuracy_value', 'NONE');
#6941 = CARTESIAN_POINT ( 'NONE',  ( -0.4499999999999999600, 0.6852349955359816600, 1.500000000000000000 ) ) ;
#6942 = STYLED_ITEM ( 'NONE', ( #9024 ), #8853 ) ;
#6943 = EDGE_CURVE ( 'NONE', #7901, #6933, #2046, .T. ) ;
#6944 = DIRECTION ( 'NONE',  ( -0.0000000000000000000, -1.000000000000000000, -0.0000000000000000000 ) ) ;
#6945 = AXIS2_PLACEMENT_3D ( 'NONE', #6176, #8212, #8967 ) ;
#6946 = ADVANCED_FACE ( 'NONE', ( #414 ), #7222, .F. ) ;
#6947 = EDGE_LOOP ( 'NONE', ( #4816, #7606, #5243, #6296 ) ) ;
#6948 = VECTOR ( 'NONE', #8724, 1000.000000000000000 ) ;
#6949 = DIRECTION ( 'NONE',  ( -1.000000000000000000, -0.0000000000000000000, 3.942553354492742500E-016 ) ) ;
#6950 = EDGE_CURVE ( 'NONE', #5992, #8780, #1414, .T. ) ;
#6951 = VECTOR ( 'NONE', #3203, 1000.000000000000000 ) ;
#6952 = ORIENTED_EDGE ( 'NONE', *, *, #6621, .T. ) ;
#6953 = AXIS2_PLACEMENT_3D ( 'NONE', #8474, #3388, #4171 ) ;
#6954 = CARTESIAN_POINT ( 'NONE',  ( -0.4499999999999999600, 0.05000000000000002400, -1.700000000000000200 ) ) ;
#6955 = VERTEX_POINT ( 'NONE', #269 ) ;
#6956 = ORIENTED_EDGE ( 'NONE', *, *, #4258, .T. ) ;
#6957 = EDGE_CURVE ( 'NONE', #6615, #4419, #5587, .T. ) ;
#6958 = EDGE_CURVE ( 'NONE', #6968, #652, #6826, .T. ) ;
#6959 = DIRECTION ( 'NONE',  ( -1.000000000000000000, 0.0000000000000000000, -0.0000000000000000000 ) ) ;
#6960 = DIRECTION ( 'NONE',  ( 0.0000000000000000000, 0.0000000000000000000, 1.000000000000000000 ) ) ;
#6961 = VECTOR ( 'NONE', #2230, 1000.000000000000000 ) ;
#6962 = ORIENTED_EDGE ( 'NONE', *, *, #3579, .F. ) ;
#6963 = EDGE_CURVE ( 'NONE', #7421, #1218, #8508, .T. ) ;
#6964 = ORIENTED_EDGE ( 'NONE', *, *, #1723, .T. ) ;
#6965 = FACE_OUTER_BOUND ( 'NONE', #2163, .T. ) ;
#6966 = ORIENTED_EDGE ( 'NONE', *, *, #2365, .F. ) ;
#6967 =( NAMED_UNIT ( * ) PLANE_ANGLE_UNIT ( ) SI_UNIT ( $, .RADIAN. ) );
#6968 = VERTEX_POINT ( 'NONE', #3044 ) ;
#6969 = CARTESIAN_POINT ( 'NONE',  ( 0.0000000000000000000, 0.1000000000000000100, 0.0000000000000000000 ) ) ;
#6970 = VERTEX_POINT ( 'NONE', #3688 ) ;
#6971 = LINE ( 'NONE', #4347, #337 ) ;
#6972 = STYLED_ITEM ( 'NONE', ( #8491 ), #6838 ) ;
#6973 = CARTESIAN_POINT ( 'NONE',  ( -1.000000000000000000, 0.0000000000000000000, -1.700000000000000000 ) ) ;
#6974 = DIRECTION ( 'NONE',  ( 0.0000000000000000000, 0.0000000000000000000, -1.000000000000000000 ) ) ;
#6975 = EDGE_LOOP ( 'NONE', ( #7867, #765, #1625, #8825 ) ) ;
#6976 = DIRECTION ( 'NONE',  ( -0.0000000000000000000, -1.000000000000000000, -0.0000000000000000000 ) ) ;
#6977 =( NAMED_UNIT ( * ) SI_UNIT ( $, .STERADIAN. ) SOLID_ANGLE_UNIT ( ) );
#6978 = CARTESIAN_POINT ( 'NONE',  ( 1.000000000000000000, 0.6852349955359816600, -1.300000000000000300 ) ) ;
#6979 = COLOUR_RGB ( '',0.2509803921568627400, 0.2509803921568627400, 0.2509803921568627400 ) ;
#6980 = CARTESIAN_POINT ( 'NONE',  ( 0.1000000000000003100, 0.1000000000000000100, -1.450000000000000000 ) ) ;
#6981 = ORIENTED_EDGE ( 'NONE', *, *, #6458, .F. ) ;
#6982 = LINE ( 'NONE', #4133, #891 ) ;
#6983 = PRESENTATION_LAYER_ASSIGNMENT (  '', '', ( #1785 ) ) ;
#6984 = ORIENTED_EDGE ( 'NONE', *, *, #6145, .T. ) ;
#6985 = LINE ( 'NONE', #8845, #6225 ) ;
#6986 = COLOUR_RGB ( '',0.2509803921568627400, 0.2509803921568627400, 0.2509803921568627400 ) ;
#6987 = CARTESIAN_POINT ( 'NONE',  ( -1.000000000000000000, 0.6852349955359816600, -1.700000000000000000 ) ) ;
#6988 = ORIENTED_EDGE ( 'NONE', *, *, #339, .T. ) ;
#6989 = DIRECTION ( 'NONE',  ( 1.000000000000000000, 0.0000000000000000000, 3.942553354492742500E-016 ) ) ;
#6990 = EDGE_CURVE ( 'NONE', #1376, #3293, #1185, .T. ) ;
#6991 = DIRECTION ( 'NONE',  ( 1.000000000000000000, 0.0000000000000000000, -3.942553354492742500E-016 ) ) ;
#6992 = PRESENTATION_LAYER_ASSIGNMENT (  '', '', ( #71 ) ) ;
#6993 = DIRECTION ( 'NONE',  ( -0.0000000000000000000, -0.0000000000000000000, 1.000000000000000000 ) ) ;
#6994 = PRESENTATION_STYLE_ASSIGNMENT (( #8775 ) ) ;
#6995 = ORIENTED_EDGE ( 'NONE', *, *, #4488, .T. ) ;
#6996 = SURFACE_SIDE_STYLE ('',( #7758 ) ) ;
#6997 = VECTOR ( 'NONE', #6813, 1000.000000000000000 ) ;
#6998 =( GEOMETRIC_REPRESENTATION_CONTEXT ( 3 ) GLOBAL_UNCERTAINTY_ASSIGNED_CONTEXT ( ( #3058 ) ) GLOBAL_UNIT_ASSIGNED_CONTEXT ( ( #4900, #60, #6381 ) ) REPRESENTATION_CONTEXT ( 'NONE', 'WORKASPACE' ) );
#6999 = EDGE_LOOP ( 'NONE', ( #330, #6097, #229, #6312 ) ) ;
#7000 = DIRECTION ( 'NONE',  ( 0.0000000000000000000, -0.0000000000000000000, 1.000000000000000000 ) ) ;
#7001 = CARTESIAN_POINT ( 'NONE',  ( 0.1000000000000007000, 0.6852349955359814400, 1.450000000000000000 ) ) ;
#7002 = DIRECTION ( 'NONE',  ( 0.0000000000000000000, 0.0000000000000000000, -1.000000000000000000 ) ) ;
#7003 = ORIENTED_EDGE ( 'NONE', *, *, #7869, .T. ) ;
#7004 = STYLED_ITEM ( 'NONE', ( #4368 ), #478 ) ;
#7005 = AXIS2_PLACEMENT_3D ( 'NONE', #4008, #552, #3911 ) ;
#7006 = DIRECTION ( 'NONE',  ( -0.0000000000000000000, -1.000000000000000000, -0.0000000000000000000 ) ) ;
#7007 =( GEOMETRIC_REPRESENTATION_CONTEXT ( 3 ) GLOBAL_UNCERTAINTY_ASSIGNED_CONTEXT ( ( #6842 ) ) GLOBAL_UNIT_ASSIGNED_CONTEXT ( ( #6823, #6081, #3224 ) ) REPRESENTATION_CONTEXT ( 'NONE', 'WORKASPACE' ) );
#7008 = ADVANCED_FACE ( 'NONE', ( #5584 ), #6513, .T. ) ;
#7009 = CARTESIAN_POINT ( 'NONE',  ( 0.4499999999999999600, 0.1000000000000000500, 1.900000000000000100 ) ) ;
#7010 = MECHANICAL_DESIGN_GEOMETRIC_PRESENTATION_REPRESENTATION (  '', ( #4961 ), #6723 ) ;
#7011 = CARTESIAN_POINT ( 'NONE',  ( 0.1000000000000003100, 0.1000000000000000500, -2.000000000000000000 ) ) ;
#7012 = LINE ( 'NONE', #5139, #8936 ) ;
#7013 = EDGE_CURVE ( 'NONE', #8405, #2413, #7371, .T. ) ;
#7014 = LINE ( 'NONE', #4251, #1392 ) ;
#7015 = VECTOR ( 'NONE', #3367, 1000.000000000000000 ) ;
#7016 = ORIENTED_EDGE ( 'NONE', *, *, #4214, .F. ) ;
#7017 = LINE ( 'NONE', #2212, #7131 ) ;
#7018 = CARTESIAN_POINT ( 'NONE',  ( 0.4499999999999999600, 0.6852349955359816600, 0.2999999999999999300 ) ) ;
#7019 = LINE ( 'NONE', #7237, #277 ) ;
#7020 = CARTESIAN_POINT ( 'NONE',  ( 0.3000000000000003200, 0.0000000000000000000, -2.000000000000000000 ) ) ;
#7021 = CARTESIAN_POINT ( 'NONE',  ( 0.4499999999999998400, 0.1000000000000000500, 0.9000000000000000200 ) ) ;
#7022 = DIRECTION ( 'NONE',  ( -1.971276677246371500E-016, 0.0000000000000000000, -1.000000000000000000 ) ) ;
#7023 = ORIENTED_EDGE ( 'NONE', *, *, #3075, .F. ) ;
#7024 = CARTESIAN_POINT ( 'NONE',  ( -1.000000000000000000, 0.6852349955359816600, 0.8999999999999998000 ) ) ;
#7025 = VECTOR ( 'NONE', #9084, 1000.000000000000000 ) ;
#7026 = SURFACE_SIDE_STYLE ('',( #5202 ) ) ;
#7027 = FACE_OUTER_BOUND ( 'NONE', #2847, .T. ) ;
#7028 = VERTEX_POINT ( 'NONE', #6055 ) ;
#7029 = SURFACE_SIDE_STYLE ('',( #6466 ) ) ;
#7030 = CARTESIAN_POINT ( 'NONE',  ( 0.4499999999999998400, 0.6852349955359816600, 0.9000000000000000200 ) ) ;
#7031 = AXIS2_PLACEMENT_3D ( 'NONE', #4886, #1468, #696 ) ;
#7032 = LINE ( 'NONE', #2832, #1417 ) ;
#7033 = EDGE_CURVE ( 'NONE', #6837, #8814, #7820, .T. ) ;
#7034 = ORIENTED_EDGE ( 'NONE', *, *, #5142, .F. ) ;
#7035 = AXIS2_PLACEMENT_3D ( 'NONE', #8882, #5261, #8232 ) ;
#7036 = CARTESIAN_POINT ( 'NONE',  ( 0.0000000000000000000, 0.1000000000000000100, 0.0000000000000000000 ) ) ;
#7037 = PLANE ( 'NONE',  #90 ) ;
#7038 = CARTESIAN_POINT ( 'NONE',  ( 0.0000000000000000000, 0.05000000000000000300, 1.450000000000000000 ) ) ;
#7039 =( NAMED_UNIT ( * ) SI_UNIT ( $, .STERADIAN. ) SOLID_ANGLE_UNIT ( ) );
#7040 = ORIENTED_EDGE ( 'NONE', *, *, #5342, .T. ) ;
#7041 = MANIFOLD_SOLID_BREP ( 'Boss-Extrude2[1]', #2425 ) ;
#7042 = MECHANICAL_DESIGN_GEOMETRIC_PRESENTATION_REPRESENTATION (  '', ( #8340 ), #2825 ) ;
#7043 = DIRECTION ( 'NONE',  ( 0.0000000000000000000, -1.000000000000000000, 0.0000000000000000000 ) ) ;
#7044 = CARTESIAN_POINT ( 'NONE',  ( -1.000000000000000000, 0.6852349955359816600, 1.500000000000000200 ) ) ;
#7045 = CARTESIAN_POINT ( 'NONE',  ( -0.2999999999999997100, 0.6852349955359814400, -1.450000000000000000 ) ) ;
#7046 = CARTESIAN_POINT ( 'NONE',  ( 1.000000000000000000, 0.6852349955359816600, 1.700000000000000200 ) ) ;
#7047 = FACE_OUTER_BOUND ( 'NONE', #3305, .T. ) ;
#7048 = VERTEX_POINT ( 'NONE', #4509 ) ;
#7049 = LINE ( 'NONE', #7778, #4261 ) ;
#7050 = AXIS2_PLACEMENT_3D ( 'NONE', #7914, #848, #2011 ) ;
#7051 = EDGE_LOOP ( 'NONE', ( #5396, #8396, #1577, #1796 ) ) ;
#7052 = CARTESIAN_POINT ( 'NONE',  ( 1.000000000000000000, 0.1000000000000000500, -0.1000000000000000500 ) ) ;
#7053 = STYLED_ITEM ( 'NONE', ( #1608 ), #3685 ) ;
#7054 = PLANE ( 'NONE',  #1611 ) ;
#7055 = DIRECTION ( 'NONE',  ( -0.0000000000000000000, -1.000000000000000000, -0.0000000000000000000 ) ) ;
#7056 = FILL_AREA_STYLE_COLOUR ( '', #5173 ) ;
#7057 = VERTEX_POINT ( 'NONE', #4639 ) ;
#7058 = DIRECTION ( 'NONE',  ( 1.000000000000000000, 0.0000000000000000000, -5.421010862427526100E-016 ) ) ;
#7059 = FILL_AREA_STYLE ('',( #6330 ) ) ;
#7060 = EDGE_LOOP ( 'NONE', ( #1196, #4274, #6199, #7655 ) ) ;
#7061 = VECTOR ( 'NONE', #6884, 1000.000000000000000 ) ;
#7062 = EDGE_LOOP ( 'NONE', ( #2002, #756, #423, #6624 ) ) ;
#7063 = EDGE_CURVE ( 'NONE', #8914, #4679, #3144, .T. ) ;
#7064 = ORIENTED_EDGE ( 'NONE', *, *, #4153, .T. ) ;
#7065 =( GEOMETRIC_REPRESENTATION_CONTEXT ( 3 ) GLOBAL_UNCERTAINTY_ASSIGNED_CONTEXT ( ( #5479 ) ) GLOBAL_UNIT_ASSIGNED_CONTEXT ( ( #2172, #8484, #745 ) ) REPRESENTATION_CONTEXT ( 'NONE', 'WORKASPACE' ) );
#7066 = ORIENTED_EDGE ( 'NONE', *, *, #1818, .T. ) ;
#7067 = CARTESIAN_POINT ( 'NONE',  ( -0.2999999999999993200, 0.1000000000000000100, 1.450000000000000000 ) ) ;
#7068 = SURFACE_STYLE_FILL_AREA ( #7112 ) ;
#7069 = EDGE_LOOP ( 'NONE', ( #8131, #8067 ) ) ;
#7070 = PRESENTATION_STYLE_ASSIGNMENT (( #3770 ) ) ;
#7071 = EDGE_CURVE ( 'NONE', #7415, #7507, #6158, .T. ) ;
#7072 = ORIENTED_EDGE ( 'NONE', *, *, #2205, .F. ) ;
#7073 = SURFACE_SIDE_STYLE ('',( #3989 ) ) ;
#7074 = ORIENTED_EDGE ( 'NONE', *, *, #853, .T. ) ;
#7075 = ORIENTED_EDGE ( 'NONE', *, *, #2902, .T. ) ;
#7076 = VECTOR ( 'NONE', #1314, 1000.000000000000000 ) ;
#7077 = LINE ( 'NONE', #2889, #4735 ) ;
#7078 = EDGE_CURVE ( 'NONE', #6451, #3564, #4799, .T. ) ;
#7079 = LINE ( 'NONE', #6410, #3073 ) ;
#7080 = EDGE_LOOP ( 'NONE', ( #6227, #6156, #2427, #2342 ) ) ;
#7081 = ORIENTED_EDGE ( 'NONE', *, *, #3279, .T. ) ;
#7082 = DIRECTION ( 'NONE',  ( 0.0000000000000000000, 0.0000000000000000000, -1.000000000000000000 ) ) ;
#7083 = FILL_AREA_STYLE_COLOUR ( '', #9119 ) ;
#7084 = SURFACE_STYLE_FILL_AREA ( #27 ) ;
#7085 = ORIENTED_EDGE ( 'NONE', *, *, #8418, .F. ) ;
#7086 = PRESENTATION_LAYER_ASSIGNMENT (  '', '', ( #6972 ) ) ;
#7087 = SURFACE_SIDE_STYLE ('',( #887 ) ) ;
#7088 = SURFACE_STYLE_FILL_AREA ( #2227 ) ;
#7089 = LINE ( 'NONE', #5548, #128 ) ;
#7090 = COLOUR_RGB ( '',0.2509803921568627400, 0.2509803921568627400, 0.2509803921568627400 ) ;
#7091 = ORIENTED_EDGE ( 'NONE', *, *, #5280, .T. ) ;
#7092 = EDGE_CURVE ( 'NONE', #4891, #7550, #5693, .T. ) ;
#7093 = DIRECTION ( 'NONE',  ( -0.0000000000000000000, -1.000000000000000000, -0.0000000000000000000 ) ) ;
#7094 =( NAMED_UNIT ( * ) PLANE_ANGLE_UNIT ( ) SI_UNIT ( $, .RADIAN. ) );
#7095 = VECTOR ( 'NONE', #5507, 1000.000000000000000 ) ;
#7096 = FILL_AREA_STYLE ('',( #7056 ) ) ;
#7097 = ADVANCED_FACE ( 'NONE', ( #6482 ), #3186, .F. ) ;
#7098 = CARTESIAN_POINT ( 'NONE',  ( -0.4499999999999999600, 0.0000000000000000000, 1.500000000000000000 ) ) ;
#7099 = MECHANICAL_DESIGN_GEOMETRIC_PRESENTATION_REPRESENTATION (  '', ( #5666 ), #6812 ) ;
#7100 = CARTESIAN_POINT ( 'NONE',  ( 0.0000000000000000000, 0.1000000000000000100, 0.0000000000000000000 ) ) ;
#7101 = ORIENTED_EDGE ( 'NONE', *, *, #9015, .F. ) ;
#7102 = LINE ( 'NONE', #4789, #5884 ) ;
#7103 = VECTOR ( 'NONE', #3238, 1000.000000000000000 ) ;
#7104 = ORIENTED_EDGE ( 'NONE', *, *, #4088, .F. ) ;
#7105 = CARTESIAN_POINT ( 'NONE',  ( 0.4499999999999999600, 0.05000000000000002400, -0.5000000000000000000 ) ) ;
#7106 = COLOUR_RGB ( '',0.2509803921568627400, 0.2509803921568627400, 0.2509803921568627400 ) ;
#7107 = DIRECTION ( 'NONE',  ( 0.0000000000000000000, 0.0000000000000000000, -1.000000000000000000 ) ) ;
#7108 = FACE_OUTER_BOUND ( 'NONE', #6824, .T. ) ;
#7109 = STYLED_ITEM ( 'NONE', ( #1478 ), #2392 ) ;
#7110 = ADVANCED_FACE ( 'NONE', ( #3897 ), #1793, .F. ) ;
#7111 = SURFACE_STYLE_FILL_AREA ( #7326 ) ;
#7112 = FILL_AREA_STYLE ('',( #4975 ) ) ;
#7113 = LINE ( 'NONE', #5482, #5896 ) ;
#7114 = FACE_OUTER_BOUND ( 'NONE', #1679, .T. ) ;
#7115 = EDGE_LOOP ( 'NONE', ( #2963, #6267, #1492, #1987 ) ) ;
#7116 = VECTOR ( 'NONE', #8279, 1000.000000000000000 ) ;
#7117 = EDGE_CURVE ( 'NONE', #5756, #6881, #5238, .T. ) ;
#7118 = STYLED_ITEM ( 'NONE', ( #5532 ), #8972 ) ;
#7119 = ORIENTED_EDGE ( 'NONE', *, *, #516, .T. ) ;
#7120 =( NAMED_UNIT ( * ) PLANE_ANGLE_UNIT ( ) SI_UNIT ( $, .RADIAN. ) );
#7121 = UNCERTAINTY_MEASURE_WITH_UNIT (LENGTH_MEASURE( 1.000000000000000100E-005 ), #4926, 'distance_accuracy_value', 'NONE');
#7122 = CARTESIAN_POINT ( 'NONE',  ( -0.4499999999999998400, 0.6852349955359816600, -1.099999999999999900 ) ) ;
#7123 = AXIS2_PLACEMENT_3D ( 'NONE', #7322, #6028, #971 ) ;
#7124 = SURFACE_STYLE_FILL_AREA ( #6895 ) ;
#7125 = ORIENTED_EDGE ( 'NONE', *, *, #9015, .T. ) ;
#7126 = EDGE_CURVE ( 'NONE', #8584, #2706, #9071, .T. ) ;
#7127 = CARTESIAN_POINT ( 'NONE',  ( -1.000000000000000000, 0.1000000000000000500, 1.500000000000000200 ) ) ;
#7128 = ORIENTED_EDGE ( 'NONE', *, *, #7623, .T. ) ;
#7129 = SURFACE_STYLE_USAGE ( .BOTH. , #2152 ) ;
#7130 = EDGE_CURVE ( 'NONE', #4513, #7515, #176, .T. ) ;
#7131 = VECTOR ( 'NONE', #3629, 1000.000000000000000 ) ;
#7132 = SURFACE_STYLE_USAGE ( .BOTH. , #2216 ) ;
#7133 = FACE_OUTER_BOUND ( 'NONE', #1772, .T. ) ;
#7134 = UNCERTAINTY_MEASURE_WITH_UNIT (LENGTH_MEASURE( 1.000000000000000100E-005 ), #4800, 'distance_accuracy_value', 'NONE');
#7135 = AXIS2_PLACEMENT_3D ( 'NONE', #3540, #1473, #3508 ) ;
#7136 = CARTESIAN_POINT ( 'NONE',  ( -1.000000000000000000, 0.6852349955359816600, 1.300000000000000000 ) ) ;
#7137 = DIRECTION ( 'NONE',  ( -0.0000000000000000000, -0.0000000000000000000, 1.000000000000000000 ) ) ;
#7138 = AXIS2_PLACEMENT_3D ( 'NONE', #422, #1172, #5310 ) ;
#7139 = VECTOR ( 'NONE', #9080, 1000.000000000000000 ) ;
#7140 = ORIENTED_EDGE ( 'NONE', *, *, #4147, .F. ) ;
#7141 = EDGE_CURVE ( 'NONE', #6889, #4071, #834, .T. ) ;
#7142 = EDGE_CURVE ( 'NONE', #5653, #1801, #7481, .T. ) ;
#7143 = CARTESIAN_POINT ( 'NONE',  ( 0.0000000000000000000, 0.1000000000000000100, 0.0000000000000000000 ) ) ;
#7144 = EDGE_CURVE ( 'NONE', #8473, #4697, #8169, .T. ) ;
#7145 = LINE ( 'NONE', #7357, #4678 ) ;
#7146 = PLANE ( 'NONE',  #576 ) ;
#7147 = EDGE_LOOP ( 'NONE', ( #54, #3353, #1114, #5009 ) ) ;
#7148 = PLANE ( 'NONE',  #4707 ) ;
#7149 = DIRECTION ( 'NONE',  ( -0.0000000000000000000, -1.000000000000000000, -0.0000000000000000000 ) ) ;
#7150 = AXIS2_PLACEMENT_3D ( 'NONE', #1514, #2195, #7163 ) ;
#7151 = AXIS2_PLACEMENT_3D ( 'NONE', #4291, #98, #1543 ) ;
#7152 = EDGE_CURVE ( 'NONE', #7550, #2764, #9185, .T. ) ;
#7153 = DIRECTION ( 'NONE',  ( 0.0000000000000000000, -1.000000000000000000, 0.0000000000000000000 ) ) ;
#7154 = CYLINDRICAL_SURFACE ( 'NONE', #9129, 0.1249999999999998900 ) ;
#7155 = DIRECTION ( 'NONE',  ( 0.0000000000000000000, -1.000000000000000000, 0.0000000000000000000 ) ) ;
#7156 = COLOUR_RGB ( '',0.2509803921568627400, 0.2509803921568627400, 0.2509803921568627400 ) ;
#7157 = ORIENTED_EDGE ( 'NONE', *, *, #6958, .T. ) ;
#7158 = CARTESIAN_POINT ( 'NONE',  ( -0.4499999999999999600, 0.0000000000000000000, -1.700000000000000200 ) ) ;
#7159 = SURFACE_STYLE_FILL_AREA ( #663 ) ;
#7160 = DIRECTION ( 'NONE',  ( 0.0000000000000000000, -0.0000000000000000000, 1.000000000000000000 ) ) ;
#7161 = ORIENTED_EDGE ( 'NONE', *, *, #5028, .T. ) ;
#7162 = STYLED_ITEM ( 'NONE', ( #8751 ), #1940 ) ;
#7163 = DIRECTION ( 'NONE',  ( -1.000000000000000000, 0.0000000000000000000, -0.0000000000000000000 ) ) ;
#7164 =( LENGTH_UNIT ( ) NAMED_UNIT ( * ) SI_UNIT ( .MILLI., .METRE. ) );
#7165 = ORIENTED_EDGE ( 'NONE', *, *, #5649, .T. ) ;
#7166 = LINE ( 'NONE', #7963, #1088 ) ;
#7167 = UNCERTAINTY_MEASURE_WITH_UNIT (LENGTH_MEASURE( 1.000000000000000100E-005 ), #376, 'distance_accuracy_value', 'NONE');
#7168 = AXIS2_PLACEMENT_3D ( 'NONE', #3847, #8860, #2097 ) ;
#7169 = CARTESIAN_POINT ( 'NONE',  ( 1.000000000000000000, 0.1000000000000000500, 1.900000000000000100 ) ) ;
#7170 = DIRECTION ( 'NONE',  ( 3.942553354492742500E-016, 0.0000000000000000000, 1.000000000000000000 ) ) ;
#7171 = DIRECTION ( 'NONE',  ( 1.000000000000000000, 0.0000000000000000000, 3.942553354492742500E-016 ) ) ;
#7172 = ORIENTED_EDGE ( 'NONE', *, *, #7328, .F. ) ;
#7173 = EDGE_LOOP ( 'NONE', ( #4933, #2664, #3234, #4186 ) ) ;
#7174 = STYLED_ITEM ( 'NONE', ( #5776 ), #2786 ) ;
#7175 = PLANE ( 'NONE',  #6484 ) ;
#7176 = ORIENTED_EDGE ( 'NONE', *, *, #4373, .T. ) ;
#7177 = SURFACE_SIDE_STYLE ('',( #8202 ) ) ;
#7178 = VECTOR ( 'NONE', #5831, 1000.000000000000000 ) ;
#7179 = VECTOR ( 'NONE', #5769, 1000.000000000000000 ) ;
#7180 = ORIENTED_EDGE ( 'NONE', *, *, #7984, .T. ) ;
#7181 = STYLED_ITEM ( 'NONE', ( #5950 ), #5704 ) ;
#7182 = SURFACE_SIDE_STYLE ('',( #3773 ) ) ;
#7183 = ORIENTED_EDGE ( 'NONE', *, *, #5661, .F. ) ;
#7184 = PRESENTATION_STYLE_ASSIGNMENT (( #9004 ) ) ;
#7185 = CARTESIAN_POINT ( 'NONE',  ( 0.4499999999999998400, 0.0000000000000000000, 1.300000000000000300 ) ) ;
#7186 = CARTESIAN_POINT ( 'NONE',  ( -1.000000000000000000, 0.6852349955359816600, -1.900000000000000100 ) ) ;
#7187 = DIRECTION ( 'NONE',  ( 0.0000000000000000000, 0.0000000000000000000, -1.000000000000000000 ) ) ;
#7188 = ORIENTED_EDGE ( 'NONE', *, *, #6212, .F. ) ;
#7189 = CARTESIAN_POINT ( 'NONE',  ( -0.5499999999999988200, -0.1302775637731988500, -1.900000000000000100 ) ) ;
#7190 = VECTOR ( 'NONE', #2058, 1000.000000000000000 ) ;
#7191 = ORIENTED_EDGE ( 'NONE', *, *, #8849, .T. ) ;
#7192 = EDGE_CURVE ( 'NONE', #4560, #9098, #8046, .T. ) ;
#7193 = EDGE_CURVE ( 'NONE', #6933, #3906, #623, .T. ) ;
#7194 = ORIENTED_EDGE ( 'NONE', *, *, #8180, .F. ) ;
#7195 = SURFACE_STYLE_FILL_AREA ( #227 ) ;
#7196 = ORIENTED_EDGE ( 'NONE', *, *, #5473, .F. ) ;
#7197 = CARTESIAN_POINT ( 'NONE',  ( -0.4499999999999999600, 0.1000000000000000500, -0.9000000000000001300 ) ) ;
#7198 = DIRECTION ( 'NONE',  ( 1.000000000000000000, 0.0000000000000000000, -5.421010862427526100E-016 ) ) ;
#7199 = EDGE_LOOP ( 'NONE', ( #7660, #7188, #4063, #2866 ) ) ;
#7200 = STYLED_ITEM ( 'NONE', ( #3961 ), #199 ) ;
#7201 = EDGE_CURVE ( 'NONE', #2384, #6639, #4894, .T. ) ;
#7202 = ORIENTED_EDGE ( 'NONE', *, *, #3460, .F. ) ;
#7203 = CARTESIAN_POINT ( 'NONE',  ( 0.4499999999999998400, 0.1000000000000000500, 1.700000000000000400 ) ) ;
#7204 = CARTESIAN_POINT ( 'NONE',  ( -0.09999999999999922800, 0.0000000000000000000, 2.000000000000000000 ) ) ;
#7205 = DIRECTION ( 'NONE',  ( -0.0000000000000000000, -1.000000000000000000, -0.0000000000000000000 ) ) ;
#7206 = VECTOR ( 'NONE', #588, 1000.000000000000000 ) ;
#7207 = DIRECTION ( 'NONE',  ( 0.0000000000000000000, 1.000000000000000000, 0.0000000000000000000 ) ) ;
#7208 = CARTESIAN_POINT ( 'NONE',  ( 0.0000000000000000000, 0.1000000000000000100, 0.0000000000000000000 ) ) ;
#7209 = EDGE_LOOP ( 'NONE', ( #4123, #1888, #7764, #1660 ) ) ;
#7210 = COLOUR_RGB ( '',1.000000000000000000, 1.000000000000000000, 1.000000000000000000 ) ;
#7211 = VECTOR ( 'NONE', #5578, 1000.000000000000000 ) ;
#7212 = FILL_AREA_STYLE_COLOUR ( '', #2304 ) ;
#7213 = EDGE_LOOP ( 'NONE', ( #4173, #8750, #1815, #7790 ) ) ;
#7214 = DIRECTION ( 'NONE',  ( -1.000000000000000000, 0.0000000000000000000, 3.942553354492742500E-016 ) ) ;
#7215 = STYLED_ITEM ( 'NONE', ( #4849 ), #836 ) ;
#7216 = DIRECTION ( 'NONE',  ( -1.000000000000000000, 0.0000000000000000000, 0.0000000000000000000 ) ) ;
#7217 = CARTESIAN_POINT ( 'NONE',  ( -0.4499999999999998400, 0.0000000000000000000, 1.300000000000000300 ) ) ;
#7218 = COLOUR_RGB ( '',0.2509803921568627400, 0.2509803921568627400, 0.2509803921568627400 ) ;
#7219 = PRESENTATION_STYLE_ASSIGNMENT (( #3798 ) ) ;
#7220 =( NAMED_UNIT ( * ) SI_UNIT ( $, .STERADIAN. ) SOLID_ANGLE_UNIT ( ) );
#7221 = ORIENTED_EDGE ( 'NONE', *, *, #5705, .T. ) ;
#7222 = PLANE ( 'NONE',  #5043 ) ;
#7223 = COLOUR_RGB ( '',0.2509803921568627400, 0.2509803921568627400, 0.2509803921568627400 ) ;
#7224 = UNCERTAINTY_MEASURE_WITH_UNIT (LENGTH_MEASURE( 1.000000000000000100E-005 ), #2948, 'distance_accuracy_value', 'NONE');
#7225 = DIRECTION ( 'NONE',  ( 0.0000000000000000000, -1.000000000000000000, 0.0000000000000000000 ) ) ;
#7226 = FACE_OUTER_BOUND ( 'NONE', #6975, .T. ) ;
#7227 = ORIENTED_EDGE ( 'NONE', *, *, #6186, .F. ) ;
#7228 = CARTESIAN_POINT ( 'NONE',  ( 0.4499999999999999600, 0.0000000000000000000, -1.300000000000000300 ) ) ;
#7229 = CARTESIAN_POINT ( 'NONE',  ( 1.000000000000000000, 0.1000000000000000500, -0.5000000000000000000 ) ) ;
#7230 = ADVANCED_FACE ( 'NONE', ( #727 ), #3342, .F. ) ;
#7231 = CARTESIAN_POINT ( 'NONE',  ( -0.4499999999999999600, 0.1000000000000000500, -1.700000000000000200 ) ) ;
#7232 = VERTEX_POINT ( 'NONE', #5409 ) ;
#7233 = DIRECTION ( 'NONE',  ( -5.421010862427526100E-016, 0.0000000000000000000, 1.000000000000000000 ) ) ;
#7234 = DIRECTION ( 'NONE',  ( 1.000000000000000000, 0.0000000000000000000, -3.942553354492742500E-016 ) ) ;
#7235 = UNCERTAINTY_MEASURE_WITH_UNIT (LENGTH_MEASURE( 1.000000000000000100E-005 ), #4411, 'distance_accuracy_value', 'NONE');
#7236 = LINE ( 'NONE', #2283, #163 ) ;
#7237 = CARTESIAN_POINT ( 'NONE',  ( 1.000000000000000000, 0.6852349955359816600, -0.9000000000000001300 ) ) ;
#7238 = CARTESIAN_POINT ( 'NONE',  ( 0.4499999999999998400, 0.0000000000000000000, -0.2999999999999999300 ) ) ;
#7239 = CARTESIAN_POINT ( 'NONE',  ( 0.1000000000000003100, 0.0000000000000000000, -1.450000000000000000 ) ) ;
#7240 = PRESENTATION_LAYER_ASSIGNMENT (  '', '', ( #7118 ) ) ;
#7241 = FILL_AREA_STYLE ('',( #6533 ) ) ;
#7242 = LINE ( 'NONE', #2611, #392 ) ;
#7243 =( NAMED_UNIT ( * ) SI_UNIT ( $, .STERADIAN. ) SOLID_ANGLE_UNIT ( ) );
#7244 = ORIENTED_EDGE ( 'NONE', *, *, #1532, .T. ) ;
#7245 = CARTESIAN_POINT ( 'NONE',  ( -1.000000000000000000, 0.6852349955359816600, 0.7000000000000002900 ) ) ;
#7246 = AXIS2_PLACEMENT_3D ( 'NONE', #2518, #3939, #5417 ) ;
#7247 = PRESENTATION_STYLE_ASSIGNMENT (( #1450 ) ) ;
#7248 = FACE_OUTER_BOUND ( 'NONE', #6352, .T. ) ;
#7249 = DIRECTION ( 'NONE',  ( 3.942553354492742500E-016, -0.0000000000000000000, 1.000000000000000000 ) ) ;
#7250 = ADVANCED_FACE ( 'NONE', ( #8036 ), #193, .T. ) ;
#7251 = VECTOR ( 'NONE', #3758, 1000.000000000000000 ) ;
#7252 = ORIENTED_EDGE ( 'NONE', *, *, #5449, .T. ) ;
#7253 = CARTESIAN_POINT ( 'NONE',  ( 0.4499999999999998400, 0.6852349955359816600, 1.700000000000000400 ) ) ;
#7254 =( NAMED_UNIT ( * ) SI_UNIT ( $, .STERADIAN. ) SOLID_ANGLE_UNIT ( ) );
#7255 = DIRECTION ( 'NONE',  ( 0.0000000000000000000, 0.0000000000000000000, -1.000000000000000000 ) ) ;
#7256 =( NAMED_UNIT ( * ) PLANE_ANGLE_UNIT ( ) SI_UNIT ( $, .RADIAN. ) );
#7257 = ADVANCED_FACE ( 'NONE', ( #4014 ), #3110, .T. ) ;
#7258 = AXIS2_PLACEMENT_3D ( 'NONE', #6476, #7904, #7214 ) ;
#7259 = LINE ( 'NONE', #253, #7602 ) ;
#7260 = EDGE_CURVE ( 'NONE', #9010, #6366, #6926, .T. ) ;
#7261 = ORIENTED_EDGE ( 'NONE', *, *, #3869, .F. ) ;
#7262 = DIRECTION ( 'NONE',  ( -1.000000000000000000, 0.0000000000000000000, -0.0000000000000000000 ) ) ;
#7263 = PRESENTATION_STYLE_ASSIGNMENT (( #8479 ) ) ;
#7264 = CARTESIAN_POINT ( 'NONE',  ( 0.4499999999999998400, 0.0000000000000000000, 0.5000000000000002200 ) ) ;
#7265 = PRESENTATION_STYLE_ASSIGNMENT (( #5086 ) ) ;
#7266 = EDGE_CURVE ( 'NONE', #8661, #816, #3364, .T. ) ;
#7267 = CARTESIAN_POINT ( 'NONE',  ( 0.4499999999999999600, 0.6852349955359816600, 1.099999999999999900 ) ) ;
#7268 = PRESENTATION_STYLE_ASSIGNMENT (( #4305 ) ) ;
#7269 = DIRECTION ( 'NONE',  ( -1.000000000000000000, 0.0000000000000000000, -5.421010862427526100E-016 ) ) ;
#7270 = ORIENTED_EDGE ( 'NONE', *, *, #2645, .T. ) ;
#7271 = LINE ( 'NONE', #2876, #7827 ) ;
#7272 = DIRECTION ( 'NONE',  ( -3.942553354492742500E-016, 0.0000000000000000000, 1.000000000000000000 ) ) ;
#7273 = DIRECTION ( 'NONE',  ( 1.971276677246371300E-016, 0.0000000000000000000, 1.000000000000000000 ) ) ;
#7274 = VERTEX_POINT ( 'NONE', #7432 ) ;
#7275 = PRESENTATION_STYLE_ASSIGNMENT (( #2104 ) ) ;
#7276 = DIRECTION ( 'NONE',  ( -1.000000000000000000, 0.0000000000000000000, 0.0000000000000000000 ) ) ;
#7277 = PRESENTATION_LAYER_ASSIGNMENT (  '', '', ( #6626 ) ) ;
#7278 =( NAMED_UNIT ( * ) SI_UNIT ( $, .STERADIAN. ) SOLID_ANGLE_UNIT ( ) );
#7279 = ADVANCED_FACE ( 'NONE', ( #1939 ), #1190, .T. ) ;
#7280 =( GEOMETRIC_REPRESENTATION_CONTEXT ( 3 ) GLOBAL_UNCERTAINTY_ASSIGNED_CONTEXT ( ( #5853 ) ) GLOBAL_UNIT_ASSIGNED_CONTEXT ( ( #8880, #4601, #382 ) ) REPRESENTATION_CONTEXT ( 'NONE', 'WORKASPACE' ) );
#7281 = EDGE_LOOP ( 'NONE', ( #7380, #1688, #2197, #7648 ) ) ;
#7282 = ORIENTED_EDGE ( 'NONE', *, *, #3507, .F. ) ;
#7283 = UNCERTAINTY_MEASURE_WITH_UNIT (LENGTH_MEASURE( 1.000000000000000100E-005 ), #7907, 'distance_accuracy_value', 'NONE');
#7284 =( NAMED_UNIT ( * ) SI_UNIT ( $, .STERADIAN. ) SOLID_ANGLE_UNIT ( ) );
#7285 = DIRECTION ( 'NONE',  ( 1.000000000000000000, 0.0000000000000000000, -3.942553354492742500E-016 ) ) ;
#7286 = EDGE_CURVE ( 'NONE', #3062, #6493, #169, .T. ) ;
#7287 = LINE ( 'NONE', #8970, #1874 ) ;
#7288 = CARTESIAN_POINT ( 'NONE',  ( 0.3000000000000003200, 0.0000000000000000000, -1.450000000000000000 ) ) ;
#7289 = EDGE_LOOP ( 'NONE', ( #3057, #8871, #1972, #3887 ) ) ;
#7290 = ORIENTED_EDGE ( 'NONE', *, *, #7534, .T. ) ;
#7291 = SURFACE_STYLE_FILL_AREA ( #7629 ) ;
#7292 = STYLED_ITEM ( 'NONE', ( #472 ), #8792 ) ;
#7293 = DIRECTION ( 'NONE',  ( -1.000000000000000000, 0.0000000000000000000, -0.0000000000000000000 ) ) ;
#7294 = ORIENTED_EDGE ( 'NONE', *, *, #2588, .F. ) ;
#7295 =( LENGTH_UNIT ( ) NAMED_UNIT ( * ) SI_UNIT ( .MILLI., .METRE. ) );
#7296 = ORIENTED_EDGE ( 'NONE', *, *, #6950, .T. ) ;
#7297 = VERTEX_POINT ( 'NONE', #6129 ) ;
#7298 = LINE ( 'NONE', #2942, #2758 ) ;
#7299 = VERTEX_POINT ( 'NONE', #1894 ) ;
#7300 = MECHANICAL_DESIGN_GEOMETRIC_PRESENTATION_REPRESENTATION (  '', ( #1019 ), #8939 ) ;
#7301 = DIRECTION ( 'NONE',  ( 0.0000000000000000000, 0.0000000000000000000, -1.000000000000000000 ) ) ;
#7302 = EDGE_CURVE ( 'NONE', #3393, #3270, #61, .T. ) ;
#7303 = SURFACE_STYLE_FILL_AREA ( #8877 ) ;
#7304 =( LENGTH_UNIT ( ) NAMED_UNIT ( * ) SI_UNIT ( .MILLI., .METRE. ) );
#7305 = VERTEX_POINT ( 'NONE', #5295 ) ;
#7306 = VERTEX_POINT ( 'NONE', #1091 ) ;
#7307 = DIRECTION ( 'NONE',  ( 1.000000000000000000, -0.0000000000000000000, 0.0000000000000000000 ) ) ;
#7308 = AXIS2_PLACEMENT_3D ( 'NONE', #6485, #4358, #2219 ) ;
#7309 = CLOSED_SHELL ( 'NONE', ( #844, #435, #7429, #4380, #5602, #4486 ) ) ;
#7310 = FACE_OUTER_BOUND ( 'NONE', #6196, .T. ) ;
#7311 = LINE ( 'NONE', #4867, #8231 ) ;
#7312 = VERTEX_POINT ( 'NONE', #3925 ) ;
#7313 = STYLED_ITEM ( 'NONE', ( #5635 ), #4633 ) ;
#7314 = EDGE_CURVE ( 'NONE', #8034, #7028, #1834, .T. ) ;
#7315 = CARTESIAN_POINT ( 'NONE',  ( -1.000000000000000000, 0.6852349955359816600, 1.900000000000000400 ) ) ;
#7316 = SURFACE_STYLE_USAGE ( .BOTH. , #2350 ) ;
#7317 = VERTEX_POINT ( 'NONE', #8948 ) ;
#7318 = PLANE ( 'NONE',  #7168 ) ;
#7319 = FACE_OUTER_BOUND ( 'NONE', #4673, .T. ) ;
#7320 = ORIENTED_EDGE ( 'NONE', *, *, #7474, .T. ) ;
#7321 = CARTESIAN_POINT ( 'NONE',  ( 1.000000000000000000, 0.1000000000000000500, -0.9000000000000001300 ) ) ;
#7322 = CARTESIAN_POINT ( 'NONE',  ( 0.0000000000000000000, 0.0000000000000000000, 0.0000000000000000000 ) ) ;
#7323 =( NAMED_UNIT ( * ) PLANE_ANGLE_UNIT ( ) SI_UNIT ( $, .RADIAN. ) );
#7324 =( NAMED_UNIT ( * ) PLANE_ANGLE_UNIT ( ) SI_UNIT ( $, .RADIAN. ) );
#7325 =( NAMED_UNIT ( * ) SI_UNIT ( $, .STERADIAN. ) SOLID_ANGLE_UNIT ( ) );
#7326 = FILL_AREA_STYLE ('',( #950 ) ) ;
#7327 = STYLED_ITEM ( 'NONE', ( #1403 ), #6221 ) ;
#7328 = EDGE_CURVE ( 'NONE', #6762, #8546, #3566, .T. ) ;
#7329 = ORIENTED_EDGE ( 'NONE', *, *, #4325, .F. ) ;
#7330 = DIRECTION ( 'NONE',  ( 0.0000000000000000000, -1.000000000000000000, 0.0000000000000000000 ) ) ;
#7331 = LINE ( 'NONE', #4577, #5652 ) ;
#7332 = LINE ( 'NONE', #9167, #3100 ) ;
#7333 = SURFACE_SIDE_STYLE ('',( #8690 ) ) ;
#7334 = SURFACE_SIDE_STYLE ('',( #1635 ) ) ;
#7335 = ORIENTED_EDGE ( 'NONE', *, *, #3130, .T. ) ;
#7336 = CARTESIAN_POINT ( 'NONE',  ( -1.000000000000000200, 0.05000000000000000300, 2.000000000000000900 ) ) ;
#7337 = PRESENTATION_STYLE_ASSIGNMENT (( #8801 ) ) ;
#7338 = LINE ( 'NONE', #7288, #595 ) ;
#7339 = VECTOR ( 'NONE', #2734, 1000.000000000000000 ) ;
#7340 = LINE ( 'NONE', #2856, #3653 ) ;
#7341 = ORIENTED_EDGE ( 'NONE', *, *, #736, .T. ) ;
#7342 = STYLED_ITEM ( 'NONE', ( #1111 ), #1672 ) ;
#7343 = ADVANCED_FACE ( 'NONE', ( #4457 ), #3213, .F. ) ;
#7344 = UNCERTAINTY_MEASURE_WITH_UNIT (LENGTH_MEASURE( 1.000000000000000100E-005 ), #7656, 'distance_accuracy_value', 'NONE');
#7345 = VECTOR ( 'NONE', #4285, 1000.000000000000000 ) ;
#7346 = DIRECTION ( 'NONE',  ( 1.000000000000000000, 0.0000000000000000000, -3.942553354492742500E-016 ) ) ;
#7347 = VECTOR ( 'NONE', #4670, 1000.000000000000000 ) ;
#7348 = CARTESIAN_POINT ( 'NONE',  ( -0.4499999999999999600, 0.6852349955359816600, 0.2999999999999999300 ) ) ;
#7349 = ORIENTED_EDGE ( 'NONE', *, *, #1283, .T. ) ;
#7350 = DIRECTION ( 'NONE',  ( 5.421010862427526100E-016, -0.0000000000000000000, 1.000000000000000000 ) ) ;
#7351 = PRESENTATION_STYLE_ASSIGNMENT (( #1385 ) ) ;
#7352 = EDGE_LOOP ( 'NONE', ( #5042, #6429, #4181, #2566 ) ) ;
#7353 = CARTESIAN_POINT ( 'NONE',  ( 0.4499999999999998400, 0.1000000000000000500, -1.099999999999999900 ) ) ;
#7354 = AXIS2_PLACEMENT_3D ( 'NONE', #3093, #3794, #8804 ) ;
#7355 = CARTESIAN_POINT ( 'NONE',  ( 0.4499999999999999600, 0.1000000000000000500, -0.9000000000000001300 ) ) ;
#7356 = LINE ( 'NONE', #287, #3010 ) ;
#7357 = CARTESIAN_POINT ( 'NONE',  ( 0.4499999999999999600, 0.6852349955359816600, -1.700000000000000200 ) ) ;
#7358 = VECTOR ( 'NONE', #8360, 1000.000000000000000 ) ;
#7359 = LINE ( 'NONE', #6710, #1056 ) ;
#7360 = DIRECTION ( 'NONE',  ( -0.0000000000000000000, -1.000000000000000000, -0.0000000000000000000 ) ) ;
#7361 = VERTEX_POINT ( 'NONE', #2817 ) ;
#7362 = PLANE ( 'NONE',  #8417 ) ;
#7363 = PRESENTATION_STYLE_ASSIGNMENT (( #8093 ) ) ;
#7364 = CARTESIAN_POINT ( 'NONE',  ( 0.4499999999999998400, 0.1000000000000000500, 0.5000000000000002200 ) ) ;
#7365 = FACE_OUTER_BOUND ( 'NONE', #123, .T. ) ;
#7366 = CARTESIAN_POINT ( 'NONE',  ( 1.000000000000000000, 0.0000000000000000000, -0.1000000000000000500 ) ) ;
#7367 = CARTESIAN_POINT ( 'NONE',  ( -0.4499999999999999600, 0.6852349955359816600, -0.9000000000000001300 ) ) ;
#7368 = PRESENTATION_LAYER_ASSIGNMENT (  '', '', ( #4961 ) ) ;
#7369 = EDGE_LOOP ( 'NONE', ( #6164, #1885, #8352, #1431 ) ) ;
#7370 = LINE ( 'NONE', #4297, #5477 ) ;
#7371 = LINE ( 'NONE', #6023, #1509 ) ;
#7372 = DIRECTION ( 'NONE',  ( 1.000000000000000000, 0.0000000000000000000, -3.942553354492742500E-016 ) ) ;
#7373 = ADVANCED_FACE ( 'NONE', ( #7923 ), #4007, .F. ) ;
#7374 = EDGE_CURVE ( 'NONE', #7411, #1064, #8714, .T. ) ;
#7375 = SURFACE_STYLE_FILL_AREA ( #8511 ) ;
#7376 = EDGE_CURVE ( 'NONE', #1750, #4964, #3357, .T. ) ;
#7377 = DIRECTION ( 'NONE',  ( 0.0000000000000000000, 0.0000000000000000000, 1.000000000000000000 ) ) ;
#7378 = CARTESIAN_POINT ( 'NONE',  ( -0.4499999999999999600, 0.1000000000000000500, 1.099999999999999900 ) ) ;
#7379 = CARTESIAN_POINT ( 'NONE',  ( 0.4499999999999998400, 0.05000000000000002400, -1.500000000000000000 ) ) ;
#7380 = ORIENTED_EDGE ( 'NONE', *, *, #5013, .T. ) ;
#7381 =( GEOMETRIC_REPRESENTATION_CONTEXT ( 3 ) GLOBAL_UNCERTAINTY_ASSIGNED_CONTEXT ( ( #5879 ) ) GLOBAL_UNIT_ASSIGNED_CONTEXT ( ( #2039, #7742, #315 ) ) REPRESENTATION_CONTEXT ( 'NONE', 'WORKASPACE' ) );
#7382 = CARTESIAN_POINT ( 'NONE',  ( 1.000000000000000000, 0.1000000000000000500, -0.5000000000000000000 ) ) ;
#7383 = MECHANICAL_DESIGN_GEOMETRIC_PRESENTATION_REPRESENTATION (  '', ( #4972 ), #8365 ) ;
#7384 = EDGE_CURVE ( 'NONE', #6791, #8405, #9054, .T. ) ;
#7385 = PLANE ( 'NONE',  #4315 ) ;
#7386 = FILL_AREA_STYLE ('',( #5281 ) ) ;
#7387 = CARTESIAN_POINT ( 'NONE',  ( -1.000000000000000000, 0.0000000000000000000, -0.09999999999999982500 ) ) ;
#7388 = VERTEX_POINT ( 'NONE', #5411 ) ;
#7389 = EDGE_CURVE ( 'NONE', #9118, #1652, #7470, .T. ) ;
#7390 = CARTESIAN_POINT ( 'NONE',  ( -0.4499999999999998400, 0.1000000000000000500, -1.099999999999999900 ) ) ;
#7391 = CARTESIAN_POINT ( 'NONE',  ( -0.4499999999999998400, 0.05000000000000002400, -1.099999999999999900 ) ) ;
#7392 = LINE ( 'NONE', #4479, #1758 ) ;
#7393 = CARTESIAN_POINT ( 'NONE',  ( 1.000000000000000000, 0.1000000000000000500, -0.7000000000000000700 ) ) ;
#7394 = EDGE_LOOP ( 'NONE', ( #1996, #6205, #2707, #1711 ) ) ;
#7395 = LINE ( 'NONE', #3595, #6391 ) ;
#7396 = ADVANCED_FACE ( 'NONE', ( #8494 ), #1107, .T. ) ;
#7397 = DIRECTION ( 'NONE',  ( 1.000000000000000000, -0.0000000000000000000, 3.942553354492742500E-016 ) ) ;
#7398 =( GEOMETRIC_REPRESENTATION_CONTEXT ( 3 ) GLOBAL_UNCERTAINTY_ASSIGNED_CONTEXT ( ( #991 ) ) GLOBAL_UNIT_ASSIGNED_CONTEXT ( ( #7938, #3656, #8670 ) ) REPRESENTATION_CONTEXT ( 'NONE', 'WORKASPACE' ) );
#7399 = CARTESIAN_POINT ( 'NONE',  ( 0.3000000000000003200, 0.1000000000000000100, -1.450000000000000000 ) ) ;
#7400 = FILL_AREA_STYLE ('',( #5975 ) ) ;
#7401 = EDGE_CURVE ( 'NONE', #7507, #5510, #7584, .T. ) ;
#7402 = CARTESIAN_POINT ( 'NONE',  ( 0.4499999999999999600, 0.0000000000000000000, -1.700000000000000200 ) ) ;
#7403 = CARTESIAN_POINT ( 'NONE',  ( -0.5499999999999988200, 0.04999999999999999600, -1.900000000000000100 ) ) ;
#7404 = VERTEX_POINT ( 'NONE', #5341 ) ;
#7405 = VERTEX_POINT ( 'NONE', #7127 ) ;
#7406 = EDGE_LOOP ( 'NONE', ( #4602, #4179, #8553, #1192 ) ) ;
#7407 = CARTESIAN_POINT ( 'NONE',  ( 0.4499999999999998400, 0.0000000000000000000, -1.099999999999999900 ) ) ;
#7408 = EDGE_CURVE ( 'NONE', #5296, #2404, #2127, .T. ) ;
#7409 = CARTESIAN_POINT ( 'NONE',  ( 0.4499999999999998400, 0.1000000000000000500, 0.5000000000000002200 ) ) ;
#7410 = DIRECTION ( 'NONE',  ( -0.0000000000000000000, -0.0000000000000000000, 1.000000000000000000 ) ) ;
#7411 = VERTEX_POINT ( 'NONE', #2814 ) ;
#7412 = ORIENTED_EDGE ( 'NONE', *, *, #3678, .T. ) ;
#7413 = ORIENTED_EDGE ( 'NONE', *, *, #2363, .T. ) ;
#7414 = DIRECTION ( 'NONE',  ( -1.000000000000000000, 0.0000000000000000000, 0.0000000000000000000 ) ) ;
#7415 = VERTEX_POINT ( 'NONE', #9218 ) ;
#7416 = CARTESIAN_POINT ( 'NONE',  ( 0.4499999999999998400, 0.6852349955359816600, -1.899999999999999900 ) ) ;
#7417 = UNCERTAINTY_MEASURE_WITH_UNIT (LENGTH_MEASURE( 1.000000000000000100E-005 ), #7719, 'distance_accuracy_value', 'NONE');
#7418 = ORIENTED_EDGE ( 'NONE', *, *, #601, .F. ) ;
#7419 = LINE ( 'NONE', #4885, #2419 ) ;
#7420 = LINE ( 'NONE', #726, #7190 ) ;
#7421 = VERTEX_POINT ( 'NONE', #3576 ) ;
#7422 = CARTESIAN_POINT ( 'NONE',  ( -0.4499999999999999600, 0.1000000000000000500, -0.5000000000000000000 ) ) ;
#7423 =( LENGTH_UNIT ( ) NAMED_UNIT ( * ) SI_UNIT ( .MILLI., .METRE. ) );
#7424 = EDGE_LOOP ( 'NONE', ( #476, #5251, #7689, #8327 ) ) ;
#7425 = DIRECTION ( 'NONE',  ( 1.000000000000000000, 0.0000000000000000000, -3.942553354492742500E-016 ) ) ;
#7426 = STYLED_ITEM ( 'NONE', ( #367 ), #3258 ) ;
#7427 = CARTESIAN_POINT ( 'NONE',  ( 0.3000000000000006600, 0.1000000000000002600, 2.000000000000000400 ) ) ;
#7428 = VERTEX_POINT ( 'NONE', #88 ) ;
#7429 = ADVANCED_FACE ( 'NONE', ( #1168 ), #674, .F. ) ;
#7430 = EDGE_CURVE ( 'NONE', #1245, #5531, #5792, .T. ) ;
#7431 = LINE ( 'NONE', #1968, #4079 ) ;
#7432 = CARTESIAN_POINT ( 'NONE',  ( -0.4499999999999999600, 0.1000000000000000500, 1.099999999999999900 ) ) ;
#7433 = VECTOR ( 'NONE', #7782, 1000.000000000000000 ) ;
#7434 = VERTEX_POINT ( 'NONE', #5688 ) ;
#7435 = EDGE_CURVE ( 'NONE', #946, #8387, #5218, .T. ) ;
#7436 = FILL_AREA_STYLE ('',( #1035 ) ) ;
#7437 = DIRECTION ( 'NONE',  ( -0.0000000000000000000, -1.000000000000000000, -0.0000000000000000000 ) ) ;
#7438 = ADVANCED_FACE ( 'NONE', ( #8820 ), #3011, .F. ) ;
#7439 = ORIENTED_EDGE ( 'NONE', *, *, #878, .T. ) ;
#7440 = VECTOR ( 'NONE', #1749, 1000.000000000000000 ) ;
#7441 =( GEOMETRIC_REPRESENTATION_CONTEXT ( 3 ) GLOBAL_UNCERTAINTY_ASSIGNED_CONTEXT ( ( #5269 ) ) GLOBAL_UNIT_ASSIGNED_CONTEXT ( ( #7295, #285, #2396 ) ) REPRESENTATION_CONTEXT ( 'NONE', 'WORKASPACE' ) );
#7442 = VECTOR ( 'NONE', #7457, 1000.000000000000000 ) ;
#7443 = EDGE_CURVE ( 'NONE', #5433, #335, #4224, .T. ) ;
#7444 = ORIENTED_EDGE ( 'NONE', *, *, #3167, .T. ) ;
#7445 = FILL_AREA_STYLE ('',( #8138 ) ) ;
#7446 =( NAMED_UNIT ( * ) SI_UNIT ( $, .STERADIAN. ) SOLID_ANGLE_UNIT ( ) );
#7447 = DIRECTION ( 'NONE',  ( 1.000000000000000000, -0.0000000000000000000, -0.0000000000000000000 ) ) ;
#7448 =( NAMED_UNIT ( * ) PLANE_ANGLE_UNIT ( ) SI_UNIT ( $, .RADIAN. ) );
#7449 = DIRECTION ( 'NONE',  ( 1.000000000000000000, -0.0000000000000000000, 0.0000000000000000000 ) ) ;
#7450 = ADVANCED_FACE ( 'NONE', ( #2358 ), #1655, .F. ) ;
#7451 = FACE_OUTER_BOUND ( 'NONE', #1938, .T. ) ;
#7452 = FILL_AREA_STYLE_COLOUR ( '', #1581 ) ;
#7453 = ORIENTED_EDGE ( 'NONE', *, *, #1857, .T. ) ;
#7454 = DIRECTION ( 'NONE',  ( 0.0000000000000000000, 0.0000000000000000000, -1.000000000000000000 ) ) ;
#7455 = MECHANICAL_DESIGN_GEOMETRIC_PRESENTATION_REPRESENTATION (  '', ( #6034 ), #6616 ) ;
#7456 = DIRECTION ( 'NONE',  ( 0.0000000000000000000, -1.000000000000000000, 0.0000000000000000000 ) ) ;
#7457 = DIRECTION ( 'NONE',  ( -1.000000000000000000, 0.0000000000000000000, 0.0000000000000000000 ) ) ;
#7458 =( LENGTH_UNIT ( ) NAMED_UNIT ( * ) SI_UNIT ( .MILLI., .METRE. ) );
#7459 = VECTOR ( 'NONE', #2380, 1000.000000000000000 ) ;
#7460 = ORIENTED_EDGE ( 'NONE', *, *, #4685, .T. ) ;
#7461 = CARTESIAN_POINT ( 'NONE',  ( -0.4499999999999998400, 0.0000000000000000000, 0.9000000000000000200 ) ) ;
#7462 = DIRECTION ( 'NONE',  ( -3.942553354492742500E-016, 0.0000000000000000000, 1.000000000000000000 ) ) ;
#7463 = CARTESIAN_POINT ( 'NONE',  ( 0.1000000000000003100, 0.6852349955359814400, -1.450000000000000000 ) ) ;
#7464 = DIRECTION ( 'NONE',  ( -0.0000000000000000000, -1.000000000000000000, -0.0000000000000000000 ) ) ;
#7465 = LINE ( 'NONE', #3846, #5565 ) ;
#7466 = CARTESIAN_POINT ( 'NONE',  ( 1.971276677246373000E-016, 0.05000000000000000300, 0.5000000000000004400 ) ) ;
#7467 = MECHANICAL_DESIGN_GEOMETRIC_PRESENTATION_REPRESENTATION (  '', ( #996 ), #7947 ) ;
#7468 = LINE ( 'NONE', #370, #1278 ) ;
#7469 = VERTEX_POINT ( 'NONE', #815 ) ;
#7470 = LINE ( 'NONE', #8306, #3468 ) ;
#7471 = DIRECTION ( 'NONE',  ( 0.0000000000000000000, 0.0000000000000000000, -1.000000000000000000 ) ) ;
#7472 = VECTOR ( 'NONE', #6003, 1000.000000000000000 ) ;
#7473 = CARTESIAN_POINT ( 'NONE',  ( -0.4499999999999998400, 0.6852349955359816600, 1.300000000000000300 ) ) ;
#7474 = EDGE_CURVE ( 'NONE', #8517, #1540, #7017, .T. ) ;
#7475 = DIRECTION ( 'NONE',  ( 0.0000000000000000000, -0.0000000000000000000, 1.000000000000000000 ) ) ;
#7476 = PLANE ( 'NONE',  #5753 ) ;
#7477 = AXIS2_PLACEMENT_3D ( 'NONE', #6573, #6696, #5177 ) ;
#7478 =( LENGTH_UNIT ( ) NAMED_UNIT ( * ) SI_UNIT ( .MILLI., .METRE. ) );
#7479 = VERTEX_POINT ( 'NONE', #5782 ) ;
#7480 = CARTESIAN_POINT ( 'NONE',  ( -0.2999999999999993200, 0.1000000000000000100, 1.450000000000000000 ) ) ;
#7481 = LINE ( 'NONE', #2487, #1618 ) ;
#7482 = ADVANCED_FACE ( 'NONE', ( #509 ), #6510, .T. ) ;
#7483 = DIRECTION ( 'NONE',  ( 1.000000000000000000, 0.0000000000000000000, 0.0000000000000000000 ) ) ;
#7484 = AXIS2_PLACEMENT_3D ( 'NONE', #2098, #9219, #7785 ) ;
#7485 = DIRECTION ( 'NONE',  ( 0.0000000000000000000, 1.000000000000000000, 0.0000000000000000000 ) ) ;
#7486 = VECTOR ( 'NONE', #3802, 1000.000000000000000 ) ;
#7487 = CARTESIAN_POINT ( 'NONE',  ( -1.000000000000000000, 0.04999999999999969700, -0.09999999999999982500 ) ) ;
#7488 = CARTESIAN_POINT ( 'NONE',  ( -1.000000000000000200, 0.1000000000000002600, -0.5000000000000000000 ) ) ;
#7489 = COLOUR_RGB ( '',0.7921568627450980000, 0.8196078431372548800, 0.9333333333333333500 ) ;
#7490 = ORIENTED_EDGE ( 'NONE', *, *, #2802, .T. ) ;
#7491 = DIRECTION ( 'NONE',  ( -1.000000000000000000, 0.0000000000000000000, 0.0000000000000000000 ) ) ;
#7492 = VECTOR ( 'NONE', #4420, 1000.000000000000000 ) ;
#7493 = ADVANCED_FACE ( 'NONE', ( #2476 ), #5109, .F. ) ;
#7494 = AXIS2_PLACEMENT_3D ( 'NONE', #2820, #8554, #8468 ) ;
#7495 = DIRECTION ( 'NONE',  ( -3.942553354492742500E-016, 0.0000000000000000000, -1.000000000000000000 ) ) ;
#7496 = CARTESIAN_POINT ( 'NONE',  ( 0.9999999999999995600, 0.05000000000000000300, 2.000000000000000000 ) ) ;
#7497 = CARTESIAN_POINT ( 'NONE',  ( -0.4499999999999998400, 0.6852349955359816600, 0.9000000000000000200 ) ) ;
#7498 = STYLED_ITEM ( 'NONE', ( #5083 ), #3967 ) ;
#7499 = EDGE_CURVE ( 'NONE', #608, #4813, #6247, .T. ) ;
#7500 = ORIENTED_EDGE ( 'NONE', *, *, #7734, .F. ) ;
#7501 = DIRECTION ( 'NONE',  ( 0.0000000000000000000, -1.000000000000000000, 0.0000000000000000000 ) ) ;
#7502 = SURFACE_STYLE_USAGE ( .BOTH. , #5240 ) ;
#7503 = EDGE_CURVE ( 'NONE', #3293, #1245, #3368, .T. ) ;
#7504 = PLANE ( 'NONE',  #7824 ) ;
#7505 = CARTESIAN_POINT ( 'NONE',  ( -0.4499999999999999600, 0.1000000000000000500, 1.900000000000000100 ) ) ;
#7506 =( NAMED_UNIT ( * ) PLANE_ANGLE_UNIT ( ) SI_UNIT ( $, .RADIAN. ) );
#7507 = VERTEX_POINT ( 'NONE', #488 ) ;
#7508 = EDGE_CURVE ( 'NONE', #5455, #1823, #5233, .T. ) ;
#7509 =( LENGTH_UNIT ( ) NAMED_UNIT ( * ) SI_UNIT ( .MILLI., .METRE. ) );
#7510 =( LENGTH_UNIT ( ) NAMED_UNIT ( * ) SI_UNIT ( .MILLI., .METRE. ) );
#7511 = EDGE_CURVE ( 'NONE', #7523, #1150, #6478, .T. ) ;
#7512 = ORIENTED_EDGE ( 'NONE', *, *, #2959, .T. ) ;
#7513 = PLANE ( 'NONE',  #4534 ) ;
#7514 = CARTESIAN_POINT ( 'NONE',  ( -3.548298019043469300E-016, 0.05000000000000000300, 0.9000000000000002400 ) ) ;
#7515 = VERTEX_POINT ( 'NONE', #4745 ) ;
#7516 = DIRECTION ( 'NONE',  ( 1.000000000000000000, -0.0000000000000000000, 0.0000000000000000000 ) ) ;
#7517 = DIRECTION ( 'NONE',  ( 0.0000000000000000000, -0.0000000000000000000, 1.000000000000000000 ) ) ;
#7518 = ADVANCED_FACE ( 'NONE', ( #288 ), #8955, .F. ) ;
#7519 = VERTEX_POINT ( 'NONE', #5401 ) ;
#7520 = PRESENTATION_LAYER_ASSIGNMENT (  '', '', ( #5604 ) ) ;
#7521 = CARTESIAN_POINT ( 'NONE',  ( -0.4499999999999998400, 0.1000000000000000500, 1.300000000000000300 ) ) ;
#7522 = EDGE_LOOP ( 'NONE', ( #1945, #7681, #6201, #4134 ) ) ;
#7523 = VERTEX_POINT ( 'NONE', #545 ) ;
#7524 = UNCERTAINTY_MEASURE_WITH_UNIT (LENGTH_MEASURE( 1.000000000000000100E-005 ), #9209, 'distance_accuracy_value', 'NONE');
#7525 = EDGE_LOOP ( 'NONE', ( #7064, #8867, #806, #2855 ) ) ;
#7526 = CARTESIAN_POINT ( 'NONE',  ( -0.4499999999999999600, 0.05000000000000002400, -0.1000000000000000500 ) ) ;
#7527 = CARTESIAN_POINT ( 'NONE',  ( 0.1000000000000008100, 0.1000000000000000100, 2.000000000000000000 ) ) ;
#7528 = DIRECTION ( 'NONE',  ( -5.421010862427526100E-016, 0.0000000000000000000, -1.000000000000000000 ) ) ;
#7529 = ADVANCED_FACE ( 'NONE', ( #7365 ), #3999, .T. ) ;
#7530 = LINE ( 'NONE', #2826, #5402 ) ;
#7531 = ORIENTED_EDGE ( 'NONE', *, *, #744, .T. ) ;
#7532 = PRESENTATION_STYLE_ASSIGNMENT (( #3142 ) ) ;
#7533 = AXIS2_PLACEMENT_3D ( 'NONE', #3097, #2559, #679 ) ;
#7534 = EDGE_CURVE ( 'NONE', #1801, #7772, #2138, .T. ) ;
#7535 = ORIENTED_EDGE ( 'NONE', *, *, #498, .T. ) ;
#7536 = FILL_AREA_STYLE ('',( #6139 ) ) ;
#7537 = FILL_AREA_STYLE_COLOUR ( '', #1501 ) ;
#7538 = CLOSED_SHELL ( 'NONE', ( #6653, #4777, #2469, #2297, #389, #4526 ) ) ;
#7539 = CARTESIAN_POINT ( 'NONE',  ( 1.000000000000000000, 0.1000000000000000500, 1.099999999999999900 ) ) ;
#7540 = UNCERTAINTY_MEASURE_WITH_UNIT (LENGTH_MEASURE( 1.000000000000000100E-005 ), #9039, 'distance_accuracy_value', 'NONE');
#7541 = EDGE_LOOP ( 'NONE', ( #6914, #3597, #6863, #7983 ) ) ;
#7542 = LINE ( 'NONE', #144, #3727 ) ;
#7543 = ORIENTED_EDGE ( 'NONE', *, *, #9066, .F. ) ;
#7544 = CARTESIAN_POINT ( 'NONE',  ( 1.000000000000000000, 0.1000000000000000500, -1.300000000000000300 ) ) ;
#7545 = STYLED_ITEM ( 'NONE', ( #7978 ), #2309 ) ;
#7546 = DIRECTION ( 'NONE',  ( 0.0000000000000000000, -1.000000000000000000, 0.0000000000000000000 ) ) ;
#7547 = LINE ( 'NONE', #5041, #1220 ) ;
#7548 = FILL_AREA_STYLE_COLOUR ( '', #6229 ) ;
#7549 = FILL_AREA_STYLE ('',( #6119 ) ) ;
#7550 = VERTEX_POINT ( 'NONE', #1415 ) ;
#7551 = ORIENTED_EDGE ( 'NONE', *, *, #4378, .T. ) ;
#7552 = AXIS2_PLACEMENT_3D ( 'NONE', #2059, #4246, #8455 ) ;
#7553 = CARTESIAN_POINT ( 'NONE',  ( 0.3000000000000003200, 0.1000000000000000500, -2.000000000000000000 ) ) ;
#7554 = ORIENTED_EDGE ( 'NONE', *, *, #1090, .T. ) ;
#7555 = PRESENTATION_LAYER_ASSIGNMENT (  '', '', ( #7498 ) ) ;
#7556 = ORIENTED_EDGE ( 'NONE', *, *, #5384, .T. ) ;
#7557 = CARTESIAN_POINT ( 'NONE',  ( 0.3000000000000006000, 0.1000000000000000500, 1.450000000000000000 ) ) ;
#7558 = DIRECTION ( 'NONE',  ( 0.0000000000000000000, 0.0000000000000000000, -1.000000000000000000 ) ) ;
#7559 = EDGE_CURVE ( 'NONE', #5609, #6207, #1060, .T. ) ;
#7560 = LINE ( 'NONE', #6013, #904 ) ;
#7561 = ORIENTED_EDGE ( 'NONE', *, *, #7141, .T. ) ;
#7562 = VECTOR ( 'NONE', #6350, 1000.000000000000000 ) ;
#7563 = AXIS2_PLACEMENT_3D ( 'NONE', #3007, #895, #7902 ) ;
#7564 = VERTEX_POINT ( 'NONE', #8392 ) ;
#7565 = MECHANICAL_DESIGN_GEOMETRIC_PRESENTATION_REPRESENTATION (  '', ( #7313 ), #3278 ) ;
#7566 = EDGE_CURVE ( 'NONE', #5057, #5992, #4337, .T. ) ;
#7567 = LINE ( 'NONE', #3077, #3549 ) ;
#7568 = VECTOR ( 'NONE', #7546, 1000.000000000000000 ) ;
#7569 = FACE_OUTER_BOUND ( 'NONE', #1958, .T. ) ;
#7570 = ORIENTED_EDGE ( 'NONE', *, *, #2588, .T. ) ;
#7571 =( NAMED_UNIT ( * ) SI_UNIT ( $, .STERADIAN. ) SOLID_ANGLE_UNIT ( ) );
#7572 = LINE ( 'NONE', #751, #3874 ) ;
#7573 = EDGE_CURVE ( 'NONE', #8575, #2961, #8831, .T. ) ;
#7574 = CARTESIAN_POINT ( 'NONE',  ( -1.000000000000000000, 0.04999999999999969700, 1.300000000000000000 ) ) ;
#7575 =( NAMED_UNIT ( * ) PLANE_ANGLE_UNIT ( ) SI_UNIT ( $, .RADIAN. ) );
#7576 = VECTOR ( 'NONE', #430, 1000.000000000000000 ) ;
#7577 = CARTESIAN_POINT ( 'NONE',  ( 0.4499999999999999600, 0.6852349955359816600, 1.500000000000000000 ) ) ;
#7578 = ORIENTED_EDGE ( 'NONE', *, *, #4635, .F. ) ;
#7579 =( GEOMETRIC_REPRESENTATION_CONTEXT ( 3 ) GLOBAL_UNCERTAINTY_ASSIGNED_CONTEXT ( ( #1911 ) ) GLOBAL_UNIT_ASSIGNED_CONTEXT ( ( #7304, #5236, #1030 ) ) REPRESENTATION_CONTEXT ( 'NONE', 'WORKASPACE' ) );
#7580 = DIRECTION ( 'NONE',  ( 0.0000000000000000000, 0.0000000000000000000, -1.000000000000000000 ) ) ;
#7581 = CARTESIAN_POINT ( 'NONE',  ( 0.0000000000000000000, 0.1000000000000000100, 0.0000000000000000000 ) ) ;
#7582 = VERTEX_POINT ( 'NONE', #3485 ) ;
#7583 = DIRECTION ( 'NONE',  ( -0.0000000000000000000, -1.000000000000000000, -0.0000000000000000000 ) ) ;
#7584 = LINE ( 'NONE', #58, #4884 ) ;
#7585 = EDGE_CURVE ( 'NONE', #5976, #4504, #6029, .T. ) ;
#7586 = PRODUCT_DEFINITION_SHAPE ( 'NONE', 'NONE',  #2124 ) ;
#7587 = DIRECTION ( 'NONE',  ( 0.0000000000000000000, 0.0000000000000000000, -1.000000000000000000 ) ) ;
#7588 = VECTOR ( 'NONE', #6652, 1000.000000000000000 ) ;
#7589 = ADVANCED_FACE ( 'NONE', ( #6256 ), #697, .T. ) ;
#7590 = CARTESIAN_POINT ( 'NONE',  ( 0.3000000000000003200, 0.1000000000000000100, -1.450000000000000000 ) ) ;
#7591 = AXIS2_PLACEMENT_3D ( 'NONE', #7909, #5018, #5131 ) ;
#7592 = FILL_AREA_STYLE_COLOUR ( '', #4203 ) ;
#7593 = VECTOR ( 'NONE', #2601, 1000.000000000000000 ) ;
#7594 = SURFACE_STYLE_FILL_AREA ( #3148 ) ;
#7595 = CLOSED_SHELL ( 'NONE', ( #3916, #1305, #3095, #7396, #5754, #6257, #6606 ) ) ;
#7596 =( NAMED_UNIT ( * ) PLANE_ANGLE_UNIT ( ) SI_UNIT ( $, .RADIAN. ) );
#7597 = UNCERTAINTY_MEASURE_WITH_UNIT (LENGTH_MEASURE( 1.000000000000000100E-005 ), #8733, 'distance_accuracy_value', 'NONE');
#7598 = PLANE ( 'NONE',  #8000 ) ;
#7599 = VECTOR ( 'NONE', #8422, 1000.000000000000000 ) ;
#7600 = PRESENTATION_LAYER_ASSIGNMENT (  '', '', ( #7109 ) ) ;
#7601 = DIRECTION ( 'NONE',  ( 5.421010862427526100E-016, 0.0000000000000000000, -1.000000000000000000 ) ) ;
#7602 = VECTOR ( 'NONE', #136, 1000.000000000000000 ) ;
#7603 = LINE ( 'NONE', #7067, #2500 ) ;
#7604 = FILL_AREA_STYLE_COLOUR ( '', #3588 ) ;
#7605 =( NAMED_UNIT ( * ) SI_UNIT ( $, .STERADIAN. ) SOLID_ANGLE_UNIT ( ) );
#7606 = ORIENTED_EDGE ( 'NONE', *, *, #4488, .F. ) ;
#7607 = VECTOR ( 'NONE', #1616, 1000.000000000000000 ) ;
#7608 = CARTESIAN_POINT ( 'NONE',  ( 0.4499999999999999600, 0.1000000000000000500, -1.300000000000000300 ) ) ;
#7609 = AXIS2_PLACEMENT_3D ( 'NONE', #1744, #6685, #2426 ) ;
#7610 = DIRECTION ( 'NONE',  ( 0.0000000000000000000, -0.0000000000000000000, 1.000000000000000000 ) ) ;
#7611 = LINE ( 'NONE', #6346, #2619 ) ;
#7612 = DIRECTION ( 'NONE',  ( -1.000000000000000000, 0.0000000000000000000, -0.0000000000000000000 ) ) ;
#7613 = VECTOR ( 'NONE', #1892, 1000.000000000000000 ) ;
#7614 = MECHANICAL_DESIGN_GEOMETRIC_PRESENTATION_REPRESENTATION (  '', ( #6650 ), #8084 ) ;
#7615 = ORIENTED_EDGE ( 'NONE', *, *, #118, .F. ) ;
#7616 = CARTESIAN_POINT ( 'NONE',  ( 0.9999999999999995600, 0.05000000000000000300, 2.000000000000000000 ) ) ;
#7617 = DIRECTION ( 'NONE',  ( 3.942553354492742500E-016, -0.0000000000000000000, 1.000000000000000000 ) ) ;
#7618 = CARTESIAN_POINT ( 'NONE',  ( 0.4499999999999998400, 0.0000000000000000000, -0.2999999999999999300 ) ) ;
#7619 = EDGE_CURVE ( 'NONE', #4362, #9118, #6927, .T. ) ;
#7620 = ORIENTED_EDGE ( 'NONE', *, *, #7704, .T. ) ;
#7621 =( GEOMETRIC_REPRESENTATION_CONTEXT ( 3 ) GLOBAL_UNCERTAINTY_ASSIGNED_CONTEXT ( ( #5155 ) ) GLOBAL_UNIT_ASSIGNED_CONTEXT ( ( #3768, #4497, #1089 ) ) REPRESENTATION_CONTEXT ( 'NONE', 'WORKASPACE' ) );
#7622 = EDGE_CURVE ( 'NONE', #5756, #5888, #3140, .T. ) ;
#7623 = EDGE_CURVE ( 'NONE', #3408, #614, #4791, .T. ) ;
#7624 = VECTOR ( 'NONE', #1074, 1000.000000000000000 ) ;
#7625 = DIRECTION ( 'NONE',  ( 3.942553354492742500E-016, 0.0000000000000000000, 1.000000000000000000 ) ) ;
#7626 = EDGE_LOOP ( 'NONE', ( #5617, #3626, #5374, #1588 ) ) ;
#7627 = SURFACE_STYLE_FILL_AREA ( #6474 ) ;
#7628 = CARTESIAN_POINT ( 'NONE',  ( 0.4500000000000001800, 0.05000000000000000300, -2.439454888092387900E-016 ) ) ;
#7629 = FILL_AREA_STYLE ('',( #2729 ) ) ;
#7630 = CARTESIAN_POINT ( 'NONE',  ( -0.4499999999999999000, 0.0000000000000000000, -1.800000000000000300 ) ) ;
#7631 = ORIENTED_EDGE ( 'NONE', *, *, #8420, .F. ) ;
#7632 = VERTEX_POINT ( 'NONE', #6438 ) ;
#7633 = UNCERTAINTY_MEASURE_WITH_UNIT (LENGTH_MEASURE( 1.000000000000000100E-005 ), #8609, 'distance_accuracy_value', 'NONE');
#7634 = DIRECTION ( 'NONE',  ( -1.000000000000000000, 0.0000000000000000000, 3.942553354492742500E-016 ) ) ;
#7635 = VERTEX_POINT ( 'NONE', #4266 ) ;
#7636 = SURFACE_SIDE_STYLE ('',( #788 ) ) ;
#7637 = DIRECTION ( 'NONE',  ( 1.000000000000000000, 0.0000000000000000000, -3.942553354492742500E-016 ) ) ;
#7638 = LINE ( 'NONE', #830, #6961 ) ;
#7639 = CARTESIAN_POINT ( 'NONE',  ( -1.000000000000000000, 0.6852349955359816600, -1.500000000000000200 ) ) ;
#7640 = PLANE ( 'NONE',  #8721 ) ;
#7641 = VERTEX_POINT ( 'NONE', #2112 ) ;
#7642 =( NAMED_UNIT ( * ) SI_UNIT ( $, .STERADIAN. ) SOLID_ANGLE_UNIT ( ) );
#7643 = CARTESIAN_POINT ( 'NONE',  ( 0.0000000000000000000, 0.0000000000000000000, 1.600000000000000100 ) ) ;
#7644 = EDGE_LOOP ( 'NONE', ( #8441, #1341, #5824, #1108 ) ) ;
#7645 = FACE_OUTER_BOUND ( 'NONE', #3571, .T. ) ;
#7646 = VERTEX_POINT ( 'NONE', #6370 ) ;
#7647 = CARTESIAN_POINT ( 'NONE',  ( 0.3000000000000003200, 0.6852349955359814400, -1.450000000000000000 ) ) ;
#7648 = ORIENTED_EDGE ( 'NONE', *, *, #3252, .T. ) ;
#7649 = ORIENTED_EDGE ( 'NONE', *, *, #1977, .F. ) ;
#7650 = PLANE ( 'NONE',  #6953 ) ;
#7651 = MECHANICAL_DESIGN_GEOMETRIC_PRESENTATION_REPRESENTATION (  '', ( #4121 ), #2539 ) ;
#7652 = VECTOR ( 'NONE', #6507, 1000.000000000000000 ) ;
#7653 = ORIENTED_EDGE ( 'NONE', *, *, #5874, .T. ) ;
#7654 = VERTEX_POINT ( 'NONE', #2805 ) ;
#7655 = ORIENTED_EDGE ( 'NONE', *, *, #8987, .T. ) ;
#7656 =( LENGTH_UNIT ( ) NAMED_UNIT ( * ) SI_UNIT ( .MILLI., .METRE. ) );
#7657 = CARTESIAN_POINT ( 'NONE',  ( -1.000000000000000000, 0.6852349955359816600, -1.100000000000000300 ) ) ;
#7658 = CARTESIAN_POINT ( 'NONE',  ( -0.4499999999999999600, 0.1000000000000000500, -0.9000000000000001300 ) ) ;
#7659 = FACE_OUTER_BOUND ( 'NONE', #4822, .T. ) ;
#7660 = ORIENTED_EDGE ( 'NONE', *, *, #8357, .T. ) ;
#7661 =( GEOMETRIC_REPRESENTATION_CONTEXT ( 3 ) GLOBAL_UNCERTAINTY_ASSIGNED_CONTEXT ( ( #7121 ) ) GLOBAL_UNIT_ASSIGNED_CONTEXT ( ( #4926, #678, #7697 ) ) REPRESENTATION_CONTEXT ( 'NONE', 'WORKASPACE' ) );
#7662 = FILL_AREA_STYLE ('',( #9112 ) ) ;
#7663 = DIRECTION ( 'NONE',  ( -0.0000000000000000000, -1.000000000000000000, -0.0000000000000000000 ) ) ;
#7664 = CLOSED_SHELL ( 'NONE', ( #3785, #5456, #3200, #8570, #7529, #2437 ) ) ;
#7665 = ORIENTED_EDGE ( 'NONE', *, *, #620, .T. ) ;
#7666 = PRESENTATION_LAYER_ASSIGNMENT (  '', '', ( #1019 ) ) ;
#7667 = LINE ( 'NONE', #3919, #4967 ) ;
#7668 = CARTESIAN_POINT ( 'NONE',  ( 0.4499999999999999600, 0.6852349955359816600, 1.900000000000000100 ) ) ;
#7669 = EDGE_LOOP ( 'NONE', ( #6285, #7075, #1638, #9154 ) ) ;
#7670 = LINE ( 'NONE', #2490, #590 ) ;
#7671 = CARTESIAN_POINT ( 'NONE',  ( -0.9999999999999997800, 0.1000000000000000500, -0.3000000000000001600 ) ) ;
#7672 = PRESENTATION_LAYER_ASSIGNMENT (  '', '', ( #7181 ) ) ;
#7673 = CARTESIAN_POINT ( 'NONE',  ( -0.4499999999999998400, 0.05000000000000002400, 0.1000000000000000500 ) ) ;
#7674 = FACE_OUTER_BOUND ( 'NONE', #9062, .T. ) ;
#7675 = MECHANICAL_DESIGN_GEOMETRIC_PRESENTATION_REPRESENTATION (  '', ( #2897 ), #9136 ) ;
#7676 = EDGE_LOOP ( 'NONE', ( #4944, #6421, #99, #3064 ) ) ;
#7677 = DIRECTION ( 'NONE',  ( 0.0000000000000000000, 0.0000000000000000000, 1.000000000000000000 ) ) ;
#7678 = ADVANCED_FACE ( 'NONE', ( #1288 ), #5710, .F. ) ;
#7679 = CARTESIAN_POINT ( 'NONE',  ( -0.9999999999999997800, 0.1000000000000000500, 0.8999999999999998000 ) ) ;
#7680 = EDGE_CURVE ( 'NONE', #8984, #2991, #7924, .T. ) ;
#7681 = ORIENTED_EDGE ( 'NONE', *, *, #5889, .T. ) ;
#7682 = LINE ( 'NONE', #234, #5555 ) ;
#7683 = FILL_AREA_STYLE ('',( #4028 ) ) ;
#7684 = COLOUR_RGB ( '',0.7921568627450980000, 0.8196078431372548800, 0.9333333333333333500 ) ;
#7685 = CARTESIAN_POINT ( 'NONE',  ( 0.9999999999999995600, 0.05000000000000000300, -2.000000000000000000 ) ) ;
#7686 = CARTESIAN_POINT ( 'NONE',  ( -0.4499999999999999600, 0.1000000000000000500, -1.700000000000000200 ) ) ;
#7687 = ORIENTED_EDGE ( 'NONE', *, *, #8382, .T. ) ;
#7688 = PRESENTATION_LAYER_ASSIGNMENT (  '', '', ( #7200 ) ) ;
#7689 = ORIENTED_EDGE ( 'NONE', *, *, #4214, .T. ) ;
#7690 = PLANE ( 'NONE',  #540 ) ;
#7691 = VECTOR ( 'NONE', #8008, 1000.000000000000000 ) ;
#7692 = VECTOR ( 'NONE', #6601, 1000.000000000000000 ) ;
#7693 = CARTESIAN_POINT ( 'NONE',  ( 1.000000000000000000, 0.1000000000000000500, -1.300000000000000300 ) ) ;
#7694 = VERTEX_POINT ( 'NONE', #78 ) ;
#7695 = FILL_AREA_STYLE_COLOUR ( '', #3092 ) ;
#7696 = SURFACE_STYLE_FILL_AREA ( #1398 ) ;
#7697 =( NAMED_UNIT ( * ) SI_UNIT ( $, .STERADIAN. ) SOLID_ANGLE_UNIT ( ) );
#7698 = VECTOR ( 'NONE', #8842, 1000.000000000000000 ) ;
#7699 = CARTESIAN_POINT ( 'NONE',  ( -0.09999999999999971400, 0.1000000000000000100, -2.000000000000000000 ) ) ;
#7700 = DIRECTION ( 'NONE',  ( 5.421010862427526100E-016, 0.0000000000000000000, -1.000000000000000000 ) ) ;
#7701 = STYLED_ITEM ( 'NONE', ( #7263 ), #1175 ) ;
#7702 = DIRECTION ( 'NONE',  ( 0.0000000000000000000, 0.0000000000000000000, -1.000000000000000000 ) ) ;
#7703 = COLOUR_RGB ( '',0.7921568627450980000, 0.8196078431372548800, 0.9333333333333333500 ) ;
#7704 = EDGE_CURVE ( 'NONE', #2891, #2287, #3254, .T. ) ;
#7705 = ORIENTED_EDGE ( 'NONE', *, *, #3446, .T. ) ;
#7706 = CARTESIAN_POINT ( 'NONE',  ( -0.09999999999999971400, 0.1000000000000000500, -1.450000000000000000 ) ) ;
#7707 = CARTESIAN_POINT ( 'NONE',  ( -1.000000000000000000, 0.04999999999999969700, 1.500000000000000200 ) ) ;
#7708 = VECTOR ( 'NONE', #3451, 1000.000000000000000 ) ;
#7709 = EDGE_CURVE ( 'NONE', #5904, #8099, #5793, .T. ) ;
#7710 = EDGE_LOOP ( 'NONE', ( #3079, #1516, #7653, #7252 ) ) ;
#7711 = DIRECTION ( 'NONE',  ( -0.0000000000000000000, -0.0000000000000000000, 1.000000000000000000 ) ) ;
#7712 = VECTOR ( 'NONE', #7736, 1000.000000000000000 ) ;
#7713 =( LENGTH_UNIT ( ) NAMED_UNIT ( * ) SI_UNIT ( .MILLI., .METRE. ) );
#7714 = ADVANCED_FACE ( 'NONE', ( #3358 ), #7148, .F. ) ;
#7715 = DIRECTION ( 'NONE',  ( -0.0000000000000000000, -1.000000000000000000, -0.0000000000000000000 ) ) ;
#7716 = CARTESIAN_POINT ( 'NONE',  ( 0.4499999999999998400, 0.05000000000000002400, 1.300000000000000300 ) ) ;
#7717 = LINE ( 'NONE', #7647, #2730 ) ;
#7718 = CARTESIAN_POINT ( 'NONE',  ( -0.2999999999999997100, 0.05000000000000000300, -2.000000000000000000 ) ) ;
#7719 =( LENGTH_UNIT ( ) NAMED_UNIT ( * ) SI_UNIT ( .MILLI., .METRE. ) );
#7720 = ORIENTED_EDGE ( 'NONE', *, *, #2548, .F. ) ;
#7721 = ADVANCED_FACE ( 'NONE', ( #3671 ), #4211, .F. ) ;
#7722 = EDGE_CURVE ( 'NONE', #1920, #7635, #5220, .T. ) ;
#7723 = DIRECTION ( 'NONE',  ( 5.421010862427526100E-016, 0.0000000000000000000, -1.000000000000000000 ) ) ;
#7724 = LINE ( 'NONE', #5214, #5255 ) ;
#7725 = EDGE_LOOP ( 'NONE', ( #2041, #8802, #2968, #8445 ) ) ;
#7726 = VECTOR ( 'NONE', #2302, 1000.000000000000000 ) ;
#7727 = CARTESIAN_POINT ( 'NONE',  ( -1.000000000000000200, 0.05000000000000000300, -1.999999999999999600 ) ) ;
#7728 = VECTOR ( 'NONE', #734, 1000.000000000000000 ) ;
#7729 = PRESENTATION_LAYER_ASSIGNMENT (  '', '', ( #6014 ) ) ;
#7730 = EDGE_LOOP ( 'NONE', ( #5964, #1045, #6398, #4470 ) ) ;
#7731 = VECTOR ( 'NONE', #109, 1000.000000000000000 ) ;
#7732 = MECHANICAL_DESIGN_GEOMETRIC_PRESENTATION_REPRESENTATION (  '', ( #2800 ), #6134 ) ;
#7733 = ORIENTED_EDGE ( 'NONE', *, *, #5526, .T. ) ;
#7734 = EDGE_CURVE ( 'NONE', #5727, #8312, #6141, .T. ) ;
#7735 = CARTESIAN_POINT ( 'NONE',  ( -0.5499999999999988200, 0.1000000000000000500, -1.899999999999999900 ) ) ;
#7736 = DIRECTION ( 'NONE',  ( 5.421010862427526100E-016, -0.0000000000000000000, 1.000000000000000000 ) ) ;
#7737 = APPLICATION_CONTEXT ( 'automotive_design' ) ;
#7738 = ORIENTED_EDGE ( 'NONE', *, *, #9088, .T. ) ;
#7739 = EDGE_CURVE ( 'NONE', #412, #5664, #7019, .T. ) ;
#7740 = ORIENTED_EDGE ( 'NONE', *, *, #3420, .F. ) ;
#7741 = MANIFOLD_SOLID_BREP ( 'Boss-Extrude3[2]', #3716 ) ;
#7742 =( NAMED_UNIT ( * ) PLANE_ANGLE_UNIT ( ) SI_UNIT ( $, .RADIAN. ) );
#7743 = ORIENTED_EDGE ( 'NONE', *, *, #1109, .T. ) ;
#7744 = CARTESIAN_POINT ( 'NONE',  ( -0.4499999999999999600, 0.6852349955359816600, -1.300000000000000300 ) ) ;
#7745 = ORIENTED_EDGE ( 'NONE', *, *, #7860, .T. ) ;
#7746 = ORIENTED_EDGE ( 'NONE', *, *, #3028, .T. ) ;
#7747 = COLOUR_RGB ( '',0.2509803921568627400, 0.2509803921568627400, 0.2509803921568627400 ) ;
#7748 = AXIS2_PLACEMENT_3D ( 'NONE', #503, #5457, #1235 ) ;
#7749 = EDGE_LOOP ( 'NONE', ( #8702, #6966, #7023, #654 ) ) ;
#7750 = SURFACE_STYLE_USAGE ( .BOTH. , #2787 ) ;
#7751 = LINE ( 'NONE', #5943, #6202 ) ;
#7752 = FACE_OUTER_BOUND ( 'NONE', #4518, .T. ) ;
#7753 = CARTESIAN_POINT ( 'NONE',  ( -3.548298019043469300E-016, 0.05000000000000000300, -0.9000000000000003600 ) ) ;
#7754 = ORIENTED_EDGE ( 'NONE', *, *, #5318, .T. ) ;
#7755 = ORIENTED_EDGE ( 'NONE', *, *, #516, .F. ) ;
#7756 =( NAMED_UNIT ( * ) PLANE_ANGLE_UNIT ( ) SI_UNIT ( $, .RADIAN. ) );
#7757 = ORIENTED_EDGE ( 'NONE', *, *, #5270, .T. ) ;
#7758 = SURFACE_STYLE_FILL_AREA ( #2835 ) ;
#7759 = SURFACE_STYLE_USAGE ( .BOTH. , #5577 ) ;
#7760 = PRESENTATION_LAYER_ASSIGNMENT (  '', '', ( #6329 ) ) ;
#7761 =( NAMED_UNIT ( * ) PLANE_ANGLE_UNIT ( ) SI_UNIT ( $, .RADIAN. ) );
#7762 = PRESENTATION_STYLE_ASSIGNMENT (( #2839 ) ) ;
#7763 = ORIENTED_EDGE ( 'NONE', *, *, #4740, .T. ) ;
#7764 = ORIENTED_EDGE ( 'NONE', *, *, #7511, .T. ) ;
#7765 = DIRECTION ( 'NONE',  ( -5.421010862427526100E-016, 0.0000000000000000000, 1.000000000000000000 ) ) ;
#7766 = SURFACE_STYLE_FILL_AREA ( #4994 ) ;
#7767 = ORIENTED_EDGE ( 'NONE', *, *, #2630, .F. ) ;
#7768 = DIRECTION ( 'NONE',  ( 1.000000000000000000, 0.0000000000000000000, 3.942553354492742500E-016 ) ) ;
#7769 = MECHANICAL_DESIGN_GEOMETRIC_PRESENTATION_REPRESENTATION (  '', ( #7545 ), #7280 ) ;
#7770 = ORIENTED_EDGE ( 'NONE', *, *, #217, .F. ) ;
#7771 = LINE ( 'NONE', #6725, #2685 ) ;
#7772 = VERTEX_POINT ( 'NONE', #2970 ) ;
#7773 = CARTESIAN_POINT ( 'NONE',  ( 0.9999999999999995600, 0.05000000000000000300, 2.000000000000000000 ) ) ;
#7774 = EDGE_CURVE ( 'NONE', #4036, #3616, #7356, .T. ) ;
#7775 = ORIENTED_EDGE ( 'NONE', *, *, #2311, .T. ) ;
#7776 = STYLED_ITEM ( 'NONE', ( #6109 ), #8749 ) ;
#7777 = DIRECTION ( 'NONE',  ( -1.000000000000000000, 0.0000000000000000000, -3.942553354492742500E-016 ) ) ;
#7778 = CARTESIAN_POINT ( 'NONE',  ( -1.182766006347821600E-016, 0.05000000000000000300, -0.2999999999999997700 ) ) ;
#7779 = VERTEX_POINT ( 'NONE', #2233 ) ;
#7780 = SURFACE_SIDE_STYLE ('',( #1120 ) ) ;
#7781 = DIRECTION ( 'NONE',  ( 0.0000000000000000000, -1.000000000000000000, 0.0000000000000000000 ) ) ;
#7782 = DIRECTION ( 'NONE',  ( 0.0000000000000000000, -1.000000000000000000, 0.0000000000000000000 ) ) ;
#7783 = AXIS2_PLACEMENT_3D ( 'NONE', #6893, #4109, #2650 ) ;
#7784 = DIRECTION ( 'NONE',  ( -1.000000000000000000, 0.0000000000000000000, -5.421010862427526100E-016 ) ) ;
#7785 = DIRECTION ( 'NONE',  ( 0.0000000000000000000, 0.0000000000000000000, -1.000000000000000000 ) ) ;
#7786 = LINE ( 'NONE', #4395, #2694 ) ;
#7787 = VECTOR ( 'NONE', #1906, 1000.000000000000000 ) ;
#7788 = LINE ( 'NONE', #2828, #3113 ) ;
#7789 = FILL_AREA_STYLE_COLOUR ( '', #1052 ) ;
#7790 = ORIENTED_EDGE ( 'NONE', *, *, #3885, .T. ) ;
#7791 = FILL_AREA_STYLE ('',( #4322 ) ) ;
#7792 = MECHANICAL_DESIGN_GEOMETRIC_PRESENTATION_REPRESENTATION (  '', ( #5388 ), #381 ) ;
#7793 = DIRECTION ( 'NONE',  ( 5.421010862427526100E-016, 0.0000000000000000000, -1.000000000000000000 ) ) ;
#7794 = COLOUR_RGB ( '',0.2509803921568627400, 0.2509803921568627400, 0.2509803921568627400 ) ;
#7795 = PLANE ( 'NONE',  #1267 ) ;
#7796 = ORIENTED_EDGE ( 'NONE', *, *, #4174, .T. ) ;
#7797 =( GEOMETRIC_REPRESENTATION_CONTEXT ( 3 ) GLOBAL_UNCERTAINTY_ASSIGNED_CONTEXT ( ( #6834 ) ) GLOBAL_UNIT_ASSIGNED_CONTEXT ( ( #1824, #7448, #1105 ) ) REPRESENTATION_CONTEXT ( 'NONE', 'WORKASPACE' ) );
#7798 = PLANE ( 'NONE',  #1333 ) ;
#7799 = VECTOR ( 'NONE', #2763, 1000.000000000000000 ) ;
#7800 = ORIENTED_EDGE ( 'NONE', *, *, #7619, .F. ) ;
#7801 = VERTEX_POINT ( 'NONE', #6501 ) ;
#7802 = EDGE_CURVE ( 'NONE', #6300, #6639, #6041, .T. ) ;
#7803 = DIRECTION ( 'NONE',  ( -4.336808689942017700E-016, 0.0000000000000000000, -1.000000000000000000 ) ) ;
#7804 = PRESENTATION_STYLE_ASSIGNMENT (( #4351 ) ) ;
#7805 = SURFACE_SIDE_STYLE ('',( #1463 ) ) ;
#7806 = CARTESIAN_POINT ( 'NONE',  ( -0.7500000000000000000, 0.5000000000000000000, -1.625000000000000200 ) ) ;
#7807 = VECTOR ( 'NONE', #8779, 1000.000000000000000 ) ;
#7808 = COLOUR_RGB ( '',1.000000000000000000, 1.000000000000000000, 1.000000000000000000 ) ;
#7809 = DIRECTION ( 'NONE',  ( -1.000000000000000000, 0.0000000000000000000, 0.0000000000000000000 ) ) ;
#7810 = PRESENTATION_LAYER_ASSIGNMENT (  '', '', ( #3027 ) ) ;
#7811 = EDGE_CURVE ( 'NONE', #7779, #9000, #5106, .T. ) ;
#7812 = SURFACE_STYLE_FILL_AREA ( #3837 ) ;
#7813 = DIRECTION ( 'NONE',  ( 1.000000000000000000, 0.0000000000000000000, -3.942553354492742500E-016 ) ) ;
#7814 = ORIENTED_EDGE ( 'NONE', *, *, #7033, .T. ) ;
#7815 = UNCERTAINTY_MEASURE_WITH_UNIT (LENGTH_MEASURE( 1.000000000000000100E-005 ), #8329, 'distance_accuracy_value', 'NONE');
#7816 = DIRECTION ( 'NONE',  ( -5.421010862427526100E-016, 0.0000000000000000000, 1.000000000000000000 ) ) ;
#7817 = SURFACE_STYLE_FILL_AREA ( #9105 ) ;
#7818 = CARTESIAN_POINT ( 'NONE',  ( 0.4499999999999998400, 0.6852349955359816600, 1.700000000000000400 ) ) ;
#7819 = VERTEX_POINT ( 'NONE', #1025 ) ;
#7820 = LINE ( 'NONE', #363, #5347 ) ;
#7821 = SURFACE_SIDE_STYLE ('',( #6309 ) ) ;
#7822 = UNCERTAINTY_MEASURE_WITH_UNIT (LENGTH_MEASURE( 1.000000000000000100E-005 ), #8447, 'distance_accuracy_value', 'NONE');
#7823 = DIRECTION ( 'NONE',  ( 0.0000000000000000000, 0.0000000000000000000, 1.000000000000000000 ) ) ;
#7824 = AXIS2_PLACEMENT_3D ( 'NONE', #8960, #9027, #7471 ) ;
#7825 =( LENGTH_UNIT ( ) NAMED_UNIT ( * ) SI_UNIT ( .MILLI., .METRE. ) );
#7826 = ORIENTED_EDGE ( 'NONE', *, *, #854, .F. ) ;
#7827 = VECTOR ( 'NONE', #7852, 1000.000000000000000 ) ;
#7828 = SURFACE_SIDE_STYLE ('',( #1944 ) ) ;
#7829 = MECHANICAL_DESIGN_GEOMETRIC_PRESENTATION_REPRESENTATION (  '', ( #8328 ), #3432 ) ;
#7830 = EDGE_CURVE ( 'NONE', #68, #3336, #170, .T. ) ;
#7831 = SURFACE_STYLE_USAGE ( .BOTH. , #1548 ) ;
#7832 = VECTOR ( 'NONE', #8367, 1000.000000000000000 ) ;
#7833 = CARTESIAN_POINT ( 'NONE',  ( 0.0000000000000000000, 0.1000000000000000100, 0.0000000000000000000 ) ) ;
#7834 = EDGE_LOOP ( 'NONE', ( #5593, #1867, #8718, #8096 ) ) ;
#7835 = MECHANICAL_DESIGN_GEOMETRIC_PRESENTATION_REPRESENTATION (  '', ( #4487 ), #6585 ) ;
#7836 = CARTESIAN_POINT ( 'NONE',  ( -0.4499999999999998400, 0.0000000000000000000, 0.1000000000000000500 ) ) ;
#7837 = FACE_OUTER_BOUND ( 'NONE', #6999, .T. ) ;
#7838 = VERTEX_POINT ( 'NONE', #3862 ) ;
#7839 = LINE ( 'NONE', #4245, #3290 ) ;
#7840 = PLANE ( 'NONE',  #8977 ) ;
#7841 =( GEOMETRIC_REPRESENTATION_CONTEXT ( 3 ) GLOBAL_UNCERTAINTY_ASSIGNED_CONTEXT ( ( #6172 ) ) GLOBAL_UNIT_ASSIGNED_CONTEXT ( ( #7982, #5823, #7325 ) ) REPRESENTATION_CONTEXT ( 'NONE', 'WORKASPACE' ) );
#7842 = PRESENTATION_LAYER_ASSIGNMENT (  '', '', ( #1504 ) ) ;
#7843 = PLANE ( 'NONE',  #7484 ) ;
#7844 = AXIS2_PLACEMENT_3D ( 'NONE', #695, #5613, #9176 ) ;
#7845 = CARTESIAN_POINT ( 'NONE',  ( -0.4499999999999999000, -0.1302775637731988500, -1.800000000000000300 ) ) ;
#7846 = COLOUR_RGB ( '',0.7921568627450980000, 0.8196078431372548800, 0.9333333333333333500 ) ;
#7847 = ORIENTED_EDGE ( 'NONE', *, *, #8357, .F. ) ;
#7848 = PLANE ( 'NONE',  #2377 ) ;
#7849 = VERTEX_POINT ( 'NONE', #7391 ) ;
#7850 = EDGE_CURVE ( 'NONE', #2724, #2201, #4128, .T. ) ;
#7851 = EDGE_LOOP ( 'NONE', ( #4757, #2375, #1425, #5003 ) ) ;
#7852 = DIRECTION ( 'NONE',  ( 0.0000000000000000000, 0.0000000000000000000, -1.000000000000000000 ) ) ;
#7853 = ORIENTED_EDGE ( 'NONE', *, *, #3389, .F. ) ;
#7854 = LINE ( 'NONE', #860, #4057 ) ;
#7855 = ORIENTED_EDGE ( 'NONE', *, *, #8717, .F. ) ;
#7856 = AXIS2_PLACEMENT_3D ( 'NONE', #341, #7485, #5319 ) ;
#7857 = PRESENTATION_LAYER_ASSIGNMENT (  '', '', ( #8964 ) ) ;
#7858 = VERTEX_POINT ( 'NONE', #2424 ) ;
#7859 = COLOUR_RGB ( '',0.2509803921568627400, 0.2509803921568627400, 0.2509803921568627400 ) ;
#7860 = EDGE_CURVE ( 'NONE', #8850, #5167, #4459, .T. ) ;
#7861 = UNCERTAINTY_MEASURE_WITH_UNIT (LENGTH_MEASURE( 1.000000000000000100E-005 ), #425, 'distance_accuracy_value', 'NONE');
#7862 = DIRECTION ( 'NONE',  ( 5.421010862427526100E-016, -0.0000000000000000000, 1.000000000000000000 ) ) ;
#7863 = VERTEX_POINT ( 'NONE', #7427 ) ;
#7864 = DIRECTION ( 'NONE',  ( -1.000000000000000000, 0.0000000000000000000, -3.942553354492742500E-016 ) ) ;
#7865 = ORIENTED_EDGE ( 'NONE', *, *, #1039, .F. ) ;
#7866 = FILL_AREA_STYLE_COLOUR ( '', #3774 ) ;
#7867 = ORIENTED_EDGE ( 'NONE', *, *, #6364, .F. ) ;
#7868 = VECTOR ( 'NONE', #4348, 1000.000000000000000 ) ;
#7869 = EDGE_CURVE ( 'NONE', #8686, #443, #1170, .T. ) ;
#7870 = ORIENTED_EDGE ( 'NONE', *, *, #9187, .T. ) ;
#7871 = PLANE ( 'NONE',  #7135 ) ;
#7872 = ORIENTED_EDGE ( 'NONE', *, *, #4912, .T. ) ;
#7873 =( LENGTH_UNIT ( ) NAMED_UNIT ( * ) SI_UNIT ( .MILLI., .METRE. ) );
#7874 = ADVANCED_BREP_SHAPE_REPRESENTATION ( 'RKT24', ( #7041, #5217, #7741, #4431, #3578, #1953, #5629, #5515, #3969, #6899, #1566, #8451, #6374, #719, #1175, #8972, #6102, #2214, #2339, #2516, #2640, #5394, #200, #6221, #3192, #316, #7050 ), #8163 ) ;
#7875 = EDGE_LOOP ( 'NONE', ( #6517, #7969, #2571, #6261 ) ) ;
#7876 = AXIS2_PLACEMENT_3D ( 'NONE', #3900, #3807, #2578 ) ;
#7877 = VECTOR ( 'NONE', #1195, 1000.000000000000000 ) ;
#7878 = CARTESIAN_POINT ( 'NONE',  ( 0.1000000000000008100, 0.1000000000000000100, 2.000000000000000000 ) ) ;
#7879 = EDGE_LOOP ( 'NONE', ( #1057, #732, #4648, #8646 ) ) ;
#7880 = EDGE_CURVE ( 'NONE', #5910, #2956, #1835, .T. ) ;
#7881 = DIRECTION ( 'NONE',  ( 1.000000000000000000, 0.0000000000000000000, -3.942553354492742500E-016 ) ) ;
#7882 = VECTOR ( 'NONE', #1266, 1000.000000000000000 ) ;
#7883 = SURFACE_SIDE_STYLE ('',( #5954 ) ) ;
#7884 = LINE ( 'NONE', #8728, #8122 ) ;
#7885 = VECTOR ( 'NONE', #7437, 1000.000000000000000 ) ;
#7886 = ORIENTED_EDGE ( 'NONE', *, *, #796, .F. ) ;
#7887 = EDGE_CURVE ( 'NONE', #215, #2961, #8945, .T. ) ;
#7888 = LINE ( 'NONE', #6173, #361 ) ;
#7889 = DIRECTION ( 'NONE',  ( 0.0000000000000000000, -0.0000000000000000000, 1.000000000000000000 ) ) ;
#7890 = VECTOR ( 'NONE', #4696, 1000.000000000000000 ) ;
#7891 = SURFACE_STYLE_USAGE ( .BOTH. , #2967 ) ;
#7892 = VECTOR ( 'NONE', #3779, 1000.000000000000000 ) ;
#7893 = AXIS2_PLACEMENT_3D ( 'NONE', #6387, #4257, #95 ) ;
#7894 = DIRECTION ( 'NONE',  ( 0.0000000000000000000, 0.0000000000000000000, -1.000000000000000000 ) ) ;
#7895 = ORIENTED_EDGE ( 'NONE', *, *, #3088, .F. ) ;
#7896 = COLOUR_RGB ( '',0.7921568627450980000, 0.8196078431372548800, 0.9333333333333333500 ) ;
#7897 = DIRECTION ( 'NONE',  ( 0.0000000000000000000, 0.0000000000000000000, 1.000000000000000000 ) ) ;
#7898 = DIRECTION ( 'NONE',  ( 0.0000000000000000000, 0.0000000000000000000, -1.000000000000000000 ) ) ;
#7899 = CARTESIAN_POINT ( 'NONE',  ( 0.4499999999999999600, 0.6852349955359816600, 1.900000000000000100 ) ) ;
#7900 =( GEOMETRIC_REPRESENTATION_CONTEXT ( 3 ) GLOBAL_UNCERTAINTY_ASSIGNED_CONTEXT ( ( #4772 ) ) GLOBAL_UNIT_ASSIGNED_CONTEXT ( ( #893, #5103, #2971 ) ) REPRESENTATION_CONTEXT ( 'NONE', 'WORKASPACE' ) );
#7901 = VERTEX_POINT ( 'NONE', #4533 ) ;
#7902 = DIRECTION ( 'NONE',  ( 1.000000000000000000, 0.0000000000000000000, -3.942553354492742500E-016 ) ) ;
#7903 = SURFACE_SIDE_STYLE ('',( #7195 ) ) ;
#7904 = DIRECTION ( 'NONE',  ( -3.942553354492742500E-016, 0.0000000000000000000, -1.000000000000000000 ) ) ;
#7905 = PRESENTATION_LAYER_ASSIGNMENT (  '', '', ( #7426 ) ) ;
#7906 = EDGE_LOOP ( 'NONE', ( #331, #9052, #2248, #5312 ) ) ;
#7907 =( LENGTH_UNIT ( ) NAMED_UNIT ( * ) SI_UNIT ( .MILLI., .METRE. ) );
#7908 = EDGE_CURVE ( 'NONE', #6758, #866, #9178, .T. ) ;
#7909 = CARTESIAN_POINT ( 'NONE',  ( -0.4499999999999999600, 0.6852349955359816600, 1.900000000000000100 ) ) ;
#7910 = ADVANCED_FACE ( 'NONE', ( #7248 ), #6715, .F. ) ;
#7911 = EDGE_CURVE ( 'NONE', #4, #1226, #4119, .T. ) ;
#7912 = ORIENTED_EDGE ( 'NONE', *, *, #9057, .F. ) ;
#7913 = FILL_AREA_STYLE ('',( #1569 ) ) ;
#7914 = CARTESIAN_POINT ( 'NONE',  ( 0.0000000000000000000, 0.0000000000000000000, 0.0000000000000000000 ) ) ;
#7915 = LINE ( 'NONE', #1606, #6032 ) ;
#7916 = SURFACE_SIDE_STYLE ('',( #4600 ) ) ;
#7917 = UNCERTAINTY_MEASURE_WITH_UNIT (LENGTH_MEASURE( 1.000000000000000100E-005 ), #2941, 'distance_accuracy_value', 'NONE');
#7918 = MECHANICAL_DESIGN_GEOMETRIC_PRESENTATION_REPRESENTATION (  '', ( #6192 ), #1161 ) ;
#7919 = PRESENTATION_STYLE_ASSIGNMENT (( #9050 ) ) ;
#7920 = ORIENTED_EDGE ( 'NONE', *, *, #7994, .F. ) ;
#7921 = EDGE_CURVE ( 'NONE', #5992, #3627, #500, .T. ) ;
#7922 = PLANE ( 'NONE',  #5796 ) ;
#7923 = FACE_OUTER_BOUND ( 'NONE', #5644, .T. ) ;
#7924 = LINE ( 'NONE', #6397, #4779 ) ;
#7925 = CARTESIAN_POINT ( 'NONE',  ( 0.9999999999999995600, 0.05000000000000000300, 2.000000000000000000 ) ) ;
#7926 = LINE ( 'NONE', #5729, #6706 ) ;
#7927 = CARTESIAN_POINT ( 'NONE',  ( 0.9999999999999995600, 0.05000000000000000300, 2.000000000000000000 ) ) ;
#7928 = ORIENTED_EDGE ( 'NONE', *, *, #5012, .F. ) ;
#7929 = FILL_AREA_STYLE ('',( #2932 ) ) ;
#7930 = DIRECTION ( 'NONE',  ( 0.7071067811865436900, -0.0000000000000000000, 0.7071067811865513500 ) ) ;
#7931 = COLOUR_RGB ( '',0.2509803921568627400, 0.2509803921568627400, 0.2509803921568627400 ) ;
#7932 = DIRECTION ( 'NONE',  ( 0.0000000000000000000, -0.0000000000000000000, 1.000000000000000000 ) ) ;
#7933 = AXIS2_PLACEMENT_3D ( 'NONE', #1072, #5989, #4584 ) ;
#7934 =( NAMED_UNIT ( * ) PLANE_ANGLE_UNIT ( ) SI_UNIT ( $, .RADIAN. ) );
#7935 = FACE_OUTER_BOUND ( 'NONE', #702, .T. ) ;
#7936 = CARTESIAN_POINT ( 'NONE',  ( -0.4499999999999999600, 0.1000000000000000500, -0.5000000000000000000 ) ) ;
#7937 = ORIENTED_EDGE ( 'NONE', *, *, #5819, .F. ) ;
#7938 =( LENGTH_UNIT ( ) NAMED_UNIT ( * ) SI_UNIT ( .MILLI., .METRE. ) );
#7939 = AXIS2_PLACEMENT_3D ( 'NONE', #8535, #4242, #7897 ) ;
#7940 =( NAMED_UNIT ( * ) PLANE_ANGLE_UNIT ( ) SI_UNIT ( $, .RADIAN. ) );
#7941 = ADVANCED_FACE ( 'NONE', ( #385 ), #8040, .F. ) ;
#7942 = CARTESIAN_POINT ( 'NONE',  ( -1.000000000000000000, 0.1000000000000000500, 1.900000000000000400 ) ) ;
#7943 = LINE ( 'NONE', #6169, #187 ) ;
#7944 = DIRECTION ( 'NONE',  ( -5.421010862427526100E-016, 0.0000000000000000000, 1.000000000000000000 ) ) ;
#7945 = ORIENTED_EDGE ( 'NONE', *, *, #1464, .T. ) ;
#7946 = CARTESIAN_POINT ( 'NONE',  ( 1.000000000000000000, 0.04999999999999969700, 1.099999999999999900 ) ) ;
#7947 =( GEOMETRIC_REPRESENTATION_CONTEXT ( 3 ) GLOBAL_UNCERTAINTY_ASSIGNED_CONTEXT ( ( #5098 ) ) GLOBAL_UNIT_ASSIGNED_CONTEXT ( ( #3341, #9153, #3462 ) ) REPRESENTATION_CONTEXT ( 'NONE', 'WORKASPACE' ) );
#7948 = DIRECTION ( 'NONE',  ( -1.000000000000000000, 0.0000000000000000000, 3.942553354492742500E-016 ) ) ;
#7949 = CARTESIAN_POINT ( 'NONE',  ( -0.4499999999999998400, 0.6852349955359816600, 1.700000000000000400 ) ) ;
#7950 = LINE ( 'NONE', #4999, #5029 ) ;
#7951 = DIRECTION ( 'NONE',  ( -1.000000000000000000, 0.0000000000000000000, 3.942553354492742500E-016 ) ) ;
#7952 = EDGE_LOOP ( 'NONE', ( #7770, #2929, #5354, #354 ) ) ;
#7953 = LINE ( 'NONE', #5164, #6071 ) ;
#7954 = DIRECTION ( 'NONE',  ( 1.000000000000000000, -0.0000000000000000000, -0.0000000000000000000 ) ) ;
#7955 = AXIS2_PLACEMENT_3D ( 'NONE', #1693, #3151, #7377 ) ;
#7956 = CARTESIAN_POINT ( 'NONE',  ( 0.0000000000000000000, 0.1000000000000000100, 0.0000000000000000000 ) ) ;
#7957 = DIRECTION ( 'NONE',  ( -1.000000000000000000, 0.0000000000000000000, -3.942553354492742500E-016 ) ) ;
#7958 = LINE ( 'NONE', #4163, #8310 ) ;
#7959 = DIRECTION ( 'NONE',  ( -0.0000000000000000000, -0.0000000000000000000, 1.000000000000000000 ) ) ;
#7960 = VERTEX_POINT ( 'NONE', #1601 ) ;
#7961 = PRESENTATION_LAYER_ASSIGNMENT (  '', '', ( #4304 ) ) ;
#7962 = ORIENTED_EDGE ( 'NONE', *, *, #6311, .F. ) ;
#7963 = CARTESIAN_POINT ( 'NONE',  ( 0.4499999999999999600, 0.0000000000000000000, 1.900000000000000100 ) ) ;
#7964 = SURFACE_STYLE_FILL_AREA ( #6217 ) ;
#7965 =( GEOMETRIC_REPRESENTATION_CONTEXT ( 3 ) GLOBAL_UNCERTAINTY_ASSIGNED_CONTEXT ( ( #7861 ) ) GLOBAL_UNIT_ASSIGNED_CONTEXT ( ( #425, #3349, #5343 ) ) REPRESENTATION_CONTEXT ( 'NONE', 'WORKASPACE' ) );
#7966 = ORIENTED_EDGE ( 'NONE', *, *, #3876, .F. ) ;
#7967 = PRESENTATION_LAYER_ASSIGNMENT (  '', '', ( #5880 ) ) ;
#7968 = FILL_AREA_STYLE_COLOUR ( '', #2371 ) ;
#7969 = ORIENTED_EDGE ( 'NONE', *, *, #8244, .T. ) ;
#7970 =( GEOMETRIC_REPRESENTATION_CONTEXT ( 3 ) GLOBAL_UNCERTAINTY_ASSIGNED_CONTEXT ( ( #3622 ) ) GLOBAL_UNIT_ASSIGNED_CONTEXT ( ( #387, #8851, #5299 ) ) REPRESENTATION_CONTEXT ( 'NONE', 'WORKASPACE' ) );
#7971 = ORIENTED_EDGE ( 'NONE', *, *, #8298, .T. ) ;
#7972 = PLANE ( 'NONE',  #1797 ) ;
#7973 =( NAMED_UNIT ( * ) SI_UNIT ( $, .STERADIAN. ) SOLID_ANGLE_UNIT ( ) );
#7974 = ORIENTED_EDGE ( 'NONE', *, *, #5762, .F. ) ;
#7975 = EDGE_LOOP ( 'NONE', ( #2751, #1783, #7081, #4854 ) ) ;
#7976 = EDGE_CURVE ( 'NONE', #4086, #1224, #610, .T. ) ;
#7977 = VECTOR ( 'NONE', #2234, 1000.000000000000000 ) ;
#7978 = PRESENTATION_STYLE_ASSIGNMENT (( #3867 ) ) ;
#7979 = DIRECTION ( 'NONE',  ( -3.942553354492742500E-016, 0.0000000000000000000, 1.000000000000000000 ) ) ;
#7980 = ORIENTED_EDGE ( 'NONE', *, *, #6200, .F. ) ;
#7981 =( LENGTH_UNIT ( ) NAMED_UNIT ( * ) SI_UNIT ( .MILLI., .METRE. ) );
#7982 =( LENGTH_UNIT ( ) NAMED_UNIT ( * ) SI_UNIT ( .MILLI., .METRE. ) );
#7983 = ORIENTED_EDGE ( 'NONE', *, *, #5270, .F. ) ;
#7984 = EDGE_CURVE ( 'NONE', #6038, #246, #6248, .T. ) ;
#7985 = VECTOR ( 'NONE', #3283, 1000.000000000000000 ) ;
#7986 = DIRECTION ( 'NONE',  ( 0.0000000000000000000, -1.000000000000000000, 0.0000000000000000000 ) ) ;
#7987 = VERTEX_POINT ( 'NONE', #3159 ) ;
#7988 = CARTESIAN_POINT ( 'NONE',  ( 2.759787348144919400E-016, 0.05000000000000000300, 0.6999999999999998400 ) ) ;
#7989 = ORIENTED_EDGE ( 'NONE', *, *, #5132, .T. ) ;
#7990 = FILL_AREA_STYLE ('',( #3004 ) ) ;
#7991 = VERTEX_POINT ( 'NONE', #2355 ) ;
#7992 = DIRECTION ( 'NONE',  ( 5.421010862427526100E-016, 0.0000000000000000000, -1.000000000000000000 ) ) ;
#7993 = ORIENTED_EDGE ( 'NONE', *, *, #55, .T. ) ;
#7994 = EDGE_CURVE ( 'NONE', #6664, #2951, #7012, .T. ) ;
#7995 = LINE ( 'NONE', #5327, #135 ) ;
#7996 = SURFACE_SIDE_STYLE ('',( #6591 ) ) ;
#7997 = DIRECTION ( 'NONE',  ( -0.0000000000000000000, -1.000000000000000000, -0.0000000000000000000 ) ) ;
#7998 = FILL_AREA_STYLE ('',( #3067 ) ) ;
#7999 = DIRECTION ( 'NONE',  ( 0.0000000000000000000, 1.000000000000000000, 0.0000000000000000000 ) ) ;
#8000 = AXIS2_PLACEMENT_3D ( 'NONE', #6844, #3338, #4056 ) ;
#8001 = FILL_AREA_STYLE ('',( #7968 ) ) ;
#8002 = VECTOR ( 'NONE', #1133, 1000.000000000000000 ) ;
#8003 = CARTESIAN_POINT ( 'NONE',  ( -0.2999999999999996000, 0.05000000000000000300, 5.913830031739105700E-017 ) ) ;
#8004 = EDGE_LOOP ( 'NONE', ( #1743, #7853, #8671, #3527, #28 ) ) ;
#8005 = CARTESIAN_POINT ( 'NONE',  ( 0.4499999999999999600, 0.6852349955359816600, -0.9000000000000001300 ) ) ;
#8006 = CARTESIAN_POINT ( 'NONE',  ( -0.9999999999999997800, 0.1000000000000000500, -1.900000000000000100 ) ) ;
#8007 = LINE ( 'NONE', #1860, #1148 ) ;
#8008 = DIRECTION ( 'NONE',  ( 1.000000000000000000, -0.0000000000000000000, -3.942553354492742500E-016 ) ) ;
#8009 = ADVANCED_FACE ( 'NONE', ( #2026 ), #8737, .F. ) ;
#8010 = DIRECTION ( 'NONE',  ( 1.000000000000000000, 0.0000000000000000000, 3.942553354492742500E-016 ) ) ;
#8011 = EDGE_CURVE ( 'NONE', #3489, #5330, #6804, .T. ) ;
#8012 = DIRECTION ( 'NONE',  ( 0.0000000000000000000, -1.000000000000000000, 0.0000000000000000000 ) ) ;
#8013 = VECTOR ( 'NONE', #2143, 1000.000000000000000 ) ;
#8014 = CARTESIAN_POINT ( 'NONE',  ( 0.4499999999999998400, 0.6852349955359816600, 1.300000000000000300 ) ) ;
#8015 = ORIENTED_EDGE ( 'NONE', *, *, #8603, .F. ) ;
#8016 = CARTESIAN_POINT ( 'NONE',  ( 0.1000000000000007000, 0.1000000000000000500, 1.450000000000000000 ) ) ;
#8017 = CARTESIAN_POINT ( 'NONE',  ( 0.4499999999999999600, 0.05000000000000002400, -0.1000000000000000500 ) ) ;
#8018 =( GEOMETRIC_REPRESENTATION_CONTEXT ( 3 ) GLOBAL_UNCERTAINTY_ASSIGNED_CONTEXT ( ( #758 ) ) GLOBAL_UNIT_ASSIGNED_CONTEXT ( ( #8072, #2456, #307 ) ) REPRESENTATION_CONTEXT ( 'NONE', 'WORKASPACE' ) );
#8019 = CARTESIAN_POINT ( 'NONE',  ( -0.2999999999999997100, 0.1000000000000000100, -2.000000000000000000 ) ) ;
#8020 = FILL_AREA_STYLE_COLOUR ( '', #1908 ) ;
#8021 = CARTESIAN_POINT ( 'NONE',  ( -0.4499999999999998400, 0.6852349955359816600, -0.2999999999999999300 ) ) ;
#8022 = VECTOR ( 'NONE', #8793, 1000.000000000000000 ) ;
#8023 = FACE_OUTER_BOUND ( 'NONE', #5201, .T. ) ;
#8024 = CARTESIAN_POINT ( 'NONE',  ( -0.4499999999999999600, 0.1000000000000000500, 1.900000000000000100 ) ) ;
#8025 = ORIENTED_EDGE ( 'NONE', *, *, #1281, .T. ) ;
#8026 =( NAMED_UNIT ( * ) PLANE_ANGLE_UNIT ( ) SI_UNIT ( $, .RADIAN. ) );
#8027 =( GEOMETRIC_REPRESENTATION_CONTEXT ( 3 ) GLOBAL_UNCERTAINTY_ASSIGNED_CONTEXT ( ( #8218 ) ) GLOBAL_UNIT_ASSIGNED_CONTEXT ( ( #2803, #742, #3503 ) ) REPRESENTATION_CONTEXT ( 'NONE', 'WORKASPACE' ) );
#8028 = VECTOR ( 'NONE', #6040, 1000.000000000000000 ) ;
#8029 = LINE ( 'NONE', #543, #3359 ) ;
#8030 = CARTESIAN_POINT ( 'NONE',  ( -0.2999999999999997100, 0.1000000000000000100, -1.450000000000000000 ) ) ;
#8031 = UNCERTAINTY_MEASURE_WITH_UNIT (LENGTH_MEASURE( 1.000000000000000100E-005 ), #8114, 'distance_accuracy_value', 'NONE');
#8032 = EDGE_CURVE ( 'NONE', #2287, #7582, #819, .T. ) ;
#8033 = PRESENTATION_STYLE_ASSIGNMENT (( #5953 ) ) ;
#8034 = VERTEX_POINT ( 'NONE', #8110 ) ;
#8035 = DIRECTION ( 'NONE',  ( -1.000000000000000000, 0.0000000000000000000, 3.942553354492742500E-016 ) ) ;
#8036 = FACE_OUTER_BOUND ( 'NONE', #3089, .T. ) ;
#8037 =( LENGTH_UNIT ( ) NAMED_UNIT ( * ) SI_UNIT ( .MILLI., .METRE. ) );
#8038 = STYLED_ITEM ( 'NONE', ( #8291 ), #5945 ) ;
#8039 = CARTESIAN_POINT ( 'NONE',  ( 1.000000000000000000, 0.1000000000000000500, -1.700000000000000200 ) ) ;
#8040 = PLANE ( 'NONE',  #2229 ) ;
#8041 = PLANE ( 'NONE',  #5947 ) ;
#8042 = SURFACE_STYLE_USAGE ( .BOTH. , #3753 ) ;
#8043 = VERTEX_POINT ( 'NONE', #4453 ) ;
#8044 = DIRECTION ( 'NONE',  ( 0.0000000000000000000, 0.0000000000000000000, -1.000000000000000000 ) ) ;
#8045 = PLANE ( 'NONE',  #2587 ) ;
#8046 = LINE ( 'NONE', #6916, #1065 ) ;
#8047 = EDGE_CURVE ( 'NONE', #6955, #2156, #3661, .T. ) ;
#8048 = LINE ( 'NONE', #3593, #5121 ) ;
#8049 = CARTESIAN_POINT ( 'NONE',  ( -0.4499999999999998400, 0.1000000000000000500, 0.5000000000000002200 ) ) ;
#8050 = VECTOR ( 'NONE', #4023, 1000.000000000000000 ) ;
#8051 = ORIENTED_EDGE ( 'NONE', *, *, #6007, .T. ) ;
#8052 = VECTOR ( 'NONE', #6428, 1000.000000000000000 ) ;
#8053 = DIRECTION ( 'NONE',  ( -0.0000000000000000000, -0.0000000000000000000, 1.000000000000000000 ) ) ;
#8054 = MECHANICAL_DESIGN_GEOMETRIC_PRESENTATION_REPRESENTATION (  '', ( #2337 ), #4106 ) ;
#8055 = FILL_AREA_STYLE_COLOUR ( '', #8667 ) ;
#8056 = LINE ( 'NONE', #8394, #7832 ) ;
#8057 = EDGE_CURVE ( 'NONE', #2724, #2322, #5785, .T. ) ;
#8058 = DIRECTION ( 'NONE',  ( 1.000000000000000000, -0.0000000000000000000, 0.0000000000000000000 ) ) ;
#8059 = ORIENTED_EDGE ( 'NONE', *, *, #5611, .T. ) ;
#8060 = SURFACE_SIDE_STYLE ('',( #8800 ) ) ;
#8061 = MECHANICAL_DESIGN_GEOMETRIC_PRESENTATION_REPRESENTATION (  '', ( #2668 ), #8985 ) ;
#8062 = SURFACE_STYLE_USAGE ( .BOTH. , #1689 ) ;
#8063 = CARTESIAN_POINT ( 'NONE',  ( 0.4499999999999999600, 0.6852349955359816600, 1.500000000000000000 ) ) ;
#8064 = LINE ( 'NONE', #2766, #2934 ) ;
#8065 =( NAMED_UNIT ( * ) PLANE_ANGLE_UNIT ( ) SI_UNIT ( $, .RADIAN. ) );
#8066 = MECHANICAL_DESIGN_GEOMETRIC_PRESENTATION_REPRESENTATION (  '', ( #1899 ), #2354 ) ;
#8067 = ORIENTED_EDGE ( 'NONE', *, *, #6468, .F. ) ;
#8068 = DIRECTION ( 'NONE',  ( -0.0000000000000000000, -1.000000000000000000, -0.0000000000000000000 ) ) ;
#8069 = DIRECTION ( 'NONE',  ( -0.0000000000000000000, -1.000000000000000000, -0.0000000000000000000 ) ) ;
#8070 =( NAMED_UNIT ( * ) SI_UNIT ( $, .STERADIAN. ) SOLID_ANGLE_UNIT ( ) );
#8071 = DIRECTION ( 'NONE',  ( 0.0000000000000000000, 0.0000000000000000000, -1.000000000000000000 ) ) ;
#8072 =( LENGTH_UNIT ( ) NAMED_UNIT ( * ) SI_UNIT ( .MILLI., .METRE. ) );
#8073 = DIRECTION ( 'NONE',  ( 0.0000000000000000000, 0.0000000000000000000, 1.000000000000000000 ) ) ;
#8074 = SURFACE_STYLE_FILL_AREA ( #3133 ) ;
#8075 = EDGE_LOOP ( 'NONE', ( #1983, #5580, #8334, #7176 ) ) ;
#8076 = ADVANCED_FACE ( 'NONE', ( #1826 ), #7318, .F. ) ;
#8077 = EDGE_LOOP ( 'NONE', ( #977, #9229, #7800, #5314 ) ) ;
#8078 = FACE_OUTER_BOUND ( 'NONE', #1135, .T. ) ;
#8079 = AXIS2_PLACEMENT_3D ( 'NONE', #8742, #7198, #2928 ) ;
#8080 = EDGE_CURVE ( 'NONE', #5609, #5653, #5331, .T. ) ;
#8081 = PLANE ( 'NONE',  #8709 ) ;
#8082 = ORIENTED_EDGE ( 'NONE', *, *, #153, .T. ) ;
#8083 =( NAMED_UNIT ( * ) PLANE_ANGLE_UNIT ( ) SI_UNIT ( $, .RADIAN. ) );
#8084 =( GEOMETRIC_REPRESENTATION_CONTEXT ( 3 ) GLOBAL_UNCERTAINTY_ASSIGNED_CONTEXT ( ( #927 ) ) GLOBAL_UNIT_ASSIGNED_CONTEXT ( ( #7478, #1145, #1113 ) ) REPRESENTATION_CONTEXT ( 'NONE', 'WORKASPACE' ) );
#8085 = SHAPE_DEFINITION_REPRESENTATION ( #7586, #7874 ) ;
#8086 = LINE ( 'NONE', #6436, #1773 ) ;
#8087 = ORIENTED_EDGE ( 'NONE', *, *, #8932, .T. ) ;
#8088 = DIRECTION ( 'NONE',  ( 0.0000000000000000000, -1.000000000000000000, 0.0000000000000000000 ) ) ;
#8089 = EDGE_CURVE ( 'NONE', #7654, #2014, #8384, .T. ) ;
#8090 =( NAMED_UNIT ( * ) SI_UNIT ( $, .STERADIAN. ) SOLID_ANGLE_UNIT ( ) );
#8091 = ORIENTED_EDGE ( 'NONE', *, *, #620, .F. ) ;
#8092 = VECTOR ( 'NONE', #1525, 1000.000000000000000 ) ;
#8093 = SURFACE_STYLE_USAGE ( .BOTH. , #8725 ) ;
#8094 = EDGE_CURVE ( 'NONE', #1435, #2972, #9170, .T. ) ;
#8095 = ORIENTED_EDGE ( 'NONE', *, *, #6598, .T. ) ;
#8096 = ORIENTED_EDGE ( 'NONE', *, *, #2515, .T. ) ;
#8097 = STYLED_ITEM ( 'NONE', ( #1302 ), #6033 ) ;
#8098 =( NAMED_UNIT ( * ) PLANE_ANGLE_UNIT ( ) SI_UNIT ( $, .RADIAN. ) );
#8099 = VERTEX_POINT ( 'NONE', #8462 ) ;
#8100 = ADVANCED_FACE ( 'NONE', ( #8150 ), #4903, .T. ) ;
#8101 = ORIENTED_EDGE ( 'NONE', *, *, #8633, .T. ) ;
#8102 = MECHANICAL_DESIGN_GEOMETRIC_PRESENTATION_REPRESENTATION (  '', ( #1574 ), #3960 ) ;
#8103 = ORIENTED_EDGE ( 'NONE', *, *, #5501, .T. ) ;
#8104 = EDGE_CURVE ( 'NONE', #2943, #7779, #2796, .T. ) ;
#8105 = EDGE_CURVE ( 'NONE', #2972, #578, #6574, .T. ) ;
#8106 = UNCERTAINTY_MEASURE_WITH_UNIT (LENGTH_MEASURE( 1.000000000000000100E-005 ), #8287, 'distance_accuracy_value', 'NONE');
#8107 = DIRECTION ( 'NONE',  ( 5.421010862427526100E-016, 0.0000000000000000000, -1.000000000000000000 ) ) ;
#8108 = VERTEX_POINT ( 'NONE', #5631 ) ;
#8109 =( NAMED_UNIT ( * ) PLANE_ANGLE_UNIT ( ) SI_UNIT ( $, .RADIAN. ) );
#8110 = CARTESIAN_POINT ( 'NONE',  ( -1.000000000000000000, 0.0000000000000000000, 0.5000000000000000000 ) ) ;
#8111 = FACE_OUTER_BOUND ( 'NONE', #7062, .T. ) ;
#8112 = VECTOR ( 'NONE', #9041, 1000.000000000000000 ) ;
#8113 = ORIENTED_EDGE ( 'NONE', *, *, #8011, .F. ) ;
#8114 =( LENGTH_UNIT ( ) NAMED_UNIT ( * ) SI_UNIT ( .MILLI., .METRE. ) );
#8115 = PLANE ( 'NONE',  #1559 ) ;
#8116 = UNCERTAINTY_MEASURE_WITH_UNIT (LENGTH_MEASURE( 1.000000000000000100E-005 ), #6555, 'distance_accuracy_value', 'NONE');
#8117 = ORIENTED_EDGE ( 'NONE', *, *, #3167, .F. ) ;
#8118 = PRESENTATION_LAYER_ASSIGNMENT (  '', '', ( #6337 ) ) ;
#8119 = STYLED_ITEM ( 'NONE', ( #6052 ), #6216 ) ;
#8120 = EDGE_CURVE ( 'NONE', #8210, #251, #5907, .T. ) ;
#8121 = ORIENTED_EDGE ( 'NONE', *, *, #8648, .F. ) ;
#8122 = VECTOR ( 'NONE', #8133, 1000.000000000000000 ) ;
#8123 = DIRECTION ( 'NONE',  ( 1.000000000000000000, -0.0000000000000000000, 3.942553354492742500E-016 ) ) ;
#8124 = LINE ( 'NONE', #9067, #5303 ) ;
#8125 = PLANE ( 'NONE',  #2076 ) ;
#8126 = VERTEX_POINT ( 'NONE', #2128 ) ;
#8127 = PRESENTATION_STYLE_ASSIGNMENT (( #7750 ) ) ;
#8128 = CARTESIAN_POINT ( 'NONE',  ( 1.000000000000000000, 0.6852349955359816600, 0.09999999999999982500 ) ) ;
#8129 = LINE ( 'NONE', #276, #3973 ) ;
#8130 = LINE ( 'NONE', #3285, #7568 ) ;
#8131 = ORIENTED_EDGE ( 'NONE', *, *, #6155, .F. ) ;
#8132 = LINE ( 'NONE', #1992, #2459 ) ;
#8133 = DIRECTION ( 'NONE',  ( 0.0000000000000000000, -1.000000000000000000, 0.0000000000000000000 ) ) ;
#8134 = CARTESIAN_POINT ( 'NONE',  ( 1.000000000000000000, 0.0000000000000000000, -0.1000000000000000500 ) ) ;
#8135 =( LENGTH_UNIT ( ) NAMED_UNIT ( * ) SI_UNIT ( .MILLI., .METRE. ) );
#8136 = AXIS2_PLACEMENT_3D ( 'NONE', #2565, #6154, #3170 ) ;
#8137 = FILL_AREA_STYLE ('',( #8827 ) ) ;
#8138 = FILL_AREA_STYLE_COLOUR ( '', #3132 ) ;
#8139 = FACE_OUTER_BOUND ( 'NONE', #5638, .T. ) ;
#8140 = CARTESIAN_POINT ( 'NONE',  ( 1.000000000000000000, 0.0000000000000000000, -1.700000000000000200 ) ) ;
#8141 = DIRECTION ( 'NONE',  ( 5.421010862427526100E-016, 0.0000000000000000000, -1.000000000000000000 ) ) ;
#8142 = EDGE_LOOP ( 'NONE', ( #7500, #3094, #5183, #6054 ) ) ;
#8143 = ADVANCED_FACE ( 'NONE', ( #8486 ), #7054, .T. ) ;
#8144 = CARTESIAN_POINT ( 'NONE',  ( 0.4499999999999999600, 0.1000000000000000500, -1.700000000000000200 ) ) ;
#8145 = ORIENTED_EDGE ( 'NONE', *, *, #4011, .F. ) ;
#8146 =( GEOMETRIC_REPRESENTATION_CONTEXT ( 3 ) GLOBAL_UNCERTAINTY_ASSIGNED_CONTEXT ( ( #2161 ) ) GLOBAL_UNIT_ASSIGNED_CONTEXT ( ( #4250, #1364, #2736 ) ) REPRESENTATION_CONTEXT ( 'NONE', 'WORKASPACE' ) );
#8147 = ORIENTED_EDGE ( 'NONE', *, *, #2153, .T. ) ;
#8148 = PLANE ( 'NONE',  #7123 ) ;
#8149 = DIRECTION ( 'NONE',  ( 0.0000000000000000000, 0.0000000000000000000, 1.000000000000000000 ) ) ;
#8150 = FACE_OUTER_BOUND ( 'NONE', #2423, .T. ) ;
#8151 = MECHANICAL_DESIGN_GEOMETRIC_PRESENTATION_REPRESENTATION (  '', ( #673 ), #1961 ) ;
#8152 = SURFACE_STYLE_FILL_AREA ( #300 ) ;
#8153 = DIRECTION ( 'NONE',  ( 2.956915015869556800E-016, 0.0000000000000000000, 1.000000000000000000 ) ) ;
#8154 = FACE_OUTER_BOUND ( 'NONE', #9144, .T. ) ;
#8155 = ORIENTED_EDGE ( 'NONE', *, *, #3130, .F. ) ;
#8156 = CARTESIAN_POINT ( 'NONE',  ( -0.4499999999999999600, 0.1000000000000000500, -0.1000000000000000500 ) ) ;
#8157 = DIRECTION ( 'NONE',  ( 0.0000000000000000000, 0.0000000000000000000, -1.000000000000000000 ) ) ;
#8158 = CARTESIAN_POINT ( 'NONE',  ( -0.09999999999999922800, 0.05000000000000000300, 2.000000000000000000 ) ) ;
#8159 = STYLED_ITEM ( 'NONE', ( #7275 ), #316 ) ;
#8160 = VECTOR ( 'NONE', #1289, 1000.000000000000000 ) ;
#8161 = ADVANCED_FACE ( 'NONE', ( #923 ), #8520, .F. ) ;
#8162 =( GEOMETRIC_REPRESENTATION_CONTEXT ( 3 ) GLOBAL_UNCERTAINTY_ASSIGNED_CONTEXT ( ( #7815 ) ) GLOBAL_UNIT_ASSIGNED_CONTEXT ( ( #8329, #4778, #9053 ) ) REPRESENTATION_CONTEXT ( 'NONE', 'WORKASPACE' ) );
#8163 =( GEOMETRIC_REPRESENTATION_CONTEXT ( 3 ) GLOBAL_UNCERTAINTY_ASSIGNED_CONTEXT ( ( #4105 ) ) GLOBAL_UNIT_ASSIGNED_CONTEXT ( ( #8722, #5258, #8976 ) ) REPRESENTATION_CONTEXT ( 'NONE', 'WORKASPACE' ) );
#8164 = CARTESIAN_POINT ( 'NONE',  ( -0.4499999999999999600, 0.1000000000000000500, 0.7000000000000000700 ) ) ;
#8165 = SURFACE_SIDE_STYLE ('',( #6302 ) ) ;
#8166 = UNCERTAINTY_MEASURE_WITH_UNIT (LENGTH_MEASURE( 1.000000000000000100E-005 ), #2679, 'distance_accuracy_value', 'NONE');
#8167 =( GEOMETRIC_REPRESENTATION_CONTEXT ( 3 ) GLOBAL_UNCERTAINTY_ASSIGNED_CONTEXT ( ( #8502 ) ) GLOBAL_UNIT_ASSIGNED_CONTEXT ( ( #9146, #7596, #5398 ) ) REPRESENTATION_CONTEXT ( 'NONE', 'WORKASPACE' ) );
#8168 = ORIENTED_EDGE ( 'NONE', *, *, #6078, .F. ) ;
#8169 = LINE ( 'NONE', #7505, #6263 ) ;
#8170 = CARTESIAN_POINT ( 'NONE',  ( -0.2999999999999997100, 0.05000000000000000300, -1.450000000000000000 ) ) ;
#8171 = EDGE_CURVE ( 'NONE', #7564, #8370, #2888, .T. ) ;
#8172 = LINE ( 'NONE', #7366, #4468 ) ;
#8173 = DIRECTION ( 'NONE',  ( 5.421010862427526100E-016, -0.0000000000000000000, 1.000000000000000000 ) ) ;
#8174 = CYLINDRICAL_SURFACE ( 'NONE', #8195, 0.1249999999999998900 ) ;
#8175 = DIRECTION ( 'NONE',  ( -0.0000000000000000000, -0.0000000000000000000, 1.000000000000000000 ) ) ;
#8176 = ORIENTED_EDGE ( 'NONE', *, *, #4725, .F. ) ;
#8177 = LINE ( 'NONE', #1433, #2144 ) ;
#8178 =( LENGTH_UNIT ( ) NAMED_UNIT ( * ) SI_UNIT ( .MILLI., .METRE. ) );
#8179 = CARTESIAN_POINT ( 'NONE',  ( 0.0000000000000000000, 0.1000000000000000100, 0.0000000000000000000 ) ) ;
#8180 = EDGE_CURVE ( 'NONE', #2413, #5305, #5670, .T. ) ;
#8181 =( NAMED_UNIT ( * ) PLANE_ANGLE_UNIT ( ) SI_UNIT ( $, .RADIAN. ) );
#8182 = CARTESIAN_POINT ( 'NONE',  ( 0.4499999999999999600, 0.1000000000000000500, 1.500000000000000000 ) ) ;
#8183 = VECTOR ( 'NONE', #8173, 1000.000000000000000 ) ;
#8184 =( LENGTH_UNIT ( ) NAMED_UNIT ( * ) SI_UNIT ( .MILLI., .METRE. ) );
#8185 = ORIENTED_EDGE ( 'NONE', *, *, #4382, .F. ) ;
#8186 = FILL_AREA_STYLE ('',( #6674 ) ) ;
#8187 = ADVANCED_FACE ( 'NONE', ( #265 ), #1596, .F. ) ;
#8188 = DIRECTION ( 'NONE',  ( -1.000000000000000000, 0.0000000000000000000, 2.956915015869556800E-016 ) ) ;
#8189 = DIRECTION ( 'NONE',  ( 0.0000000000000000000, 0.0000000000000000000, -1.000000000000000000 ) ) ;
#8190 = DIRECTION ( 'NONE',  ( 0.0000000000000000000, 0.0000000000000000000, -1.000000000000000000 ) ) ;
#8191 = LINE ( 'NONE', #2386, #7624 ) ;
#8192 = LINE ( 'NONE', #8353, #5030 ) ;
#8193 = ADVANCED_FACE ( 'NONE', ( #9160 ), #4997, .F. ) ;
#8194 = ORIENTED_EDGE ( 'NONE', *, *, #4739, .F. ) ;
#8195 = AXIS2_PLACEMENT_3D ( 'NONE', #2750, #2110, #6307 ) ;
#8196 = DIRECTION ( 'NONE',  ( -1.000000000000000000, 0.0000000000000000000, -5.421010862427526100E-016 ) ) ;
#8197 = EDGE_CURVE ( 'NONE', #8, #2665, #1713, .T. ) ;
#8198 = CARTESIAN_POINT ( 'NONE',  ( -1.000000000000000000, 0.1000000000000000500, -0.09999999999999982500 ) ) ;
#8199 =( NAMED_UNIT ( * ) PLANE_ANGLE_UNIT ( ) SI_UNIT ( $, .RADIAN. ) );
#8200 = ADVANCED_FACE ( 'NONE', ( #6457, #2223 ), #7972, .T. ) ;
#8201 = VERTEX_POINT ( 'NONE', #786 ) ;
#8202 = SURFACE_STYLE_FILL_AREA ( #5621 ) ;
#8203 = ORIENTED_EDGE ( 'NONE', *, *, #94, .T. ) ;
#8204 = CARTESIAN_POINT ( 'NONE',  ( 0.4499999999999998400, 0.1000000000000000500, 1.300000000000000300 ) ) ;
#8205 = CARTESIAN_POINT ( 'NONE',  ( 1.182766006347821600E-016, 0.05000000000000000300, -0.2999999999999997700 ) ) ;
#8206 = SURFACE_STYLE_USAGE ( .BOTH. , #8898 ) ;
#8207 = DIRECTION ( 'NONE',  ( 1.000000000000000000, -0.0000000000000000000, 0.0000000000000000000 ) ) ;
#8208 = ADVANCED_FACE ( 'NONE', ( #3651 ), #4418, .F. ) ;
#8209 = ORIENTED_EDGE ( 'NONE', *, *, #4692, .F. ) ;
#8210 = VERTEX_POINT ( 'NONE', #871 ) ;
#8211 = DIRECTION ( 'NONE',  ( -1.000000000000000000, 0.0000000000000000000, 3.942553354492742500E-016 ) ) ;
#8212 = DIRECTION ( 'NONE',  ( -1.000000000000000000, 0.0000000000000000000, 0.0000000000000000000 ) ) ;
#8213 = SURFACE_SIDE_STYLE ('',( #2010 ) ) ;
#8214 = ORIENTED_EDGE ( 'NONE', *, *, #7389, .F. ) ;
#8215 = ORIENTED_EDGE ( 'NONE', *, *, #8524, .T. ) ;
#8216 = LINE ( 'NONE', #73, #670 ) ;
#8217 = SURFACE_SIDE_STYLE ('',( #3877 ) ) ;
#8218 = UNCERTAINTY_MEASURE_WITH_UNIT (LENGTH_MEASURE( 1.000000000000000100E-005 ), #2803, 'distance_accuracy_value', 'NONE');
#8219 = VERTEX_POINT ( 'NONE', #5758 ) ;
#8220 = STYLED_ITEM ( 'NONE', ( #2860 ), #9037 ) ;
#8221 = DIRECTION ( 'NONE',  ( -3.942553354492742500E-016, 0.0000000000000000000, -1.000000000000000000 ) ) ;
#8222 = CARTESIAN_POINT ( 'NONE',  ( 0.0000000000000000000, 0.05000000000000000300, -0.1000000000000000500 ) ) ;
#8223 = LINE ( 'NONE', #4623, #3066 ) ;
#8224 = CARTESIAN_POINT ( 'NONE',  ( 0.4499999999999999600, 0.05000000000000002400, 0.2999999999999999300 ) ) ;
#8225 = AXIS2_PLACEMENT_3D ( 'NONE', #5506, #6923, #1362 ) ;
#8226 = ORIENTED_EDGE ( 'NONE', *, *, #6112, .F. ) ;
#8227 = CARTESIAN_POINT ( 'NONE',  ( 0.1000000000000003100, 0.1000000000000000500, -1.450000000000000000 ) ) ;
#8228 = ORIENTED_EDGE ( 'NONE', *, *, #1568, .T. ) ;
#8229 = VECTOR ( 'NONE', #7781, 1000.000000000000000 ) ;
#8230 = DIRECTION ( 'NONE',  ( 0.0000000000000000000, 0.0000000000000000000, -1.000000000000000000 ) ) ;
#8231 = VECTOR ( 'NONE', #6233, 1000.000000000000000 ) ;
#8232 = DIRECTION ( 'NONE',  ( -1.000000000000000000, 0.0000000000000000000, 3.942553354492742500E-016 ) ) ;
#8233 = EDGE_LOOP ( 'NONE', ( #1309, #4116, #1202, #2173 ) ) ;
#8234 = EDGE_CURVE ( 'NONE', #4620, #6924, #2465, .T. ) ;
#8235 = UNCERTAINTY_MEASURE_WITH_UNIT (LENGTH_MEASURE( 1.000000000000000100E-005 ), #6383, 'distance_accuracy_value', 'NONE');
#8236 = VECTOR ( 'NONE', #640, 1000.000000000000000 ) ;
#8237 = VERTEX_POINT ( 'NONE', #2898 ) ;
#8238 = CARTESIAN_POINT ( 'NONE',  ( -0.2999999999999993200, 0.6852349955359814400, 1.450000000000000000 ) ) ;
#8239 =( GEOMETRIC_REPRESENTATION_CONTEXT ( 3 ) GLOBAL_UNCERTAINTY_ASSIGNED_CONTEXT ( ( #1241 ) ) GLOBAL_UNIT_ASSIGNED_CONTEXT ( ( #5837, #164, #5074 ) ) REPRESENTATION_CONTEXT ( 'NONE', 'WORKASPACE' ) );
#8240 = DIRECTION ( 'NONE',  ( -5.421010862427526100E-016, 0.0000000000000000000, -1.000000000000000000 ) ) ;
#8241 = DIRECTION ( 'NONE',  ( 1.000000000000000000, 0.0000000000000000000, -5.421010862427526100E-016 ) ) ;
#8242 = ADVANCED_FACE ( 'NONE', ( #3455 ), #6512, .T. ) ;
#8243 = AXIS2_PLACEMENT_3D ( 'NONE', #2332, #4432, #3060 ) ;
#8244 = EDGE_CURVE ( 'NONE', #4176, #4058, #4870, .T. ) ;
#8245 = ORIENTED_EDGE ( 'NONE', *, *, #4065, .F. ) ;
#8246 = SURFACE_STYLE_USAGE ( .BOTH. , #456 ) ;
#8247 = DIRECTION ( 'NONE',  ( 5.421010862427526100E-016, 0.0000000000000000000, -1.000000000000000000 ) ) ;
#8248 = ADVANCED_FACE ( 'NONE', ( #3994 ), #6418, .F. ) ;
#8249 = DIRECTION ( 'NONE',  ( -1.000000000000000000, 0.0000000000000000000, -5.421010862427526100E-016 ) ) ;
#8250 = ORIENTED_EDGE ( 'NONE', *, *, #2703, .T. ) ;
#8251 = EDGE_CURVE ( 'NONE', #8405, #718, #2118, .T. ) ;
#8252 = CARTESIAN_POINT ( 'NONE',  ( 1.000000000000000000, 0.04999999999999969700, -1.300000000000000300 ) ) ;
#8253 = VECTOR ( 'NONE', #4135, 1000.000000000000000 ) ;
#8254 = CARTESIAN_POINT ( 'NONE',  ( 0.4499999999999999600, 0.0000000000000000000, 0.2999999999999999300 ) ) ;
#8255 = LINE ( 'NONE', #6047, #8002 ) ;
#8256 = DIRECTION ( 'NONE',  ( -1.000000000000000000, 0.0000000000000000000, -5.421010862427526100E-016 ) ) ;
#8257 = ORIENTED_EDGE ( 'NONE', *, *, #7566, .T. ) ;
#8258 = FACE_OUTER_BOUND ( 'NONE', #5932, .T. ) ;
#8259 = ADVANCED_FACE ( 'NONE', ( #7226 ), #938, .F. ) ;
#8260 = PRESENTATION_LAYER_ASSIGNMENT (  '', '', ( #3107 ) ) ;
#8261 = DIRECTION ( 'NONE',  ( 0.0000000000000000000, 0.0000000000000000000, 1.000000000000000000 ) ) ;
#8262 = FACE_OUTER_BOUND ( 'NONE', #7209, .T. ) ;
#8263 = ORIENTED_EDGE ( 'NONE', *, *, #1102, .F. ) ;
#8264 = ADVANCED_FACE ( 'NONE', ( #4771 ), #2441, .F. ) ;
#8265 =( NAMED_UNIT ( * ) PLANE_ANGLE_UNIT ( ) SI_UNIT ( $, .RADIAN. ) );
#8266 =( GEOMETRIC_REPRESENTATION_CONTEXT ( 3 ) GLOBAL_UNCERTAINTY_ASSIGNED_CONTEXT ( ( #3914 ) ) GLOBAL_UNIT_ASSIGNED_CONTEXT ( ( #5205, #1037, #5267 ) ) REPRESENTATION_CONTEXT ( 'NONE', 'WORKASPACE' ) );
#8267 = COLOUR_RGB ( '',0.2509803921568627400, 0.2509803921568627400, 0.2509803921568627400 ) ;
#8268 = FACE_OUTER_BOUND ( 'NONE', #8789, .T. ) ;
#8269 = PLANE ( 'NONE',  #2657 ) ;
#8270 = STYLED_ITEM ( 'NONE', ( #4938 ), #2214 ) ;
#8271 = ORIENTED_EDGE ( 'NONE', *, *, #8987, .F. ) ;
#8272 = VECTOR ( 'NONE', #4379, 1000.000000000000000 ) ;
#8273 = DIRECTION ( 'NONE',  ( 2.168404344971008900E-016, -0.0000000000000000000, 1.000000000000000000 ) ) ;
#8274 = VECTOR ( 'NONE', #5102, 1000.000000000000000 ) ;
#8275 = PLANE ( 'NONE',  #625 ) ;
#8276 = FACE_OUTER_BOUND ( 'NONE', #4506, .T. ) ;
#8277 = EDGE_CURVE ( 'NONE', #4209, #4362, #7682, .T. ) ;
#8278 = CARTESIAN_POINT ( 'NONE',  ( -0.2999999999999993200, 0.6852349955359814400, 1.450000000000000000 ) ) ;
#8279 = DIRECTION ( 'NONE',  ( 0.0000000000000000000, 0.0000000000000000000, -1.000000000000000000 ) ) ;
#8280 = MECHANICAL_DESIGN_GEOMETRIC_PRESENTATION_REPRESENTATION (  '', ( #7292 ), #8572 ) ;
#8281 = PRESENTATION_STYLE_ASSIGNMENT (( #4523 ) ) ;
#8282 = DIRECTION ( 'NONE',  ( 1.000000000000000000, -0.0000000000000000000, 3.942553354492742500E-016 ) ) ;
#8283 = EDGE_LOOP ( 'NONE', ( #2655, #6414, #2514, #8607, #7687, #8560, #8660, #1116, #3314, #1317, #4515, #6877, #5702, #2754, #3531, #6218, #4978, #1844, #4613, #379, #5301, #3861, #3734, #6671, #5834, #6929, #1079, #6399, #4738, #5265, #5790, #3275, #1448, #9158, #6857, #6956, #1387, #1386, #238, #2904, #1649, #3590, #1411, #713 ) ) ;
#8284 = CARTESIAN_POINT ( 'NONE',  ( 0.4500000000000006200, 0.05000000000000000300, -2.439454888092390400E-016 ) ) ;
#8285 = AXIS2_PLACEMENT_3D ( 'NONE', #4838, #9089, #672 ) ;
#8286 = SURFACE_STYLE_FILL_AREA ( #6140 ) ;
#8287 =( LENGTH_UNIT ( ) NAMED_UNIT ( * ) SI_UNIT ( .MILLI., .METRE. ) );
#8288 = SURFACE_STYLE_USAGE ( .BOTH. , #2654 ) ;
#8289 = AXIS2_PLACEMENT_3D ( 'NONE', #404, #1077, #465 ) ;
#8290 = EDGE_CURVE ( 'NONE', #3766, #652, #7567, .T. ) ;
#8291 = PRESENTATION_STYLE_ASSIGNMENT (( #8723 ) ) ;
#8292 = CARTESIAN_POINT ( 'NONE',  ( 0.4500000000000000100, 0.05000000000000000300, -2.439454888092386900E-016 ) ) ;
#8293 = UNCERTAINTY_MEASURE_WITH_UNIT (LENGTH_MEASURE( 1.000000000000000100E-005 ), #353, 'distance_accuracy_value', 'NONE');
#8294 = ORIENTED_EDGE ( 'NONE', *, *, #6761, .T. ) ;
#8295 = MECHANICAL_DESIGN_GEOMETRIC_PRESENTATION_REPRESENTATION (  '', ( #2071 ), #1917 ) ;
#8296 = CARTESIAN_POINT ( 'NONE',  ( 0.3000000000000007700, 0.1000000000000000100, 2.000000000000000000 ) ) ;
#8297 = AXIS2_PLACEMENT_3D ( 'NONE', #3328, #5425, #8971 ) ;
#8298 = EDGE_CURVE ( 'NONE', #7772, #1823, #5659, .T. ) ;
#8299 = VERTEX_POINT ( 'NONE', #2346 ) ;
#8300 = CARTESIAN_POINT ( 'NONE',  ( 0.4499999999999998400, 0.0000000000000000000, 0.1000000000000000500 ) ) ;
#8301 = DIRECTION ( 'NONE',  ( 0.0000000000000000000, 0.0000000000000000000, 1.000000000000000000 ) ) ;
#8302 = EDGE_CURVE ( 'NONE', #1147, #4355, #8796, .T. ) ;
#8303 = DIRECTION ( 'NONE',  ( -1.000000000000000000, 0.0000000000000000000, -3.942553354492742500E-016 ) ) ;
#8304 = SURFACE_SIDE_STYLE ('',( #5504 ) ) ;
#8305 = ORIENTED_EDGE ( 'NONE', *, *, #1513, .T. ) ;
#8306 = CARTESIAN_POINT ( 'NONE',  ( -0.2999999999999992100, 0.6852349955359814400, 2.000000000000000000 ) ) ;
#8307 = MECHANICAL_DESIGN_GEOMETRIC_PRESENTATION_REPRESENTATION (  '', ( #7327 ), #5712 ) ;
#8308 = EDGE_CURVE ( 'NONE', #5213, #3915, #1253, .T. ) ;
#8309 = PLANE ( 'NONE',  #190 ) ;
#8310 = VECTOR ( 'NONE', #2740, 1000.000000000000000 ) ;
#8311 = EDGE_CURVE ( 'NONE', #5330, #7421, #803, .T. ) ;
#8312 = VERTEX_POINT ( 'NONE', #5887 ) ;
#8313 = CARTESIAN_POINT ( 'NONE',  ( 0.0000000000000000000, 0.05000000000000000300, 1.500000000000000000 ) ) ;
#8314 = DIRECTION ( 'NONE',  ( 0.0000000000000000000, -1.000000000000000000, 0.0000000000000000000 ) ) ;
#8315 = DIRECTION ( 'NONE',  ( 0.0000000000000000000, 0.0000000000000000000, 1.000000000000000000 ) ) ;
#8316 = FILL_AREA_STYLE_COLOUR ( '', #2513 ) ;
#8317 = LINE ( 'NONE', #1082, #4267 ) ;
#8318 = ORIENTED_EDGE ( 'NONE', *, *, #1643, .T. ) ;
#8319 = ORIENTED_EDGE ( 'NONE', *, *, #4642, .F. ) ;
#8320 = ORIENTED_EDGE ( 'NONE', *, *, #263, .F. ) ;
#8321 = ORIENTED_EDGE ( 'NONE', *, *, #3558, .F. ) ;
#8322 = DIRECTION ( 'NONE',  ( 1.000000000000000000, -0.0000000000000000000, -3.942553354492742500E-016 ) ) ;
#8323 = CARTESIAN_POINT ( 'NONE',  ( -0.9999999999999997800, 0.1000000000000000500, -0.3000000000000001600 ) ) ;
#8324 = VECTOR ( 'NONE', #1613, 1000.000000000000000 ) ;
#8325 = ADVANCED_FACE ( 'NONE', ( #7674 ), #999, .T. ) ;
#8326 = ORIENTED_EDGE ( 'NONE', *, *, #5480, .T. ) ;
#8327 = ORIENTED_EDGE ( 'NONE', *, *, #7573, .T. ) ;
#8328 = STYLED_ITEM ( 'NONE', ( #2340 ), #8451 ) ;
#8329 =( LENGTH_UNIT ( ) NAMED_UNIT ( * ) SI_UNIT ( .MILLI., .METRE. ) );
#8330 = ORIENTED_EDGE ( 'NONE', *, *, #3096, .T. ) ;
#8331 = DIRECTION ( 'NONE',  ( -0.0000000000000000000, -1.000000000000000000, -0.0000000000000000000 ) ) ;
#8332 = ORIENTED_EDGE ( 'NONE', *, *, #5999, .F. ) ;
#8333 = FILL_AREA_STYLE ('',( #3345 ) ) ;
#8334 = ORIENTED_EDGE ( 'NONE', *, *, #3153, .T. ) ;
#8335 = VECTOR ( 'NONE', #2910, 1000.000000000000000 ) ;
#8336 = FACE_OUTER_BOUND ( 'NONE', #23, .T. ) ;
#8337 = UNCERTAINTY_MEASURE_WITH_UNIT (LENGTH_MEASURE( 1.000000000000000100E-005 ), #89, 'distance_accuracy_value', 'NONE');
#8338 = ORIENTED_EDGE ( 'NONE', *, *, #7704, .F. ) ;
#8339 = DIRECTION ( 'NONE',  ( 0.0000000000000000000, -0.0000000000000000000, 1.000000000000000000 ) ) ;
#8340 = STYLED_ITEM ( 'NONE', ( #7532 ), #2245 ) ;
#8341 = EDGE_CURVE ( 'NONE', #59, #7641, #6567, .T. ) ;
#8342 = DIRECTION ( 'NONE',  ( 5.421010862427526100E-016, -0.0000000000000000000, 1.000000000000000000 ) ) ;
#8343 = ORIENTED_EDGE ( 'NONE', *, *, #7071, .T. ) ;
#8344 = DIRECTION ( 'NONE',  ( -0.0000000000000000000, 0.0000000000000000000, -1.000000000000000000 ) ) ;
#8345 = EDGE_LOOP ( 'NONE', ( #2894, #8095, #1787, #1347 ) ) ;
#8346 = DIRECTION ( 'NONE',  ( 0.0000000000000000000, -1.000000000000000000, 0.0000000000000000000 ) ) ;
#8347 = VERTEX_POINT ( 'NONE', #5133 ) ;
#8348 = VECTOR ( 'NONE', #881, 1000.000000000000000 ) ;
#8349 = MECHANICAL_DESIGN_GEOMETRIC_PRESENTATION_REPRESENTATION (  '', ( #1504 ), #2892 ) ;
#8350 = VECTOR ( 'NONE', #1943, 1000.000000000000000 ) ;
#8351 = CARTESIAN_POINT ( 'NONE',  ( -0.09999999999999922800, 0.1000000000000000100, 2.000000000000000000 ) ) ;
#8352 = ORIENTED_EDGE ( 'NONE', *, *, #8171, .T. ) ;
#8353 = CARTESIAN_POINT ( 'NONE',  ( -0.4499999999999998400, 0.6852349955359816600, 0.5000000000000002200 ) ) ;
#8354 = PRESENTATION_STYLE_ASSIGNMENT (( #556 ) ) ;
#8355 = PLANE ( 'NONE',  #4084 ) ;
#8356 = EDGE_LOOP ( 'NONE', ( #2292, #3771, #4866, #2867 ) ) ;
#8357 = EDGE_CURVE ( 'NONE', #251, #4546, #2452, .T. ) ;
#8358 = ORIENTED_EDGE ( 'NONE', *, *, #1470, .F. ) ;
#8359 = LINE ( 'NONE', #6026, #2211 ) ;
#8360 = DIRECTION ( 'NONE',  ( -1.000000000000000000, 0.0000000000000000000, -3.942553354492742500E-016 ) ) ;
#8361 = AXIS2_PLACEMENT_3D ( 'NONE', #470, #2596, #8261 ) ;
#8362 = DIRECTION ( 'NONE',  ( 1.000000000000000000, 0.0000000000000000000, -0.0000000000000000000 ) ) ;
#8363 = LINE ( 'NONE', #6101, #1027 ) ;
#8364 = DIRECTION ( 'NONE',  ( 1.000000000000000000, 0.0000000000000000000, -3.942553354492742500E-016 ) ) ;
#8365 =( GEOMETRIC_REPRESENTATION_CONTEXT ( 3 ) GLOBAL_UNCERTAINTY_ASSIGNED_CONTEXT ( ( #2168 ) ) GLOBAL_UNIT_ASSIGNED_CONTEXT ( ( #2656, #618, #7642 ) ) REPRESENTATION_CONTEXT ( 'NONE', 'WORKASPACE' ) );
#8366 = EDGE_CURVE ( 'NONE', #6077, #4760, #3752, .T. ) ;
#8367 = DIRECTION ( 'NONE',  ( 0.0000000000000000000, -1.000000000000000000, 0.0000000000000000000 ) ) ;
#8368 = CARTESIAN_POINT ( 'NONE',  ( 0.4499999999999998400, 0.1000000000000000500, 0.9000000000000000200 ) ) ;
#8369 = CARTESIAN_POINT ( 'NONE',  ( 0.0000000000000000000, 0.05000000000000000300, 1.099999999999999900 ) ) ;
#8370 = VERTEX_POINT ( 'NONE', #3747 ) ;
#8371 = FILL_AREA_STYLE_COLOUR ( '', #6979 ) ;
#8372 = LINE ( 'NONE', #6941, #7562 ) ;
#8373 = CARTESIAN_POINT ( 'NONE',  ( 0.4499999999999998400, 0.6852349955359816600, -1.099999999999999900 ) ) ;
#8374 = DIRECTION ( 'NONE',  ( 0.0000000000000000000, 1.000000000000000000, 0.0000000000000000000 ) ) ;
#8375 = CARTESIAN_POINT ( 'NONE',  ( 0.9999999999999995600, 0.05000000000000000300, 2.000000000000000000 ) ) ;
#8376 = LINE ( 'NONE', #1829, #5909 ) ;
#8377 = DIRECTION ( 'NONE',  ( 0.0000000000000000000, 0.0000000000000000000, -1.000000000000000000 ) ) ;
#8378 = ORIENTED_EDGE ( 'NONE', *, *, #1090, .F. ) ;
#8379 = ADVANCED_FACE ( 'NONE', ( #6900 ), #2408, .F. ) ;
#8380 = ORIENTED_EDGE ( 'NONE', *, *, #442, .T. ) ;
#8381 = ORIENTED_EDGE ( 'NONE', *, *, #3541, .T. ) ;
#8382 = EDGE_CURVE ( 'NONE', #4835, #6648, #5768, .T. ) ;
#8383 =( LENGTH_UNIT ( ) NAMED_UNIT ( * ) SI_UNIT ( .MILLI., .METRE. ) );
#8384 = LINE ( 'NONE', #1397, #2347 ) ;
#8385 = DIRECTION ( 'NONE',  ( 1.000000000000000000, -0.0000000000000000000, 3.942553354492742500E-016 ) ) ;
#8386 = FILL_AREA_STYLE_COLOUR ( '', #7489 ) ;
#8387 = VERTEX_POINT ( 'NONE', #5795 ) ;
#8388 = DIRECTION ( 'NONE',  ( 0.0000000000000000000, -0.0000000000000000000, 1.000000000000000000 ) ) ;
#8389 =( NAMED_UNIT ( * ) SI_UNIT ( $, .STERADIAN. ) SOLID_ANGLE_UNIT ( ) );
#8390 = DIRECTION ( 'NONE',  ( 0.0000000000000000000, -1.000000000000000000, 0.0000000000000000000 ) ) ;
#8391 = PRESENTATION_STYLE_ASSIGNMENT (( #8062 ) ) ;
#8392 = CARTESIAN_POINT ( 'NONE',  ( 0.3000000000000006000, 0.1000000000000000500, 1.450000000000000000 ) ) ;
#8393 = VECTOR ( 'NONE', #7397, 1000.000000000000000 ) ;
#8394 = CARTESIAN_POINT ( 'NONE',  ( 1.000000000000000000, 0.6852349955359816600, -0.3000000000000001600 ) ) ;
#8395 = SURFACE_SIDE_STYLE ('',( #7291 ) ) ;
#8396 = ORIENTED_EDGE ( 'NONE', *, *, #3317, .T. ) ;
#8397 = PLANE ( 'NONE',  #8950 ) ;
#8398 = DIRECTION ( 'NONE',  ( 1.000000000000000000, -0.0000000000000000000, -4.336808689942017700E-016 ) ) ;
#8399 = PRESENTATION_LAYER_ASSIGNMENT (  '', '', ( #5188 ) ) ;
#8400 = EDGE_CURVE ( 'NONE', #3020, #4825, #915, .T. ) ;
#8401 = CARTESIAN_POINT ( 'NONE',  ( 0.9999999999999995600, 0.05000000000000000300, 2.000000000000000000 ) ) ;
#8402 =( NAMED_UNIT ( * ) PLANE_ANGLE_UNIT ( ) SI_UNIT ( $, .RADIAN. ) );
#8403 = FACE_OUTER_BOUND ( 'NONE', #7879, .T. ) ;
#8404 = MECHANICAL_DESIGN_GEOMETRIC_PRESENTATION_REPRESENTATION (  '', ( #7426 ), #2019 ) ;
#8405 = VERTEX_POINT ( 'NONE', #6584 ) ;
#8406 = DIRECTION ( 'NONE',  ( 5.421010862427526100E-016, -0.0000000000000000000, 1.000000000000000000 ) ) ;
#8407 = CARTESIAN_POINT ( 'NONE',  ( -0.4499999999999999600, 0.05000000000000002400, 1.500000000000000000 ) ) ;
#8408 = EDGE_CURVE ( 'NONE', #6011, #2288, #9042, .T. ) ;
#8409 = CARTESIAN_POINT ( 'NONE',  ( 0.4499999999999998400, 0.1000000000000000500, -1.500000000000000000 ) ) ;
#8410 = EDGE_CURVE ( 'NONE', #1150, #7411, #39, .T. ) ;
#8411 = DIRECTION ( 'NONE',  ( -0.0000000000000000000, -1.000000000000000000, -0.0000000000000000000 ) ) ;
#8412 = VECTOR ( 'NONE', #7677, 1000.000000000000000 ) ;
#8413 = EDGE_LOOP ( 'NONE', ( #2981, #241, #403, #7194 ) ) ;
#8414 = SURFACE_STYLE_FILL_AREA ( #9197 ) ;
#8415 = PRESENTATION_LAYER_ASSIGNMENT (  '', '', ( #8038 ) ) ;
#8416 = CARTESIAN_POINT ( 'NONE',  ( -0.4499999999999998400, 0.6852349955359816600, 0.1000000000000000500 ) ) ;
#8417 = AXIS2_PLACEMENT_3D ( 'NONE', #3101, #220, #3169 ) ;
#8418 = EDGE_CURVE ( 'NONE', #8546, #8299, #7338, .T. ) ;
#8419 = CARTESIAN_POINT ( 'NONE',  ( 1.000000000000000000, 0.6852349955359816600, -1.100000000000000300 ) ) ;
#8420 = EDGE_CURVE ( 'NONE', #3970, #3363, #2215, .T. ) ;
#8421 = CARTESIAN_POINT ( 'NONE',  ( -0.4499999999999998400, 0.0000000000000000000, -0.6999999999999998400 ) ) ;
#8422 = DIRECTION ( 'NONE',  ( -1.000000000000000000, 0.0000000000000000000, 0.0000000000000000000 ) ) ;
#8423 = EDGE_LOOP ( 'NONE', ( #5513, #6984, #7738, #1544 ) ) ;
#8424 = DIRECTION ( 'NONE',  ( -5.421010862427526100E-016, 0.0000000000000000000, 1.000000000000000000 ) ) ;
#8425 = CARTESIAN_POINT ( 'NONE',  ( -0.4499999999999999600, 0.1000000000000000500, 1.500000000000000000 ) ) ;
#8426 = COLOUR_RGB ( '',0.7921568627450980000, 0.8196078431372548800, 0.9333333333333333500 ) ;
#8427 = EDGE_LOOP ( 'NONE', ( #1560, #8759, #8245, #2557 ) ) ;
#8428 = MECHANICAL_DESIGN_GEOMETRIC_PRESENTATION_REPRESENTATION (  '', ( #9038 ), #2344 ) ;
#8429 =( NAMED_UNIT ( * ) PLANE_ANGLE_UNIT ( ) SI_UNIT ( $, .RADIAN. ) );
#8430 = ORIENTED_EDGE ( 'NONE', *, *, #4153, .F. ) ;
#8431 =( LENGTH_UNIT ( ) NAMED_UNIT ( * ) SI_UNIT ( .MILLI., .METRE. ) );
#8432 = ORIENTED_EDGE ( 'NONE', *, *, #4205, .T. ) ;
#8433 = CARTESIAN_POINT ( 'NONE',  ( 1.000000000000000000, 0.1000000000000000500, -0.1000000000000000500 ) ) ;
#8434 = VERTEX_POINT ( 'NONE', #5146 ) ;
#8435 = CARTESIAN_POINT ( 'NONE',  ( -0.7500000000000000000, 0.5500000000000000400, -1.625000000000000200 ) ) ;
#8436 = STYLED_ITEM ( 'NONE', ( #7804 ), #7482 ) ;
#8437 = CARTESIAN_POINT ( 'NONE',  ( 0.4499999999999998400, 0.6852349955359816600, 0.1000000000000000500 ) ) ;
#8438 = ORIENTED_EDGE ( 'NONE', *, *, #7314, .T. ) ;
#8439 = VECTOR ( 'NONE', #3404, 1000.000000000000000 ) ;
#8440 = ORIENTED_EDGE ( 'NONE', *, *, #3484, .F. ) ;
#8441 = ORIENTED_EDGE ( 'NONE', *, *, #7193, .T. ) ;
#8442 = VERTEX_POINT ( 'NONE', #8017 ) ;
#8443 = CARTESIAN_POINT ( 'NONE',  ( -0.4499999999999998400, 0.6852349955359816600, 0.5000000000000002200 ) ) ;
#8444 = LINE ( 'NONE', #7122, #6299 ) ;
#8445 = ORIENTED_EDGE ( 'NONE', *, *, #776, .T. ) ;
#8446 = FACE_OUTER_BOUND ( 'NONE', #3515, .T. ) ;
#8447 =( LENGTH_UNIT ( ) NAMED_UNIT ( * ) SI_UNIT ( .MILLI., .METRE. ) );
#8448 = ORIENTED_EDGE ( 'NONE', *, *, #8822, .F. ) ;
#8449 = CARTESIAN_POINT ( 'NONE',  ( 0.9999999999999995600, 0.1000000000000002600, -0.7000000000000000700 ) ) ;
#8450 = FACE_OUTER_BOUND ( 'NONE', #3942, .T. ) ;
#8451 = MANIFOLD_SOLID_BREP ( 'LPattern4[7]', #3704 ) ;
#8452 = VERTEX_POINT ( 'NONE', #8685 ) ;
#8453 = CARTESIAN_POINT ( 'NONE',  ( -0.4499999999999999600, 0.6852349955359816600, -0.5000000000000000000 ) ) ;
#8454 = CARTESIAN_POINT ( 'NONE',  ( -0.09999999999999939500, 0.1000000000000000100, 1.450000000000000000 ) ) ;
#8455 = DIRECTION ( 'NONE',  ( 0.0000000000000000000, 0.0000000000000000000, 1.000000000000000000 ) ) ;
#8456 = VECTOR ( 'NONE', #3262, 1000.000000000000000 ) ;
#8457 = ORIENTED_EDGE ( 'NONE', *, *, #2645, .F. ) ;
#8458 = VERTEX_POINT ( 'NONE', #5096 ) ;
#8459 =( GEOMETRIC_REPRESENTATION_CONTEXT ( 3 ) GLOBAL_UNCERTAINTY_ASSIGNED_CONTEXT ( ( #1619 ) ) GLOBAL_UNIT_ASSIGNED_CONTEXT ( ( #8431, #4721, #3376 ) ) REPRESENTATION_CONTEXT ( 'NONE', 'WORKASPACE' ) );
#8460 = VECTOR ( 'NONE', #8189, 1000.000000000000000 ) ;
#8461 = ORIENTED_EDGE ( 'NONE', *, *, #7911, .F. ) ;
#8462 = CARTESIAN_POINT ( 'NONE',  ( -0.09999999999999971400, 0.05000000000000000300, -1.450000000000000000 ) ) ;
#8463 = MECHANICAL_DESIGN_GEOMETRIC_PRESENTATION_REPRESENTATION (  '', ( #7004 ), #6463 ) ;
#8464 = FILL_AREA_STYLE_COLOUR ( '', #6353 ) ;
#8465 = PRESENTATION_STYLE_ASSIGNMENT (( #6061 ) ) ;
#8466 = CARTESIAN_POINT ( 'NONE',  ( 0.3000000000000003200, 0.1000000000000000100, -1.450000000000000000 ) ) ;
#8467 = AXIS2_PLACEMENT_3D ( 'NONE', #7581, #8314, #536 ) ;
#8468 = DIRECTION ( 'NONE',  ( 0.0000000000000000000, -0.0000000000000000000, 1.000000000000000000 ) ) ;
#8469 = DIRECTION ( 'NONE',  ( 0.0000000000000000000, -0.0000000000000000000, 1.000000000000000000 ) ) ;
#8470 = FACE_OUTER_BOUND ( 'NONE', #5040, .T. ) ;
#8471 = STYLED_ITEM ( 'NONE', ( #3340 ), #3880 ) ;
#8472 = LINE ( 'NONE', #352, #1374 ) ;
#8473 = VERTEX_POINT ( 'NONE', #882 ) ;
#8474 = CARTESIAN_POINT ( 'NONE',  ( 0.0000000000000000000, 0.1000000000000000100, 0.0000000000000000000 ) ) ;
#8475 = EDGE_CURVE ( 'NONE', #6619, #4, #7786, .T. ) ;
#8476 = EDGE_LOOP ( 'NONE', ( #1593, #6515, #5271, #2644 ) ) ;
#8477 = PRESENTATION_STYLE_ASSIGNMENT (( #2314 ) ) ;
#8478 = CARTESIAN_POINT ( 'NONE',  ( 1.000000000000000000, 0.6852349955359816600, -0.1000000000000000500 ) ) ;
#8479 = SURFACE_STYLE_USAGE ( .BOTH. , #5679 ) ;
#8480 = EDGE_LOOP ( 'NONE', ( #1999, #6405, #532, #1924 ) ) ;
#8481 = COLOUR_RGB ( '',1.000000000000000000, 1.000000000000000000, 1.000000000000000000 ) ;
#8482 = EDGE_CURVE ( 'NONE', #6611, #8686, #5199, .T. ) ;
#8483 = EDGE_CURVE ( 'NONE', #4289, #8442, #3332, .T. ) ;
#8484 =( NAMED_UNIT ( * ) PLANE_ANGLE_UNIT ( ) SI_UNIT ( $, .RADIAN. ) );
#8485 =( LENGTH_UNIT ( ) NAMED_UNIT ( * ) SI_UNIT ( .MILLI., .METRE. ) );
#8486 = FACE_OUTER_BOUND ( 'NONE', #3207, .T. ) ;
#8487 = DIRECTION ( 'NONE',  ( -0.0000000000000000000, -1.000000000000000000, -0.0000000000000000000 ) ) ;
#8488 = LINE ( 'NONE', #1043, #3003 ) ;
#8489 = ADVANCED_FACE ( 'NONE', ( #1472 ), #1015, .T. ) ;
#8490 = DIRECTION ( 'NONE',  ( -5.421010862427526100E-016, 0.0000000000000000000, -1.000000000000000000 ) ) ;
#8491 = PRESENTATION_STYLE_ASSIGNMENT (( #3382 ) ) ;
#8492 = EDGE_LOOP ( 'NONE', ( #4252, #770, #1355, #3615 ) ) ;
#8493 = PLANE ( 'NONE',  #5744 ) ;
#8494 = FACE_OUTER_BOUND ( 'NONE', #8951, .T. ) ;
#8495 = CARTESIAN_POINT ( 'NONE',  ( -0.4499999999999998400, 0.6852349955359816600, -1.500000000000000000 ) ) ;
#8496 = VECTOR ( 'NONE', #4744, 1000.000000000000000 ) ;
#8497 = DIRECTION ( 'NONE',  ( -0.0000000000000000000, -1.000000000000000000, -0.0000000000000000000 ) ) ;
#8498 = DIRECTION ( 'NONE',  ( 0.0000000000000000000, 0.0000000000000000000, 1.000000000000000000 ) ) ;
#8499 = DIRECTION ( 'NONE',  ( 1.971276677246371300E-016, 0.0000000000000000000, 1.000000000000000000 ) ) ;
#8500 = ORIENTED_EDGE ( 'NONE', *, *, #5148, .F. ) ;
#8501 =( NAMED_UNIT ( * ) SI_UNIT ( $, .STERADIAN. ) SOLID_ANGLE_UNIT ( ) );
#8502 = UNCERTAINTY_MEASURE_WITH_UNIT (LENGTH_MEASURE( 1.000000000000000100E-005 ), #9146, 'distance_accuracy_value', 'NONE');
#8503 = PRESENTATION_STYLE_ASSIGNMENT (( #4622 ) ) ;
#8504 = EDGE_CURVE ( 'NONE', #872, #725, #5650, .T. ) ;
#8505 = ORIENTED_EDGE ( 'NONE', *, *, #2802, .F. ) ;
#8506 = CARTESIAN_POINT ( 'NONE',  ( 1.000000000000000000, 0.6852349955359816600, 1.500000000000000000 ) ) ;
#8507 = VECTOR ( 'NONE', #162, 1000.000000000000000 ) ;
#8508 = LINE ( 'NONE', #850, #6596 ) ;
#8509 = FILL_AREA_STYLE ('',( #7866 ) ) ;
#8510 = STYLED_ITEM ( 'NONE', ( #7070 ), #2221 ) ;
#8511 = FILL_AREA_STYLE ('',( #6440 ) ) ;
#8512 = VECTOR ( 'NONE', #6279, 1000.000000000000000 ) ;
#8513 = CARTESIAN_POINT ( 'NONE',  ( 1.000000000000000000, 0.6852349955359816600, -0.5000000000000000000 ) ) ;
#8514 = UNCERTAINTY_MEASURE_WITH_UNIT (LENGTH_MEASURE( 1.000000000000000100E-005 ), #6905, 'distance_accuracy_value', 'NONE');
#8515 = PLANE ( 'NONE',  #4033 ) ;
#8516 = CARTESIAN_POINT ( 'NONE',  ( 1.000000000000000000, 0.0000000000000000000, -0.3000000000000001600 ) ) ;
#8517 = VERTEX_POINT ( 'NONE', #407 ) ;
#8518 = DIRECTION ( 'NONE',  ( 1.000000000000000000, 0.0000000000000000000, -3.942553354492742500E-016 ) ) ;
#8519 = AXIS2_PLACEMENT_3D ( 'NONE', #1494, #4338, #4366 ) ;
#8520 = PLANE ( 'NONE',  #5437 ) ;
#8521 = ORIENTED_EDGE ( 'NONE', *, *, #2301, .F. ) ;
#8522 = UNCERTAINTY_MEASURE_WITH_UNIT (LENGTH_MEASURE( 1.000000000000000100E-005 ), #4356, 'distance_accuracy_value', 'NONE');
#8523 = DIRECTION ( 'NONE',  ( 0.0000000000000000000, 1.000000000000000000, 0.0000000000000000000 ) ) ;
#8524 = EDGE_CURVE ( 'NONE', #1222, #1910, #4194, .T. ) ;
#8525 = EDGE_CURVE ( 'NONE', #571, #6320, #8687, .T. ) ;
#8526 = CARTESIAN_POINT ( 'NONE',  ( 0.3000000000000003200, 0.1000000000000000500, -1.450000000000000000 ) ) ;
#8527 =( GEOMETRIC_REPRESENTATION_CONTEXT ( 3 ) GLOBAL_UNCERTAINTY_ASSIGNED_CONTEXT ( ( #4502 ) ) GLOBAL_UNIT_ASSIGNED_CONTEXT ( ( #3737, #4440, #2237 ) ) REPRESENTATION_CONTEXT ( 'NONE', 'WORKASPACE' ) );
#8528 = DIRECTION ( 'NONE',  ( 0.0000000000000000000, 0.0000000000000000000, -1.000000000000000000 ) ) ;
#8529 = EDGE_LOOP ( 'NONE', ( #6390, #4845, #6243, #4805 ) ) ;
#8530 = LINE ( 'NONE', #8513, #2523 ) ;
#8531 = STYLED_ITEM ( 'NONE', ( #763 ), #4895 ) ;
#8532 = VERTEX_POINT ( 'NONE', #2622 ) ;
#8533 = EDGE_CURVE ( 'NONE', #8850, #68, #2978, .T. ) ;
#8534 = DIRECTION ( 'NONE',  ( 0.0000000000000000000, -1.000000000000000000, 0.0000000000000000000 ) ) ;
#8535 = CARTESIAN_POINT ( 'NONE',  ( 1.000000000000000000, 0.6852349955359816600, -0.9000000000000001300 ) ) ;
#8536 = FACE_OUTER_BOUND ( 'NONE', #3521, .T. ) ;
#8537 = EDGE_LOOP ( 'NONE', ( #1453, #6435, #6215, #1896 ) ) ;
#8538 = ORIENTED_EDGE ( 'NONE', *, *, #8410, .T. ) ;
#8539 = LINE ( 'NONE', #5591, #6628 ) ;
#8540 = CARTESIAN_POINT ( 'NONE',  ( -0.4499999999999999600, 0.04999999999999999600, -1.800000000000000300 ) ) ;
#8541 = EDGE_LOOP ( 'NONE', ( #8338, #3509, #8868, #4215 ) ) ;
#8542 = ORIENTED_EDGE ( 'NONE', *, *, #6468, .T. ) ;
#8543 = CARTESIAN_POINT ( 'NONE',  ( -0.4499999999999998400, 0.6852349955359816600, -0.6999999999999998400 ) ) ;
#8544 = PRESENTATION_STYLE_ASSIGNMENT (( #6646 ) ) ;
#8545 = EDGE_LOOP ( 'NONE', ( #7937, #8330, #8558, #3694 ) ) ;
#8546 = VERTEX_POINT ( 'NONE', #9035 ) ;
#8547 = COLOUR_RGB ( '',0.2509803921568627400, 0.2509803921568627400, 0.2509803921568627400 ) ;
#8548 = DIRECTION ( 'NONE',  ( 0.0000000000000000000, 0.0000000000000000000, -1.000000000000000000 ) ) ;
#8549 = ORIENTED_EDGE ( 'NONE', *, *, #7063, .T. ) ;
#8550 = EDGE_CURVE ( 'NONE', #4993, #1605, #3978, .T. ) ;
#8551 = SURFACE_STYLE_USAGE ( .BOTH. , #3552 ) ;
#8552 = ORIENTED_EDGE ( 'NONE', *, *, #1556, .T. ) ;
#8553 = ORIENTED_EDGE ( 'NONE', *, *, #147, .T. ) ;
#8554 = DIRECTION ( 'NONE',  ( 0.0000000000000000000, 1.000000000000000000, 0.0000000000000000000 ) ) ;
#8555 = AXIS2_PLACEMENT_3D ( 'NONE', #5883, #7249, #3600 ) ;
#8556 = LINE ( 'NONE', #8425, #3212 ) ;
#8557 = VERTEX_POINT ( 'NONE', #6150 ) ;
#8558 = ORIENTED_EDGE ( 'NONE', *, *, #6303, .T. ) ;
#8559 = PRESENTATION_STYLE_ASSIGNMENT (( #2788 ) ) ;
#8560 = ORIENTED_EDGE ( 'NONE', *, *, #2548, .T. ) ;
#8561 = CARTESIAN_POINT ( 'NONE',  ( 0.4499999999999999600, 0.6852349955359816600, 1.500000000000000000 ) ) ;
#8562 = MECHANICAL_DESIGN_GEOMETRIC_PRESENTATION_REPRESENTATION (  '', ( #7109 ), #8018 ) ;
#8563 = ORIENTED_EDGE ( 'NONE', *, *, #8581, .T. ) ;
#8564 = UNCERTAINTY_MEASURE_WITH_UNIT (LENGTH_MEASURE( 1.000000000000000100E-005 ), #51, 'distance_accuracy_value', 'NONE');
#8565 = ORIENTED_EDGE ( 'NONE', *, *, #5012, .T. ) ;
#8566 = DIRECTION ( 'NONE',  ( 5.421010862427526100E-016, -0.0000000000000000000, 1.000000000000000000 ) ) ;
#8567 = DIRECTION ( 'NONE',  ( -0.0000000000000000000, -1.000000000000000000, -0.0000000000000000000 ) ) ;
#8568 = CARTESIAN_POINT ( 'NONE',  ( -0.4499999999999999600, 0.1000000000000000500, 1.500000000000000000 ) ) ;
#8569 = COLOUR_RGB ( '',0.2509803921568627400, 0.2509803921568627400, 0.2509803921568627400 ) ;
#8570 = ADVANCED_FACE ( 'NONE', ( #8470 ), #1912, .F. ) ;
#8571 = ORIENTED_EDGE ( 'NONE', *, *, #3152, .T. ) ;
#8572 =( GEOMETRIC_REPRESENTATION_CONTEXT ( 3 ) GLOBAL_UNCERTAINTY_ASSIGNED_CONTEXT ( ( #7822 ) ) GLOBAL_UNIT_ASSIGNED_CONTEXT ( ( #8447, #2748, #9175 ) ) REPRESENTATION_CONTEXT ( 'NONE', 'WORKASPACE' ) );
#8573 = VECTOR ( 'NONE', #3985, 1000.000000000000000 ) ;
#8574 = CARTESIAN_POINT ( 'NONE',  ( -1.000000000000000200, 0.5500000000000001600, 2.000000000000000900 ) ) ;
#8575 = VERTEX_POINT ( 'NONE', #6181 ) ;
#8576 = CARTESIAN_POINT ( 'NONE',  ( 1.000000000000000000, 0.6852349955359816600, -0.7000000000000000700 ) ) ;
#8577 = AXIS2_PLACEMENT_3D ( 'NONE', #684, #3669, #4392 ) ;
#8578 = LINE ( 'NONE', #2388, #9156 ) ;
#8579 = DIRECTION ( 'NONE',  ( 3.942553354492742500E-016, 0.0000000000000000000, 1.000000000000000000 ) ) ;
#8580 = EDGE_CURVE ( 'NONE', #1368, #7274, #2331, .T. ) ;
#8581 = EDGE_CURVE ( 'NONE', #5290, #2870, #483, .T. ) ;
#8582 = LINE ( 'NONE', #1412, #6796 ) ;
#8583 = FILL_AREA_STYLE_COLOUR ( '', #1041 ) ;
#8584 = VERTEX_POINT ( 'NONE', #2691 ) ;
#8585 = LINE ( 'NONE', #7544, #7116 ) ;
#8586 = DIRECTION ( 'NONE',  ( -1.000000000000000000, 0.0000000000000000000, -0.0000000000000000000 ) ) ;
#8587 = PRESENTATION_LAYER_ASSIGNMENT (  '', '', ( #4578 ) ) ;
#8588 = SURFACE_STYLE_USAGE ( .BOTH. , #820 ) ;
#8589 = SURFACE_STYLE_USAGE ( .BOTH. , #3799 ) ;
#8590 = ADVANCED_FACE ( 'NONE', ( #7451 ), #5380, .T. ) ;
#8591 = PRESENTATION_LAYER_ASSIGNMENT (  '', '', ( #6841 ) ) ;
#8592 = EDGE_CURVE ( 'NONE', #3336, #9217, #7102, .T. ) ;
#8593 = EDGE_CURVE ( 'NONE', #2201, #6837, #1814, .T. ) ;
#8594 = SURFACE_STYLE_FILL_AREA ( #7913 ) ;
#8595 = PRESENTATION_STYLE_ASSIGNMENT (( #8042 ) ) ;
#8596 = ORIENTED_EDGE ( 'NONE', *, *, #6194, .F. ) ;
#8597 = EDGE_LOOP ( 'NONE', ( #1901, #3812, #7745, #8649 ) ) ;
#8598 =( LENGTH_UNIT ( ) NAMED_UNIT ( * ) SI_UNIT ( .MILLI., .METRE. ) );
#8599 = VECTOR ( 'NONE', #7601, 1000.000000000000000 ) ;
#8600 = CARTESIAN_POINT ( 'NONE',  ( 0.4499999999999999600, 0.05000000000000002400, 1.099999999999999900 ) ) ;
#8601 = CARTESIAN_POINT ( 'NONE',  ( 0.3000000000000007700, 0.6852349955359814400, 2.000000000000000000 ) ) ;
#8602 = AXIS2_PLACEMENT_3D ( 'NONE', #1800, #5315, #2495 ) ;
#8603 = EDGE_CURVE ( 'NONE', #7361, #2384, #1905, .T. ) ;
#8604 = VECTOR ( 'NONE', #405, 1000.000000000000000 ) ;
#8605 = FILL_AREA_STYLE_COLOUR ( '', #1852 ) ;
#8606 = DIRECTION ( 'NONE',  ( 0.0000000000000000000, 1.000000000000000000, 0.0000000000000000000 ) ) ;
#8607 = ORIENTED_EDGE ( 'NONE', *, *, #5337, .T. ) ;
#8608 = CARTESIAN_POINT ( 'NONE',  ( -0.4499999999999999600, 0.6852349955359816600, -0.9000000000000001300 ) ) ;
#8609 =( LENGTH_UNIT ( ) NAMED_UNIT ( * ) SI_UNIT ( .MILLI., .METRE. ) );
#8610 = PRESENTATION_STYLE_ASSIGNMENT (( #3693 ) ) ;
#8611 = ORIENTED_EDGE ( 'NONE', *, *, #7622, .F. ) ;
#8612 =( LENGTH_UNIT ( ) NAMED_UNIT ( * ) SI_UNIT ( .MILLI., .METRE. ) );
#8613 = PRESENTATION_STYLE_ASSIGNMENT (( #3123 ) ) ;
#8614 = CARTESIAN_POINT ( 'NONE',  ( 0.4500000000000004000, 0.05000000000000000300, -2.439454888092388900E-016 ) ) ;
#8615 = PRESENTATION_LAYER_ASSIGNMENT (  '', '', ( #7342 ) ) ;
#8616 = UNCERTAINTY_MEASURE_WITH_UNIT (LENGTH_MEASURE( 1.000000000000000100E-005 ), #1864, 'distance_accuracy_value', 'NONE');
#8617 = VECTOR ( 'NONE', #7153, 1000.000000000000000 ) ;
#8618 = FILL_AREA_STYLE_COLOUR ( '', #1524 ) ;
#8619 = SURFACE_STYLE_FILL_AREA ( #1206 ) ;
#8620 = ORIENTED_EDGE ( 'NONE', *, *, #6990, .F. ) ;
#8621 = DIRECTION ( 'NONE',  ( 1.000000000000000000, -0.0000000000000000000, 0.0000000000000000000 ) ) ;
#8622 = ADVANCED_FACE ( 'NONE', ( #9151 ), #357, .T. ) ;
#8623 = MECHANICAL_DESIGN_GEOMETRIC_PRESENTATION_REPRESENTATION (  '', ( #5928 ), #365 ) ;
#8624 = CARTESIAN_POINT ( 'NONE',  ( -1.000000000000000000, 0.0000000000000000000, -1.500000000000000200 ) ) ;
#8625 = LINE ( 'NONE', #5369, #8183 ) ;
#8626 = DIRECTION ( 'NONE',  ( -3.942553354492742500E-016, 0.0000000000000000000, 1.000000000000000000 ) ) ;
#8627 = CARTESIAN_POINT ( 'NONE',  ( -0.09999999999999971400, 0.05000000000000000300, 0.0000000000000000000 ) ) ;
#8628 = ORIENTED_EDGE ( 'NONE', *, *, #6794, .T. ) ;
#8629 = DIRECTION ( 'NONE',  ( -1.000000000000000000, 0.0000000000000000000, 0.0000000000000000000 ) ) ;
#8630 = PLANE ( 'NONE',  #6645 ) ;
#8631 = PRESENTATION_LAYER_ASSIGNMENT (  '', '', ( #7174 ) ) ;
#8632 = DIRECTION ( 'NONE',  ( 0.0000000000000000000, 1.000000000000000000, 0.0000000000000000000 ) ) ;
#8633 = EDGE_CURVE ( 'NONE', #7299, #5084, #793, .T. ) ;
#8634 = PLANE ( 'NONE',  #8736 ) ;
#8635 = DIRECTION ( 'NONE',  ( 0.0000000000000000000, 0.0000000000000000000, -1.000000000000000000 ) ) ;
#8636 = ORIENTED_EDGE ( 'NONE', *, *, #4940, .F. ) ;
#8637 = FACE_OUTER_BOUND ( 'NONE', #2525, .T. ) ;
#8638 = MECHANICAL_DESIGN_GEOMETRIC_PRESENTATION_REPRESENTATION (  '', ( #1811 ), #2844 ) ;
#8639 = STYLED_ITEM ( 'NONE', ( #6422 ), #9128 ) ;
#8640 = SURFACE_STYLE_USAGE ( .BOTH. , #6698 ) ;
#8641 = PRESENTATION_LAYER_ASSIGNMENT (  '', '', ( #2897 ) ) ;
#8642 = SURFACE_STYLE_USAGE ( .BOTH. , #3632 ) ;
#8643 = LINE ( 'NONE', #4905, #3287 ) ;
#8644 = VERTEX_POINT ( 'NONE', #413 ) ;
#8645 = CARTESIAN_POINT ( 'NONE',  ( -0.4499999999999998400, 0.6852349955359816600, 1.300000000000000300 ) ) ;
#8646 = ORIENTED_EDGE ( 'NONE', *, *, #627, .T. ) ;
#8647 = VECTOR ( 'NONE', #3281, 1000.000000000000000 ) ;
#8648 = EDGE_CURVE ( 'NONE', #816, #7305, #6985, .T. ) ;
#8649 = ORIENTED_EDGE ( 'NONE', *, *, #6426, .T. ) ;
#8650 = EDGE_CURVE ( 'NONE', #4389, #104, #7995, .T. ) ;
#8651 =( NAMED_UNIT ( * ) SI_UNIT ( $, .STERADIAN. ) SOLID_ANGLE_UNIT ( ) );
#8652 = CARTESIAN_POINT ( 'NONE',  ( 1.000000000000000000, 0.1000000000000000500, -0.9000000000000001300 ) ) ;
#8653 = ORIENTED_EDGE ( 'NONE', *, *, #9057, .T. ) ;
#8654 = EDGE_CURVE ( 'NONE', #7582, #4485, #5542, .T. ) ;
#8655 = ORIENTED_EDGE ( 'NONE', *, *, #3446, .F. ) ;
#8656 = SURFACE_STYLE_FILL_AREA ( #5289 ) ;
#8657 = DIRECTION ( 'NONE',  ( 0.0000000000000000000, 0.0000000000000000000, -1.000000000000000000 ) ) ;
#8658 = VERTEX_POINT ( 'NONE', #3804 ) ;
#8659 = CARTESIAN_POINT ( 'NONE',  ( -0.09999999999999971400, 0.0000000000000000000, -1.450000000000000000 ) ) ;
#8660 = ORIENTED_EDGE ( 'NONE', *, *, #2311, .F. ) ;
#8661 = VERTEX_POINT ( 'NONE', #3708 ) ;
#8662 = ADVANCED_FACE ( 'NONE', ( #240 ), #6753, .T. ) ;
#8663 = CIRCLE ( 'NONE', #4388, 0.1249999999999998900 ) ;
#8664 = ORIENTED_EDGE ( 'NONE', *, *, #7302, .F. ) ;
#8665 = CARTESIAN_POINT ( 'NONE',  ( 0.0000000000000000000, 0.05000000000000000300, -1.450000000000000000 ) ) ;
#8666 = DIRECTION ( 'NONE',  ( 0.0000000000000000000, 0.0000000000000000000, -1.000000000000000000 ) ) ;
#8667 = COLOUR_RGB ( '',0.2509803921568627400, 0.2509803921568627400, 0.2509803921568627400 ) ;
#8668 = CARTESIAN_POINT ( 'NONE',  ( 0.4499999999999998400, 0.6852349955359816600, -1.899999999999999900 ) ) ;
#8669 = ORIENTED_EDGE ( 'NONE', *, *, #7193, .F. ) ;
#8670 =( NAMED_UNIT ( * ) SI_UNIT ( $, .STERADIAN. ) SOLID_ANGLE_UNIT ( ) );
#8671 = ORIENTED_EDGE ( 'NONE', *, *, #1634, .F. ) ;
#8672 = PRESENTATION_LAYER_ASSIGNMENT (  '', '', ( #7701 ) ) ;
#8673 = VECTOR ( 'NONE', #4752, 1000.000000000000000 ) ;
#8674 = VECTOR ( 'NONE', #4314, 1000.000000000000000 ) ;
#8675 =( NAMED_UNIT ( * ) SI_UNIT ( $, .STERADIAN. ) SOLID_ANGLE_UNIT ( ) );
#8676 = ORIENTED_EDGE ( 'NONE', *, *, #4887, .F. ) ;
#8677 = DIRECTION ( 'NONE',  ( 0.0000000000000000000, -0.0000000000000000000, 1.000000000000000000 ) ) ;
#8678 = DIRECTION ( 'NONE',  ( -0.0000000000000000000, -1.000000000000000000, -0.0000000000000000000 ) ) ;
#8679 = VECTOR ( 'NONE', #9103, 1000.000000000000000 ) ;
#8680 = FACE_OUTER_BOUND ( 'NONE', #8884, .T. ) ;
#8681 = ORIENTED_EDGE ( 'NONE', *, *, #2200, .F. ) ;
#8682 =( LENGTH_UNIT ( ) NAMED_UNIT ( * ) SI_UNIT ( .MILLI., .METRE. ) );
#8683 =( NAMED_UNIT ( * ) SI_UNIT ( $, .STERADIAN. ) SOLID_ANGLE_UNIT ( ) );
#8684 = CARTESIAN_POINT ( 'NONE',  ( 0.4499999999999999600, 0.6852349955359816600, 1.500000000000000000 ) ) ;
#8685 = CARTESIAN_POINT ( 'NONE',  ( -0.09999999999999971400, 0.1000000000000000100, -2.000000000000000000 ) ) ;
#8686 = VERTEX_POINT ( 'NONE', #4576 ) ;
#8687 = LINE ( 'NONE', #6239, #6788 ) ;
#8688 = MECHANICAL_DESIGN_GEOMETRIC_PRESENTATION_REPRESENTATION (  '', ( #8159 ), #1850 ) ;
#8689 = SURFACE_STYLE_FILL_AREA ( #7436 ) ;
#8690 = SURFACE_STYLE_FILL_AREA ( #2367 ) ;
#8691 =( LENGTH_UNIT ( ) NAMED_UNIT ( * ) SI_UNIT ( .MILLI., .METRE. ) );
#8692 = ORIENTED_EDGE ( 'NONE', *, *, #8032, .F. ) ;
#8693 = CARTESIAN_POINT ( 'NONE',  ( 0.4499999999999998400, 0.05000000000000002400, 0.5000000000000002200 ) ) ;
#8694 = VECTOR ( 'NONE', #5219, 1000.000000000000000 ) ;
#8695 = MECHANICAL_DESIGN_GEOMETRIC_PRESENTATION_REPRESENTATION (  '', ( #7118 ), #7841 ) ;
#8696 = ORIENTED_EDGE ( 'NONE', *, *, #5466, .T. ) ;
#8697 = EDGE_CURVE ( 'NONE', #8126, #4220, #7884, .T. ) ;
#8698 = DIRECTION ( 'NONE',  ( 5.421010862427526100E-016, -0.0000000000000000000, 1.000000000000000000 ) ) ;
#8699 = DIRECTION ( 'NONE',  ( -0.0000000000000000000, 1.000000000000000000, -0.0000000000000000000 ) ) ;
#8700 = VECTOR ( 'NONE', #5450, 1000.000000000000000 ) ;
#8701 = LINE ( 'NONE', #8506, #6901 ) ;
#8702 = ORIENTED_EDGE ( 'NONE', *, *, #8849, .F. ) ;
#8703 = EDGE_CURVE ( 'NONE', #5531, #1376, #1018, .T. ) ;
#8704 = DIRECTION ( 'NONE',  ( 0.7071067811865513500, 0.0000000000000000000, -0.7071067811865436900 ) ) ;
#8705 = DIRECTION ( 'NONE',  ( 0.0000000000000000000, -1.000000000000000000, 0.0000000000000000000 ) ) ;
#8706 = ADVANCED_FACE ( 'NONE', ( #4424 ), #1725, .F. ) ;
#8707 = CARTESIAN_POINT ( 'NONE',  ( 0.4499999999999998400, 0.0000000000000000000, 0.9000000000000000200 ) ) ;
#8708 = LINE ( 'NONE', #7186, #1603 ) ;
#8709 = AXIS2_PLACEMENT_3D ( 'NONE', #7267, #5867, #7293 ) ;
#8710 = LINE ( 'NONE', #1251, #2482 ) ;
#8711 = ORIENTED_EDGE ( 'NONE', *, *, #1092, .F. ) ;
#8712 = EDGE_CURVE ( 'NONE', #6684, #1435, #4303, .T. ) ;
#8713 = SURFACE_SIDE_STYLE ('',( #3173 ) ) ;
#8714 = LINE ( 'NONE', #2549, #2602 ) ;
#8715 = CARTESIAN_POINT ( 'NONE',  ( -0.4499999999999999600, 0.6852349955359816600, -0.9000000000000001300 ) ) ;
#8716 = VECTOR ( 'NONE', #2725, 1000.000000000000000 ) ;
#8717 = EDGE_CURVE ( 'NONE', #8886, #5325, #4649, .T. ) ;
#8718 = ORIENTED_EDGE ( 'NONE', *, *, #2639, .T. ) ;
#8719 = CARTESIAN_POINT ( 'NONE',  ( 1.000000000000000000, 0.1000000000000000500, -1.100000000000000300 ) ) ;
#8720 = CARTESIAN_POINT ( 'NONE',  ( 1.000000000000000000, 0.1000000000000000500, -0.1000000000000000500 ) ) ;
#8721 = AXIS2_PLACEMENT_3D ( 'NONE', #5575, #2069, #9221 ) ;
#8722 =( LENGTH_UNIT ( ) NAMED_UNIT ( * ) SI_UNIT ( .MILLI., .METRE. ) );
#8723 = SURFACE_STYLE_USAGE ( .BOTH. , #7996 ) ;
#8724 = DIRECTION ( 'NONE',  ( 0.0000000000000000000, -1.000000000000000000, 0.0000000000000000000 ) ) ;
#8725 = SURFACE_SIDE_STYLE ('',( #2610 ) ) ;
#8726 = LINE ( 'NONE', #7706, #7708 ) ;
#8727 = ORIENTED_EDGE ( 'NONE', *, *, #752, .F. ) ;
#8728 = CARTESIAN_POINT ( 'NONE',  ( -1.000000000000000000, 0.6852349955359816600, -0.09999999999999982500 ) ) ;
#8729 = UNCERTAINTY_MEASURE_WITH_UNIT (LENGTH_MEASURE( 1.000000000000000100E-005 ), #6904, 'distance_accuracy_value', 'NONE');
#8730 = LINE ( 'NONE', #6590, #1622 ) ;
#8731 = DIRECTION ( 'NONE',  ( 0.0000000000000000000, -1.000000000000000000, 0.0000000000000000000 ) ) ;
#8732 = CARTESIAN_POINT ( 'NONE',  ( 0.4499999999999998400, 0.6852349955359816600, -1.899999999999999900 ) ) ;
#8733 =( LENGTH_UNIT ( ) NAMED_UNIT ( * ) SI_UNIT ( .MILLI., .METRE. ) );
#8734 = ORIENTED_EDGE ( 'NONE', *, *, #4740, .F. ) ;
#8735 = SURFACE_STYLE_USAGE ( .BOTH. , #7916 ) ;
#8736 = AXIS2_PLACEMENT_3D ( 'NONE', #192, #6566, #5047 ) ;
#8737 = PLANE ( 'NONE',  #8934 ) ;
#8738 = CARTESIAN_POINT ( 'NONE',  ( 0.4499999999999998400, 0.0000000000000000000, -1.899999999999999900 ) ) ;
#8739 = FILL_AREA_STYLE ('',( #4520 ) ) ;
#8740 = FACE_OUTER_BOUND ( 'NONE', #2975, .T. ) ;
#8741 = DIRECTION ( 'NONE',  ( -1.000000000000000000, 0.0000000000000000000, -0.0000000000000000000 ) ) ;
#8742 = CARTESIAN_POINT ( 'NONE',  ( 0.4499999999999999600, 0.6852349955359816600, -0.5000000000000000000 ) ) ;
#8743 = ORIENTED_EDGE ( 'NONE', *, *, #2312, .T. ) ;
#8744 = AXIS2_PLACEMENT_3D ( 'NONE', #1980, #1249, #6197 ) ;
#8745 =( NAMED_UNIT ( * ) PLANE_ANGLE_UNIT ( ) SI_UNIT ( $, .RADIAN. ) );
#8746 =( NAMED_UNIT ( * ) SI_UNIT ( $, .STERADIAN. ) SOLID_ANGLE_UNIT ( ) );
#8747 = PRESENTATION_STYLE_ASSIGNMENT (( #2190 ) ) ;
#8748 = DIRECTION ( 'NONE',  ( -1.000000000000000000, 0.0000000000000000000, 2.956915015869556800E-016 ) ) ;
#8749 = ADVANCED_FACE ( 'NONE', ( #3433 ), #5839, .T. ) ;
#8750 = ORIENTED_EDGE ( 'NONE', *, *, #6067, .T. ) ;
#8751 = PRESENTATION_STYLE_ASSIGNMENT (( #1475 ) ) ;
#8752 = PRESENTATION_LAYER_ASSIGNMENT (  '', '', ( #3202 ) ) ;
#8753 = DIRECTION ( 'NONE',  ( -1.000000000000000000, 0.0000000000000000000, -0.0000000000000000000 ) ) ;
#8754 = EDGE_CURVE ( 'NONE', #571, #3915, #2206, .T. ) ;
#8755 = DIRECTION ( 'NONE',  ( -0.0000000000000000000, -1.000000000000000000, -0.0000000000000000000 ) ) ;
#8756 = ORIENTED_EDGE ( 'NONE', *, *, #4429, .T. ) ;
#8757 =( NAMED_UNIT ( * ) SI_UNIT ( $, .STERADIAN. ) SOLID_ANGLE_UNIT ( ) );
#8758 = VERTEX_POINT ( 'NONE', #1780 ) ;
#8759 = ORIENTED_EDGE ( 'NONE', *, *, #326, .F. ) ;
#8760 = ORIENTED_EDGE ( 'NONE', *, *, #2301, .T. ) ;
#8761 = DIRECTION ( 'NONE',  ( 5.421010862427526100E-016, 0.0000000000000000000, -1.000000000000000000 ) ) ;
#8762 = ORIENTED_EDGE ( 'NONE', *, *, #9208, .T. ) ;
#8763 =( NAMED_UNIT ( * ) SI_UNIT ( $, .STERADIAN. ) SOLID_ANGLE_UNIT ( ) );
#8764 = CARTESIAN_POINT ( 'NONE',  ( 0.0000000000000000000, 0.1000000000000000100, 0.0000000000000000000 ) ) ;
#8765 = ORIENTED_EDGE ( 'NONE', *, *, #5516, .F. ) ;
#8766 = VECTOR ( 'NONE', #477, 1000.000000000000000 ) ;
#8767 = COLOUR_RGB ( '',0.2509803921568627400, 0.2509803921568627400, 0.2509803921568627400 ) ;
#8768 = ORIENTED_EDGE ( 'NONE', *, *, #5216, .T. ) ;
#8769 = ORIENTED_EDGE ( 'NONE', *, *, #8408, .T. ) ;
#8770 =( NAMED_UNIT ( * ) PLANE_ANGLE_UNIT ( ) SI_UNIT ( $, .RADIAN. ) );
#8771 = ORIENTED_EDGE ( 'NONE', *, *, #4801, .T. ) ;
#8772 = CIRCLE ( 'NONE', #6589, 0.1249999999999998900 ) ;
#8773 = AXIS2_PLACEMENT_3D ( 'NONE', #8715, #5185, #4427 ) ;
#8774 = EDGE_CURVE ( 'NONE', #6859, #1951, #6551, .T. ) ;
#8775 = SURFACE_STYLE_USAGE ( .BOTH. , #5938 ) ;
#8776 = ORIENTED_EDGE ( 'NONE', *, *, #9143, .F. ) ;
#8777 = PLANE ( 'NONE',  #4472 ) ;
#8778 = LINE ( 'NONE', #6177, #5870 ) ;
#8779 = DIRECTION ( 'NONE',  ( 5.421010862427526100E-016, 0.0000000000000000000, -1.000000000000000000 ) ) ;
#8780 = VERTEX_POINT ( 'NONE', #8170 ) ;
#8781 = CARTESIAN_POINT ( 'NONE',  ( -0.4499999999999999600, 0.1000000000000000500, -0.5000000000000000000 ) ) ;
#8782 = DIRECTION ( 'NONE',  ( 0.0000000000000000000, 0.0000000000000000000, -1.000000000000000000 ) ) ;
#8783 = EDGE_LOOP ( 'NONE', ( #2103, #4279, #8565, #4834 ) ) ;
#8784 = DIRECTION ( 'NONE',  ( 0.0000000000000000000, 0.0000000000000000000, 1.000000000000000000 ) ) ;
#8785 = SURFACE_STYLE_USAGE ( .BOTH. , #8060 ) ;
#8786 = AXIS2_PLACEMENT_3D ( 'NONE', #4663, #3225, #1873 ) ;
#8787 = ORIENTED_EDGE ( 'NONE', *, *, #8290, .F. ) ;
#8788 = FACE_OUTER_BOUND ( 'NONE', #7952, .T. ) ;
#8789 = EDGE_LOOP ( 'NONE', ( #226, #6502, #2295, #931 ) ) ;
#8790 = UNCERTAINTY_MEASURE_WITH_UNIT (LENGTH_MEASURE( 1.000000000000000100E-005 ), #6358, 'distance_accuracy_value', 'NONE');
#8791 = DIRECTION ( 'NONE',  ( 1.000000000000000000, 0.0000000000000000000, 0.0000000000000000000 ) ) ;
#8792 = ADVANCED_FACE ( 'NONE', ( #2439 ), #2505, .F. ) ;
#8793 = DIRECTION ( 'NONE',  ( 1.000000000000000000, 0.0000000000000000000, -3.942553354492742500E-016 ) ) ;
#8794 = DIRECTION ( 'NONE',  ( 1.000000000000000000, -0.0000000000000000000, 0.0000000000000000000 ) ) ;
#8795 =( GEOMETRIC_REPRESENTATION_CONTEXT ( 3 ) GLOBAL_UNCERTAINTY_ASSIGNED_CONTEXT ( ( #5469 ) ) GLOBAL_UNIT_ASSIGNED_CONTEXT ( ( #4422, #6455, #6486 ) ) REPRESENTATION_CONTEXT ( 'NONE', 'WORKASPACE' ) );
#8796 = LINE ( 'NONE', #5112, #4317 ) ;
#8797 = DIRECTION ( 'NONE',  ( 1.000000000000000000, -0.0000000000000000000, 0.0000000000000000000 ) ) ;
#8798 = VECTOR ( 'NONE', #9061, 1000.000000000000000 ) ;
#8799 = LINE ( 'NONE', #9204, #490 ) ;
#8800 = SURFACE_STYLE_FILL_AREA ( #6537 ) ;
#8801 = SURFACE_STYLE_USAGE ( .BOTH. , #4521 ) ;
#8802 = ORIENTED_EDGE ( 'NONE', *, *, #8382, .F. ) ;
#8803 = DIRECTION ( 'NONE',  ( -1.000000000000000000, 0.0000000000000000000, 0.0000000000000000000 ) ) ;
#8804 = DIRECTION ( 'NONE',  ( 0.0000000000000000000, -0.0000000000000000000, 1.000000000000000000 ) ) ;
#8805 = UNCERTAINTY_MEASURE_WITH_UNIT (LENGTH_MEASURE( 1.000000000000000100E-005 ), #7981, 'distance_accuracy_value', 'NONE');
#8806 = LINE ( 'NONE', #7942, #3992 ) ;
#8807 = AXIS2_PLACEMENT_3D ( 'NONE', #166, #3738, #4469 ) ;
#8808 = EDGE_CURVE ( 'NONE', #5966, #5397, #2320, .T. ) ;
#8809 =( NAMED_UNIT ( * ) SI_UNIT ( $, .STERADIAN. ) SOLID_ANGLE_UNIT ( ) );
#8810 = CARTESIAN_POINT ( 'NONE',  ( 1.000000000000000000, 0.1000000000000000500, 0.7000000000000000700 ) ) ;
#8811 = CARTESIAN_POINT ( 'NONE',  ( -0.4499999999999998400, 0.1000000000000000500, -1.099999999999999900 ) ) ;
#8812 = FACE_OUTER_BOUND ( 'NONE', #6240, .T. ) ;
#8813 = CARTESIAN_POINT ( 'NONE',  ( -0.4499999999999998400, 0.6852349955359816600, -0.2999999999999999300 ) ) ;
#8814 = VERTEX_POINT ( 'NONE', #8198 ) ;
#8815 = DIRECTION ( 'NONE',  ( 0.0000000000000000000, -0.0000000000000000000, 1.000000000000000000 ) ) ;
#8816 = CARTESIAN_POINT ( 'NONE',  ( -0.2999999999999997100, 0.1000000000000000100, -1.450000000000000000 ) ) ;
#8817 = CARTESIAN_POINT ( 'NONE',  ( 0.0000000000000000000, 0.0000000000000000000, 3.200000000000000200 ) ) ;
#8818 = ORIENTED_EDGE ( 'NONE', *, *, #4241, .T. ) ;
#8819 = AXIS2_PLACEMENT_3D ( 'NONE', #4239, #42, #6989 ) ;
#8820 = FACE_OUTER_BOUND ( 'NONE', #7522, .T. ) ;
#8821 = DIRECTION ( 'NONE',  ( 0.0000000000000000000, 0.0000000000000000000, -1.000000000000000000 ) ) ;
#8822 = EDGE_CURVE ( 'NONE', #4287, #7434, #1361, .T. ) ;
#8823 = LINE ( 'NONE', #2458, #3362 ) ;
#8824 = LINE ( 'NONE', #1866, #6037 ) ;
#8825 = ORIENTED_EDGE ( 'NONE', *, *, #6920, .F. ) ;
#8826 = EDGE_CURVE ( 'NONE', #9000, #7519, #7771, .T. ) ;
#8827 = FILL_AREA_STYLE_COLOUR ( '', #2987 ) ;
#8828 = CARTESIAN_POINT ( 'NONE',  ( 1.000000000000000000, 0.6852349955359816600, -1.700000000000000200 ) ) ;
#8829 = DIRECTION ( 'NONE',  ( -1.000000000000000000, 0.0000000000000000000, 3.942553354492742500E-016 ) ) ;
#8830 = STYLED_ITEM ( 'NONE', ( #2890 ), #6783 ) ;
#8831 = LINE ( 'NONE', #7020, #7599 ) ;
#8832 = SURFACE_SIDE_STYLE ('',( #6407 ) ) ;
#8833 = MECHANICAL_DESIGN_GEOMETRIC_PRESENTATION_REPRESENTATION (  '', ( #2957 ), #9201 ) ;
#8834 = CARTESIAN_POINT ( 'NONE',  ( -1.000000000000000000, 0.6852349955359816600, 1.700000000000000200 ) ) ;
#8835 = ORIENTED_EDGE ( 'NONE', *, *, #6621, .F. ) ;
#8836 = DIRECTION ( 'NONE',  ( 1.000000000000000000, 0.0000000000000000000, 0.0000000000000000000 ) ) ;
#8837 =( LENGTH_UNIT ( ) NAMED_UNIT ( * ) SI_UNIT ( .MILLI., .METRE. ) );
#8838 = ADVANCED_FACE ( 'NONE', ( #6321 ), #4054, .F. ) ;
#8839 =( NAMED_UNIT ( * ) PLANE_ANGLE_UNIT ( ) SI_UNIT ( $, .RADIAN. ) );
#8840 = LINE ( 'NONE', #4216, #8617 ) ;
#8841 = FILL_AREA_STYLE ('',( #4530 ) ) ;
#8842 = DIRECTION ( 'NONE',  ( 5.421010862427526100E-016, 0.0000000000000000000, -1.000000000000000000 ) ) ;
#8843 = ORIENTED_EDGE ( 'NONE', *, *, #1977, .T. ) ;
#8844 = CARTESIAN_POINT ( 'NONE',  ( 1.000000000000000000, 0.1000000000000000500, 1.099999999999999900 ) ) ;
#8845 = CARTESIAN_POINT ( 'NONE',  ( -0.4499999999999999600, 0.0000000000000000000, -0.9000000000000001300 ) ) ;
#8846 = ADVANCED_FACE ( 'NONE', ( #7659 ), #1311, .T. ) ;
#8847 = CARTESIAN_POINT ( 'NONE',  ( 0.4499999999999998400, 0.1000000000000000500, -1.899999999999999900 ) ) ;
#8848 = UNCERTAINTY_MEASURE_WITH_UNIT (LENGTH_MEASURE( 1.000000000000000100E-005 ), #5939, 'distance_accuracy_value', 'NONE');
#8849 = EDGE_CURVE ( 'NONE', #7863, #946, #3210, .T. ) ;
#8850 = VERTEX_POINT ( 'NONE', #3421 ) ;
#8851 =( NAMED_UNIT ( * ) PLANE_ANGLE_UNIT ( ) SI_UNIT ( $, .RADIAN. ) );
#8852 =( NAMED_UNIT ( * ) SI_UNIT ( $, .STERADIAN. ) SOLID_ANGLE_UNIT ( ) );
#8853 = ADVANCED_FACE ( 'NONE', ( #4956 ), #1381, .F. ) ;
#8854 = DIRECTION ( 'NONE',  ( 3.942553354492742500E-016, -0.0000000000000000000, 1.000000000000000000 ) ) ;
#8855 = FACE_OUTER_BOUND ( 'NONE', #2857, .T. ) ;
#8856 = CARTESIAN_POINT ( 'NONE',  ( -0.4499999999999999600, 0.1000000000000000500, -1.700000000000000200 ) ) ;
#8857 = COLOUR_RGB ( '',0.2509803921568627400, 0.2509803921568627400, 0.2509803921568627400 ) ;
#8858 = ORIENTED_EDGE ( 'NONE', *, *, #55, .F. ) ;
#8859 = LINE ( 'NONE', #5876, #6948 ) ;
#8860 = DIRECTION ( 'NONE',  ( 0.0000000000000000000, 1.000000000000000000, 0.0000000000000000000 ) ) ;
#8861 = ADVANCED_FACE ( 'NONE', ( #4293 ), #5612, .F. ) ;
#8862 = DIRECTION ( 'NONE',  ( 0.0000000000000000000, 0.0000000000000000000, -1.000000000000000000 ) ) ;
#8863 = CARTESIAN_POINT ( 'NONE',  ( 1.000000000000000000, 0.0000000000000000000, -0.9000000000000001300 ) ) ;
#8864 = CARTESIAN_POINT ( 'NONE',  ( -0.4499999999999998400, 0.0000000000000000000, 0.5000000000000002200 ) ) ;
#8865 = COLOUR_RGB ( '',0.2509803921568627400, 0.2509803921568627400, 0.2509803921568627400 ) ;
#8866 = DIRECTION ( 'NONE',  ( 0.0000000000000000000, -1.000000000000000000, 0.0000000000000000000 ) ) ;
#8867 = ORIENTED_EDGE ( 'NONE', *, *, #442, .F. ) ;
#8868 = ORIENTED_EDGE ( 'NONE', *, *, #493, .T. ) ;
#8869 = LINE ( 'NONE', #5338, #8647 ) ;
#8870 = CARTESIAN_POINT ( 'NONE',  ( 0.4499999999999998400, 0.1000000000000000500, 0.1000000000000000500 ) ) ;
#8871 = ORIENTED_EDGE ( 'NONE', *, *, #1498, .T. ) ;
#8872 = CARTESIAN_POINT ( 'NONE',  ( -0.09999999999999971400, 0.1000000000000000500, -2.000000000000000000 ) ) ;
#8873 = DIRECTION ( 'NONE',  ( 0.0000000000000000000, 1.000000000000000000, 0.0000000000000000000 ) ) ;
#8874 = ORIENTED_EDGE ( 'NONE', *, *, #6295, .T. ) ;
#8875 = MECHANICAL_DESIGN_GEOMETRIC_PRESENTATION_REPRESENTATION (  '', ( #3139 ), #142 ) ;
#8876 = CARTESIAN_POINT ( 'NONE',  ( 0.1000000000000003100, 0.6852349955359814400, -2.000000000000000000 ) ) ;
#8877 = FILL_AREA_STYLE ('',( #3172 ) ) ;
#8878 = VERTEX_POINT ( 'NONE', #189 ) ;
#8879 = FILL_AREA_STYLE ('',( #3211 ) ) ;
#8880 =( LENGTH_UNIT ( ) NAMED_UNIT ( * ) SI_UNIT ( .MILLI., .METRE. ) );
#8881 = ORIENTED_EDGE ( 'NONE', *, *, #3780, .F. ) ;
#8882 = CARTESIAN_POINT ( 'NONE',  ( -0.4499999999999999600, 0.6852349955359816600, 1.500000000000000000 ) ) ;
#8883 = EDGE_CURVE ( 'NONE', #3363, #2014, #6432, .T. ) ;
#8884 = EDGE_LOOP ( 'NONE', ( #1167, #126, #3427, #956 ) ) ;
#8885 = CARTESIAN_POINT ( 'NONE',  ( 0.0000000000000000000, 0.1000000000000000100, 0.0000000000000000000 ) ) ;
#8886 = VERTEX_POINT ( 'NONE', #5802 ) ;
#8887 = VECTOR ( 'NONE', #8699, 1000.000000000000000 ) ;
#8888 = ADVANCED_FACE ( 'NONE', ( #1005 ), #6304, .T. ) ;
#8889 = EDGE_LOOP ( 'NONE', ( #7244, #6716, #6224, #195 ) ) ;
#8890 = STYLED_ITEM ( 'NONE', ( #6322 ), #4478 ) ;
#8891 = PRESENTATION_STYLE_ASSIGNMENT (( #5158 ) ) ;
#8892 = EDGE_CURVE ( 'NONE', #2961, #8546, #3325, .T. ) ;
#8893 = EDGE_CURVE ( 'NONE', #6695, #6118, #884, .T. ) ;
#8894 = ORIENTED_EDGE ( 'NONE', *, *, #3842, .T. ) ;
#8895 = CARTESIAN_POINT ( 'NONE',  ( -1.000000000000000000, 0.6852349955359816600, -0.8999999999999999100 ) ) ;
#8896 =( NAMED_UNIT ( * ) SI_UNIT ( $, .STERADIAN. ) SOLID_ANGLE_UNIT ( ) );
#8897 = ADVANCED_FACE ( 'NONE', ( #7319 ), #8630, .F. ) ;
#8898 = SURFACE_SIDE_STYLE ('',( #3968 ) ) ;
#8899 = FACE_OUTER_BOUND ( 'NONE', #6726, .T. ) ;
#8900 = VERTEX_POINT ( 'NONE', #4175 ) ;
#8901 = CARTESIAN_POINT ( 'NONE',  ( -0.4499999999999998400, 0.6852349955359816600, -0.6999999999999998400 ) ) ;
#8902 = DIRECTION ( 'NONE',  ( 0.0000000000000000000, 1.000000000000000000, 0.0000000000000000000 ) ) ;
#8903 = FILL_AREA_STYLE ('',( #7452 ) ) ;
#8904 = CARTESIAN_POINT ( 'NONE',  ( 0.4499999999999999600, 0.0000000000000000000, -1.300000000000000300 ) ) ;
#8905 = CARTESIAN_POINT ( 'NONE',  ( 1.000000000000000000, 0.0000000000000000000, -1.300000000000000300 ) ) ;
#8906 = VERTEX_POINT ( 'NONE', #8693 ) ;
#8907 = AXIS2_PLACEMENT_3D ( 'NONE', #5955, #6734, #6699 ) ;
#8908 = UNCERTAINTY_MEASURE_WITH_UNIT (LENGTH_MEASURE( 1.000000000000000100E-005 ), #729, 'distance_accuracy_value', 'NONE');
#8909 = EDGE_LOOP ( 'NONE', ( #3240, #739, #4159, #1363 ) ) ;
#8910 = CARTESIAN_POINT ( 'NONE',  ( -1.000000000000000200, 0.1000000000000002600, -1.300000000000000300 ) ) ;
#8911 = LINE ( 'NONE', #8437, #6552 ) ;
#8912 = DIRECTION ( 'NONE',  ( 0.0000000000000000000, 0.0000000000000000000, -1.000000000000000000 ) ) ;
#8913 = SURFACE_SIDE_STYLE ('',( #1777 ) ) ;
#8914 = VERTEX_POINT ( 'NONE', #4404 ) ;
#8915 = CARTESIAN_POINT ( 'NONE',  ( -0.2999999999999992100, 0.0000000000000000000, 2.000000000000000000 ) ) ;
#8916 = ADVANCED_FACE ( 'NONE', ( #8111 ), #3620, .F. ) ;
#8917 = ORIENTED_EDGE ( 'NONE', *, *, #6259, .F. ) ;
#8918 = DIRECTION ( 'NONE',  ( -0.0000000000000000000, -1.000000000000000000, -0.0000000000000000000 ) ) ;
#8919 = DIRECTION ( 'NONE',  ( 0.0000000000000000000, -0.0000000000000000000, 1.000000000000000000 ) ) ;
#8920 = PRESENTATION_STYLE_ASSIGNMENT (( #2594 ) ) ;
#8921 = ORIENTED_EDGE ( 'NONE', *, *, #5132, .F. ) ;
#8922 = COLOUR_RGB ( '',0.2509803921568627400, 0.2509803921568627400, 0.2509803921568627400 ) ;
#8923 = CARTESIAN_POINT ( 'NONE',  ( -0.4499999999999999600, 0.0000000000000000000, 0.7000000000000000700 ) ) ;
#8924 = SURFACE_STYLE_FILL_AREA ( #5390 ) ;
#8925 = MECHANICAL_DESIGN_GEOMETRIC_PRESENTATION_REPRESENTATION (  '', ( #7162 ), #180 ) ;
#8926 = ORIENTED_EDGE ( 'NONE', *, *, #5004, .T. ) ;
#8927 = COLOUR_RGB ( '',0.2509803921568627400, 0.2509803921568627400, 0.2509803921568627400 ) ;
#8928 = CARTESIAN_POINT ( 'NONE',  ( -0.4499999999999998400, 0.1000000000000000500, -0.6999999999999998400 ) ) ;
#8929 = DIRECTION ( 'NONE',  ( -0.7071067811865436900, 0.0000000000000000000, -0.7071067811865513500 ) ) ;
#8930 = VERTEX_POINT ( 'NONE', #5095 ) ;
#8931 = DIRECTION ( 'NONE',  ( 1.000000000000000000, -0.0000000000000000000, 0.0000000000000000000 ) ) ;
#8932 = EDGE_CURVE ( 'NONE', #5888, #689, #4748, .T. ) ;
#8933 = CARTESIAN_POINT ( 'NONE',  ( -1.000000000000000000, 0.1000000000000000500, 1.900000000000000400 ) ) ;
#8934 = AXIS2_PLACEMENT_3D ( 'NONE', #943, #6739, #1002 ) ;
#8935 = SURFACE_SIDE_STYLE ('',( #5546 ) ) ;
#8936 = VECTOR ( 'NONE', #1665, 1000.000000000000000 ) ;
#8937 = PRESENTATION_STYLE_ASSIGNMENT (( #4193 ) ) ;
#8938 = CARTESIAN_POINT ( 'NONE',  ( 0.1000000000000003100, 0.1000000000000000500, -1.450000000000000000 ) ) ;
#8939 =( GEOMETRIC_REPRESENTATION_CONTEXT ( 3 ) GLOBAL_UNCERTAINTY_ASSIGNED_CONTEXT ( ( #372 ) ) GLOBAL_UNIT_ASSIGNED_CONTEXT ( ( #2620, #7575, #3286 ) ) REPRESENTATION_CONTEXT ( 'NONE', 'WORKASPACE' ) );
#8940 = CARTESIAN_POINT ( 'NONE',  ( -0.2999999999999993200, 0.1000000000000000500, 1.450000000000000000 ) ) ;
#8941 = LINE ( 'NONE', #4683, #4455 ) ;
#8942 = CLOSED_SHELL ( 'NONE', ( #8963, #3673, #185, #5276, #1678, #8888 ) ) ;
#8943 = DIRECTION ( 'NONE',  ( -5.421010862427526100E-016, 0.0000000000000000000, 1.000000000000000000 ) ) ;
#8944 = VECTOR ( 'NONE', #383, 1000.000000000000000 ) ;
#8945 = LINE ( 'NONE', #8876, #8028 ) ;
#8946 = STYLED_ITEM ( 'NONE', ( #202 ), #5367 ) ;
#8947 = DIRECTION ( 'NONE',  ( -1.000000000000000000, 0.0000000000000000000, 3.942553354492742500E-016 ) ) ;
#8948 = CARTESIAN_POINT ( 'NONE',  ( 0.4499999999999999600, 0.0000000000000000000, 1.900000000000000100 ) ) ;
#8949 = SURFACE_STYLE_FILL_AREA ( #1709 ) ;
#8950 = AXIS2_PLACEMENT_3D ( 'NONE', #5564, #4103, #9117 ) ;
#8951 = EDGE_LOOP ( 'NONE', ( #6277, #785, #5740, #7412, #9016 ) ) ;
#8952 = VECTOR ( 'NONE', #1838, 1000.000000000000000 ) ;
#8953 = DIRECTION ( 'NONE',  ( -1.000000000000000000, 0.0000000000000000000, 0.0000000000000000000 ) ) ;
#8954 = SURFACE_STYLE_USAGE ( .BOTH. , #3116 ) ;
#8955 = PLANE ( 'NONE',  #9224 ) ;
#8956 = ADVANCED_FACE ( 'NONE', ( #2675 ), #159, .F. ) ;
#8957 = EDGE_CURVE ( 'NONE', #1110, #246, #2199, .T. ) ;
#8958 = PRESENTATION_STYLE_ASSIGNMENT (( #717 ) ) ;
#8959 = DIRECTION ( 'NONE',  ( 0.0000000000000000000, 1.000000000000000000, 0.0000000000000000000 ) ) ;
#8960 = CARTESIAN_POINT ( 'NONE',  ( 0.0000000000000000000, 0.0000000000000000000, 1.200000000000000200 ) ) ;
#8961 = VERTEX_POINT ( 'NONE', #3639 ) ;
#8962 = DIRECTION ( 'NONE',  ( -1.000000000000000000, 0.0000000000000000000, 0.0000000000000000000 ) ) ;
#8963 = ADVANCED_FACE ( 'NONE', ( #8899 ), #6610, .F. ) ;
#8964 = STYLED_ITEM ( 'NONE', ( #8891 ), #112 ) ;
#8965 = EDGE_CURVE ( 'NONE', #823, #8347, #2428, .T. ) ;
#8966 = DIRECTION ( 'NONE',  ( 0.0000000000000000000, 1.000000000000000000, 0.0000000000000000000 ) ) ;
#8967 = DIRECTION ( 'NONE',  ( 0.0000000000000000000, 0.0000000000000000000, 1.000000000000000000 ) ) ;
#8968 = DIRECTION ( 'NONE',  ( 1.000000000000000000, 0.0000000000000000000, -5.421010862427526100E-016 ) ) ;
#8969 = EDGE_LOOP ( 'NONE', ( #5496, #44, #1124, #8226 ) ) ;
#8970 = CARTESIAN_POINT ( 'NONE',  ( 0.4499999999999999600, 0.1000000000000000500, 0.7000000000000000700 ) ) ;
#8971 = DIRECTION ( 'NONE',  ( -1.971276677246371500E-016, 0.0000000000000000000, -1.000000000000000000 ) ) ;
#8972 = MANIFOLD_SOLID_BREP ( 'LPattern4[11]', #1232 ) ;
#8973 = DIRECTION ( 'NONE',  ( 0.0000000000000000000, 0.0000000000000000000, -1.000000000000000000 ) ) ;
#8974 = LINE ( 'NONE', #3583, #4607 ) ;
#8975 = ORIENTED_EDGE ( 'NONE', *, *, #2196, .F. ) ;
#8976 =( NAMED_UNIT ( * ) SI_UNIT ( $, .STERADIAN. ) SOLID_ANGLE_UNIT ( ) );
#8977 = AXIS2_PLACEMENT_3D ( 'NONE', #1479, #728, #4989 ) ;
#8978 = PLANE ( 'NONE',  #6167 ) ;
#8979 = SURFACE_STYLE_USAGE ( .BOTH. , #5393 ) ;
#8980 = EDGE_CURVE ( 'NONE', #5490, #4425, #11, .T. ) ;
#8981 = CARTESIAN_POINT ( 'NONE',  ( 0.4499999999999998400, 0.0000000000000000000, 1.300000000000000300 ) ) ;
#8982 = ADVANCED_FACE ( 'NONE', ( #231 ), #3054, .F. ) ;
#8983 = ORIENTED_EDGE ( 'NONE', *, *, #3223, .F. ) ;
#8984 = VERTEX_POINT ( 'NONE', #8652 ) ;
#8985 =( GEOMETRIC_REPRESENTATION_CONTEXT ( 3 ) GLOBAL_UNCERTAINTY_ASSIGNED_CONTEXT ( ( #951 ) ) GLOBAL_UNIT_ASSIGNED_CONTEXT ( ( #7713, #1316, #9149 ) ) REPRESENTATION_CONTEXT ( 'NONE', 'WORKASPACE' ) );
#8986 = DIRECTION ( 'NONE',  ( -2.956915015869556800E-016, -0.0000000000000000000, -1.000000000000000000 ) ) ;
#8987 = EDGE_CURVE ( 'NONE', #7404, #5941, #1784, .T. ) ;
#8988 = CARTESIAN_POINT ( 'NONE',  ( 0.4499999999999999600, 0.0000000000000000000, -1.300000000000000300 ) ) ;
#8989 = CARTESIAN_POINT ( 'NONE',  ( -0.4499999999999999600, 0.0000000000000000000, 1.099999999999999900 ) ) ;
#8990 = LINE ( 'NONE', #8940, #6623 ) ;
#8991 = DIRECTION ( 'NONE',  ( -1.971276677246371500E-016, 0.0000000000000000000, -1.000000000000000000 ) ) ;
#8992 = ORIENTED_EDGE ( 'NONE', *, *, #4011, .T. ) ;
#8993 = VERTEX_POINT ( 'NONE', #7264 ) ;
#8994 = STYLED_ITEM ( 'NONE', ( #7337 ), #2447 ) ;
#8995 = PLANE ( 'NONE',  #6477 ) ;
#8996 = ORIENTED_EDGE ( 'NONE', *, *, #8308, .T. ) ;
#8997 = CARTESIAN_POINT ( 'NONE',  ( 0.4499999999999998400, 0.1000000000000000500, 0.1000000000000000500 ) ) ;
#8998 =( NAMED_UNIT ( * ) SI_UNIT ( $, .STERADIAN. ) SOLID_ANGLE_UNIT ( ) );
#8999 = VECTOR ( 'NONE', #2854, 1000.000000000000000 ) ;
#9000 = VERTEX_POINT ( 'NONE', #5066 ) ;
#9001 = STYLED_ITEM ( 'NONE', ( #6766 ), #7874 ) ;
#9002 = CARTESIAN_POINT ( 'NONE',  ( -0.4499999999999999600, 0.1000000000000000500, 0.7000000000000000700 ) ) ;
#9003 = VECTOR ( 'NONE', #7587, 1000.000000000000000 ) ;
#9004 = SURFACE_STYLE_USAGE ( .BOTH. , #2499 ) ;
#9005 = MECHANICAL_DESIGN_GEOMETRIC_PRESENTATION_REPRESENTATION (  '', ( #7498 ), #1685 ) ;
#9006 = ORIENTED_EDGE ( 'NONE', *, *, #7623, .F. ) ;
#9007 = ORIENTED_EDGE ( 'NONE', *, *, #1038, .F. ) ;
#9008 = ADVANCED_FACE ( 'NONE', ( #3839 ), #827, .T. ) ;
#9009 = CARTESIAN_POINT ( 'NONE',  ( 0.3000000000000003200, 0.04999999999999969700, -2.000000000000000000 ) ) ;
#9010 = VERTEX_POINT ( 'NONE', #7229 ) ;
#9011 = LINE ( 'NONE', #3387, #1454 ) ;
#9012 =( NAMED_UNIT ( * ) PLANE_ANGLE_UNIT ( ) SI_UNIT ( $, .RADIAN. ) );
#9013 = VECTOR ( 'NONE', #4157, 1000.000000000000000 ) ;
#9014 = DIRECTION ( 'NONE',  ( 5.421010862427526100E-016, 0.0000000000000000000, -1.000000000000000000 ) ) ;
#9015 = EDGE_CURVE ( 'NONE', #2940, #1273, #8772, .T. ) ;
#9016 = ORIENTED_EDGE ( 'NONE', *, *, #4325, .T. ) ;
#9017 = COLOUR_RGB ( '',0.2509803921568627400, 0.2509803921568627400, 0.2509803921568627400 ) ;
#9018 = CARTESIAN_POINT ( 'NONE',  ( -0.4499999999999998400, 0.6852349955359816600, 0.1000000000000000500 ) ) ;
#9019 = SURFACE_SIDE_STYLE ('',( #4006 ) ) ;
#9020 = STYLED_ITEM ( 'NONE', ( #8503 ), #6005 ) ;
#9021 = SURFACE_SIDE_STYLE ('',( #9173 ) ) ;
#9022 = ORIENTED_EDGE ( 'NONE', *, *, #8533, .T. ) ;
#9023 = ORIENTED_EDGE ( 'NONE', *, *, #217, .T. ) ;
#9024 = PRESENTATION_STYLE_ASSIGNMENT (( #5775 ) ) ;
#9025 = VERTEX_POINT ( 'NONE', #4893 ) ;
#9026 = CARTESIAN_POINT ( 'NONE',  ( 0.0000000000000000000, 0.0000000000000000000, 0.4000000000000000200 ) ) ;
#9027 = DIRECTION ( 'NONE',  ( 0.0000000000000000000, -1.000000000000000000, 0.0000000000000000000 ) ) ;
#9028 = CARTESIAN_POINT ( 'NONE',  ( 0.4499999999999999600, 0.05000000000000002400, 1.900000000000000100 ) ) ;
#9029 = LINE ( 'NONE', #4038, #7882 ) ;
#9030 = VERTEX_POINT ( 'NONE', #4922 ) ;
#9031 = UNCERTAINTY_MEASURE_WITH_UNIT (LENGTH_MEASURE( 1.000000000000000100E-005 ), #4786, 'distance_accuracy_value', 'NONE');
#9032 = CARTESIAN_POINT ( 'NONE',  ( -1.000000000000000000, 0.1000000000000000500, 1.500000000000000200 ) ) ;
#9033 = EDGE_LOOP ( 'NONE', ( #3261, #5517, #7140, #1242 ) ) ;
#9034 = VECTOR ( 'NONE', #970, 1000.000000000000000 ) ;
#9035 = CARTESIAN_POINT ( 'NONE',  ( 0.1000000000000003100, 0.0000000000000000000, -1.450000000000000000 ) ) ;
#9036 = LINE ( 'NONE', #7521, #2878 ) ;
#9037 = ADVANCED_FACE ( 'NONE', ( #4180 ), #3463, .F. ) ;
#9038 = STYLED_ITEM ( 'NONE', ( #3264 ), #7250 ) ;
#9039 =( LENGTH_UNIT ( ) NAMED_UNIT ( * ) SI_UNIT ( .MILLI., .METRE. ) );
#9040 = PLANE ( 'NONE',  #1984 ) ;
#9041 = DIRECTION ( 'NONE',  ( -0.0000000000000000000, -1.000000000000000000, -0.0000000000000000000 ) ) ;
#9042 = LINE ( 'NONE', #6558, #3111 ) ;
#9043 = EDGE_CURVE ( 'NONE', #6643, #7991, #995, .T. ) ;
#9044 = VECTOR ( 'NONE', #631, 1000.000000000000000 ) ;
#9045 = VERTEX_POINT ( 'NONE', #8516 ) ;
#9046 = CARTESIAN_POINT ( 'NONE',  ( 0.4499999999999999600, 0.1000000000000000500, 1.500000000000000000 ) ) ;
#9047 = MECHANICAL_DESIGN_GEOMETRIC_PRESENTATION_REPRESENTATION (  '', ( #3744 ), #298 ) ;
#9048 =( NAMED_UNIT ( * ) SI_UNIT ( $, .STERADIAN. ) SOLID_ANGLE_UNIT ( ) );
#9049 = CARTESIAN_POINT ( 'NONE',  ( -0.4499999999999999600, 0.6852349955359816600, 0.2999999999999999300 ) ) ;
#9050 = SURFACE_STYLE_USAGE ( .BOTH. , #9021 ) ;
#9051 = ORIENTED_EDGE ( 'NONE', *, *, #2252, .F. ) ;
#9052 = ORIENTED_EDGE ( 'NONE', *, *, #8650, .F. ) ;
#9053 =( NAMED_UNIT ( * ) SI_UNIT ( $, .STERADIAN. ) SOLID_ANGLE_UNIT ( ) );
#9054 = LINE ( 'NONE', #3313, #5574 ) ;
#9055 = PLANE ( 'NONE',  #4770 ) ;
#9056 = SURFACE_SIDE_STYLE ('',( #12 ) ) ;
#9057 = EDGE_CURVE ( 'NONE', #6104, #1716, #5413, .T. ) ;
#9058 = DIRECTION ( 'NONE',  ( 1.000000000000000000, -0.0000000000000000000, 0.0000000000000000000 ) ) ;
#9059 = MECHANICAL_DESIGN_GEOMETRIC_PRESENTATION_REPRESENTATION (  '', ( #6942 ), #7900 ) ;
#9060 = LINE ( 'NONE', #1768, #1935 ) ;
#9061 = DIRECTION ( 'NONE',  ( 5.421010862427526100E-016, 0.0000000000000000000, -1.000000000000000000 ) ) ;
#9062 = EDGE_LOOP ( 'NONE', ( #4705, #9051, #5984, #3184 ) ) ;
#9063 = CARTESIAN_POINT ( 'NONE',  ( 0.4499999999999998400, 0.0000000000000000000, 0.1000000000000000500 ) ) ;
#9064 = AXIS2_PLACEMENT_3D ( 'NONE', #5092, #4876, #5605 ) ;
#9065 = COLOUR_RGB ( '',0.2509803921568627400, 0.2509803921568627400, 0.2509803921568627400 ) ;
#9066 = EDGE_CURVE ( 'NONE', #6664, #8930, #3955, .T. ) ;
#9067 = CARTESIAN_POINT ( 'NONE',  ( -0.7500000000000000000, 0.1464466094067264100, -1.875000000000000000 ) ) ;
#9068 = EDGE_CURVE ( 'NONE', #2936, #5618, #2089, .T. ) ;
#9069 = ORIENTED_EDGE ( 'NONE', *, *, #6200, .T. ) ;
#9070 = CARTESIAN_POINT ( 'NONE',  ( -0.4499999999999999600, 0.0000000000000000000, -1.700000000000000200 ) ) ;
#9071 = LINE ( 'NONE', #5244, #4357 ) ;
#9072 = MECHANICAL_DESIGN_GEOMETRIC_PRESENTATION_REPRESENTATION (  '', ( #4201 ), #8239 ) ;
#9073 = STYLED_ITEM ( 'NONE', ( #7219 ), #3974 ) ;
#9074 = FACE_OUTER_BOUND ( 'NONE', #2843, .T. ) ;
#9075 = EDGE_CURVE ( 'NONE', #6187, #4891, #6644, .T. ) ;
#9076 = CARTESIAN_POINT ( 'NONE',  ( 0.4499999999999999600, 0.6852349955359816600, -1.300000000000000300 ) ) ;
#9077 = ORIENTED_EDGE ( 'NONE', *, *, #1259, .T. ) ;
#9078 = DIRECTION ( 'NONE',  ( -5.421010862427526100E-016, 0.0000000000000000000, 1.000000000000000000 ) ) ;
#9079 = LINE ( 'NONE', #1541, #3380 ) ;
#9080 = DIRECTION ( 'NONE',  ( 0.0000000000000000000, 0.0000000000000000000, -1.000000000000000000 ) ) ;
#9081 = DIRECTION ( 'NONE',  ( 0.0000000000000000000, 0.0000000000000000000, 1.000000000000000000 ) ) ;
#9082 = LINE ( 'NONE', #4003, #6170 ) ;
#9083 = CARTESIAN_POINT ( 'NONE',  ( -6.702340702637664000E-016, 0.05000000000000000300, -1.700000000000000400 ) ) ;
#9084 = DIRECTION ( 'NONE',  ( 1.000000000000000000, -0.0000000000000000000, 3.942553354492742500E-016 ) ) ;
#9085 = PLANE ( 'NONE',  #4447 ) ;
#9086 = ORIENTED_EDGE ( 'NONE', *, *, #1274, .F. ) ;
#9087 = AXIS2_PLACEMENT_3D ( 'NONE', #2877, #2390, #3197 ) ;
#9088 = EDGE_CURVE ( 'NONE', #7479, #8557, #1891, .T. ) ;
#9089 = DIRECTION ( 'NONE',  ( -3.942553354492742500E-016, 0.0000000000000000000, -1.000000000000000000 ) ) ;
#9090 = DIRECTION ( 'NONE',  ( 0.0000000000000000000, -1.000000000000000000, 0.0000000000000000000 ) ) ;
#9091 = PLANE ( 'NONE',  #3819 ) ;
#9092 = LINE ( 'NONE', #7136, #2268 ) ;
#9093 = ORIENTED_EDGE ( 'NONE', *, *, #153, .F. ) ;
#9094 = DIRECTION ( 'NONE',  ( -5.421010862427526100E-016, 0.0000000000000000000, -1.000000000000000000 ) ) ;
#9095 = DIRECTION ( 'NONE',  ( 1.000000000000000000, 0.0000000000000000000, -3.942553354492742500E-016 ) ) ;
#9096 = CARTESIAN_POINT ( 'NONE',  ( 0.4499999999999998400, 0.05000000000000002400, -1.899999999999999900 ) ) ;
#9097 = COLOUR_RGB ( '',0.2509803921568627400, 0.2509803921568627400, 0.2509803921568627400 ) ;
#9098 = VERTEX_POINT ( 'NONE', #9192 ) ;
#9099 =( GEOMETRIC_REPRESENTATION_CONTEXT ( 3 ) GLOBAL_UNCERTAINTY_ASSIGNED_CONTEXT ( ( #8166 ) ) GLOBAL_UNIT_ASSIGNED_CONTEXT ( ( #2679, #6967, #1988 ) ) REPRESENTATION_CONTEXT ( 'NONE', 'WORKASPACE' ) );
#9100 = ORIENTED_EDGE ( 'NONE', *, *, #7260, .T. ) ;
#9101 = VECTOR ( 'NONE', #395, 1000.000000000000000 ) ;
#9102 = ORIENTED_EDGE ( 'NONE', *, *, #2054, .F. ) ;
#9103 = DIRECTION ( 'NONE',  ( 1.000000000000000000, 0.0000000000000000000, 0.0000000000000000000 ) ) ;
#9104 = SURFACE_STYLE_USAGE ( .BOTH. , #4126 ) ;
#9105 = FILL_AREA_STYLE ('',( #4093 ) ) ;
#9106 = FACE_OUTER_BOUND ( 'NONE', #2083, .T. ) ;
#9107 = EDGE_LOOP ( 'NONE', ( #6425, #4396, #8596, #555 ) ) ;
#9108 = VERTEX_POINT ( 'NONE', #8433 ) ;
#9109 = VECTOR ( 'NONE', #4020, 1000.000000000000000 ) ;
#9110 = VECTOR ( 'NONE', #3950, 1000.000000000000000 ) ;
#9111 = AXIS2_PLACEMENT_3D ( 'NONE', #2980, #6450, #2154 ) ;
#9112 = FILL_AREA_STYLE_COLOUR ( '', #4811 ) ;
#9113 = EDGE_CURVE ( 'NONE', #8984, #3766, #3619, .T. ) ;
#9114 = VERTEX_POINT ( 'NONE', #1366 ) ;
#9115 = CARTESIAN_POINT ( 'NONE',  ( -0.4499999999999998400, 0.1000000000000000500, -1.500000000000000000 ) ) ;
#9116 = ORIENTED_EDGE ( 'NONE', *, *, #1934, .F. ) ;
#9117 = DIRECTION ( 'NONE',  ( 0.0000000000000000000, -0.0000000000000000000, 1.000000000000000000 ) ) ;
#9118 = VERTEX_POINT ( 'NONE', #4228 ) ;
#9119 = COLOUR_RGB ( '',0.2509803921568627400, 0.2509803921568627400, 0.2509803921568627400 ) ;
#9120 = PRESENTATION_STYLE_ASSIGNMENT (( #2119 ) ) ;
#9121 = ORIENTED_EDGE ( 'NONE', *, *, #7130, .T. ) ;
#9122 = CARTESIAN_POINT ( 'NONE',  ( 0.9999999999999995600, 0.05000000000000000300, 2.000000000000000000 ) ) ;
#9123 = MECHANICAL_DESIGN_GEOMETRIC_PRESENTATION_REPRESENTATION (  '', ( #7174 ), #837 ) ;
#9124 = CARTESIAN_POINT ( 'NONE',  ( -0.4499999999999999600, 0.0000000000000000000, 0.2999999999999999300 ) ) ;
#9125 = ORIENTED_EDGE ( 'NONE', *, *, #5187, .T. ) ;
#9126 = CARTESIAN_POINT ( 'NONE',  ( -0.09999999999999939500, 0.05000000000000000300, 1.450000000000000000 ) ) ;
#9127 = EDGE_LOOP ( 'NONE', ( #2949, #5381, #2779, #5899 ) ) ;
#9128 = ADVANCED_FACE ( 'NONE', ( #7310 ), #2842, .T. ) ;
#9129 = AXIS2_PLACEMENT_3D ( 'NONE', #4097, #6260, #9081 ) ;
#9130 = ORIENTED_EDGE ( 'NONE', *, *, #6827, .F. ) ;
#9131 = DIRECTION ( 'NONE',  ( 5.421010862427526100E-016, -0.0000000000000000000, 1.000000000000000000 ) ) ;
#9132 = FACE_OUTER_BOUND ( 'NONE', #4643, .T. ) ;
#9133 = CARTESIAN_POINT ( 'NONE',  ( -0.9999999999999997800, 0.1000000000000000500, 0.5000000000000000000 ) ) ;
#9134 = FACE_OUTER_BOUND ( 'NONE', #6245, .T. ) ;
#9135 = ORIENTED_EDGE ( 'NONE', *, *, #6678, .F. ) ;
#9136 =( GEOMETRIC_REPRESENTATION_CONTEXT ( 3 ) GLOBAL_UNCERTAINTY_ASSIGNED_CONTEXT ( ( #1346 ) ) GLOBAL_UNIT_ASSIGNED_CONTEXT ( ( #8691, #6465, #769 ) ) REPRESENTATION_CONTEXT ( 'NONE', 'WORKASPACE' ) );
#9137 = LINE ( 'NONE', #2761, #7206 ) ;
#9138 = VERTEX_POINT ( 'NONE', #7735 ) ;
#9139 = SURFACE_SIDE_STYLE ('',( #4017 ) ) ;
#9140 = ORIENTED_EDGE ( 'NONE', *, *, #1975, .F. ) ;
#9141 = EDGE_CURVE ( 'NONE', #4417, #8878, #7419, .T. ) ;
#9142 = LINE ( 'NONE', #2599, #795 ) ;
#9143 = EDGE_CURVE ( 'NONE', #8780, #4573, #4524, .T. ) ;
#9144 = EDGE_LOOP ( 'NONE', ( #1507, #2688, #4407, #4570 ) ) ;
#9145 = CARTESIAN_POINT ( 'NONE',  ( -0.7500000000000000000, 0.5000000000000000000, -1.750000000000000000 ) ) ;
#9146 =( LENGTH_UNIT ( ) NAMED_UNIT ( * ) SI_UNIT ( .MILLI., .METRE. ) );
#9147 = FILL_AREA_STYLE_COLOUR ( '', #505 ) ;
#9148 = VECTOR ( 'NONE', #6030, 1000.000000000000000 ) ;
#9149 =( NAMED_UNIT ( * ) SI_UNIT ( $, .STERADIAN. ) SOLID_ANGLE_UNIT ( ) );
#9150 = MECHANICAL_DESIGN_GEOMETRIC_PRESENTATION_REPRESENTATION (  '', ( #7200 ), #1173 ) ;
#9151 = FACE_OUTER_BOUND ( 'NONE', #2299, .T. ) ;
#9152 = PLANE ( 'NONE',  #6357 ) ;
#9153 =( NAMED_UNIT ( * ) PLANE_ANGLE_UNIT ( ) SI_UNIT ( $, .RADIAN. ) );
#9154 = ORIENTED_EDGE ( 'NONE', *, *, #1283, .F. ) ;
#9155 = CARTESIAN_POINT ( 'NONE',  ( 0.4499999999999999600, 0.1000000000000000500, 0.2999999999999999300 ) ) ;
#9156 = VECTOR ( 'NONE', #5143, 1000.000000000000000 ) ;
#9157 = FILL_AREA_STYLE ('',( #5596 ) ) ;
#9158 = ORIENTED_EDGE ( 'NONE', *, *, #1470, .T. ) ;
#9159 = SURFACE_SIDE_STYLE ('',( #4753 ) ) ;
#9160 = FACE_OUTER_BOUND ( 'NONE', #873, .T. ) ;
#9161 = VECTOR ( 'NONE', #4481, 1000.000000000000000 ) ;
#9162 = COLOUR_RGB ( '',0.2509803921568627400, 0.2509803921568627400, 0.2509803921568627400 ) ;
#9163 = DIRECTION ( 'NONE',  ( 0.0000000000000000000, -0.0000000000000000000, -1.000000000000000000 ) ) ;
#9164 = ORIENTED_EDGE ( 'NONE', *, *, #4397, .F. ) ;
#9165 =( NAMED_UNIT ( * ) SI_UNIT ( $, .STERADIAN. ) SOLID_ANGLE_UNIT ( ) );
#9166 = MECHANICAL_DESIGN_GEOMETRIC_PRESENTATION_REPRESENTATION (  '', ( #1238 ), #6756 ) ;
#9167 = CARTESIAN_POINT ( 'NONE',  ( -0.7500000000000000000, 0.1464466094067264100, -1.625000000000000200 ) ) ;
#9168 = ORIENTED_EDGE ( 'NONE', *, *, #4680, .F. ) ;
#9169 = CARTESIAN_POINT ( 'NONE',  ( -0.4499999999999999600, 0.6852349955359816600, -0.5000000000000000000 ) ) ;
#9170 = LINE ( 'NONE', #62, #7799 ) ;
#9171 = FACE_OUTER_BOUND ( 'NONE', #636, .T. ) ;
#9172 = LINE ( 'NONE', #4449, #3465 ) ;
#9173 = SURFACE_STYLE_FILL_AREA ( #544 ) ;
#9174 = ORIENTED_EDGE ( 'NONE', *, *, #8808, .T. ) ;
#9175 =( NAMED_UNIT ( * ) SI_UNIT ( $, .STERADIAN. ) SOLID_ANGLE_UNIT ( ) );
#9176 = DIRECTION ( 'NONE',  ( -5.421010862427526100E-016, 0.0000000000000000000, -1.000000000000000000 ) ) ;
#9177 =( NAMED_UNIT ( * ) SI_UNIT ( $, .STERADIAN. ) SOLID_ANGLE_UNIT ( ) );
#9178 = LINE ( 'NONE', #1714, #511 ) ;
#9179 = DIRECTION ( 'NONE',  ( 0.0000000000000000000, -1.000000000000000000, 0.0000000000000000000 ) ) ;
#9180 = VECTOR ( 'NONE', #2962, 1000.000000000000000 ) ;
#9181 = DIRECTION ( 'NONE',  ( -5.421010862427526100E-016, 0.0000000000000000000, -1.000000000000000000 ) ) ;
#9182 = DIRECTION ( 'NONE',  ( 1.000000000000000000, 0.0000000000000000000, -3.942553354492742500E-016 ) ) ;
#9183 = EDGE_LOOP ( 'NONE', ( #4715, #7665, #6747, #6988, #1023, #3805, #7003, #9069, #4089, #2319, #3821, #4716, #6867, #1324, #4720, #8318, #3069, #888, #6809, #3135, #9006, #8381, #8756, #8743, #233, #2202, #9022, #5586, #7962, #869, #275, #6342, #7966, #9225, #802, #2080, #8168, #5404, #4730, #7413, #6442, #6995, #5717, #1562 ) ) ;
#9184 = CARTESIAN_POINT ( 'NONE',  ( -1.000000000000000000, 0.04999999999999969700, 0.8999999999999998000 ) ) ;
#9185 = LINE ( 'NONE', #2583, #4240 ) ;
#9186 = CARTESIAN_POINT ( 'NONE',  ( -0.4499999999999998400, 0.6852349955359816600, 1.700000000000000400 ) ) ;
#9187 = EDGE_CURVE ( 'NONE', #3196, #8219, #568, .T. ) ;
#9188 = CARTESIAN_POINT ( 'NONE',  ( 1.000000000000000000, 0.6852349955359816600, -1.900000000000000100 ) ) ;
#9189 = MECHANICAL_DESIGN_GEOMETRIC_PRESENTATION_REPRESENTATION (  '', ( #4723 ), #4844 ) ;
#9190 = ORIENTED_EDGE ( 'NONE', *, *, #3112, .F. ) ;
#9191 = FILL_AREA_STYLE ('',( #7789 ) ) ;
#9192 = CARTESIAN_POINT ( 'NONE',  ( 0.4499999999999999600, 0.05000000000000002400, -1.300000000000000300 ) ) ;
#9193 =( LENGTH_UNIT ( ) NAMED_UNIT ( * ) SI_UNIT ( .MILLI., .METRE. ) );
#9194 = ADVANCED_FACE ( 'NONE', ( #2189 ), #2294, .F. ) ;
#9195 = CARTESIAN_POINT ( 'NONE',  ( 3.548298019043469300E-016, 0.05000000000000000300, 0.9000000000000002400 ) ) ;
#9196 = DIRECTION ( 'NONE',  ( 0.0000000000000000000, 1.000000000000000000, 0.0000000000000000000 ) ) ;
#9197 = FILL_AREA_STYLE ('',( #8618 ) ) ;
#9198 = ORIENTED_EDGE ( 'NONE', *, *, #798, .F. ) ;
#9199 = MECHANICAL_DESIGN_GEOMETRIC_PRESENTATION_REPRESENTATION (  '', ( #6014 ), #446 ) ;
#9200 = UNCERTAINTY_MEASURE_WITH_UNIT (LENGTH_MEASURE( 1.000000000000000100E-005 ), #4310, 'distance_accuracy_value', 'NONE');
#9201 =( GEOMETRIC_REPRESENTATION_CONTEXT ( 3 ) GLOBAL_UNCERTAINTY_ASSIGNED_CONTEXT ( ( #9200 ) ) GLOBAL_UNIT_ASSIGNED_CONTEXT ( ( #4310, #6378, #3513 ) ) REPRESENTATION_CONTEXT ( 'NONE', 'WORKASPACE' ) );
#9202 = EDGE_CURVE ( 'NONE', #2099, #8900, #9011, .T. ) ;
#9203 = LINE ( 'NONE', #7382, #4815 ) ;
#9204 = CARTESIAN_POINT ( 'NONE',  ( 0.9999999999999995600, 5.572135954999580100, 2.000000000000000000 ) ) ;
#9205 =( LENGTH_UNIT ( ) NAMED_UNIT ( * ) SI_UNIT ( .MILLI., .METRE. ) );
#9206 = LINE ( 'NONE', #2771, #8412 ) ;
#9207 = EDGE_LOOP ( 'NONE', ( #8894, #3309, #3439, #13 ) ) ;
#9208 = EDGE_CURVE ( 'NONE', #6881, #3296, #5058, .T. ) ;
#9209 =( LENGTH_UNIT ( ) NAMED_UNIT ( * ) SI_UNIT ( .MILLI., .METRE. ) );
#9210 = UNCERTAINTY_MEASURE_WITH_UNIT (LENGTH_MEASURE( 1.000000000000000100E-005 ), #8612, 'distance_accuracy_value', 'NONE');
#9211 = DIRECTION ( 'NONE',  ( -1.000000000000000000, 0.0000000000000000000, -5.421010862427526100E-016 ) ) ;
#9212 =( NAMED_UNIT ( * ) PLANE_ANGLE_UNIT ( ) SI_UNIT ( $, .RADIAN. ) );
#9213 = FACE_OUTER_BOUND ( 'NONE', #20, .T. ) ;
#9214 = ORIENTED_EDGE ( 'NONE', *, *, #3893, .F. ) ;
#9215 =( GEOMETRIC_REPRESENTATION_CONTEXT ( 3 ) GLOBAL_UNCERTAINTY_ASSIGNED_CONTEXT ( ( #2604 ) ) GLOBAL_UNIT_ASSIGNED_CONTEXT ( ( #617, #644, #6977 ) ) REPRESENTATION_CONTEXT ( 'NONE', 'WORKASPACE' ) );
#9216 =( NAMED_UNIT ( * ) SI_UNIT ( $, .STERADIAN. ) SOLID_ANGLE_UNIT ( ) );
#9217 = VERTEX_POINT ( 'NONE', #9009 ) ;
#9218 = CARTESIAN_POINT ( 'NONE',  ( -0.4499999999999999000, 0.1000000000000000100, -1.800000000000000300 ) ) ;
#9219 = DIRECTION ( 'NONE',  ( 0.0000000000000000000, -1.000000000000000000, 0.0000000000000000000 ) ) ;
#9220 = VECTOR ( 'NONE', #8123, 1000.000000000000000 ) ;
#9221 = DIRECTION ( 'NONE',  ( 1.000000000000000000, 0.0000000000000000000, -3.942553354492742500E-016 ) ) ;
#9222 = UNCERTAINTY_MEASURE_WITH_UNIT (LENGTH_MEASURE( 1.000000000000000100E-005 ), #437, 'distance_accuracy_value', 'NONE');
#9223 = ORIENTED_EDGE ( 'NONE', *, *, #3726, .T. ) ;
#9224 = AXIS2_PLACEMENT_3D ( 'NONE', #5366, #8241, #7528 ) ;
#9225 = ORIENTED_EDGE ( 'NONE', *, *, #4940, .T. ) ;
#9226 = LINE ( 'NONE', #8204, #9101 ) ;
#9227 = EDGE_LOOP ( 'NONE', ( #3896, #4762, #7512, #8457 ) ) ;
#9228 = DIRECTION ( 'NONE',  ( -1.000000000000000000, 0.0000000000000000000, -5.421010862427526100E-016 ) ) ;
#9229 = ORIENTED_EDGE ( 'NONE', *, *, #5187, .F. ) ;
ENDSEC;
END-ISO-10303-21;
